index,/gimbal/yaw/angle,/gimbal/yaw/velocity,/gimbal/yaw/velocity_imu,/gimbal/yaw/torque,/gimbal/yaw/control_torque,/gimbal/pitch/angle,/gimbal/pitch/velocity_imu,/gimbal/pitch/control_torque,/gimbal/pitch/velocity,/gimbal/pitch/torque,/gimbal/pitch/temperature,/gimbal/yaw/temperature,/yaw_experiment/state,/yaw_experiment/fault,/yaw_experiment/completed,/yaw_experiment/time_s,/yaw_experiment/excitation,/yaw_experiment/pitch_target,/yaw_experiment/pitch_torque_unlimited,/yaw_experiment/pitch_world
0,2.55274,0,0.0245018,0,0,3.08848,-1.5003e-18,0,-0,-0,0,0,0,0,0,0,0,0,0,-0.145253
1,3.29959,0,0.00958767,0.0338379,0,0.0932852,-5.87076e-19,0,-0,-0,35,32,0,0,0,0.00991715,0,0,0,-0.147575
2,3.29959,0,-0.0127836,-0.0451172,0,0.0932852,0.00958767,0,-0,-0.0225586,35,32,0,0,0,0.0198843,0,0,0,-0.148784
3,3.29959,0,-0.00532648,-0.0338379,0,0.0932852,-0.0170448,0,-0,0.0225586,35,32,0,0,0,0.0298844,0,0,0,-0.15017
4,3.29959,0,-0.00319589,-0.0451172,0,0.0932852,0.01811,0,-0,-0.0451172,35,32,0,0,0,0.0398842,0,0,0,-0.151058
5,3.29959,0,-0.00958767,0,0,0.0932852,0.0266324,0,-0,0.0225586,35,32,0,0,0,0.049884,0,0,0,-0.151981
6,3.29959,0,-0.0138489,0.0338379,0,0.0932852,0.0159795,0,-0,-0,35,32,0,0,0,0.0598842,0,0,0,-0.15294
7,3.29959,0,0.00213059,-0.0451172,0,0.0932852,0.00532648,0,-0,-0.0225586,35,32,0,0,0,0.0698842,0,0,0,-0.153437
8,3.29959,0,-0.00745708,0.0451172,0,0.0932852,0.0340895,0,-0,0.0112793,35,32,0,0,0,0.0798838,0,0,0,-0.154143
9,3.29959,0,0.0170448,0.0338379,0,0.0932852,-0.00213059,0,-0,0.0112793,35,32,0,0,0,0.0898848,0,0,0,-0.154525
10,3.29959,0,-0.0159795,0.0338379,0,0.0932852,0.00532648,0,-0,0.0225586,35,32,0,0,0,0.0998842,0,0,0,-0.155094
11,3.29959,0,0.0266324,0.0338379,0,0.0932852,-0.0159795,0,-0,0.0225586,35,32,0,0,0,0.109884,0,0,0,-0.155322
12,3.29959,0,-0.00852238,0.0338379,0,0.0932852,-0.00745708,0,-0,0.0112793,35,32,0,0,0,0.119884,0,0,0,-0.155806
13,3.29959,0,-0.00745708,0.0338379,0,0.0932852,-0.00213059,0,-0,0.0112793,35,32,0,0,0,0.129884,0,0,0,-0.156146
14,3.29959,0,-2.02215e-18,0,0,0.0932852,-0.0330242,0,-0,0.0112793,35,32,0,0,0,0.139884,0,0,0,-0.156416
15,3.29959,0,0.0010653,0.0338379,0,0.0932852,0.0127836,0,-0,-0,35,32,0,0,0,0.149884,0,0,0,-0.15651
16,3.29959,0,0.010653,0,0,0.0932852,-0.0266324,0,-0,-0,35,32,0,0,0,0.159885,0,0,0,-0.156902
17,3.29959,0,0.010653,0,0,0.0932852,0.0266324,0,-0,0.0112793,35,32,0,0,0,0.169884,0,0,0,-0.157014
18,3.29959,0,-0.0159795,0,0,0.0932852,-0.0245018,0,-0,-0,35,32,0,0,0,0.179884,0,0,0,-0.15742
19,3.29959,0,-0.010653,0,0,0.0932852,0.0308936,0,-0,-0,35,32,0,0,0,0.189884,0,0,0,-0.157341
20,3.29959,0,-0.00958767,0,0,0.0932852,-0.0234365,0,-0,0.0112793,35,32,0,0,0,0.199885,0,0,0,-0.157633
21,3.29959,0,-0.0010653,0,0,0.0932852,0.0308936,0,-0,0.0112793,35,32,0,0,0,0.209884,0,0,0,-0.157695
22,3.29959,0,-0.0213059,0,0,0.0932852,-0.0351548,0,-0,0.0112793,35,32,0,0,0,0.219885,0,0,0,-0.157985
23,3.29959,0,-0.0170448,-0.0338379,0,0.0932852,0.0234365,0,-0,0.0112793,35,32,0,0,0,0.229885,0,0,0,-0.157943
24,3.29959,0,0.0298283,0,0,0.0932852,-1.82646e-18,0,-0,0.0112793,35,32,0,0,0,0.239884,0,0,0,-0.158094
25,3.29959,0,-0.00319589,0,0,0.0932852,0.0223712,0,-0,0.0112793,35,32,0,0,0,0.249885,0,0,0,-0.158089
26,3.29959,0,0.00319589,0,0,0.0932852,-0.00852238,0,-0,0.0112793,35,32,0,0,0,0.259885,0,0,0,-0.158248
27,3.29959,0,-0.00745708,0.0225586,0,0.0932852,0.0234365,0,-0,0.0112793,35,32,0,0,0,0.269884,0,0,0,-0.158325
28,3.29959,0,0.00852238,0,0,0.0932852,0.0010653,0,-0,0.0112793,35,32,0,0,0,0.279884,0,0,0,-0.158404
29,3.29959,0,6.52306e-20,0,0,0.0932852,0.0010653,0,-0,0.0112793,35,32,0,0,0,0.289884,0,0,0,-0.158472
30,3.29959,0,0.0010653,0,0,0.0932852,0.00852238,0,-0,0.0112793,35,32,0,0,0,0.299884,0,0,0,-0.158604
31,3.29959,0,-0.00426119,0,0,0.0932852,2.60922e-19,0,-0,-0.0338379,35,32,0,0,0,0.309885,0,0,0,-0.158656
32,3.29959,0,-0.0202406,0.0225586,0,0.0932852,-0.0117183,0,-0,-0.0338379,35,32,0,0,0,0.319885,0,0,0,-0.158777
33,3.29959,0,0.0202406,0.0225586,0,0.0932852,0.01811,0,-0,-0.0338379,35,32,0,0,0,0.329884,0,0,0,-0.158872
34,3.29959,0,-0.01811,-0.0338379,0,0.0932852,0.0255671,0,-0,-0.0225586,35,32,0,0,0,0.339884,0,0,0,-0.158923
35,3.29959,0,0.0010653,-0.0338379,0,0.0932852,-0.0245018,0,-0,-0.0338379,35,32,0,0,0,0.349884,0,0,0,-0.158999
36,3.29959,0,0.0117183,-0.0338379,0,0.0932852,0.0308936,0,-0,-0.0225586,35,32,0,0,0,0.359885,0,0,0,-0.159066
37,3.29959,0,0.0127836,-0.0451172,0,0.0932852,0.00532648,0,-0,0.0112793,35,32,0,0,0,0.369885,0,0,0,-0.159118
38,3.29959,0,-0.0170448,0.0338379,0,0.0932852,0.010653,0,-0,-0,35,32,0,0,0,0.379884,0,0,0,-0.159112
39,3.29959,0,0.00426119,-0.0451172,0,0.0932852,-0.028763,0,-0,-0.0338379,35,32,0,0,0,0.389884,0,0,0,-0.159215
40,3.29959,0,0.01811,-0.0451172,0,0.0932852,0.0117183,0,-0,0.0225586,35,32,0,0,0,0.399884,0,0,0,-0.15917
41,3.29959,0,0.01811,0,0,0.0932852,-0.0234365,0,-0,0.0112793,35,32,0,0,0,0.409885,0,0,0,-0.159306
42,3.29959,0,0.00213059,0,0,0.0932852,0.0117183,0,-0,0.0112793,35,32,0,0,0,0.419885,0,0,0,-0.159272
43,3.29959,0,-0.00426119,0.0225586,0,0.0932852,-0.0308936,0,-0,0.0112793,35,32,0,0,0,0.429884,0,0,0,-0.159375
44,3.29959,0,-0.00319589,0.0451172,0,0.0932852,0.00319589,0,-0,-0,35,32,0,0,0,0.439884,0,0,0,-0.159327
45,3.29959,0,0.00639178,0.0451172,0,0.0932852,-0.00532648,0,-0,0.0112793,35,32,0,0,0,0.449885,0,0,0,-0.159412
46,3.29959,0,0.00426119,0.0338379,0,0.0932852,0.0213059,0,-0,0.0112793,35,32,0,0,0,0.459885,0,0,0,-0.159447
47,3.29959,0,0.00958767,0.0225586,0,0.0932852,0.00745708,0,-0,0.0112793,35,32,0,0,0,0.469885,0,0,0,-0.159536
48,3.29959,0,0.00745708,0,0,0.0932852,0.0298283,0,-0,-0,35,32,0,0,0,0.479884,0,0,0,-0.15958
49,3.29959,0,0.00426119,-0.0451172,0,0.0932852,0.01811,0,-0,0.0112793,35,32,0,0,0,0.489885,0,0,0,-0.159641
50,3.29959,0,-0.0138489,0,0,0.0932852,0.00745708,0,-0,0.0112793,35,32,0,0,0,0.499884,0,0,0,-0.159604
51,3.29959,0,0.00745708,0,0,0.0932852,-0.00852238,0,-0,0.0112793,35,32,0,0,0,0.509884,0,0,0,-0.159661
52,3.29959,0,0.00213059,0,0,0.0932852,0.00639178,0,-0,-0,35,32,0,0,0,0.519884,0,0,0,-0.159652
53,3.29959,0,-0.00319589,0.0225586,0,0.0932852,0.01811,0,-0,0.0112793,35,32,0,0,0,0.529885,0,0,0,-0.159657
54,3.29959,0,0.0170448,0,0,0.0932852,0.0117183,0,-0,0.0112793,35,32,0,0,0,0.539884,0,0,0,-0.159681
55,3.29959,0,0.00958767,0,0,0.0932852,-0.01811,0,-0,0.0112793,35,32,0,0,0,0.549884,0,0,0,-0.159677
56,3.29959,0,0.0138489,0,0,0.0932852,-0.0170448,0,-0,-0,35,32,0,0,0,0.559884,0,0,0,-0.159723
57,3.29959,0,-0.0117183,0,0,0.0932852,-0.0191753,0,-0,-0,35,32,0,0,0,0.569884,0,0,0,-0.159723
58,3.29959,0,-1.04369e-18,0,0,0.0932852,-0.0170448,0,-0,0.0112793,35,32,0,0,0,0.579884,0,0,0,-0.159771
59,3.29959,0,0.00532648,0.0338379,0,0.0932852,0.0362201,0,-0,0.0112793,35,32,0,0,0,0.589884,0,0,0,-0.159796
60,3.29959,0,-0.00852238,0,0,0.0932852,-0.0191753,0,-0,-0,35,32,0,0,0,0.599884,0,0,0,-0.15984
61,3.29959,0,-0.00532648,0,0,0.0932852,0.0276977,0,-0,-0,35,32,0,0,0,0.609884,0,0,0,-0.159802
62,3.29959,0,0.0223712,0,0,0.0932852,-0.0234365,0,-0,0.0112793,35,32,0,0,0,0.619884,0,0,0,-0.159857
63,3.29959,0,-0.00319589,0,0,0.0932852,0.00639178,0,-0,-0.0225586,35,32,0,0,0,0.629884,0,0,0,-0.15982
64,3.29959,0,0.0010653,0,0,0.0932852,-0.0170448,0,-0,-0.0225586,35,32,0,0,0,0.639885,0,0,0,-0.159896
65,3.29959,0,0.00319589,-0.0225586,0,0.0932852,0.0276977,0,-0,-0.0225586,35,32,0,0,0,0.649884,0,0,0,-0.159893
66,3.29959,0,0.00745708,0,0,0.0932852,-0.00213059,0,-0,-0.0338379,35,32,0,0,0,0.659884,0,0,0,-0.159988
67,3.29959,0,-0.010653,-0.0451172,0,0.0932852,0.0159795,0,-0,-0.0451172,35,32,0,0,0,0.669884,0,0,0,-0.159928
68,3.29959,0,0.00852238,0.0338379,0,0.0932852,-0.00426119,0,-0,-0.0225586,35,32,0,0,0,0.679884,0,0,0,-0.159991
69,3.29959,0,-0.00532648,-0.0225586,0,0.0932852,0.0223712,0,-0,-0,35,32,0,0,0,0.68989,0,0,0,-0.159972
70,3.29959,0,-0.010653,-0.0338379,0,0.0932852,-0.0255671,0,-0,-0.0225586,35,32,0,0,0,0.699887,0,0,0,-0.160048
71,3.29959,0,-0.00426119,-0.0451172,0,0.0932852,0.00745708,0,-0,-0.0112793,35,32,0,0,0,0.709886,0,0,0,-0.160001
72,3.29959,0,-0.00319589,-0.0451172,0,0.0932852,1.95692e-19,0,-0,0.0112793,35,32,0,0,0,0.719885,0,0,0,-0.160073
73,3.29959,0,-0.0010653,0,0,0.0932852,0.0149142,0,-0,0.0112793,35,32,0,0,0,0.729884,0,0,0,-0.160087
74,3.29959,0,-0.00319589,-0.0451172,0,0.0932852,0.0223712,0,-0,0.0112793,35,32,0,0,0,0.739885,0,0,0,-0.160115
75,3.29959,0,-0.00213059,0.0451172,0,0.0932852,0.00426119,0,-0,0.0112793,35,32,0,0,0,0.749884,0,0,0,-0.160095
76,3.29959,0,-0.0117183,0.0451172,0,0.0932852,-0.00213059,0,-0,0.0112793,35,32,0,0,0,0.759885,0,0,0,-0.160152
77,3.29959,0,-0.00852238,0.0225586,0,0.0932852,-0.0223712,0,-0,-0,35,32,0,0,0,0.769885,0,0,0,-0.160122
78,3.29959,0,0.00426119,0.0451172,0,0.0932852,0.00319589,0,-0,0.0225586,35,32,0,0,0,0.779885,0,0,0,-0.160194
79,3.29959,0,-0.0138489,0.0451172,0,0.0932852,-0.0149142,0,-0,0.0112793,35,32,0,0,0,0.789884,0,0,0,-0.160195
80,3.29959,0,-0.00639178,0.0338379,0,0.0932852,-0.00532648,0,-0,0.0112793,35,32,0,0,0,0.799885,0,0,0,-0.160194
81,3.29959,0,0.0010653,0.0338379,0,0.0932852,-0.00319589,0,-0,0.0112793,35,32,0,0,0,0.809885,0,0,0,-0.16023
82,3.29959,0,-5.87076e-19,0.0225586,0,0.0932852,-0.00958767,0,-0,0.0112793,35,32,0,0,0,0.819885,0,0,0,-0.160211
83,3.29959,0,-0.01811,0.0338379,0,0.0932852,0.00532648,0,-0,0.0112793,35,32,0,0,0,0.829885,0,0,0,-0.160266
84,3.29959,0,-0.00639178,0,0,0.0932852,0.0202406,0,-0,0.0112793,35,32,0,0,0,0.839881,0,0,0,-0.160238
85,3.29959,0,0.00426119,0,0,0.0932852,0.00426119,0,-0,-0,35,32,0,0,0,0.849887,0,0,0,-0.160294
86,3.29959,0,0.00958767,0,0,0.0932852,0.0117183,0,-0,0.0112793,35,32,0,0,0,0.859881,0,0,0,-0.160296
87,3.29959,0,0.0202406,0,0,0.0932852,-0.00426119,0,-0,0.0112793,35,32,0,0,0,0.869881,0,0,0,-0.16035
88,3.29959,0,0.00639178,0,0,0.0932852,-0.00319589,0,-0,0.0112793,35,32,0,0,0,0.879885,0,0,0,-0.160306
89,3.29959,0,-0.01811,0,0,0.0932852,-0.0202406,0,-0,-0,35,32,0,0,0,0.889881,0,0,0,-0.16035
90,3.29959,0,-0.00532648,0.0225586,0,0.0932852,-0.00852238,0,-0,0.0112793,35,32,0,0,0,0.899881,0,0,0,-0.160329
91,3.29959,0,-0.0159795,0,0,0.0932852,-0.0404813,0,-0,-0,35,32,0,0,0,0.909885,0,0,0,-0.160354
92,3.29959,0,0.00852238,-0.0451172,0,0.0932852,0.01811,0,-0,0.0112793,35,32,0,0,0,0.919881,0,0,0,-0.160267
93,3.29959,0,-0.00426119,0,0,0.0932852,-0.010653,0,-0,-0.0225586,35,32,0,0,0,0.929881,0,0,0,-0.160317
94,3.29959,0,0.00319589,0,0,0.0932852,-0.00213059,0,-0,0.0112793,35,32,0,0,0,0.939885,0,0,0,-0.160296
95,3.29959,0,-0.0117183,-0.0451172,0,0.0932852,-0.00426119,0,-0,-0.0451172,35,32,0,0,0,0.949885,0,0,0,-0.160323
96,3.29959,0,0.0117183,0,0,0.0932852,-7.17537e-19,0,-0,-0.0225586,35,32,0,0,0,0.959881,0,0,0,-0.160289
97,3.29959,0,0.00532648,0,0,0.0932852,0.00426119,0,-0,-0.0225586,35,32,0,0,0,0.969887,0,0,0,-0.160318
98,3.29959,0,0.00213059,-0.0451172,0,0.0932852,0.00852238,0,-0,-0.0225586,35,32,0,0,0,0.979881,0,0,0,-0.160314
99,3.29959,0,0.0319589,-0.0451172,0,0.0932852,0.00319589,0,-0,-0.0225586,35,32,0,0,0,0.989881,0,0,0,-0.160353
100,3.29959,0,0.00213059,0,0,0.0932852,0.0223712,0,-0,-0.0451172,35,32,0,0,0,0.999881,0,0,0,-0.160355
101,3.29959,0,-0.0202406,0.0451172,0,0.0932852,0.0159795,0,-0,-0.0225586,35,32,0,0,0,1.00988,0,0,0,-0.160358
102,3.29959,0,-0.0010653,-0.0451172,0,0.0932852,0.00426119,0,-0,-0.0338379,35,32,0,0,0,1.01988,0,0,0,-0.160355
103,3.29959,0,-0.00958767,-0.0451172,0,0.0932852,-0.0010653,0,-0,-0.0451172,35,32,0,0,0,1.02988,0,0,0,-0.160373
104,3.29959,0,-0.0202406,0,0,0.0932852,-0.0170448,0,-0,0.0112793,35,32,0,0,0,1.03988,0,0,0,-0.160367
105,3.29959,0,0.00745708,-0.0451172,0,0.0932852,0.0234365,0,-0,-0,35,32,0,0,0,1.04988,0,0,0,-0.160406
106,3.29959,0,0.00319589,-0.0451172,0,0.0932852,-0.0213059,0,-0,0.0112793,35,32,0,0,0,1.05989,0,0,0,-0.160409
107,3.29959,0,-0.0010653,-0.0451172,0,0.0932852,0.0117183,0,-0,-0,35,32,0,0,0,1.06988,0,0,0,-0.160445
108,3.29959,0,-2.60922e-19,-0.0451172,0,0.0932852,-0.00426119,0,-0,0.0112793,35,32,0,0,0,1.07988,0,0,0,-0.160468
109,3.29959,0,-0.00426119,0,0,0.0932852,0.01811,0,-0,0.0225586,35,32,0,0,0,1.08988,0,0,0,-0.160473
110,3.29959,0,0.00319589,0.0451172,0,0.0932852,-0.0170448,0,-0,0.0112793,35,32,0,0,0,1.09989,0,0,0,-0.160514
111,3.29959,0,-0.00532648,0,0,0.0932852,0.0117183,0,-0,-0,35,32,0,0,0,1.10988,0,0,0,-0.160489
112,3.29959,0,-0.0138489,0,0,0.0932852,-0.0298283,0,-0,-0,35,32,0,0,0,1.11988,0,0,0,-0.160516
113,3.29959,0,0.00532648,0,0,0.0932852,0.0117183,0,-0,0.0112793,35,32,0,0,0,1.12988,0,0,0,-0.160492
114,3.29959,0,0.00852238,0.0338379,0,0.0932852,-0.00852238,0,-0,0.0112793,35,32,0,0,0,1.13988,0,0,0,-0.160552
115,3.29959,0,-0.00958767,0,0,0.0932852,0.01811,0,-0,0.0225586,35,32,0,0,0,1.14989,0,0,0,-0.160528
116,3.29959,0,0.0149142,0.0451172,0,0.0932852,0.00426119,0,-0,0.0112793,35,32,0,0,0,1.15988,0,0,0,-0.160568
117,3.29959,0,-0.00958767,0.0338379,0,0.0932852,0.0127836,0,-0,0.0112793,35,32,0,0,0,1.16988,0,0,0,-0.160572
118,3.29959,0,0.00213059,0,0,0.0932852,-0.01811,0,-0,-0,35,32,0,0,0,1.17989,0,0,0,-0.160568
119,3.29959,0,0.0010653,0,0,0.0932852,0.0255671,0,-0,0.0112793,35,32,0,0,0,1.18988,0,0,0,-0.160543
120,3.29959,0,-0.00319589,0,0,0.0932852,-0.00532648,0,-0,0.0112793,35,32,0,0,0,1.19988,0,0,0,-0.160582
121,3.29959,0,0.0010653,0,0,0.0932852,-0.00852238,0,-0,0.0112793,35,32,0,0,0,1.20989,0,0,0,-0.160542
122,3.29959,0,0.010653,0,0,0.0932852,0.00639178,0,-0,-0,35,32,0,0,0,1.21988,0,0,0,-0.160635
123,3.29959,0,-0.00958767,0,0,0.0932852,0.00319589,0,-0,0.0112793,35,32,0,0,0,1.22988,0,0,0,-0.160589
124,3.29959,0,-0.00426119,0,0,0.0932852,0.00639178,0,-0,-0.0338379,35,32,0,0,0,1.23988,0,0,0,-0.160655
125,3.29959,0,0.00426119,0,0,0.0932852,0.00319589,0,-0,-0.0225586,35,32,0,0,0,1.24988,0,0,0,-0.160647
126,3.29959,0,0.00852238,0,0,0.0932852,0.0010653,0,-0,-0,35,32,0,0,0,1.25988,0,0,0,-0.160646
127,3.29959,0,0.0117183,0,0,0.0932852,-0.0404813,0,-0,-0.0451172,35,32,0,0,0,1.26988,0,0,0,-0.160621
128,3.29959,0,-0.0202406,-0.0451172,0,0.0932852,0.0319589,0,-0,-0.0225586,35,32,0,0,0,1.27988,0,0,0,-0.160654
129,3.29959,0,0.00852238,0,0,0.0932852,-0.00958767,0,-0,-0.0225586,35,32,0,0,0,1.28988,0,0,0,-0.160691
130,3.29959,0,-0.010653,0,0,0.0932852,0.0138489,0,-0,-0.0225586,35,32,0,0,0,1.29988,0,0,0,-0.160653
131,3.29959,0,0.00745708,-0.0451172,0,0.0932852,0.00319589,0,-0,-0.0451172,35,32,0,0,0,1.30988,0,0,0,-0.160659
132,3.29959,0,0.00426119,-0.0451172,0,0.0932852,0.01811,0,-0,0.0112793,35,32,0,0,0,1.31988,0,0,0,-0.160645
133,3.29959,0,-0.0138489,-0.0451172,0,0.0932852,-0.0234365,0,-0,0.0112793,35,32,0,0,0,1.32988,0,0,0,-0.16066
134,3.29959,0,-0.00639178,0,0,0.0932852,0.0266324,0,-0,0.0112793,35,32,0,0,0,1.33988,0,0,0,-0.160664
135,3.29959,0,-0.0213059,-0.0338379,0,0.0932852,-0.0245018,0,-0,0.0112793,35,32,0,0,0,1.34989,0,0,0,-0.160659
136,3.29959,0,0.00532648,-0.0338379,0,0.0932852,-3.26153e-19,0,-0,0.0112793,35,32,0,0,0,1.35988,0,0,0,-0.160634
137,3.29959,0,0.00319589,-0.0338379,0,0.0932852,0.00532648,0,-0,0.0225586,35,32,0,0,0,1.36988,0,0,0,-0.16066
138,3.29959,0,-0.00639178,0.0451172,0,0.0932852,0.0127836,0,-0,0.0112793,35,32,0,0,0,1.37988,0,0,0,-0.160668
139,3.29959,0,-0.00958767,0.0338379,0,0.0932852,-0.0255671,0,-0,0.0225586,35,32,0,0,0,1.38989,0,0,0,-0.160696
140,3.29959,0,0.00532648,0.0225586,0,0.0932852,-0.0010653,0,-0,0.0112793,35,32,0,0,0,1.39988,0,0,0,-0.160653
141,3.29959,0,-0.0149142,0.0338379,0,0.0932852,-0.0117183,0,-0,0.0225586,35,32,0,0,0,1.40988,0,0,0,-0.160677
142,3.29959,0,-0.00319589,0.0451172,0,0.0932852,-0.0138489,0,-0,0.0112793,35,32,0,0,0,1.41989,0,0,0,-0.160638
143,3.29959,0,0.0149142,0,0,0.0932852,-0.0234365,0,-0,-0,35,32,0,0,0,1.42988,0,0,0,-0.160654
144,3.29959,0,0.00852238,0.0338379,0,0.0932852,-0.00532648,0,-0,0.0112793,35,32,0,0,0,1.43988,0,0,0,-0.160623
145,3.29959,0,0.0010653,0.0338379,0,0.0932852,0.00639178,0,-0,0.0112793,35,32,0,0,0,1.44988,0,0,0,-0.160654
146,3.29959,0,-0.0117183,0.0338379,0,0.0932852,-0.010653,0,-0,0.0112793,35,32,0,0,0,1.45988,0,0,0,-0.1606
147,3.29959,0,-0.00426119,0.0338379,0,0.0932852,0.0138489,0,-0,-0,35,32,0,0,0,1.46988,0,0,0,-0.160624
148,3.29959,0,0.00745708,0.0338379,0,0.0932852,-0.0202406,0,-0,-0,35,32,0,0,0,1.47988,0,0,0,-0.160624
149,3.29959,0,0.00213059,0,0,0.0932852,0.00319589,0,-0,0.0112793,35,32,0,0,0,1.48988,0,0,0,-0.160652
150,3.29959,0,0.00958767,0,0,0.0932852,-0.0298283,0,-0,-0,35,32,0,0,0,1.49988,0,0,0,-0.16066
151,3.29959,0,0.0149142,0,0,0.0932852,0.0234365,0,-0,0.0112793,35,32,0,0,0,1.50988,0,0,0,-0.160668
152,3.29959,0,-0.0117183,0,0,0.0932852,-0.0426119,0,-0,-0,35,32,0,0,0,1.51989,0,0,0,-0.160631
153,3.29959,0,0.0010653,0,0,0.0932852,0.0330242,0,-0,0.0112793,35,32,0,0,0,1.52988,0,0,0,-0.160643
154,3.29959,0,0.00426119,0,0,0.0932852,-0.0117183,0,-0,0.0112793,35,32,0,0,0,1.53988,0,0,0,-0.160621
155,3.29959,0,0.00852238,0,0,0.0932852,0.028763,0,-0,0.0112793,35,32,0,0,0,1.54988,0,0,0,-0.160626
156,3.29959,0,0.010653,0,0,0.0932852,-0.0159795,0,-0,0.0112793,35,32,0,0,0,1.55988,0,0,0,-0.160659
157,3.29959,0,-0.0138489,0.0225586,0,0.0932852,0.0372854,0,-0,0.0112793,35,32,0,0,0,1.56988,0,0,0,-0.160632
158,3.29959,0,-0.0149142,0,0,0.0932852,-0.0255671,0,-0,0.0112793,35,32,0,0,0,1.57988,0,0,0,-0.160655
159,3.29959,0,0.00213059,0,0,0.0932852,0.0170448,0,-0,0.0112793,35,32,0,0,0,1.58988,0,0,0,-0.160628
160,3.29959,0,-0.00639178,0.0338379,0,0.0932852,0.00745708,0,-0,-0.0225586,35,32,0,0,0,1.59988,0,0,0,-0.160697
161,3.29959,0,0.00958767,0,0,0.0932852,0.0234365,0,-0,-0.0338379,35,32,0,0,0,1.60988,0,0,0,-0.160664
162,3.29959,0,-0.00213059,0,0,0.0932852,-0.00426119,0,-0,-0.0338379,35,32,0,0,0,1.61988,0,0,0,-0.160699
163,3.29959,0,-0.00852238,0.0225586,0,0.0932852,0.0010653,0,-0,-0.0225586,35,32,0,0,0,1.62988,0,0,0,-0.16066
164,3.29959,0,0.0149142,-0.0451172,0,0.0932852,0.0010653,0,-0,-0.0225586,35,32,0,0,0,1.63988,0,0,0,-0.160716
165,3.29959,0,0.010653,-0.0451172,0,0.0932852,-0.00213059,0,-0,-0.0338379,35,32,0,0,0,1.64988,0,0,0,-0.160662
166,3.29959,0,-0.0127836,-0.0338379,0,0.0932852,-0.00958767,0,-0,-0.0338379,35,32,0,0,0,1.65988,0,0,0,-0.160667
167,3.29959,0,-0.00958767,-0.0451172,0,0.0932852,0.00639178,0,-0,-0.0451172,35,32,0,0,0,1.66989,0,0,0,-0.160677
168,3.29959,0,-0.00639178,-0.0451172,0,0.0932852,0.00532648,0,-0,0.0112793,35,32,0,0,0,1.67988,0,0,0,-0.160689
169,3.29959,0,-0.0117183,0.0451172,0,0.0932852,-0.01811,0,-0,0.0225586,35,32,0,0,0,1.68988,0,0,0,-0.160674
170,3.29959,0,0.0202406,-0.0451172,0,0.0932852,-1.23938e-18,0,-0,0.0112793,35,32,0,0,0,1.69988,0,0,0,-0.16073
171,3.29959,0,0.0223712,0,0,0.0932852,0.0010653,0,-0,0.0112793,35,32,0,0,0,1.70988,0,0,0,-0.160695
172,3.29959,0,-0.0010653,0.0338379,0,0.0932852,0.0138489,0,-0,0.0112793,35,32,0,0,0,1.71988,0,0,0,-0.160714
173,3.29959,0,-0.01811,0.0451172,0,0.0932852,-0.0234365,0,-0,0.0112793,35,32,0,0,0,1.72988,0,0,0,-0.160725
174,3.29959,0,0.01811,0.0338379,0,0.0932852,0.0490037,0,-0,0.0112793,35,32,0,0,0,1.73988,0,0,0,-0.160721
175,3.29959,0,-0.00532648,-0.0451172,0,0.0932852,-0.0159795,0,-0,0.0112793,35,32,0,0,0,1.74988,0,0,0,-0.160734
176,3.29959,0,0.0010653,0.0338379,0,0.0932852,0.00532648,0,-0,0.0112793,35,32,0,0,0,1.75988,0,0,0,-0.160748
177,3.29959,0,0.00745708,-0.0451172,0,0.0932852,-0.0117183,0,-0,-0,35,32,0,0,0,1.76988,0,0,0,-0.16075
178,3.29959,0,0.0117183,0,0,0.0932852,0.0234365,0,-0,0.0112793,35,32,0,0,0,1.77988,0,0,0,-0.160747
179,3.29959,0,-0.00958767,0.0451172,0,0.0932852,-0.010653,0,-0,0.0112793,35,32,0,0,0,1.78988,0,0,0,-0.160769
180,3.29959,0,-0.0255671,0,0,0.0932852,0.0266324,0,-0,-0,35,32,0,0,0,1.79988,0,0,0,-0.160774
181,3.29959,0,0.00852238,0,0,0.0932852,-0.01811,0,-0,-0,35,32,0,0,0,1.80989,0,0,0,-0.160752
182,3.29959,0,-0.0117183,0,0,0.0932852,0.0170448,0,-0,-0,35,32,0,0,0,1.81989,0,0,0,-0.160757
183,3.29959,0,-0.00426119,0.0225586,0,0.0932852,-0.0276977,0,-0,0.0112793,35,32,0,0,0,1.82989,0,0,0,-0.160784
184,3.29959,0,-0.0010653,0,0,0.0932852,0.00426119,0,-0,-0,35,32,0,0,0,1.83989,0,0,0,-0.160762
185,3.29959,0,-0.0170448,0,0,0.0932852,-0.0202406,0,-0,-0,35,32,0,0,0,1.84989,0,0,0,-0.160785
186,3.29959,0,-6.52306e-20,0,0,0.0932852,-0.0010653,0,-0,-0,35,32,0,0,0,1.85989,0,0,0,-0.160748
187,3.29959,0,0.00426119,0,0,0.0932852,-0.010653,0,-0,0.0112793,35,32,0,0,0,1.86989,0,0,0,-0.160789
188,3.29959,0,-0.0010653,0,0,0.0932852,0.00745708,0,-0,-0,35,32,0,0,0,1.87988,0,0,0,-0.160752
189,3.29959,0,-0.00852238,-0.0451172,0,0.0932852,-0.0191753,0,-0,0.0225586,35,32,0,0,0,1.88993,0,0,0,-0.160787
190,3.29959,0,0.0010653,0,0,0.0932852,0.00319589,0,-0,-0,35,32,0,0,0,1.89989,0,0,0,-0.160756
191,3.29959,0,9.13229e-19,0,0,0.0932852,0.0149142,0,-0,0.0112793,35,32,0,0,0,1.90988,0,0,0,-0.160779
192,3.29959,0,0.01811,0,0,0.0932852,0.00426119,0,-0,-0.0338379,35,32,0,0,0,1.91988,0,0,0,-0.160729
193,3.29959,0,0.00426119,0,0,0.0932852,-0.0010653,0,-0,-0.0338379,35,32,0,0,0,1.92988,0,0,0,-0.160762
194,3.29959,0,0.00319589,0,0,0.0932852,-0.00213059,0,-0,-0.0225586,35,32,0,0,0,1.93988,0,0,0,-0.160752
195,3.29959,0,0.0223712,0,0,0.0932852,0.0266324,0,-0,-0.0338379,35,32,0,0,0,1.94988,0,0,0,-0.16075
196,3.29959,0,0.00319589,-0.0451172,0,0.0932852,-0.00958767,0,-0,-0,35,32,0,0,0,1.95988,0,0,0,-0.160784
197,3.29959,0,-0.00745708,0,0,0.0932852,-0.00958767,0,-0,-0,35,32,0,0,0,1.96988,0,0,0,-0.160768
198,3.29959,0,0.00639178,-0.0451172,0,0.0932852,-0.00852238,0,-0,0.0112793,35,32,0,0,0,1.97988,0,0,0,-0.160766
199,3.29959,0,0.0149142,-0.0451172,0,0.0932852,0.0245018,0,-0,0.0112793,35,32,0,0,0,1.98988,0,0,0,-0.160802
200,3.29959,0,-0.0117183,-0.0451172,0,0.0932852,-0.0276977,0,-0,-0,35,32,0,0,0,1.99988,0,0,0,-0.160822
201,3.29959,0,-0.00532648,0.0338379,0,0.0932852,0.0159795,0,-0,0.0225586,35,32,0,0,0,2.00988,0,0,0,-0.160798
202,3.29959,0,0.00213059,-0.0338379,0,0.0932852,-0.010653,0,-0,0.0225586,35,32,0,0,0,2.01988,0,0,0,-0.160828
203,3.29959,0,0.00958767,0.0338379,0,0.0932852,0.00532648,0,-0,0.0112793,35,32,0,0,0,2.02989,0,0,0,-0.160802
204,3.29959,0,-0.010653,0.0338379,0,0.0932852,-0.0223712,0,-0,0.0112793,35,32,0,0,0,2.03988,0,0,0,-0.160829
205,3.29959,0,-0.0010653,0.0451172,0,0.0932852,0.010653,0,-0,0.0225586,35,32,0,0,0,2.04988,0,0,0,-0.160813
206,3.29959,0,0.00958767,0.0338379,0,0.0932852,-0.0117183,0,-0,0.0112793,35,32,0,0,0,2.05988,0,0,0,-0.160852
207,3.29959,0,0.0202406,0.0338379,0,0.0932852,0.00319589,0,-0,0.0112793,35,32,0,0,0,2.06988,0,0,0,-0.160826
208,3.29959,0,-0.00958767,0,0,0.0932852,-0.0117183,0,-0,0.0112793,35,32,0,0,0,2.07988,0,0,0,-0.160846
209,3.29959,0,-0.0138489,0.0225586,0,0.0932852,0.010653,0,-0,-0,35,32,0,0,0,2.08988,0,0,0,-0.160816
210,3.29959,0,0.00745708,0,0,0.0932852,-0.01811,0,-0,0.0112793,35,32,0,0,0,2.09988,0,0,0,-0.160878
211,3.29959,0,-0.0010653,0.0225586,0,0.0932852,0.0170448,0,-0,0.0112793,35,32,0,0,0,2.10988,0,0,0,-0.160859
212,3.29959,0,0.00319589,0.0225586,0,0.0932852,-0.010653,0,-0,-0,35,32,0,0,0,2.11988,0,0,0,-0.160886
213,3.29959,0,0.0010653,0.0225586,0,0.0932852,-0.0170448,0,-0,0.0112793,35,32,0,0,0,2.12988,0,0,0,-0.160832
214,3.29959,0,-0.00958767,0,0,0.0932852,0.00958767,0,-0,0.0112793,35,32,0,0,0,2.13988,0,0,0,-0.160846
215,3.29959,0,0.00532648,0,0,0.0932852,0.0010653,0,-0,-0.0451172,35,32,0,0,0,2.14988,0,0,0,-0.160826
216,3.29959,0,0.0234365,0,0,0.0932852,0.010653,0,-0,0.0112793,35,32,0,0,0,2.15988,0,0,0,-0.160829
217,3.29959,0,-0.00852238,0,0,0.0932852,0.0010653,0,-0,0.0112793,35,32,0,0,0,2.16988,0,0,0,-0.16082
218,3.29959,0,0.00213059,0,0,0.0932852,0.0223712,0,-0,0.0112793,35,32,0,0,0,2.17988,0,0,0,-0.160814
219,3.29959,0,-0.00958767,0,0,0.0932852,0.00319589,0,-0,0.0112793,35,32,0,0,0,2.18988,0,0,0,-0.160795
220,3.29959,0,-0.00639178,0,0,0.0932852,0.0276977,0,-0,0.0112793,35,32,0,0,0,2.19988,0,0,0,-0.160794
221,3.29959,0,-0.0117183,-0.0451172,0,0.0932852,-0.0213059,0,-0,0.0112793,35,32,0,0,0,2.20988,0,0,0,-0.160836
222,3.29959,0,0.00213059,0,0,0.0932852,-0.0170448,0,-0,0.0112793,35,32,0,0,0,2.21988,0,0,0,-0.160795
223,3.29959,0,-0.00426119,0,0,0.0932852,-0.0340895,0,-0,-0.0451172,35,32,0,0,0,2.22988,0,0,0,-0.160784
224,3.29959,0,-0.0127836,0,0,0.0932852,0.0362201,0,-0,-0.0338379,35,32,0,0,0,2.23988,0,0,0,-0.160761
225,3.29959,0,0.0149142,-0.0451172,0,0.0932852,-0.028763,0,-0,-0.0451172,35,32,0,0,0,2.24988,0,0,0,-0.160785
226,3.29959,0,0.0255671,0,0,0.0932852,0.0266324,0,-0,-0.0451172,35,32,0,0,0,2.25988,0,0,0,-0.160777
227,3.29959,0,0.00426119,-0.0451172,0,0.0932852,-0.00958767,0,-0,-0.0225586,35,32,0,0,0,2.26988,0,0,0,-0.160802
228,3.29959,0,0.0149142,0,0,0.0932852,0.0415466,0,-0,-0,35,32,0,0,0,2.27988,0,0,0,-0.16079
229,3.29959,0,0.0127836,0,0,0.0932852,-7.82767e-19,0,-0,-0.0225586,35,32,0,0,0,2.28988,0,0,0,-0.160814
230,3.29959,0,0.0149142,-0.0451172,0,0.0932852,0.00532648,0,-0,0.0225586,35,32,0,0,0,2.29988,0,0,0,-0.16081
231,3.29959,0,0.0149142,-0.0451172,0,0.0932852,-0.0149142,0,-0,0.0225586,35,32,0,0,0,2.30988,0,0,0,-0.1608
232,3.29959,0,-0.00426119,-0.0451172,0,0.0932852,0.00639178,0,-0,0.0112793,35,32,0,0,0,2.31988,0,0,0,-0.160782
233,3.29959,0,0.0010653,-0.0451172,0,0.0932852,-0.0298283,0,-0,0.0225586,35,32,0,0,0,2.32988,0,0,0,-0.160781
234,3.29959,0,-0.00639178,0.0338379,0,0.0932852,-0.00852238,0,-0,0.0112793,35,32,0,0,0,2.33988,0,0,0,-0.160735
235,3.29959,0,0.0138489,-0.0451172,0,0.0932852,0.00426119,0,-0,0.0112793,35,32,0,0,0,2.34988,0,0,0,-0.160777
236,3.29959,0,0.0010653,-0.0451172,0,0.0932852,0.0159795,0,-0,0.0112793,35,32,0,0,0,2.35988,0,0,0,-0.160733
237,3.29959,0,0.0127836,0,0,0.0932852,0.0117183,0,-0,0.0112793,35,32,0,0,0,2.36988,0,0,0,-0.160774
238,3.29959,0,-0.0010653,0,0,0.0932852,-0.00532648,0,-0,0.0112793,35,32,0,0,0,2.37988,0,0,0,-0.160751
239,3.29959,0,-0.00639178,0.0338379,0,0.0932852,0.00213059,0,-0,0.0112793,35,32,0,0,0,2.38988,0,0,0,-0.160777
240,3.29959,0,-0.00319589,0.0451172,0,0.0932852,0.00319589,0,-0,0.0112793,35,32,0,0,0,2.39988,0,0,0,-0.160786
241,3.29959,0,0.010653,0.0338379,0,0.0932852,0.0138489,0,-0,0.0112793,35,32,0,0,0,2.40988,0,0,0,-0.160781
242,3.29959,0,3.91384e-19,0.0338379,0,0.0932852,0.00639178,0,-0,0.0112793,35,32,0,0,0,2.41988,0,0,0,-0.160781
243,3.29959,0,0.00852238,0,0,0.0932852,0.0127836,0,-0,-0,35,32,0,0,0,2.42988,0,0,0,-0.160809
244,3.29959,0,-0.00852238,0,0,0.0932852,-0.00745708,0,-0,-0,35,32,0,0,0,2.43988,0,0,0,-0.160787
245,3.29959,0,0.0117183,-0.0451172,0,0.0932852,0.0245018,0,-0,0.0112793,35,32,0,0,0,2.44988,0,0,0,-0.160834
246,3.29959,0,-0.0127836,0.0112793,0,0.0932852,-0.0138489,0,-0,0.0112793,35,32,0,0,0,2.45988,0,0,0,-0.160815
247,3.29959,0,0.00639178,0.0338379,0,0.0932852,0.00639178,0,-0,0.0112793,35,32,0,0,0,2.46993,0,0,0,-0.160803
248,3.29959,0,-0.00532648,0.0338379,0,0.0932852,3.26153e-19,0,-0,0.0112793,35,32,0,0,0,2.47988,0,0,0,-0.160804
249,3.29959,0,-0.00426119,-0.0451172,0,0.0932852,0.0266324,0,-0,0.0112793,35,32,0,0,0,2.48988,0,0,0,-0.160831
250,3.29959,0,-0.00213059,0,0,0.0932852,0.0138489,0,-0,0.0112793,35,32,0,0,0,2.49988,0,0,0,-0.160872
251,3.29959,0,0.00852238,0,0,0.0932852,0.01811,0,-0,0.0112793,35,32,0,0,0,2.50988,0,0,0,-0.160839
252,3.29959,0,-0.010653,0,0,0.0932852,-0.0340895,0,-0,-0.0225586,35,32,0,0,0,2.51988,0,0,0,-0.160832
253,3.29959,0,-0.00745708,0,0,0.0932852,0.0308936,0,-0,-0.0225586,35,32,0,0,0,2.52988,0,0,0,-0.160812
254,3.29959,0,-0.00852238,0,0,0.0932852,0.00319589,0,-0,-0.0225586,35,32,0,0,0,2.53988,0,0,0,-0.160829
255,3.29959,0,-0.010653,0,0,0.0932852,0.010653,0,-0,-0.0338379,35,32,0,0,0,2.54988,0,0,0,-0.160806
256,3.29959,0,0.00639178,0,0,0.0932852,-3.91384e-19,0,-0,-0.0338379,35,32,0,0,0,2.55988,0,0,0,-0.160844
257,3.29959,0,0.00213059,-0.0451172,0,0.0932852,0.01811,0,-0,0.0112793,35,32,0,0,0,2.56988,0,0,0,-0.160779
258,3.29959,0,-0.0138489,-0.0451172,0,0.0932852,-0.0149142,0,-0,-0.0225586,35,32,0,0,0,2.57988,0,0,0,-0.160843
259,3.29959,0,-0.00532648,-0.0338379,0,0.0932852,-0.00958767,0,-0,-0.0225586,35,32,0,0,0,2.58988,0,0,0,-0.160791
260,3.29959,0,0.0010653,-0.0338379,0,0.0932852,0.00852238,0,-0,0.0112793,35,32,0,0,0,2.59988,0,0,0,-0.160804
261,3.29959,0,0.0138489,-0.0451172,0,0.0932852,-0.0245018,0,-0,0.0112793,35,32,0,0,0,2.60988,0,0,0,-0.160754
262,3.29959,0,-0.0159795,0,0,0.0932852,0.00213059,0,-0,0.0112793,35,32,0,0,0,2.61988,0,0,0,-0.160752
263,3.29959,0,-0.00426119,-0.0451172,0,0.0932852,0.0010653,0,-0,0.0112793,35,32,0,0,0,2.62988,0,0,0,-0.16074
264,3.29959,0,0.0138489,0.0338379,0,0.0932852,0.0234365,0,-0,0.0112793,35,32,0,0,0,2.63988,0,0,0,-0.160756
265,3.29959,0,-0.00213059,0.0225586,0,0.0932852,-0.00852238,0,-0,0.0112793,35,32,0,0,0,2.64988,0,0,0,-0.160761
266,3.29959,0,0.0138489,0,0,0.0932852,-0.00213059,0,-0,-0,35,32,0,0,0,2.65988,0,0,0,-0.160759
267,3.29959,0,0.028763,0.0338379,0,0.0932852,-0.0138489,0,-0,0.0112793,35,32,0,0,0,2.66988,0,0,0,-0.160735
268,3.29959,0,0.010653,0.0338379,0,0.0932852,0.0138489,0,-0,0.0225586,35,32,0,0,0,2.67988,0,0,0,-0.160765
269,3.29959,0,0.0191753,0.0338379,0,0.0932852,-0.0127836,0,-0,0.0112793,35,32,0,0,0,2.68988,0,0,0,-0.160765
270,3.29959,0,0.00745708,0,0,0.0932852,0.0191753,0,-0,0.0112793,35,32,0,0,0,2.69988,0,0,0,-0.160758
271,3.29959,0,9.13229e-19,0,0,0.0932852,0.0149142,0,-0,0.0112793,35,32,0,0,0,2.70988,0,0,0,-0.160763
272,3.29959,0,0.00319589,0,0,0.0932852,0.0213059,0,-0,0.0112793,35,32,0,0,0,2.71988,0,0,0,-0.160753
273,3.29959,0,0.00319589,0,0,0.0932852,-0.0117183,0,-0,-0,35,32,0,0,0,2.72988,0,0,0,-0.16079
274,3.29959,0,0.00213059,-0.0338379,0,0.0932852,0.0202406,0,-0,0.0112793,35,32,0,0,0,2.73988,0,0,0,-0.160762
275,3.29959,0,-0.00319589,0,0,0.0932852,-0.0117183,0,-0,-0,35,32,0,0,0,2.74988,0,0,0,-0.160774
276,3.29959,0,0.00958767,0,0,0.0932852,0.00639178,0,-0,-0,35,32,0,0,0,2.75988,0,0,0,-0.160763
277,3.29959,0,0.00213059,0,0,0.0932852,-0.00213059,0,-0,0.0112793,35,32,0,0,0,2.76988,0,0,0,-0.160805
278,3.29959,0,0.00639178,0.0225586,0,0.0932852,0.0138489,0,-0,0.0112793,35,32,0,0,0,2.77988,0,0,0,-0.160766
279,3.29959,0,0.00426119,0,0,0.0932852,0.0276977,0,-0,0.0112793,35,32,0,0,0,2.78988,0,0,0,-0.160813
280,3.29959,0,-0.00426119,0,0,0.0932852,0.00745708,0,-0,0.0112793,35,32,0,0,0,2.79988,0,0,0,-0.160759
281,3.29959,0,0.00958767,0,0,0.0932852,-0.0447425,0,-0,-0,35,32,0,0,0,2.80988,0,0,0,-0.160774
282,3.29959,0,-0.00319589,0,0,0.0932852,0.00213059,0,-0,-0,35,32,0,0,0,2.81988,0,0,0,-0.160768
283,3.29959,0,0.00958767,-0.0451172,0,0.0932852,-0.00745708,0,-0,-0.0338379,35,32,0,0,0,2.82988,0,0,0,-0.160788
284,3.29959,0,-0.0149142,-0.0451172,0,0.0932852,-0.00852238,0,-0,-0.0451172,35,32,0,0,0,2.83988,0,0,0,-0.160793
285,3.29959,0,0.0127836,0,0,0.0932852,0.00852238,0,-0,-0.0451172,35,32,0,0,0,2.84988,0,0,0,-0.160809
286,3.29959,0,-0.00639178,0,0,0.0932852,0.00745708,0,-0,-0.0225586,35,32,0,0,0,2.85988,0,0,0,-0.1608
287,3.29959,0,0.00426119,0,0,0.0932852,0.010653,0,-0,-0.0338379,35,32,0,0,0,2.86988,0,0,0,-0.160821
288,3.29959,0,0.0202406,0,0,0.0932852,-0.0234365,0,-0,-0.0225586,35,32,0,0,0,2.87988,0,0,0,-0.160783
289,3.29959,0,0.00319589,0,0,0.0932852,0.00319589,0,-0,0.0112793,35,32,0,0,0,2.88988,0,0,0,-0.16078
290,3.29959,0,0.00639178,-0.0338379,0,0.0932852,-0.0170448,0,-0,-0.0338379,35,32,0,0,0,2.89989,0,0,0,-0.16075
291,3.29959,0,0.00532648,0.0225586,0,0.0932852,-0.00852238,0,-0,0.0112793,35,32,0,0,0,2.90989,0,0,0,-0.16078
292,3.29959,0,0.00852238,0.0338379,0,0.0932852,-0.0191753,0,-0,0.0225586,35,32,0,0,0,2.91988,0,0,0,-0.16072
293,3.29959,0,0.00745708,0,0,0.0932852,0.0213059,0,-0,0.0112793,35,32,0,0,0,2.92989,0,0,0,-0.160771
294,3.29959,0,0.0010653,0.0451172,0,0.0932852,-0.0223712,0,-0,0.0112793,35,32,0,0,0,2.93989,0,0,0,-0.160731
295,3.29959,0,0.00639178,-0.0338379,0,0.0932852,0.0117183,0,-0,0.0112793,35,32,0,0,0,2.94989,0,0,0,-0.160684
296,3.29959,0,0.00958767,0.0225586,0,0.0932852,-0.01811,0,-0,0.0112793,35,32,0,0,0,2.95988,0,0,0,-0.160677
297,3.29959,0,-0.00213059,0.0338379,0,0.0932852,0.0266324,0,-0,-0,35,32,0,0,0,2.96989,0,0,0,-0.160675
298,3.29959,0,0.00213059,0.0338379,0,0.0932852,-0.0159795,0,-0,0.0225586,35,32,0,0,0,2.97989,0,0,0,-0.160699
299,3.29959,0,0.00319589,0.0338379,0,0.0932852,0.0245018,0,-0,-0,35,32,0,0,0,2.98988,0,0,0,-0.160675
300,3.29959,0,0.00852238,0.0225586,0,0.0932852,-0.0202406,0,-0,0.0112793,35,32,0,0,0,2.99988,0,0,0,-0.160709
301,3.29959,0,0.00532648,0,0,0.0932852,-0.00958767,0,-0,-0,35,32,0,0,0,3.00988,0,0,0,-0.160674
302,3.29959,0,0.00319589,0,0,0.0932852,-0.039416,0,-0,0.0112793,35,32,0,0,0,3.01988,0,0,0,-0.160684
303,3.29959,0,0.00319589,0,0,0.0932852,0.0298283,0,-0,0.0112793,35,32,0,0,0,3.02988,0,0,0,-0.160672
304,3.29959,0,-0.00639178,-0.0451172,0,0.0932852,-0.0276977,0,-0,-0,35,32,0,0,0,3.03988,0,0,0,-0.160699
305,3.29959,0,-0.00745708,0,0,0.0932852,-0.00958767,0,-0,0.0112793,35,32,0,0,0,3.04988,0,0,0,-0.16066
306,3.29959,0,0.00426119,0.0225586,0,0.0932852,-2.60922e-19,0,-0,0.0112793,35,32,0,0,0,3.05988,0,0,0,-0.160701
307,3.29959,0,0.0159795,0,0,0.0932852,-0.0159795,0,-0,0.0112793,35,32,0,0,0,3.06988,0,0,0,-0.160661
308,3.29959,0,-0.00319589,0,0,0.0932852,0.0149142,0,-0,-0.0338379,35,32,0,0,0,3.07988,0,0,0,-0.160708
309,3.29959,0,-0.0340895,0,0,0.0932852,-0.00745708,0,-0,0.0112793,35,32,0,0,0,3.08988,0,0,0,-0.160684
310,3.29959,0,-0.00213059,0,0,0.0932852,0.0117183,0,-0,-0.0451172,35,32,0,0,0,3.09988,0,0,0,-0.16073
311,3.29959,0,0.0138489,0,0,0.0932852,0.00745708,0,-0,-0,35,32,0,0,0,3.10988,0,0,0,-0.160701
312,3.29959,0,-0.0010653,0,0,0.0932852,0.00532648,0,-0,-0,35,32,0,0,0,3.11988,0,0,0,-0.160685
313,3.29959,0,-3.26153e-19,0,0,0.0932852,-0.00532648,0,-0,-0.0225586,35,32,0,0,0,3.12988,0,0,0,-0.160701
314,3.29959,0,0.0138489,-0.0338379,0,0.0932852,0.01811,0,-0,-0.0338379,35,32,0,0,0,3.13988,0,0,0,-0.160674
315,3.29959,0,0.00639178,0,0,0.0932852,-0.0266324,0,-0,-0.0338379,35,32,0,0,0,3.14988,0,0,0,-0.160655
316,3.29959,0,1.17415e-18,0,0,0.0932852,0.0191753,0,-0,-0.0338379,35,32,0,0,0,3.15988,0,0,0,-0.160655
317,3.29959,0,-0.00958767,0,0,0.0932852,-0.0159795,0,-0,-0.0225586,35,32,0,0,0,3.16988,0,0,0,-0.160669
318,3.29959,0,-0.00319589,0,0,0.0932852,0.010653,0,-0,0.0112793,35,32,0,0,0,3.17988,0,0,0,-0.16064
319,3.29959,0,0.0010653,0.0338379,0,0.0932852,-0.0245018,0,-0,-0.0338379,35,32,0,0,0,3.18988,0,0,0,-0.160658
320,3.29959,0,0.00745708,0,0,0.0932852,-0.00319589,0,-0,-0.0225586,35,32,0,0,0,3.19988,0,0,0,-0.160651
321,3.29959,0,0.0223712,0.0451172,0,0.0932852,-0.0117183,0,-0,-0.0338379,35,32,0,0,0,3.20988,0,0,0,-0.160646
322,3.29959,0,-0.00532648,0.0338379,0,0.0932852,0.0276977,0,-0,-0,35,32,0,0,0,3.21988,0,0,0,-0.160643
323,3.29959,0,-0.0191753,-0.0338379,0,0.0932852,0.00213059,0,-0,0.0112793,35,32,0,0,0,3.22988,0,0,0,-0.160667
324,3.29959,0,-0.00426119,-0.0451172,0,0.0932852,0.0213059,0,-0,0.0225586,35,32,0,0,0,3.23988,0,0,0,-0.160648
325,3.29959,0,0.0117183,0.0338379,0,0.0932852,0.0149142,0,-0,0.0112793,35,32,0,0,0,3.24988,0,0,0,-0.160708
326,3.29959,0,0.00639178,0.0338379,0,0.0932852,0.0298283,0,-0,0.0112793,35,32,0,0,0,3.25988,0,0,0,-0.160677
327,3.29959,0,-0.00213059,-0.0451172,0,0.0932852,-0.00426119,0,-0,-0,35,32,0,0,0,3.26988,0,0,0,-0.160716
328,3.29959,0,8.47998e-19,0.0338379,0,0.0932852,0.0138489,0,-0,0.0112793,35,32,0,0,0,3.27988,0,0,0,-0.160693
329,3.29959,0,-0.0223712,0,0,0.0932852,-0.0117183,0,-0,-0,35,32,0,0,0,3.28988,0,0,0,-0.16068
330,3.29959,0,0.00745708,0.0338379,0,0.0932852,-0.00532648,0,-0,0.0112793,35,32,0,0,0,3.29988,0,0,0,-0.160674
331,3.29959,0,0.010653,0,0,0.0932852,0.00958767,0,-0,0.0112793,35,32,0,0,0,3.30988,0,0,0,-0.160697
332,3.29959,0,-9.78459e-19,0.0225586,0,0.0932852,-0.0159795,0,-0,0.0112793,35,32,0,0,0,3.31988,0,0,0,-0.160671
333,3.29959,0,0.00532648,0,0,0.0932852,0.0383507,0,-0,0.0112793,35,32,0,0,0,3.32988,0,0,0,-0.160696
334,3.29959,0,0.00319589,0,0,0.0932852,-0.0138489,0,-0,0.0112793,35,32,0,0,0,3.33988,0,0,0,-0.160676
335,3.29959,0,-0.00213059,0.0451172,0,0.0932852,0.0117183,0,-0,0.0112793,35,32,0,0,0,3.34988,0,0,0,-0.160684
336,3.29959,0,-0.0159795,0,0,0.0932852,-0.00426119,0,-0,-0,35,32,0,0,0,3.35988,0,0,0,-0.160671
337,3.29959,0,-0.0170448,0,0,0.0932852,0.0138489,0,-0,-0,35,32,0,0,0,3.36988,0,0,0,-0.160674
338,3.29959,0,0.00426119,0,0,0.0932852,-0.00639178,0,-0,-0,35,32,0,0,0,3.37988,0,0,0,-0.160688
339,3.29959,0,-0.0010653,0,0,0.0932852,0.0191753,0,-0,0.0112793,35,32,0,0,0,3.38988,0,0,0,-0.16069
340,3.29959,0,-0.00852238,0,0,0.0932852,-0.0202406,0,-0,0.0112793,35,32,0,0,0,3.39988,0,0,0,-0.160703
341,3.29959,0,-0.010653,0,0,0.0932852,-0.0010653,0,-0,0.0112793,35,32,0,0,0,3.40988,0,0,0,-0.160695
342,3.29959,0,0.0191753,0,0,0.0932852,-0.00639178,0,-0,0.0112793,35,32,0,0,0,3.41988,0,0,0,-0.160737
343,3.29959,0,-0.00319589,0,0,0.0932852,0.0234365,0,-0,-0.0338379,35,32,0,0,0,3.42988,0,0,0,-0.160702
344,3.29959,0,0.00426119,0,0,0.0932852,-0.0149142,0,-0,-0.0225586,35,32,0,0,0,3.43988,0,0,0,-0.160702
345,3.29959,0,0.00745708,0,0,0.0932852,0.0138489,0,-0,-0.0225586,35,32,0,0,0,3.44988,0,0,0,-0.160635
346,3.29959,0,-2.73969e-18,0,0,0.0932852,-0.0447425,0,-0,-0.0225586,35,32,0,0,0,3.45988,0,0,0,-0.160682
347,3.29959,0,1.10892e-18,-0.0451172,0,0.0932852,0.01811,0,-0,0.0112793,35,32,0,0,0,3.46988,0,0,0,-0.160649
348,3.29959,0,-0.0010653,-0.0451172,0,0.0932852,-0.00639178,0,-0,-0.0338379,35,32,0,0,0,3.47988,0,0,0,-0.160677
349,3.29959,0,-0.0308936,-0.0338379,0,0.0932852,-0.00213059,0,-0,-0.0338379,35,32,0,0,0,3.48988,0,0,0,-0.16063
350,3.29959,0,0.0170448,0,0,0.0932852,-0.00745708,0,-0,0.0112793,35,32,0,0,0,3.49988,0,0,0,-0.160649
351,3.29959,0,-0.0138489,0,0,0.0932852,0.0010653,0,-0,0.0225586,35,32,0,0,0,3.50988,0,0,0,-0.160639
352,3.29959,0,-0.0191753,0.0338379,0,0.0932852,0.0255671,0,-0,0.0225586,35,32,0,0,0,3.51988,0,0,0,-0.160642
353,3.29959,0,-0.00745708,-0.0451172,0,0.0932852,-0.00532648,0,-0,0.0112793,35,32,0,0,0,3.52988,0,0,0,-0.160614
354,3.29959,0,0.00213059,-0.0338379,0,0.0932852,0.00426119,0,-0,0.0112793,35,32,0,0,0,3.53988,0,0,0,-0.160628
355,3.29959,0,-0.0127836,0,0,0.0932852,-0.0170448,0,-0,0.0112793,35,32,0,0,0,3.54988,0,0,0,-0.160601
356,3.29959,0,-0.0202406,0.0338379,0,0.0932852,0.0127836,0,-0,0.0112793,35,32,0,0,0,3.55988,0,0,0,-0.16062
357,3.29959,0,-0.0447425,0.0451172,0,0.0932852,-0.0372854,0,-0,0.0112793,35,32,0,0,0,3.56988,0,0,0,-0.160619
358,3.29959,0,0.0159795,0.0338379,0,0.0932852,-0.00958767,0,-0,0.0112793,35,32,0,0,0,3.57988,0,0,0,-0.160585
359,3.29959,0,-0.00852238,-0.0338379,0,0.0932852,-0.0298283,0,-0,0.0112793,35,32,0,0,0,3.58988,0,0,0,-0.160598
360,3.29959,0,0.0138489,0.0338379,0,0.0932852,-0.00426119,0,-0,0.0112793,35,32,0,0,0,3.59988,0,0,0,-0.160575
361,3.29959,0,-0.010653,-0.0451172,0,0.0932852,-0.010653,0,-0,0.0112793,35,32,0,0,0,3.60988,0,0,0,-0.160613
362,3.29959,0,-0.00639178,0.0338379,0,0.0932852,0.00213059,0,-0,0.0112793,35,32,0,0,0,3.61988,0,0,0,-0.160593
363,3.29959,0,-0.00213059,0.0338379,0,0.0932852,-0.010653,0,-0,-0,35,32,0,0,0,3.62988,0,0,0,-0.160599
364,3.29959,0,-0.00532648,-0.0338379,0,0.0932852,0.0276977,0,-0,0.0112793,35,32,0,0,0,3.63988,0,0,0,-0.160583
365,3.29959,0,-0.0117183,0,0,0.0932852,-0.0308936,0,-0,0.0112793,35,32,0,0,0,3.64989,0,0,0,-0.160612
366,3.29959,0,-0.0202406,0,0,0.0932852,0.0127836,0,-0,0.0112793,35,32,0,0,0,3.65988,0,0,0,-0.160558
367,3.29959,0,0.00213059,0,0,0.0932852,0.00319589,0,-0,-0,35,32,0,0,0,3.66988,0,0,0,-0.160573
368,3.29959,0,0.0159795,0.0225586,0,0.0932852,0.00426119,0,-0,0.0112793,35,32,0,0,0,3.67988,0,0,0,-0.160563
369,3.29959,0,0.00958767,0.0225586,0,0.0932852,-0.0117183,0,-0,-0.0112793,35,32,0,0,0,3.68988,0,0,0,-0.160577
370,3.29959,0,-0.00532648,0.0225586,0,0.0932852,-0.0127836,0,-0,0.0112793,35,32,0,0,0,3.69988,0,0,0,-0.160507
371,3.29959,0,-0.0170448,0,0,0.0932852,-0.0010653,0,-0,0.0112793,35,32,0,0,0,3.70988,0,0,0,-0.160558
372,3.29959,0,-0.00532648,0.0338379,0,0.0932852,0.010653,0,-0,-0.0451172,35,32,0,0,0,3.71988,0,0,0,-0.160484
373,3.29959,0,-0.0117183,0,0,0.0932852,0.010653,0,-0,0.0112793,35,32,0,0,0,3.72988,0,0,0,-0.160537
374,3.29959,0,-0.0223712,0,0,0.0932852,0.0149142,0,-0,-0.0338379,35,32,0,0,0,3.73988,0,0,0,-0.160471
375,3.29959,0,-0.0149142,0,0,0.0932852,0.00745708,0,-0,-0.0338379,35,32,0,0,0,3.74988,0,0,0,-0.160538
376,3.29959,0,-0.00852238,0,0,0.0932852,-0.0202406,0,-0,-0.0338379,35,32,0,0,0,3.75988,0,0,0,-0.160481
377,3.29959,0,-0.00958767,0,0,0.0932852,0.0308936,0,-0,-0.0451172,35,32,0,0,0,3.76989,0,0,0,-0.160489
378,3.29959,0,0.0138489,-0.0338379,0,0.0932852,-0.00319589,0,-0,-0.0225586,35,32,0,0,0,3.77988,0,0,0,-0.16047
379,3.29959,0,-0.00852238,-0.0563965,0,0.0932852,0.00532648,0,-0,-0.0338379,35,32,0,0,0,3.78988,0,0,0,-0.160452
380,3.29959,0,-0.00852238,0.0338379,0,0.0932852,-0.00319589,0,-0,-0.0451172,35,32,0,0,0,3.79988,0,0,0,-0.160442
381,3.29959,0,0.00639178,0,0,0.0932852,0.00852238,0,-0,0.0112793,35,32,0,0,0,3.80988,0,0,0,-0.160445
382,3.29959,0,0.00426119,-0.0451172,0,0.0932852,-0.028763,0,-0,-0,35,32,0,0,0,3.81988,0,0,0,-0.160441
383,3.29959,0,0.0117183,-0.0338379,0,0.0932852,0.0362201,0,-0,0.0112793,35,32,0,0,0,3.82988,0,0,0,-0.160451
384,3.29959,0,0.0117183,-0.0451172,0,0.0932852,-0.0191753,0,-0,0.0112793,35,32,0,0,0,3.83988,0,0,0,-0.160452
385,3.29959,0,0.0170448,-0.0338379,0,0.0932852,0.0255671,0,-0,0.0112793,35,32,0,0,0,3.84988,0,0,0,-0.160456
386,3.29959,0,0.00958767,-0.0338379,0,0.0932852,-0.0266324,0,-0,-0,35,32,0,0,0,3.85988,0,0,0,-0.160448
387,3.29959,0,-0.010653,-0.0451172,0,0.0932852,-0.0223712,0,-0,0.0112793,35,32,0,0,0,3.86988,0,0,0,-0.160433
388,3.29959,0,0.00532648,-0.0451172,0,0.0932852,-0.00319589,0,-0,-0,35,32,0,0,0,3.87988,0,0,0,-0.160472
389,3.29959,0,0.0117183,0.0338379,0,0.0932852,0.0276977,0,-0,-0.0451172,35,32,0,0,0,3.88988,0,0,0,-0.16049
390,3.29959,0,0.0202406,0,0,0.0932852,-0.01811,0,-0,0.0112793,35,32,0,0,0,3.89988,0,0,0,-0.160493
391,3.29959,0,-0.0170448,0,0,0.0932852,0.0117183,0,-0,0.0112793,35,32,0,0,0,3.90988,0,0,0,-0.160466
392,3.29959,0,0.00319589,0.0225586,0,0.0932852,0.00532648,0,-0,0.0112793,35,32,0,0,0,3.91988,0,0,0,-0.160534
393,3.29959,0,-0.00213059,0.0451172,0,0.0932852,0.0010653,0,-0,0.0112793,35,32,0,0,0,3.92988,0,0,0,-0.160493
394,3.29959,0,-0.00319589,0.0338379,0,0.0932852,-0.00852238,0,-0,0.0112793,35,32,0,0,0,3.93988,0,0,0,-0.160553
395,3.29959,0,-0.00213059,0.0338379,0,0.0932852,-0.0202406,0,-0,-0.0225586,35,32,0,0,0,3.94988,0,0,0,-0.160532
396,3.29959,0,0.00532648,0,0,0.0932852,0.0245018,0,-0,-0,35,32,0,0,0,3.95988,0,0,0,-0.160579
397,3.29959,0,0.00319589,-0.0451172,0,0.0932852,-0.0159795,0,-0,-0,35,32,0,0,0,3.96988,0,0,0,-0.160546
398,3.29959,0,-0.00532648,0.0225586,0,0.0932852,-0.0010653,0,-0,-0,35,32,0,0,0,3.97988,0,0,0,-0.160576
399,3.29959,0,0.0010653,0.0338379,0,0.0932852,0.00639178,0,-0,-0.0338379,35,32,0,0,0,3.98989,0,0,0,-0.160546
400,3.29959,0,0.00319589,0.0225586,0,0.0932852,-0.00213059,0,-0,0.0112793,35,32,0,0,0,3.99989,0,0,0,-0.160541
401,3.29959,0,-0.00532648,0,0,0.0932852,-0.00213059,0,-0,0.0112793,35,32,0,0,0,4.00988,0,0,0,-0.160508
402,3.29959,0,-0.00213059,0,0,0.0932852,0.00745708,0,-0,0.0112793,35,32,0,0,0,4.01988,0,0,0,-0.160502
403,3.29959,0,0.0170448,0,0,0.0932852,-0.00639178,0,-0,0.0112793,35,32,0,0,0,4.02988,0,0,0,-0.160533
404,3.29959,0,0.028763,0,0,0.0932852,0.0340895,0,-0,0.0112793,35,32,0,0,0,4.03988,0,0,0,-0.160506
405,3.29959,0,0.0010653,0,0,0.0932852,-0.00958767,0,-0,0.0112793,35,32,0,0,0,4.04989,0,0,0,-0.160509
406,3.29959,0,-0.00532648,0.0225586,0,0.0932852,0.00745708,0,-0,-0,35,32,0,0,0,4.05989,0,0,0,-0.160474
407,3.29959,0,0.00426119,0.0112793,0,0.0932852,0.00426119,0,-0,-0.0338379,35,32,0,0,0,4.06988,0,0,0,-0.160494
408,3.29959,0,-0.00852238,0,0,0.0932852,0.00532648,0,-0,-0.0225586,35,32,0,0,0,4.07989,0,0,0,-0.160468
409,3.29959,0,0.00958767,0,0,0.0932852,-0.0308936,0,-0,-0.0225586,35,32,0,0,0,4.08988,0,0,0,-0.160469
410,3.29959,0,0.010653,-0.0338379,0,0.0932852,0.028763,0,-0,-0.0225586,35,32,0,0,0,4.09989,0,0,0,-0.160483
411,3.29959,0,0.0159795,0,0,0.0932852,-0.0010653,0,-0,-0.0225586,35,32,0,0,0,4.10988,0,0,0,-0.160493
412,3.29959,0,-0.00532648,0,0,0.0932852,0.0223712,0,-0,-0.0338379,35,32,0,0,0,4.11988,0,0,0,-0.160477
413,3.29959,0,0.00745708,0,0,0.0932852,-0.00745708,0,-0,0.0112793,35,32,0,0,0,4.12989,0,0,0,-0.160536
414,3.29959,0,0.00745708,0,0,0.0932852,0.0170448,0,-0,0.0112793,35,32,0,0,0,4.13988,0,0,0,-0.16052
415,3.29959,0,-0.00532648,-0.0451172,0,0.0932852,-0.0191753,0,-0,0.0112793,35,32,0,0,0,4.14988,0,0,0,-0.160541
416,3.29959,0,0.0117183,-0.0451172,0,0.0932852,-0.00639178,0,-0,-0,35,32,0,0,0,4.15988,0,0,0,-0.160532
417,3.29959,0,0.00426119,0,0,0.0932852,0.00213059,0,-0,-0,35,32,0,0,0,4.16988,0,0,0,-0.160585
418,3.29959,0,0.0127836,0.0338379,0,0.0932852,0.01811,0,-0,0.0112793,35,32,0,0,0,4.17988,0,0,0,-0.160517
419,3.29959,0,-0.0010653,0.0451172,0,0.0932852,0.0117183,0,-0,0.0112793,35,32,0,0,0,4.18989,0,0,0,-0.160552
420,3.29959,0,-0.00319589,0,0,0.0932852,-0.00639178,0,-0,0.0112793,35,32,0,0,0,4.19988,0,0,0,-0.160547
421,3.29959,0,-0.00745708,0.0338379,0,0.0932852,0.0159795,0,-0,0.0112793,35,32,0,0,0,4.20988,0,0,0,-0.160595
422,3.29959,0,0.0010653,-0.0451172,0,0.0932852,-0.0170448,0,-0,-0,35,32,0,0,0,4.21989,0,0,0,-0.160557
423,3.29959,0,-0.0127836,0.0338379,0,0.0932852,0.00213059,0,-0,-0,35,32,0,0,0,4.22988,0,0,0,-0.160558
424,3.29959,0,0.0117183,0.0451172,0,0.0932852,-0.0245018,0,-0,0.0112793,35,32,0,0,0,4.23988,0,0,0,-0.160532
425,3.29959,0,-0.00319589,0.0338379,0,0.0932852,-0.00639178,0,-0,-0,35,32,0,0,0,4.24988,0,0,0,-0.160531
426,3.29959,0,-0.00213059,0,0,0.0932852,-0.0362201,0,-0,0.0112793,35,32,0,0,0,4.25988,0,0,0,-0.160531
427,3.29959,0,-0.0138489,0,0,0.0932852,0.0170448,0,-0,0.0112793,35,32,0,0,0,4.26988,0,0,0,-0.160547
428,3.29959,0,0.0117183,0,0,0.0932852,-0.039416,0,-0,0.0112793,35,32,0,0,0,4.27988,0,0,0,-0.160568
429,3.29959,0,0.0234365,0,0,0.0932852,0.00532648,0,-0,-0,35,32,0,0,0,4.28988,0,0,0,-0.160573
430,3.29959,0,0.00213059,0,0,0.0932852,0.00426119,0,-0,0.0112793,35,32,0,0,0,4.29988,0,0,0,-0.160548
431,3.29959,0,-0.0330242,-0.0338379,0,0.0932852,0.00958767,0,-0,-0.0451172,35,32,0,0,0,4.30988,0,0,0,-0.160524
432,3.29959,0,0.00213059,0,0,0.0932852,-0.0127836,0,-0,-0,35,32,0,0,0,4.31988,0,0,0,-0.160568
433,3.29959,0,0.0127836,0,0,0.0932852,0.00745708,0,-0,0.0112793,35,32,0,0,0,4.32988,0,0,0,-0.160554
434,3.29959,0,-0.0010653,0.0112793,0,0.0932852,-0.00532648,0,-0,0.0112793,35,32,0,0,0,4.33989,0,0,0,-0.160592
435,3.29959,0,3.26153e-19,0,0,0.0932852,0.00532648,0,-0,0.0112793,35,32,0,0,0,4.34992,0,0,0,-0.16063
436,3.29959,0,0.00213059,0,0,0.0932852,-0.01811,0,-0,-0.0338379,35,32,0,0,0,4.35988,0,0,0,-0.160629
437,3.29959,0,0.00852238,0,0,0.0932852,-0.00532648,0,-0,-0.0451172,35,32,0,0,0,4.36988,0,0,0,-0.160625
438,3.29959,0,0.00852238,0.0112793,0,0.0932852,0.00319589,0,-0,-0.0225586,35,32,0,0,0,4.37988,0,0,0,-0.160669
439,3.29959,0,-0.0010653,-0.0338379,0,0.0932852,-0.010653,0,-0,-0.0338379,35,32,0,0,0,4.38988,0,0,0,-0.160613
440,3.29959,0,-0.00639178,0,0,0.0932852,0.00319589,0,-0,-0.0225586,35,32,0,0,0,4.39988,0,0,0,-0.160662
441,3.29959,0,-0.00319589,0,0,0.0932852,-0.0159795,0,-0,-0.0225586,35,32,0,0,0,4.40988,0,0,0,-0.160628
442,3.29959,0,-0.0010653,0,0,0.0932852,0.00319589,0,-0,0.0112793,35,32,0,0,0,4.41988,0,0,0,-0.160648
443,3.29959,0,0.0138489,0.0338379,0,0.0932852,-0.00532648,0,-0,0.0112793,35,32,0,0,0,4.42988,0,0,0,-0.160661
444,3.29959,0,0.00745708,0.0338379,0,0.0932852,-0.00213059,0,-0,-0,35,32,0,0,0,4.43988,0,0,0,-0.160675
445,3.29959,0,-0.00213059,-0.0451172,0,0.0932852,-0.0159795,0,-0,0.0112793,35,32,0,0,0,4.44988,0,0,0,-0.160674
446,3.29959,0,0.00639178,-0.0338379,0,0.0932852,0.0127836,0,-0,0.0112793,35,32,0,0,0,4.45988,0,0,0,-0.160673
447,3.29959,0,-0.010653,-0.0451172,0,0.0932852,-0.0138489,0,-0,0.0225586,35,32,0,0,0,4.46988,0,0,0,-0.160664
448,3.29959,0,-0.00213059,0.0338379,0,0.0932852,0.0117183,0,-0,0.0112793,35,32,0,0,0,4.47988,0,0,0,-0.160659
449,3.29959,0,-0.00852238,0.0338379,0,0.0932852,-0.0447425,0,-0,0.0112793,35,32,0,0,0,4.48989,0,0,0,-0.160659
450,3.29959,0,-0.00958767,-0.0451172,0,0.0932852,0.00958767,0,-0,0.0112793,35,32,0,0,0,4.49988,0,0,0,-0.16066
451,3.29959,0,0.0010653,-0.0338379,0,0.0932852,-0.00745708,0,-0,-0,35,32,0,0,0,4.50988,0,0,0,-0.160689
452,3.29959,0,-7.17537e-19,0.0338379,0,0.0932852,-0.0117183,0,-0,0.0112793,35,32,0,0,0,4.51988,0,0,0,-0.160673
453,3.29959,0,-0.00745708,0.0338379,0,0.0932852,0.010653,0,-0,0.0112793,35,32,0,0,0,4.52988,0,0,0,-0.160709
454,3.29959,0,-0.00852238,0,0,0.0932852,0.0276977,0,-0,-0,35,32,0,0,0,4.53988,0,0,0,-0.160699
455,3.29959,0,-0.00213059,0,0,0.0932852,0.00426119,0,-0,-0,35,32,0,0,0,4.54988,0,0,0,-0.160712
456,3.29959,0,0.0010653,0,0,0.0932852,0.00852238,0,-0,-0,35,32,0,0,0,4.55988,0,0,0,-0.160685
457,3.29959,0,0.00852238,0.0338379,0,0.0932852,-0.00213059,0,-0,0.0112793,35,32,0,0,0,4.56988,0,0,0,-0.160691
458,3.29959,0,-0.00958767,0.0225586,0,0.0932852,-0.00213059,0,-0,-0.0451172,35,32,0,0,0,4.57988,0,0,0,-0.160648
459,3.29959,0,0.0234365,0,0,0.0932852,-0.0276977,0,-0,-0,35,32,0,0,0,4.58988,0,0,0,-0.160679
460,3.29959,0,-0.0117183,0.0338379,0,0.0932852,-0.00319589,0,-0,-0,35,32,0,0,0,4.59989,0,0,0,-0.160638
461,3.29959,0,0.0159795,0,0,0.0932852,0.00426119,0,-0,0.0112793,35,32,0,0,0,4.60988,0,0,0,-0.160664
462,3.29959,0,-0.00958767,0,0,0.0932852,0.0255671,0,-0,0.0112793,35,32,0,0,0,4.61988,0,0,0,-0.160639
463,3.29959,0,-0.0127836,0,0,0.0932852,-0.00639178,0,-0,-0.0112793,35,32,0,0,0,4.62988,0,0,0,-0.160664
464,3.29959,0,-0.010653,0.0338379,0,0.0932852,-0.00852238,0,-0,0.0112793,35,32,0,0,0,4.63989,0,0,0,-0.1606
465,3.29959,0,0.00319589,0,0,0.0932852,0.010653,0,-0,0.0112793,35,32,0,0,0,4.64988,0,0,0,-0.160607
466,3.29959,0,-0.0170448,0,0,0.0932852,-0.00319589,0,-0,-0.0338379,35,32,0,0,0,4.65988,0,0,0,-0.160559
467,3.29959,0,-0.010653,0,0,0.0932852,0.0223712,0,-0,-0,35,32,0,0,0,4.66988,0,0,0,-0.160587
468,3.29959,0,-1.5003e-18,0,0,0.0932852,-0.0245018,0,-0,-0.0225586,35,32,0,0,0,4.67988,0,0,0,-0.160542
469,3.29959,0,-0.0266324,0,0,0.0932852,0.0213059,0,-0,-0.0451172,35,32,0,0,0,4.68988,0,0,0,-0.160593
470,3.29959,0,-0.00319589,0,0,0.0932852,-0.0351548,0,-0,-0.0225586,35,32,0,0,0,4.69988,0,0,0,-0.160584
471,3.29959,0,-0.00639178,0,0,0.0932852,0.0330242,0,-0,-0.0338379,35,32,0,0,0,4.70988,0,0,0,-0.160567
472,3.29959,0,0.00639178,0.0338379,0,0.0932852,-0.0223712,0,-0,-0.0225586,35,32,0,0,0,4.71989,0,0,0,-0.160552
473,3.29959,0,-0.00532648,-0.0451172,0,0.0932852,0.0149142,0,-0,-0.0225586,35,32,0,0,0,4.72988,0,0,0,-0.160579
474,3.29959,0,-0.0159795,-0.0338379,0,0.0932852,-0.0404813,0,-0,-0.0225586,35,32,0,0,0,4.73988,0,0,0,-0.160597
475,3.29959,0,0.00213059,-0.0338379,0,0.0932852,0.00639178,0,-0,-0.0225586,35,32,0,0,0,4.74988,0,0,0,-0.160597
476,3.29959,0,-0.00426119,-0.0451172,0,0.0932852,-0.0255671,0,-0,-0,35,32,0,0,0,4.75989,0,0,0,-0.160614
477,3.29959,0,-0.0170448,-0.0451172,0,0.0932852,-0.0223712,0,-0,0.0112793,35,32,0,0,0,4.76988,0,0,0,-0.160582
478,3.29959,0,0.0149142,-0.0451172,0,0.0932852,-0.0234365,0,-0,0.0112793,35,32,0,0,0,4.77988,0,0,0,-0.160587
479,3.29959,0,-0.00532648,0,0,0.0932852,0.0159795,0,-0,0.0112793,35,32,0,0,0,4.78988,0,0,0,-0.160585
480,3.29959,0,0.00639178,0.0225586,0,0.0932852,-0.0127836,0,-0,-0,35,32,0,0,0,4.79988,0,0,0,-0.160591
481,3.29959,0,0.00213059,-0.0451172,0,0.0932852,0.0308936,0,-0,0.0225586,35,32,0,0,0,4.80988,0,0,0,-0.160585
482,3.29959,0,0.0170448,0,0,0.0932852,-0.0149142,0,-0,0.0112793,35,32,0,0,0,4.81989,0,0,0,-0.160614
483,3.29959,0,-0.00213059,-0.0451172,0,0.0932852,0.0234365,0,-0,-0,35,32,0,0,0,4.82988,0,0,0,-0.160626
484,3.29959,0,0.0149142,0.0451172,0,0.0932852,0.0234365,0,-0,0.0112793,35,32,0,0,0,4.83988,0,0,0,-0.160644
485,3.29959,0,0.00532648,0,0,0.0932852,-0.0117183,0,-0,0.0112793,35,32,0,0,0,4.84988,0,0,0,-0.160611
486,3.29959,0,7.82767e-19,0,0,0.0932852,0.0127836,0,-0,0.0112793,35,32,0,0,0,4.85988,0,0,0,-0.16063
487,3.29959,0,-1.36984e-18,0.0338379,0,0.0932852,-0.0223712,0,-0,0.0112793,35,32,0,0,0,4.86988,0,0,0,-0.160634
488,3.29959,0,-0.00745708,0.0338379,0,0.0932852,0.00745708,0,-0,-0.0338379,35,32,0,0,0,4.87988,0,0,0,-0.16067
489,3.29959,0,0.00852238,0.0338379,0,0.0932852,-0.0138489,0,-0,0.0112793,35,32,0,0,0,4.88988,0,0,0,-0.160664
490,3.29959,0,0.00319589,0.0225586,0,0.0932852,0.00745708,0,-0,0.0112793,35,32,0,0,0,4.89988,0,0,0,-0.160639
491,3.29959,0,-0.0010653,0,0,0.0932852,-0.0170448,0,-0,0.0112793,35,32,0,0,0,4.90988,0,0,0,-0.160619
492,3.29959,0,-0.0117183,0.0338379,0,0.0932852,0.0330242,0,-0,0.0112793,35,32,0,0,0,4.91988,0,0,0,-0.160589
493,3.29959,0,0.00958767,0.0225586,0,0.0932852,-0.0159795,0,-0,0.0112793,35,32,0,0,0,4.92988,0,0,0,-0.160588
494,3.29959,0,-0.00639178,0,0,0.0932852,-0.00532648,0,-0,0.0112793,35,32,0,0,0,4.93988,0,0,0,-0.160583
495,3.29959,0,0.00213059,0,0,0.0932852,-0.0330242,0,-0,0.0112793,35,32,0,0,0,4.94988,0,0,0,-0.160612
496,3.29959,0,-0.0149142,0,0,0.0932852,0.0170448,0,-0,-0,35,32,0,0,0,4.95988,0,0,0,-0.16059
497,3.29959,0,-0.0149142,0.0338379,0,0.0932852,-0.0191753,0,-0,-0,35,32,0,0,0,4.96988,0,0,0,-0.160605
498,3.29959,0,-0.0202406,0,0,0.0932852,-0.00213059,0,-0,-0.0225586,35,32,0,0,0,4.97988,0,0,0,-0.160589
499,3.29959,0,0.00319589,0,0,0.0932852,-0.00958767,0,-0,-0.0225586,35,32,0,0,0,4.98988,0,0,0,-0.160628
500,3.29959,0,0.0245018,0,0,0.0932852,0.0276977,0,-0,-0.0225586,35,32,0,0,0,4.99988,0,0,0,-0.160592
501,3.29959,0,0.00639178,0,0,0.0932852,0.00958767,0,-0,-0.0225586,35,32,0,0,0,5.00988,0,0,0,-0.160617
502,3.29959,0,-0.0138489,-0.0451172,0,0.0932852,0.0202406,0,-0,0.0225586,35,32,0,0,0,5.01988,0,0,0,-0.160565
503,3.29959,0,-0.00532648,0,0,0.0932852,-0.00958767,0,-0,-0.0338379,35,32,0,0,0,5.02988,0,0,0,-0.160593
504,3.29959,0,-0.00532648,-0.0451172,0,0.0932852,-0.00426119,0,-0,0.0112793,35,32,0,0,0,5.03988,0,0,0,-0.160562
505,3.29959,0,0.0213059,-0.0451172,0,0.0932852,-0.0202406,0,-0,-0,35,32,0,0,0,5.04988,0,0,0,-0.160583
506,3.29959,0,0.00319589,0,0,0.0932852,-0.0223712,0,-0,-0.0338379,35,32,0,0,0,5.05988,0,0,0,-0.160522
507,3.29959,0,-0.00852238,-0.0451172,0,0.0932852,-0.00532648,0,-0,0.0225586,35,32,0,0,0,5.06988,0,0,0,-0.160585
508,3.29959,0,0.00745708,0.0451172,0,0.0932852,0.0138489,0,-0,0.0112793,35,32,0,0,0,5.07988,0,0,0,-0.160522
509,3.29959,0,-0.00639178,-0.0338379,0,0.0932852,0.00639178,0,-0,0.0112793,35,32,0,0,0,5.08988,0,0,0,-0.16056
510,3.29959,0,0.0117183,-0.0338379,0,0.0932852,-0.0202406,0,-0,-0,35,32,0,0,0,5.09988,0,0,0,-0.160548
511,3.29959,0,-0.00639178,-0.0451172,0,0.0932852,0.00958767,0,-0,0.0112793,35,32,0,0,0,5.10989,0,0,0,-0.160532
512,3.29959,0,0.00213059,0.0451172,0,0.0932852,-0.00852238,0,-0,0.0112793,35,32,0,0,0,5.11988,0,0,0,-0.160524
513,3.29959,0,0.00745708,-0.0338379,0,0.0932852,-0.0010653,0,-0,0.0112793,35,32,0,0,0,5.12988,0,0,0,-0.160524
514,3.29959,0,0.0010653,0.0338379,0,0.0932852,0.00213059,0,-0,-0,35,32,0,0,0,5.13988,0,0,0,-0.160493
515,3.29959,0,0.010653,0,0,0.0932852,0.00852238,0,-0,0.0112793,35,32,0,0,0,5.14989,0,0,0,-0.160528
516,3.29959,0,0.0010653,0,0,0.0932852,-0.0159795,0,-0,0.0112793,35,32,0,0,0,5.15988,0,0,0,-0.160526
517,3.29959,0,-0.0127836,0.0451172,0,0.0932852,-0.0127836,0,-0,-0,35,32,0,0,0,5.16989,0,0,0,-0.160508
518,3.29959,0,-0.0010653,0.0338379,0,0.0932852,-0.0447425,0,-0,0.0112793,35,32,0,0,0,5.17988,0,0,0,-0.16052
519,3.29959,0,0.010653,0.0338379,0,0.0932852,0.0213059,0,-0,-0,35,32,0,0,0,5.18989,0,0,0,-0.160524
520,3.29959,0,-1.23938e-18,0,0,0.0932852,-0.0202406,0,-0,-0,35,32,0,0,0,5.19988,0,0,0,-0.160556
521,3.29959,0,0.00639178,0.0338379,0,0.0932852,0.0170448,0,-0,0.0112793,35,32,0,0,0,5.20988,0,0,0,-0.160554
522,3.29959,0,-0.010653,0,0,0.0932852,0.00426119,0,-0,-0,35,32,0,0,0,5.21988,0,0,0,-0.160568
523,3.29959,0,0.00852238,0,0,0.0932852,0.00852238,0,-0,0.0112793,35,32,0,0,0,5.22988,0,0,0,-0.160539
524,3.29959,0,-0.00639178,0,0,0.0932852,-0.00319589,0,-0,0.0112793,35,32,0,0,0,5.23988,0,0,0,-0.160576
525,3.29959,0,-0.00532648,0,0,0.0932852,0.00639178,0,-0,-0.0225586,35,32,0,0,0,5.24988,0,0,0,-0.160537
526,3.29959,0,-0.010653,0,0,0.0932852,0.0127836,0,-0,-0.0225586,35,32,0,0,0,5.25988,0,0,0,-0.160564
527,3.29959,0,-0.00213059,0,0,0.0932852,0.00639178,0,-0,-0,35,32,0,0,0,5.26988,0,0,0,-0.16052
528,3.29959,0,0.00213059,0,0,0.0932852,0.0159795,0,-0,-0.0451172,35,32,0,0,0,5.27988,0,0,0,-0.160532
529,3.29959,0,0.00852238,0.0225586,0,0.0932852,-0.0330242,0,-0,-0.0451172,35,32,0,0,0,5.28988,0,0,0,-0.160543
530,3.29959,0,-0.00426119,0,0,0.0932852,0.0202406,0,-0,0.0112793,35,32,0,0,0,5.29988,0,0,0,-0.160539
531,3.29959,0,0.00532648,0,0,0.0932852,-0.0276977,0,-0,-0.0338379,35,32,0,0,0,5.30988,0,0,0,-0.160496
532,3.29959,0,0.0010653,0,0,0.0932852,0.0202406,0,-0,-0.0225586,35,32,0,0,0,5.31988,0,0,0,-0.160536
533,3.29959,0,0.00213059,0.0451172,0,0.0932852,0.00745708,0,-0,-0.0112793,35,32,0,0,0,5.32988,0,0,0,-0.160472
534,3.29959,0,-0.00319589,0,0,0.0932852,0.0234365,0,-0,-0.0451172,35,32,0,0,0,5.33988,0,0,0,-0.160474
535,3.29959,0,-0.00213059,0,0,0.0932852,-0.01811,0,-0,-0.0225586,35,32,0,0,0,5.34988,0,0,0,-0.160477
536,3.29959,0,0.0245018,0,0,0.0932852,-0.00319589,0,-0,0.0112793,35,32,0,0,0,5.35988,0,0,0,-0.160501
537,3.29959,0,-0.00213059,-0.0451172,0,0.0932852,0.00426119,0,-0,0.0112793,35,32,0,0,0,5.36988,0,0,0,-0.160487
538,3.29959,0,0.00426119,-0.0451172,0,0.0932852,0.00213059,0,-0,0.0225586,35,32,0,0,0,5.37988,0,0,0,-0.160485
539,3.29959,0,0.00852238,-0.0338379,0,0.0932852,-0.0383507,0,-0,0.0112793,35,32,0,0,0,5.38988,0,0,0,-0.160486
540,3.29959,0,0.00852238,0,0,0.0932852,0.0191753,0,-0,0.0112793,35,32,0,0,0,5.39988,0,0,0,-0.160475
541,3.29959,0,0.00319589,-0.0338379,0,0.0932852,-0.0213059,0,-0,0.0112793,35,32,0,0,0,5.40988,0,0,0,-0.160487
542,3.29959,0,0.00319589,0.0225586,0,0.0932852,0.0447425,0,-0,0.0112793,35,32,0,0,0,5.41989,0,0,0,-0.16047
543,3.29959,0,0.00639178,0.0338379,0,0.0932852,-0.01811,0,-0,0.0112793,35,32,0,0,0,5.42988,0,0,0,-0.160466
544,3.29959,0,0.00426119,0.0451172,0,0.0932852,0.0138489,0,-0,-0,35,32,0,0,0,5.43988,0,0,0,-0.160463
545,3.29959,0,0.0234365,0.0451172,0,0.0932852,-0.0266324,0,-0,0.0112793,35,32,0,0,0,5.44988,0,0,0,-0.16044
546,3.29959,0,-0.00745708,0.0451172,0,0.0932852,-0.0234365,0,-0,0.0112793,35,32,0,0,0,5.45988,0,0,0,-0.160431
547,3.29959,0,-3.26153e-19,0.0338379,0,0.0932852,-0.00532648,0,-0,-0,35,32,0,0,0,5.46988,0,0,0,-0.160468
548,3.29959,0,-0.0149142,0.0338379,0,0.0932852,-0.00745708,0,-0,0.0112793,35,32,0,0,0,5.47988,0,0,0,-0.160432
549,3.29959,0,-0.00639178,0,0,0.0932852,0.0170448,0,-0,0.0112793,35,32,0,0,0,5.48988,0,0,0,-0.160481
550,3.29959,0,-0.00852238,0,0,0.0932852,0.0138489,0,-0,0.0112793,35,32,0,0,0,5.49988,0,0,0,-0.160456
551,3.29959,0,0.00639178,0,0,0.0932852,0.0010653,0,-0,-0,35,32,0,0,0,5.50988,0,0,0,-0.160469
552,3.29959,0,0.00532648,0.0338379,0,0.0932852,0.0010653,0,-0,0.0112793,35,32,0,0,0,5.51988,0,0,0,-0.160444
553,3.29959,0,0.00532648,0.0338379,0,0.0932852,-0.0138489,0,-0,0.0112793,35,32,0,0,0,5.52988,0,0,0,-0.160521
554,3.29959,0,-0.00639178,0,0,0.0932852,0.0117183,0,-0,-0,35,32,0,0,0,5.53988,0,0,0,-0.160503
555,3.29959,0,-0.00745708,0.0225586,0,0.0932852,0.00958767,0,-0,0.0112793,35,32,0,0,0,5.54988,0,0,0,-0.160552
556,3.29959,0,0.0010653,0,0,0.0932852,0.00639178,0,-0,-0.0225586,35,32,0,0,0,5.55988,0,0,0,-0.160528
557,3.29959,0,-0.00532648,-0.0338379,0,0.0932852,0.010653,0,-0,-0,35,32,0,0,0,5.56988,0,0,0,-0.160533
558,3.29959,0,-0.0159795,0,0,0.0932852,-0.0276977,0,-0,0.0112793,35,32,0,0,0,5.57988,0,0,0,-0.160514
559,3.29959,0,0.0010653,0,0,0.0932852,0.0351548,0,-0,0.0112793,35,32,0,0,0,5.58988,0,0,0,-0.160537
560,3.29959,0,-0.00319589,0,0,0.0932852,-0.00319589,0,-0,-0,35,32,0,0,0,5.59988,0,0,0,-0.160568
561,3.29959,0,0.0149142,0,0,0.0932852,0.0223712,0,-0,-0.0338379,35,32,0,0,0,5.60988,0,0,0,-0.160554
562,3.29959,0,0.00319589,0,0,0.0932852,-0.0245018,0,-0,-0.0225586,35,32,0,0,0,5.61988,0,0,0,-0.160564
563,3.29959,0,1.10892e-18,0,0,0.0932852,0.01811,0,-0,0.0112793,35,32,0,0,0,5.62989,0,0,0,-0.160557
564,3.29959,0,0.00213059,0,0,0.0932852,-0.00852238,0,-0,-0.0225586,35,32,0,0,0,5.63988,0,0,0,-0.16059
565,3.29959,0,-0.00532648,0,0,0.0932852,0.0245018,0,-0,-0.0338379,35,32,0,0,0,5.64988,0,0,0,-0.160608
566,3.29959,0,-9.78459e-19,0.0338379,0,0.0932852,-0.0159795,0,-0,-0.0225586,35,32,0,0,0,5.65988,0,0,0,-0.160585
567,3.29959,0,0.0213059,-0.0451172,0,0.0932852,0.0213059,0,-0,-0.0451172,35,32,0,0,0,5.66988,0,0,0,-0.160578
568,3.29959,0,0.0010653,0,0,0.0932852,-0.0191753,0,-0,0.0112793,35,32,0,0,0,5.67988,0,0,0,-0.160601
569,3.29959,0,-0.0149142,0.0225586,0,0.0932852,-0.0191753,0,-0,0.0225586,35,32,0,0,0,5.68988,0,0,0,-0.160546
570,3.29959,0,0.0010653,-0.0451172,0,0.0932852,-0.00532648,0,-0,0.0225586,35,32,0,0,0,5.69988,0,0,0,-0.160612
571,3.29959,0,-0.0149142,0.0338379,0,0.0932852,-0.00958767,0,-0,0.0225586,35,32,0,0,0,5.70988,0,0,0,-0.16056
572,3.29959,0,-0.010653,-0.0451172,0,0.0932852,-0.00745708,0,-0,0.0112793,35,32,0,0,0,5.71988,0,0,0,-0.160579
573,3.29959,0,-0.0010653,-0.0451172,0,0.0932852,-0.00213059,0,-0,-0,35,32,0,0,0,5.72988,0,0,0,-0.160566
574,3.29959,0,0.0159795,0,0,0.0932852,0.00213059,0,-0,0.0112793,35,32,0,0,0,5.73988,0,0,0,-0.160578
575,3.29959,0,0.00639178,0.0338379,0,0.0932852,-0.0159795,0,-0,0.0112793,35,32,0,0,0,5.74988,0,0,0,-0.160543
576,3.29959,0,0.00639178,-0.0451172,0,0.0932852,0.0127836,0,-0,0.0112793,35,32,0,0,0,5.75988,0,0,0,-0.160518
577,3.29959,0,0.0159795,0.0338379,0,0.0932852,-0.00213059,0,-0,0.0112793,35,32,0,0,0,5.76988,0,0,0,-0.160523
578,3.29959,0,0.0127836,0.0225586,0,0.0932852,-0.0010653,0,-0,-0,35,32,0,0,0,5.77988,0,0,0,-0.160494
579,3.29959,0,0.00319589,0,0,0.0932852,0.00745708,0,-0,0.0112793,35,32,0,0,0,5.78988,0,0,0,-0.160468
580,3.29959,0,-0.0138489,0,0,0.0932852,0.0223712,0,-0,-0,35,32,0,0,0,5.79988,0,0,0,-0.160498
581,3.29959,0,0.00319589,0.0451172,0,0.0932852,-0.0213059,0,-0,0.0112793,35,32,0,0,0,5.80988,0,0,0,-0.160448
582,3.29959,0,0.00426119,0.0225586,0,0.0932852,0.0149142,0,-0,0.0112793,35,32,0,0,0,5.81988,0,0,0,-0.160471
583,3.29959,0,-0.00958767,0,0,0.0932852,-0.028763,0,-0,-0,35,32,0,0,0,5.82988,0,0,0,-0.160472
584,3.29959,0,0.00319589,0,0,0.0932852,0.0117183,0,-0,0.0112793,35,32,0,0,0,5.83988,0,0,0,-0.160483
585,3.29959,0,-0.00958767,0,0,0.0932852,-0.00213059,0,-0,0.0112793,35,32,0,0,0,5.84988,0,0,0,-0.160493
586,3.29959,0,0.00958767,0,0,0.0932852,0.0202406,0,-0,0.0112793,35,32,0,0,0,5.85988,0,0,0,-0.160497
587,3.29959,0,0.00532648,0,0,0.0932852,-0.0159795,0,-0,-0,35,32,0,0,0,5.86988,0,0,0,-0.160485
588,3.29959,0,-0.00745708,0,0,0.0932852,0.00852238,0,-0,-0.0451172,35,32,0,0,0,5.87988,0,0,0,-0.160484
589,3.29959,0,0.0362201,0,0,0.0932852,-0.00426119,0,-0,-0.0225586,35,32,0,0,0,5.88988,0,0,0,-0.160505
590,3.29959,0,0.00319589,0,0,0.0932852,0.010653,0,-0,-0.0338379,35,32,0,0,0,5.89988,0,0,0,-0.160454
591,3.29959,0,0.010653,0,0,0.0932852,-0.00745708,0,-0,-0.0338379,35,32,0,0,0,5.90988,0,0,0,-0.160494
592,3.29959,0,-0.00745708,0,0,0.0932852,-0.00319589,0,-0,0.0112793,35,32,0,0,0,5.91989,0,0,0,-0.160431
593,3.29959,0,0.00639178,-0.0451172,0,0.0932852,-0.0170448,0,-0,-0.0451172,35,32,0,0,0,5.92988,0,0,0,-0.160447
594,3.29959,0,0.010653,0,0,0.0932852,-0.00639178,0,-0,-0.0225586,35,32,0,0,0,5.93988,0,0,0,-0.160392
595,3.29959,0,-0.00639178,-0.0338379,0,0.0932852,-0.010653,0,-0,-0.0225586,35,32,0,0,0,5.94988,0,0,0,-0.160417
596,3.29959,0,-0.00639178,-0.0338379,0,0.0932852,0.01811,0,-0,0.0225586,35,32,0,0,0,5.95988,0,0,0,-0.160422
597,3.29959,0,0.00213059,-0.0451172,0,0.0932852,-0.0170448,0,-0,0.0112793,35,32,0,0,0,5.96988,0,0,0,-0.160427
598,3.29959,0,-3.26153e-19,0,0,0.0932852,-0.00532648,0,-0,0.0225586,35,32,0,0,0,5.97988,0,0,0,-0.160394
599,3.29959,0,-0.00532648,-0.0451172,0,0.0932852,-0.0010653,0,-0,0.0112793,35,32,0,0,0,5.98988,0,0,0,-0.160413
600,3.29959,0,-0.0010653,-0.0451172,0,0.0932852,-0.01811,0,-0,0.0225586,35,32,0,0,0,5.99988,0,0,0,-0.160354
601,3.29959,0,-0.0149142,-0.0451172,0,0.0932852,-0.0223712,0,-0,0.0112793,35,32,0,0,0,6.00988,0,0,0,-0.160355
602,3.29959,0,0.00745708,-0.0451172,0,0.0932852,-0.0127836,0,-0,0.0225586,35,32,0,0,0,6.01988,0,0,0,-0.160336
603,3.29959,0,-0.00745708,-0.0338379,0,0.0932852,0.00426119,0,-0,0.0112793,35,32,0,0,0,6.02988,0,0,0,-0.160376
604,3.29959,0,0.00426119,-0.0338379,0,0.0932852,-0.00319589,0,-0,0.0112793,35,32,0,0,0,6.03988,0,0,0,-0.160362
605,3.29959,0,0.00745708,0.0338379,0,0.0932852,0.0266324,0,-0,-0,35,32,0,0,0,6.04988,0,0,0,-0.160353
606,3.29959,0,-0.0127836,0.0338379,0,0.0932852,-0.0276977,0,-0,0.0225586,35,32,0,0,0,6.05988,0,0,0,-0.160335
607,3.29959,0,-0.00532648,-0.0451172,0,0.0932852,0.0170448,0,-0,0.0112793,35,32,0,0,0,6.06988,0,0,0,-0.160296
608,3.29959,0,0.010653,0,0,0.0932852,-0.00426119,0,-0,0.0112793,35,32,0,0,0,6.07988,0,0,0,-0.160298
609,3.29959,0,-0.0245018,0.0338379,0,0.0932852,0.01811,0,-0,0.0112793,35,32,0,0,0,6.08988,0,0,0,-0.160265
610,3.29959,0,0.010653,0.0451172,0,0.0932852,0.0010653,0,-0,0.0112793,35,32,0,0,0,6.09988,0,0,0,-0.160267
611,3.29959,0,-0.0383507,0.0338379,0,0.0932852,0.0223712,0,-0,-0,35,32,0,0,0,6.10988,0,0,0,-0.160256
612,3.29959,0,0.0127836,0.0451172,0,0.0932852,-0.0159795,0,-0,-0,35,32,0,0,0,6.11988,0,0,0,-0.160314
613,3.29959,0,0.00639178,0.0451172,0,0.0932852,0.0191753,0,-0,0.0112793,35,32,0,0,0,6.12988,0,0,0,-0.160268
614,3.29959,0,0.0127836,0,0,0.0932852,0.00745708,0,-0,0.0112793,35,32,0,0,0,6.13988,0,0,0,-0.160283
615,3.29959,0,0.00958767,0,0,0.0932852,0.010653,0,-0,-0.0451172,35,32,0,0,0,6.14988,0,0,0,-0.160264
616,3.29959,0,0.0202406,0,0,0.0932852,-0.0159795,0,-0,0.0112793,35,32,0,0,0,6.15988,0,0,0,-0.160275
617,3.29959,0,-0.0213059,-0.0451172,0,0.0932852,0.00532648,0,-0,-0.0225586,35,32,0,0,0,6.16988,0,0,0,-0.160247
618,3.29959,0,0.00426119,0,0,0.0932852,-0.0213059,0,-0,0.0112793,35,32,0,0,0,6.17988,0,0,0,-0.160298
619,3.29959,0,0.00532648,0,0,0.0932852,-0.00639178,0,-0,-0.0225586,35,32,0,0,0,6.18988,0,0,0,-0.160261
620,3.29959,0,0.00852238,0,0,0.0932852,0.00213059,0,-0,-0.0225586,35,32,0,0,0,6.19989,0,0,0,-0.160298
621,3.29959,0,-0.00426119,0,0,0.0932852,-0.00319589,0,-0,-0.0338379,35,32,0,0,0,6.20989,0,0,0,-0.160288
622,3.29959,0,0.00426119,0,0,0.0932852,0.0170448,0,-0,-0.0112793,35,32,0,0,0,6.21989,0,0,0,-0.160292
623,3.29959,0,-0.00745708,-0.0451172,0,0.0932852,-0.00745708,0,-0,-0.0451172,35,32,0,0,0,6.22989,0,0,0,-0.160333
624,3.29959,0,0.0138489,0,0,0.0932852,0.0191753,0,-0,-0.0225586,35,32,0,0,0,6.23989,0,0,0,-0.160279
625,3.29959,0,0.0010653,0,0,0.0932852,-0.0213059,0,-0,-0.0225586,35,32,0,0,0,6.24989,0,0,0,-0.160277
626,3.29959,0,-0.00745708,-0.0338379,0,0.0932852,0.00532648,0,-0,-0.0338379,35,32,0,0,0,6.25989,0,0,0,-0.160272
627,3.29959,0,-0.00958767,0,0,0.0932852,-0.0170448,0,-0,0.0112793,35,32,0,0,0,6.26989,0,0,0,-0.160253
628,3.29959,0,1.82646e-18,-0.0451172,0,0.0932852,0.0298283,0,-0,0.0112793,35,32,0,0,0,6.27988,0,0,0,-0.160255
629,3.29959,0,-0.0010653,-0.0451172,0,0.0932852,-0.0223712,0,-0,0.0112793,35,32,0,0,0,6.28989,0,0,0,-0.160287
630,3.29959,0,0.00426119,-0.0451172,0,0.0932852,-0.00639178,0,-0,0.0225586,35,32,0,0,0,6.29989,0,0,0,-0.160264
631,3.29959,0,0.01811,-0.0451172,0,0.0932852,-0.0191753,0,-0,0.0112793,35,32,0,0,0,6.30988,0,0,0,-0.16025
632,3.29959,0,-0.0266324,0.0338379,0,0.0932852,0.0191753,0,-0,0.0112793,35,32,0,0,0,6.31988,0,0,0,-0.160223
633,3.29959,0,0.0298283,0,0,0.0932852,0.0149142,0,-0,0.0112793,35,32,0,0,0,6.32988,0,0,0,-0.160262
634,3.29959,0,-0.010653,0.0225586,0,0.0932852,-0.0117183,0,-0,0.0225586,35,32,0,0,0,6.33988,0,0,0,-0.160184
635,3.29959,0,0.00213059,0,0,0.0932852,-0.0117183,0,-0,0.0112793,35,32,0,0,0,6.34988,0,0,0,-0.160224
636,3.29959,0,-0.00639178,0.0338379,0,0.0932852,0.00852238,0,-0,0.0225586,35,32,0,0,0,6.35988,0,0,0,-0.160198
637,3.29959,0,0.00426119,-0.0451172,0,0.0932852,-0.00852238,0,-0,-0,35,32,0,0,0,6.36988,0,0,0,-0.160215
638,3.29959,0,-0.00213059,0.0338379,0,0.0932852,-0.00745708,0,-0,0.0225586,35,32,0,0,0,6.37988,0,0,0,-0.160166
639,3.29959,0,0.0213059,0.0338379,0,0.0932852,0.0266324,0,-0,0.0112793,35,32,0,0,0,6.38988,0,0,0,-0.160211
640,3.29959,0,0.0127836,0.0338379,0,0.0932852,-0.0117183,0,-0,0.0112793,35,32,0,0,0,6.39989,0,0,0,-0.160144
641,3.29959,0,-0.00532648,0.0338379,0,0.0932852,0.00426119,0,-0,-0.0338379,35,32,0,0,0,6.40988,0,0,0,-0.160172
642,3.29959,0,-0.00426119,0,0,0.0932852,-0.0191753,0,-0,0.0112793,35,32,0,0,0,6.41988,0,0,0,-0.160145
643,3.29959,0,-0.00319589,0.0225586,0,0.0932852,-0.0010653,0,-0,-0,35,32,0,0,0,6.42988,0,0,0,-0.160146
644,3.29959,0,0.00639178,0,0,0.0932852,-0.00745708,0,-0,-0,35,32,0,0,0,6.43988,0,0,0,-0.160114
645,3.29959,0,0.01811,0.0338379,0,0.0932852,0.01811,0,-0,-0,35,32,0,0,0,6.44988,0,0,0,-0.160165
646,3.29959,0,0.00532648,0.0225586,0,0.0932852,-0.0223712,0,-0,-0,35,32,0,0,0,6.45988,0,0,0,-0.160139
647,3.29959,0,0.00532648,0.0225586,0,0.0932852,0.00426119,0,-0,-0.0225586,35,32,0,0,0,6.46988,0,0,0,-0.16015
648,3.29959,0,0.0010653,0,0,0.0932852,-0.0276977,0,-0,-0.0451172,35,32,0,0,0,6.47988,0,0,0,-0.160096
649,3.29959,0,-0.00639178,0.0338379,0,0.0932852,3.91384e-19,0,-0,-0.0225586,35,32,0,0,0,6.48988,0,0,0,-0.160111
650,3.29959,0,-0.0234365,0.0112793,0,0.0932852,-0.00532648,0,-0,-0.0451172,35,32,0,0,0,6.49988,0,0,0,-0.160127
651,3.29959,0,0.00958767,0,0,0.0932852,0.0276977,0,-0,-0.0225586,35,32,0,0,0,6.50988,0,0,0,-0.160149
652,3.29959,0,0.0255671,0,0,0.0932852,-0.00639178,0,-0,-0.0225586,35,32,0,0,0,6.51988,0,0,0,-0.160136
653,3.29959,0,-0.00745708,0,0,0.0932852,0.0404813,0,-0,-0.0451172,35,32,0,0,0,6.52988,0,0,0,-0.160136
654,3.29959,0,-0.00532648,0,0,0.0932852,-0.010653,0,-0,-0.0338379,35,32,0,0,0,6.53988,0,0,0,-0.160189
655,3.29959,0,-0.0223712,0,0,0.0932852,0.0319589,0,-0,-0.0338379,35,32,0,0,0,6.54988,0,0,0,-0.160143
656,3.29959,0,-0.0127836,0,0,0.0932852,0.00319589,0,-0,0.0112793,35,32,0,0,0,6.55988,0,0,0,-0.16017
657,3.29959,0,0.0138489,-0.0338379,0,0.0932852,-0.00213059,0,-0,0.0112793,35,32,0,0,0,6.56988,0,0,0,-0.160129
658,3.29959,0,0.0202406,0,0,0.0932852,-0.00213059,0,-0,0.0112793,35,32,0,0,0,6.57988,0,0,0,-0.160138
659,3.29959,0,-0.00213059,0,0,0.0932852,-0.0223712,0,-0,0.0112793,35,32,0,0,0,6.58988,0,0,0,-0.160099
660,3.29959,0,0.0245018,0.0451172,0,0.0932852,0.0117183,0,-0,0.0225586,35,32,0,0,0,6.59988,0,0,0,-0.160098
661,3.29959,0,-0.00426119,-0.0338379,0,0.0932852,-0.00426119,0,-0,0.0112793,35,32,0,0,0,6.60988,0,0,0,-0.160047
662,3.29959,0,1.36984e-18,-0.0338379,0,0.0932852,0.0223712,0,-0,0.0112793,35,32,0,0,0,6.61988,0,0,0,-0.160134
663,3.29959,0,-0.00532648,-0.0451172,0,0.0932852,-0.00639178,0,-0,0.0112793,35,32,0,0,0,6.62988,0,0,0,-0.16008
664,3.29959,0,-0.00745708,0.0338379,0,0.0932852,0.0170448,0,-0,0.0112793,35,32,0,0,0,6.63988,0,0,0,-0.160088
665,3.29959,0,-0.0245018,0.0225586,0,0.0932852,-0.0245018,0,-0,0.0112793,35,32,0,0,0,6.64988,0,0,0,-0.160073
666,3.29959,0,0.010653,0,0,0.0932852,0.0159795,0,-0,-0.0112793,35,32,0,0,0,6.65988,0,0,0,-0.160104
667,3.29959,0,0.00852238,0,0,0.0932852,-0.0127836,0,-0,0.0112793,35,32,0,0,0,6.66988,0,0,0,-0.160062
668,3.29959,0,-0.00213059,0,0,0.0932852,0.0117183,0,-0,0.0112793,35,32,0,0,0,6.67988,0,0,0,-0.160085
669,3.29959,0,-0.010653,0.0338379,0,0.0932852,-0.0170448,0,-0,0.0112793,35,32,0,0,0,6.68988,0,0,0,-0.160088
670,3.29959,0,0.010653,0.0338379,0,0.0932852,0.0245018,0,-0,0.0112793,35,32,0,0,0,6.69988,0,0,0,-0.160057
671,3.29959,0,0.0223712,0.0338379,0,0.0932852,-0.039416,0,-0,0.0112793,35,32,0,0,0,6.70988,0,0,0,-0.160053
672,3.29959,0,0.00532648,0.0338379,0,0.0932852,0.0159795,0,-0,0.0112793,35,32,0,0,0,6.71989,0,0,0,-0.160055
673,3.29959,0,0.0138489,0.0338379,0,0.0932852,-0.0159795,0,-0,-0,35,32,0,0,0,6.72988,0,0,0,-0.160071
674,3.29959,0,0.00319589,0.0451172,0,0.0932852,0.0255671,0,-0,-0,35,32,0,0,0,6.73988,0,0,0,-0.16004
675,3.29959,0,0.0191753,0,0,0.0932852,-0.0245018,0,-0,0.0112793,35,32,0,0,0,6.74988,0,0,0,-0.160017
676,3.29959,0,-0.00745708,0.0225586,0,0.0932852,0.00532648,0,-0,0.0112793,35,32,0,0,0,6.75988,0,0,0,-0.160014
677,3.29959,0,0.010653,0,0,0.0932852,-0.00319589,0,-0,-0,35,32,0,0,0,6.76988,0,0,0,-0.160051
678,3.29959,0,0.00532648,0,0,0.0932852,-0.00426119,0,-0,0.0112793,35,32,0,0,0,6.77988,0,0,0,-0.160024
679,3.29959,0,0.0245018,0,0,0.0932852,-0.00532648,0,-0,0.0112793,35,32,0,0,0,6.78988,0,0,0,-0.160046
680,3.29959,0,-0.0266324,0,0,0.0932852,0.00426119,0,-0,-0.0451172,35,32,0,0,0,6.79988,0,0,0,-0.159988
681,3.29959,0,-0.0010653,0,0,0.0932852,0.00958767,0,-0,-0.0451172,35,32,0,0,0,6.80988,0,0,0,-0.160011
682,3.29959,0,0.00745708,0,0,0.0932852,-0.0159795,0,-0,-0.0225586,35,32,0,0,0,6.81988,0,0,0,-0.160004
683,3.29959,0,-0.00426119,0,0,0.0932852,0.00532648,0,-0,0.0112793,35,32,0,0,0,6.82988,0,0,0,-0.160035
684,3.29959,0,0.00213059,-0.0451172,0,0.0932852,-0.00213059,0,-0,0.0112793,35,32,0,0,0,6.83988,0,0,0,-0.160019
685,3.29959,0,0.00532648,0,0,0.0932852,-0.0191753,0,-0,0.0112793,35,32,0,0,0,6.84988,0,0,0,-0.160038
686,3.29959,0,-0.00532648,0,0,0.0932852,-0.010653,0,-0,-0.0338379,35,32,0,0,0,6.85988,0,0,0,-0.160007
687,3.29959,0,-0.0191753,-0.0451172,0,0.0932852,-0.00319589,0,-0,0.0112793,35,32,0,0,0,6.86993,0,0,0,-0.160026
688,3.29959,0,0.00852238,-0.0451172,0,0.0932852,-0.00958767,0,-0,0.0112793,35,32,0,0,0,6.87988,0,0,0,-0.16003
689,3.29959,0,-0.00319589,-0.0451172,0,0.0932852,0.0298283,0,-0,0.0112793,35,32,0,0,0,6.88988,0,0,0,-0.160061
690,3.29959,0,0.0117183,-0.0451172,0,0.0932852,-0.0149142,0,-0,0.0112793,35,32,0,0,0,6.89988,0,0,0,-0.160035
691,3.29959,0,0.0170448,-0.0451172,0,0.0932852,0.0159795,0,-0,0.0225586,35,32,0,0,0,6.90988,0,0,0,-0.160026
692,3.29959,0,-0.00745708,0,0,0.0932852,-0.0127836,0,-0,0.0112793,35,32,0,0,0,6.91988,0,0,0,-0.16003
693,3.29959,0,-0.00213059,-0.0451172,0,0.0932852,0.0234365,0,-0,0.0112793,35,32,0,0,0,6.92988,0,0,0,-0.160051
694,3.29959,0,-0.0170448,0.0112793,0,0.0932852,0.00532648,0,-0,0.0112793,35,32,0,0,0,6.93988,0,0,0,-0.160082
695,3.29959,0,0.0234365,0.0112793,0,0.0932852,0.00319589,0,-0,-0.0112793,35,32,0,0,0,6.94988,0,0,0,-0.160045
696,3.29959,0,0.0138489,0.0338379,0,0.0932852,-0.0276977,0,-0,0.0112793,35,32,0,0,0,6.95988,0,0,0,-0.160061
697,3.29959,0,-0.00426119,0.0338379,0,0.0932852,-0.00639178,0,-0,0.0112793,35,32,0,0,0,6.96988,0,0,0,-0.160052
698,3.29959,0,-0.00213059,0.0451172,0,0.0932852,-0.00639178,0,-0,0.0112793,35,32,0,0,0,6.97988,0,0,0,-0.160077
699,3.29959,0,-0.0010653,0.0338379,0,0.0932852,0.0149142,0,-0,0.0112793,35,32,0,0,0,6.98988,0,0,0,-0.16004
700,3.29959,0,0.0234365,0.0225586,0,0.0932852,0.00639178,0,-0,-0,35,32,0,0,0,6.99988,0,0,0,-0.160064
701,3.29959,0,0.00319589,0.0451172,0,0.0932852,0.00426119,0,-0,0.0112793,35,32,0,0,0,7.00988,0,0,0,-0.160044
702,3.29959,0,-0.010653,-0.0451172,0,0.0932852,0.0010653,0,-0,0.0112793,35,32,0,0,0,7.01988,0,0,0,-0.160055
703,3.29959,0,-0.00319589,0.0338379,0,0.0932852,-0.00213059,0,-0,0.0112793,35,32,0,0,0,7.02988,0,0,0,-0.159999
704,3.29959,0,-0.0170448,0,0,0.0932852,0.00639178,0,-0,0.0112793,35,32,0,0,0,7.03988,0,0,0,-0.159992
705,3.29959,0,-0.0117183,0,0,0.0932852,-0.0159795,0,-0,-0.0338379,35,32,0,0,0,7.04988,0,0,0,-0.159985
706,3.29959,0,0.010653,0,0,0.0932852,-0.0170448,0,-0,-0,35,32,0,0,0,7.05988,0,0,0,-0.159999
707,3.29959,0,0.00426119,0,0,0.0932852,-0.0276977,0,-0,0.0112793,35,32,0,0,0,7.06988,0,0,0,-0.159963
708,3.29959,0,0.0170448,0,0,0.0932852,0.0202406,0,-0,-0.0451172,35,32,0,0,0,7.07988,0,0,0,-0.160001
709,3.29959,0,-0.00852238,0.0451172,0,0.0932852,-0.00639178,0,-0,0.0112793,35,32,0,0,0,7.08988,0,0,0,-0.159954
710,3.29959,0,-0.0191753,0,0,0.0932852,0.0138489,0,-0,-0,35,32,0,0,0,7.09988,0,0,0,-0.159994
711,3.29959,0,-0.0170448,0,0,0.0932852,-0.0127836,0,-0,-0.0225586,35,32,0,0,0,7.10989,0,0,0,-0.159973
712,3.29959,0,6.52306e-19,0,0,0.0932852,0.010653,0,-0,-0.0225586,35,32,0,0,0,7.11988,0,0,0,-0.159967
713,3.29959,0,-0.00213059,0,0,0.0932852,-0.00213059,0,-0,0.0112793,35,32,0,0,0,7.12988,0,0,0,-0.15999
714,3.29959,0,0.00532648,0,0,0.0932852,0.00745708,0,-0,-0.0451172,35,32,0,0,0,7.13988,0,0,0,-0.160021
715,3.29959,0,-0.0191753,0,0,0.0932852,-0.00958767,0,-0,-0.0451172,35,32,0,0,0,7.14988,0,0,0,-0.160019
716,3.29959,0,0.0010653,0,0,0.0932852,0.0159795,0,-0,-0.0338379,35,32,0,0,0,7.15988,0,0,0,-0.16003
717,3.29959,0,0.0245018,0,0,0.0932852,-0.0170448,0,-0,-0.0338379,35,32,0,0,0,7.16988,0,0,0,-0.160019
718,3.29959,0,-0.0117183,-0.0451172,0,0.0932852,0.0340895,0,-0,-0.0225586,35,32,0,0,0,7.17988,0,0,0,-0.160033
719,3.29959,0,-0.00852238,0,0,0.0932852,-0.0223712,0,-0,0.0225586,35,32,0,0,0,7.18989,0,0,0,-0.160024
720,3.29959,0,0.00213059,-0.0451172,0,0.0932852,-0.00319589,0,-0,0.0112793,35,32,0,0,0,7.19988,0,0,0,-0.159992
721,3.29959,0,-0.010653,0,0,0.0932852,-0.0340895,0,-0,0.0112793,35,32,0,0,0,7.20988,0,0,0,-0.160045
722,3.29959,0,0.0127836,-0.0451172,0,0.0932852,0.0202406,0,-0,0.0112793,35,32,0,0,0,7.21988,0,0,0,-0.16001
723,3.29959,0,-0.0010653,-0.0451172,0,0.0932852,-0.00426119,0,-0,0.0112793,35,32,0,0,0,7.22988,0,0,0,-0.160008
724,3.29959,0,-0.0010653,-0.0451172,0,0.0932852,-0.00958767,0,-0,0.0225586,35,32,0,0,0,7.23988,0,0,0,-0.159977
725,3.29959,0,-0.00852238,-0.0451172,0,0.0932852,-0.0138489,0,-0,0.0112793,35,32,0,0,0,7.24988,0,0,0,-0.160035
726,3.29959,0,0.00319589,0,0,0.0932852,0.00319589,0,-0,-0,35,32,0,0,0,7.25988,0,0,0,-0.160018
727,3.29959,0,0.00319589,0.0338379,0,0.0932852,-0.0170448,0,-0,-0,35,32,0,0,0,7.26988,0,0,0,-0.159991
728,3.29959,0,0.00426119,-0.0451172,0,0.0932852,-0.00852238,0,-0,0.0112793,35,32,0,0,0,7.27988,0,0,0,-0.159964
729,3.29959,0,0.00319589,0.0338379,0,0.0932852,-1.95692e-19,0,-0,-0,35,32,0,0,0,7.28989,0,0,0,-0.159976
730,3.29959,0,0.00958767,-0.0451172,0,0.0932852,-0.00213059,0,-0,0.0112793,35,32,0,0,0,7.29988,0,0,0,-0.159945
731,3.29959,0,-0.0138489,0.0338379,0,0.0932852,0.010653,0,-0,-0,35,32,0,0,0,7.30988,0,0,0,-0.159945
732,3.29959,0,0.00319589,0,0,0.0932852,-0.0159795,0,-0,-0,35,32,0,0,0,7.31989,0,0,0,-0.159915
733,3.29959,0,-0.0010653,0.0338379,0,0.0932852,0.0298283,0,-0,0.0112793,35,32,0,0,0,7.32988,0,0,0,-0.159957
734,3.29959,0,-0.0159795,0.0451172,0,0.0932852,-0.0298283,0,-0,-0,35,32,0,0,0,7.33989,0,0,0,-0.159911
735,3.29959,0,0.00532648,0,0,0.0932852,0.00532648,0,-0,0.0112793,35,32,0,0,0,7.34989,0,0,0,-0.15994
736,3.29959,0,-0.0117183,0,0,0.0932852,-0.0234365,0,-0,-0,35,32,0,0,0,7.35989,0,0,0,-0.159922
737,3.29959,0,0.00958767,0,0,0.0932852,0.0308936,0,-0,-0,35,32,0,0,0,7.36989,0,0,0,-0.159944
738,3.29959,0,0.0191753,0,0,0.0932852,-0.00426119,0,-0,0.0112793,35,32,0,0,0,7.37988,0,0,0,-0.159913
739,3.29959,0,0.00639178,0.0225586,0,0.0932852,0.00639178,0,-0,0.0112793,35,32,0,0,0,7.38989,0,0,0,-0.159905
740,3.29959,0,0.00532648,0,0,0.0932852,-0.0213059,0,-0,-0.0338379,35,32,0,0,0,7.39989,0,0,0,-0.159916
741,3.29959,0,-0.0127836,-0.0563965,0,0.0932852,-0.00213059,0,-0,-0.0338379,35,32,0,0,0,7.40988,0,0,0,-0.159868
742,3.29959,0,0.0202406,0,0,0.0932852,-0.0447425,0,-0,-0.0338379,35,32,0,0,0,7.41988,0,0,0,-0.159873
743,3.29959,0,-0.00745708,-0.0338379,0,0.0932852,0.00639178,0,-0,-0,35,32,0,0,0,7.42988,0,0,0,-0.159876
744,3.29959,0,0.00745708,0,0,0.0932852,-0.0330242,0,-0,0.0112793,35,32,0,0,0,7.43988,0,0,0,-0.159887
745,3.29959,0,0.00532648,0,0,0.0932852,0.00213059,0,-0,-0.0451172,35,32,0,0,0,7.44988,0,0,0,-0.159881
746,3.29959,0,-0.00745708,-0.0451172,0,0.0932852,0.00426119,0,-0,-0.0338379,35,32,0,0,0,7.45988,0,0,0,-0.159915
747,3.29959,0,-0.0149142,0,0,0.0932852,9.13229e-19,0,-0,0.0112793,35,32,0,0,0,7.46988,0,0,0,-0.159891
748,3.29959,0,-0.00426119,0,0,0.0932852,-0.0170448,0,-0,0.0112793,35,32,0,0,0,7.47988,0,0,0,-0.159911
749,3.29959,0,-0.00213059,0,0,0.0932852,-0.0138489,0,-0,0.0112793,35,32,0,0,0,7.48988,0,0,0,-0.159869
750,3.29959,0,-0.0117183,-0.0451172,0,0.0932852,0.00532648,0,-0,0.0112793,35,32,0,0,0,7.49988,0,0,0,-0.159883
751,3.29959,0,0.0127836,-0.0451172,0,0.0932852,0.0117183,0,-0,-0,35,32,0,0,0,7.50988,0,0,0,-0.159843
752,3.29959,0,-0.0138489,0.0451172,0,0.0932852,-0.00852238,0,-0,0.0225586,35,32,0,0,0,7.51988,0,0,0,-0.159872
753,3.29959,0,0.00426119,-0.0451172,0,0.0932852,-0.00213059,0,-0,-0,35,32,0,0,0,7.52988,0,0,0,-0.159846
754,3.29959,0,0.00958767,-0.0338379,0,0.0932852,0.0340895,0,-0,-0,35,32,0,0,0,7.53988,0,0,0,-0.159851
755,3.29959,0,-0.00852238,-0.0451172,0,0.0932852,-0.010653,0,-0,-0,35,32,0,0,0,7.54989,0,0,0,-0.159802
756,3.29959,0,0.0010653,-0.0451172,0,0.0932852,-6.52306e-20,0,-0,0.0225586,35,32,0,0,0,7.55988,0,0,0,-0.159848
757,3.29959,0,0.0170448,-0.0451172,0,0.0932852,-0.0298283,0,-0,0.0112793,35,32,0,0,0,7.56988,0,0,0,-0.159815
758,3.29959,0,0.00426119,0.0338379,0,0.0932852,0.010653,0,-0,0.0225586,35,32,0,0,0,7.57988,0,0,0,-0.159815
759,3.29959,0,-0.00745708,0.0338379,0,0.0932852,-0.0255671,0,-0,-0,35,32,0,0,0,7.58988,0,0,0,-0.159814
760,3.29959,0,-0.010653,-0.0451172,0,0.0932852,0.010653,0,-0,0.0112793,35,32,0,0,0,7.59988,0,0,0,-0.159862
761,3.29959,0,-0.010653,0.0338379,0,0.0932852,-0.0159795,0,-0,0.0112793,35,32,0,0,0,7.60988,0,0,0,-0.159839
762,3.29959,0,0.00213059,0.0225586,0,0.0932852,0.0170448,0,-0,0.0225586,35,32,0,0,0,7.61988,0,0,0,-0.159845
763,3.29959,0,-0.0191753,0.0338379,0,0.0932852,-0.0234365,0,-0,0.0112793,35,32,0,0,0,7.62988,0,0,0,-0.159868
764,3.29959,0,0.00319589,0,0,0.0932852,0.00426119,0,-0,-0.0225586,35,32,0,0,0,7.63988,0,0,0,-0.159883
765,3.29959,0,0.010653,0,0,0.0932852,0.0138489,0,-0,-0.0338379,35,32,0,0,0,7.64988,0,0,0,-0.159861
766,3.29959,0,-0.0117183,0.0338379,0,0.0932852,0.00426119,0,-0,-0,35,32,0,0,0,7.65988,0,0,0,-0.159827
767,3.29959,0,-0.0117183,0,0,0.0932852,-0.0255671,0,-0,-0,35,32,0,0,0,7.66988,0,0,0,-0.159828
768,3.29959,0,-0.0117183,0.0338379,0,0.0932852,0.00852238,0,-0,0.0112793,35,32,0,0,0,7.67988,0,0,0,-0.159829
769,3.29959,0,-0.00639178,0.0112793,0,0.0932852,-0.00426119,0,-0,-0,35,32,0,0,0,7.68988,0,0,0,-0.159845
770,3.29959,0,0.0159795,0,0,0.0932852,0.0255671,0,-0,-0.0225586,35,32,0,0,0,7.69988,0,0,0,-0.159807
771,3.29959,0,0.00958767,0.0225586,0,0.0932852,-0.0149142,0,-0,-0.0338379,35,32,0,0,0,7.70988,0,0,0,-0.159837
772,3.29959,0,0.0010653,0,0,0.0932852,0.0191753,0,-0,-0.0338379,35,32,0,0,0,7.71988,0,0,0,-0.159819
773,3.29959,0,0.00958767,0,0,0.0932852,-0.00213059,0,-0,-0.0225586,35,32,0,0,0,7.72988,0,0,0,-0.159858
774,3.29959,0,7.82767e-19,0,0,0.0932852,0.0127836,0,-0,-0.0225586,35,32,0,0,0,7.73988,0,0,0,-0.159817
775,3.29959,0,0.0234365,0.0338379,0,0.0932852,0.00319589,0,-0,-0.0451172,35,32,0,0,0,7.74988,0,0,0,-0.159839
776,3.29959,0,-0.0149142,0.0112793,0,0.0932852,-0.00958767,0,-0,0.0225586,35,32,0,0,0,7.75988,0,0,0,-0.159767
777,3.29959,0,-0.0010653,0.0225586,0,0.0932852,0.0191753,0,-0,0.0112793,35,32,0,0,0,7.76988,0,0,0,-0.159808
778,3.29959,0,0.00532648,0,0,0.0932852,-0.0298283,0,-0,0.0112793,35,32,0,0,0,7.77988,0,0,0,-0.159741
779,3.29959,0,0.00745708,0,0,0.0932852,0.00639178,0,-0,0.0112793,35,32,0,0,0,7.78988,0,0,0,-0.15976
780,3.29959,0,-0.00639178,0,0,0.0932852,-0.039416,0,-0,0.0112793,35,32,0,0,0,7.79988,0,0,0,-0.159736
781,3.29959,0,-0.0127836,0,0,0.0932852,0.0117183,0,-0,0.0112793,35,32,0,0,0,7.80988,0,0,0,-0.159793
782,3.29959,0,-0.0149142,-0.0338379,0,0.0932852,-0.00745708,0,-0,0.0112793,35,32,0,0,0,7.81988,0,0,0,-0.159758
783,3.29959,0,0.0202406,0.0338379,0,0.0932852,0.0223712,0,-0,0.0112793,35,32,0,0,0,7.82988,0,0,0,-0.159755
784,3.29959,0,0.00532648,0,0,0.0932852,-0.00426119,0,-0,-0,35,32,0,0,0,7.83988,0,0,0,-0.159776
785,3.29959,0,0.0127836,0.0225586,0,0.0932852,0.0415466,0,-0,0.0112793,35,32,0,0,0,7.84988,0,0,0,-0.159757
786,3.29959,0,-0.00958767,0.0338379,0,0.0932852,-0.0213059,0,-0,0.0112793,35,32,0,0,0,7.85988,0,0,0,-0.159731
787,3.29959,0,-0.0117183,0.0451172,0,0.0932852,0.010653,0,-0,0.0112793,35,32,0,0,0,7.86988,0,0,0,-0.159748
788,3.29959,0,0.0234365,-0.0451172,0,0.0932852,-0.0117183,0,-0,0.0112793,35,32,0,0,0,7.87988,0,0,0,-0.159766
789,3.29959,0,-0.00852238,0.0338379,0,0.0932852,0.0213059,0,-0,0.0112793,35,32,0,0,0,7.88988,0,0,0,-0.159715
790,3.29959,0,-0.0245018,0.0338379,0,0.0932852,-0.0298283,0,-0,-0,35,32,0,0,0,7.89988,0,0,0,-0.159742
791,3.29959,0,-0.00319589,0.0451172,0,0.0932852,1.95692e-19,0,-0,0.0112793,35,32,0,0,0,7.90988,0,0,0,-0.159693
792,3.29959,0,-0.00639178,0.0338379,0,0.0932852,-0.0127836,0,-0,-0,35,32,0,0,0,7.91988,0,0,0,-0.159729
793,3.29959,0,0.0010653,0,0,0.0932852,0.00639178,0,-0,0.0112793,35,32,0,0,0,7.92988,0,0,0,-0.159746
794,3.29959,0,0.00532648,-0.0338379,0,0.0932852,-0.00852238,0,-0,0.0112793,35,32,0,0,0,7.93988,0,0,0,-0.159808
795,3.29959,0,0.00852238,0,0,0.0932852,-0.0170448,0,-0,-0,35,32,0,0,0,7.94988,0,0,0,-0.159767
796,3.29959,0,-0.00639178,0.0225586,0,0.0932852,-0.00426119,0,-0,0.0112793,35,32,0,0,0,7.95988,0,0,0,-0.159799
797,3.29959,0,-0.00532648,0,0,0.0932852,0.00639178,0,-0,-0.0338379,35,32,0,0,0,7.96988,0,0,0,-0.159763
798,3.29959,0,0.010653,0.0338379,0,0.0932852,0.0149142,0,-0,-0.0451172,35,32,0,0,0,7.97988,0,0,0,-0.15982
799,3.29959,0,0.00852238,0.0225586,0,0.0932852,0.00958767,0,-0,-0,35,32,0,0,0,7.98988,0,0,0,-0.159766
800,3.29959,0,0.0127836,-0.0451172,0,0.0932852,0.00213059,0,-0,0.0112793,35,32,0,0,0,7.99988,0,0,0,-0.159806
801,3.29959,0,0.00532648,0.0338379,0,0.0932852,-0.00745708,0,-0,-0.0225586,35,32,0,0,0,8.00988,0,0,0,-0.159801
802,3.29959,0,-0.010653,-0.0338379,0,0.0932852,0.00852238,0,-0,-0.0338379,35,32,0,0,0,8.01988,0,0,0,-0.159811
803,3.29959,0,-0.00319589,-0.0451172,0,0.0932852,-0.028763,0,-0,0.0112793,35,32,0,0,0,8.02988,0,0,0,-0.159743
804,3.29959,0,0.010653,0,0,0.0932852,-0.0010653,0,-0,-0.0338379,35,32,0,0,0,8.03988,0,0,0,-0.159774
805,3.29959,0,0.00958767,0,0,0.0932852,-0.00852238,0,-0,-0.0338379,35,32,0,0,0,8.04988,0,0,0,-0.159736
806,3.29959,0,0.00958767,0,0,0.0932852,0.0191753,0,-0,-0.0338379,35,32,0,0,0,8.05988,0,0,0,-0.159754
807,3.29959,0,-0.00958767,0,0,0.0932852,-0.0170448,0,-0,-0.0451172,35,32,0,0,0,8.06988,0,0,0,-0.159699
808,3.29959,0,0.0159795,-0.0451172,0,0.0932852,0.0202406,0,-0,0.0112793,35,32,0,0,0,8.07988,0,0,0,-0.159722
809,3.29959,0,-0.00852238,0,0,0.0932852,-0.0159795,0,-0,0.0112793,35,32,0,0,0,8.08988,0,0,0,-0.159723
810,3.29959,0,-0.0010653,0,0,0.0932852,0.0298283,0,-0,0.0112793,35,32,0,0,0,8.09988,0,0,0,-0.159724
811,3.29959,0,0.0010653,0.0225586,0,0.0932852,0.00319589,0,-0,0.0225586,35,32,0,0,0,8.10988,0,0,0,-0.159734
812,3.29959,0,-0.00319589,-0.0451172,0,0.0932852,-0.00319589,0,-0,0.0112793,35,32,0,0,0,8.11988,0,0,0,-0.159681
813,3.29959,0,-0.0138489,-0.0451172,0,0.0932852,-0.0330242,0,-0,0.0112793,35,32,0,0,0,8.12988,0,0,0,-0.15972
814,3.29959,0,-0.0117183,-0.0451172,0,0.0932852,-0.0010653,0,-0,0.0112793,35,32,0,0,0,8.13988,0,0,0,-0.159709
815,3.29959,0,-0.0170448,-0.0451172,0,0.0932852,-0.00745708,0,-0,0.0112793,35,32,0,0,0,8.14988,0,0,0,-0.159711
816,3.29959,0,-0.00213059,-0.0451172,0,0.0932852,0.0234365,0,-0,0.0225586,35,32,0,0,0,8.15988,0,0,0,-0.159703
817,3.29959,0,0.0149142,0.0338379,0,0.0932852,0.00958767,0,-0,-0,35,32,0,0,0,8.16988,0,0,0,-0.159724
818,3.29959,0,0.00958767,0.0338379,0,0.0932852,0.0330242,0,-0,-0,35,32,0,0,0,8.17988,0,0,0,-0.15967
819,3.29959,0,0.0127836,0,0,0.0932852,0.010653,0,-0,0.0112793,35,32,0,0,0,8.18988,0,0,0,-0.159734
820,3.29959,0,0.0138489,0,0,0.0932852,-0.010653,0,-0,-0,35,32,0,0,0,8.19988,0,0,0,-0.159674
821,3.29959,0,0.0010653,0.0451172,0,0.0932852,-0.010653,0,-0,0.0112793,35,32,0,0,0,8.20988,0,0,0,-0.159718
822,3.29959,0,-0.00532648,0.0451172,0,0.0932852,0.00958767,0,-0,0.0112793,35,32,0,0,0,8.21988,0,0,0,-0.159709
823,3.29959,0,-0.0191753,0.0451172,0,0.0932852,0.0010653,0,-0,-0,35,32,0,0,0,8.22988,0,0,0,-0.159736
824,3.29959,0,-0.00319589,0.0338379,0,0.0932852,-0.0127836,0,-0,0.0112793,35,32,0,0,0,8.23988,0,0,0,-0.159731
825,3.29959,0,-0.00213059,0.0338379,0,0.0932852,0.00213059,0,-0,-0.0338379,35,32,0,0,0,8.24988,0,0,0,-0.159742
826,3.29959,0,0.00426119,0.0112793,0,0.0932852,-0.0138489,0,-0,0.0112793,35,32,0,0,0,8.25988,0,0,0,-0.159695
827,3.29959,0,0.0149142,0,0,0.0932852,0.0276977,0,-0,-0.0338379,35,32,0,0,0,8.26988,0,0,0,-0.159748
828,3.29959,0,-0.0117183,0,0,0.0932852,-0.0266324,0,-0,-0,35,32,0,0,0,8.27988,0,0,0,-0.159699
829,3.29959,0,0.00532648,-0.0451172,0,0.0932852,0.0138489,0,-0,0.0112793,35,32,0,0,0,8.28988,0,0,0,-0.159733
830,3.29959,0,-0.00213059,0,0,0.0932852,-0.0127836,0,-0,-0.0338379,35,32,0,0,0,8.29988,0,0,0,-0.159737
831,3.29959,0,-0.00852238,0,0,0.0932852,0.028763,0,-0,-0.0338379,35,32,0,0,0,8.30989,0,0,0,-0.159714
832,3.29959,0,0.0191753,0,0,0.0932852,-0.01811,0,-0,-0.0225586,35,32,0,0,0,8.31988,0,0,0,-0.159661
833,3.29959,0,0.0127836,0.0225586,0,0.0932852,0.0170448,0,-0,-0.0338379,35,32,0,0,0,8.32988,0,0,0,-0.159675
834,3.29959,0,0.00532648,0,0,0.0932852,-0.0255671,0,-0,0.0112793,35,32,0,0,0,8.33988,0,0,0,-0.15971
835,3.29959,0,0.0149142,0.0225586,0,0.0932852,0.0298283,0,-0,-0.0451172,35,32,0,0,0,8.34988,0,0,0,-0.159681
836,3.29959,0,-0.00639178,0.0451172,0,0.0932852,0.00213059,0,-0,0.0112793,35,32,0,0,0,8.35988,0,0,0,-0.15968
837,3.29959,0,-0.00319589,0,0,0.0932852,-0.00532648,0,-0,-0.0338379,35,32,0,0,0,8.36988,0,0,0,-0.159639
838,3.29959,0,0.0138489,-0.0451172,0,0.0932852,-0.00426119,0,-0,-0.0338379,35,32,0,0,0,8.37988,0,0,0,-0.159681
839,3.29959,0,-0.0138489,0,0,0.0932852,0.010653,0,-0,0.0225586,35,32,0,0,0,8.38988,0,0,0,-0.159635
840,3.29959,0,-0.00745708,-0.0451172,0,0.0932852,0.0159795,0,-0,-0,35,32,0,0,0,8.39988,0,0,0,-0.159691
841,3.29959,0,-0.00319589,-0.0451172,0,0.0932852,-0.0170448,0,-0,0.0112793,35,32,0,0,0,8.40989,0,0,0,-0.159644
842,3.29959,0,0.0117183,-0.0338379,0,0.0932852,-0.00319589,0,-0,-0,35,32,0,0,0,8.41989,0,0,0,-0.15967
843,3.29959,0,0.0138489,0,0,0.0932852,0.0319589,0,-0,0.0112793,35,32,0,0,0,8.42989,0,0,0,-0.159659
844,3.29959,0,-0.0010653,-0.0338379,0,0.0932852,-0.00426119,0,-0,0.0112793,35,32,0,0,0,8.43989,0,0,0,-0.159675
845,3.29959,0,0.0138489,0.0338379,0,0.0932852,-0.00958767,0,-0,0.0112793,35,32,0,0,0,8.44989,0,0,0,-0.159627
846,3.29959,0,-0.00426119,-0.0338379,0,0.0932852,-0.00532648,0,-0,0.0112793,35,32,0,0,0,8.45989,0,0,0,-0.159639
847,3.29959,0,-0.0149142,0,0,0.0932852,-0.0159795,0,-0,0.0112793,35,32,0,0,0,8.46989,0,0,0,-0.159631
848,3.29959,0,0.0010653,0.0338379,0,0.0932852,-0.0234365,0,-0,0.0112793,35,32,0,0,0,8.47989,0,0,0,-0.159624
849,3.29959,0,0.0234365,-0.0451172,0,0.0932852,-0.00958767,0,-0,0.0112793,35,32,0,0,0,8.48988,0,0,0,-0.159636
850,3.29959,0,0.00426119,0.0225586,0,0.0932852,0.0213059,0,-0,0.0225586,35,32,0,0,0,8.49988,0,0,0,-0.159676
851,3.29959,0,0.00319589,0.0338379,0,0.0932852,0.00319589,0,-0,0.0112793,35,32,0,0,0,8.50988,0,0,0,-0.159633
852,3.29959,0,5.21845e-19,0.0225586,0,0.0932852,0.00852238,0,-0,0.0112793,35,32,0,0,0,8.51988,0,0,0,-0.159626
853,3.29959,0,-0.00532648,-0.0338379,0,0.0932852,-0.0010653,0,-0,-0,35,32,0,0,0,8.52988,0,0,0,-0.159617
854,3.29959,0,0.00639178,0,0,0.0932852,0.0245018,0,-0,-0,35,32,0,0,0,8.53988,0,0,0,-0.159624
855,3.29959,0,0.0010653,0.0338379,0,0.0932852,-0.0330242,0,-0,0.0112793,35,32,0,0,0,8.54988,0,0,0,-0.159628
856,3.29959,0,0.0245018,0.0225586,0,0.0932852,0.0319589,0,-0,0.0112793,35,32,0,0,0,8.55988,0,0,0,-0.159647
857,3.29959,0,0.0010653,0.0225586,0,0.0932852,-0.0170448,0,-0,0.0112793,35,32,0,0,0,8.56988,0,0,0,-0.159669
858,3.29959,0,0.00958767,0,0,0.0932852,0.01811,0,-0,0.0112793,35,32,0,0,0,8.57988,0,0,0,-0.159651
859,3.29959,0,0.0127836,0.0225586,0,0.0932852,-0.00958767,0,-0,0.0112793,35,32,0,0,0,8.58988,0,0,0,-0.159677
860,3.29959,0,-0.00213059,0,0,0.0932852,0.0191753,0,-0,0.0225586,35,32,0,0,0,8.59988,0,0,0,-0.159646
861,3.29959,0,0.00532648,0,0,0.0932852,-0.00319589,0,-0,-0,35,32,0,0,0,8.60988,0,0,0,-0.159703
862,3.29959,0,-0.0149142,0,0,0.0932852,0.0159795,0,-0,-0.0225586,35,32,0,0,0,8.61988,0,0,0,-0.15965
863,3.29959,0,0.00319589,0,0,0.0932852,-0.00532648,0,-0,-0.0338379,35,32,0,0,0,8.62988,0,0,0,-0.159694
864,3.29959,0,-0.0138489,0.0112793,0,0.0932852,0.00319589,0,-0,-0.0225586,35,32,0,0,0,8.63988,0,0,0,-0.159656
865,3.29959,0,0.00852238,-0.0451172,0,0.0932852,0.0266324,0,-0,-0.0338379,35,32,0,0,0,8.64988,0,0,0,-0.159671
866,3.29959,0,-0.01811,0,0,0.0932852,-0.00426119,0,-0,-0.0225586,35,32,0,0,0,8.65988,0,0,0,-0.159642
867,3.29959,0,0.0138489,0,0,0.0932852,0.0149142,0,-0,-0.0451172,35,32,0,0,0,8.66988,0,0,0,-0.15965
868,3.29959,0,0.01811,0,0,0.0932852,0.00426119,0,-0,0.0112793,35,32,0,0,0,8.67988,0,0,0,-0.15965
869,3.29959,0,-0.00426119,-0.0451172,0,0.0932852,0.00319589,0,-0,0.0112793,35,32,0,0,0,8.68988,0,0,0,-0.159678
870,3.29959,0,0.00319589,0,0,0.0932852,0.0138489,0,-0,0.0112793,35,32,0,0,0,8.69988,0,0,0,-0.159638
871,3.29959,0,-0.00213059,-0.0338379,0,0.0932852,0.0170448,0,-0,0.0112793,35,32,0,0,0,8.70988,0,0,0,-0.159656
872,3.29959,0,-0.0138489,-0.0338379,0,0.0932852,-0.0138489,0,-0,0.0112793,35,32,0,0,0,8.71988,0,0,0,-0.159635
873,3.29959,0,0.00213059,-0.0451172,0,0.0932852,-0.0202406,0,-0,0.0112793,35,32,0,0,0,8.72992,0,0,0,-0.159659
874,3.29959,0,-0.00426119,0.0338379,0,0.0932852,-0.00852238,0,-0,0.0225586,35,32,0,0,0,8.73988,0,0,0,-0.159648
875,3.29959,0,-0.00319589,-0.0451172,0,0.0932852,-0.00532648,0,-0,0.0112793,35,32,0,0,0,8.74988,0,0,0,-0.159624
876,3.29959,0,0.00639178,-0.0451172,0,0.0932852,0.0127836,0,-0,0.0112793,35,32,0,0,0,8.75988,0,0,0,-0.159637
877,3.29959,0,-0.0138489,-0.0338379,0,0.0932852,0.0010653,0,-0,-0,35,32,0,0,0,8.76988,0,0,0,-0.159628
878,3.29959,0,0.0010653,0,0,0.0932852,-0.028763,0,-0,-0,35,32,0,0,0,8.77988,0,0,0,-0.159601
879,3.29959,0,0.00852238,-0.0451172,0,0.0932852,0.00426119,0,-0,0.0112793,35,32,0,0,0,8.78988,0,0,0,-0.159592
880,3.29959,0,0.00426119,0.0338379,0,0.0932852,-0.0213059,0,-0,0.0112793,35,32,0,0,0,8.79988,0,0,0,-0.159602
881,3.29959,0,-0.01811,-0.0451172,0,0.0932852,-0.00958767,0,-0,0.0112793,35,32,0,0,0,8.80988,0,0,0,-0.159561
882,3.29959,0,-0.00319589,0.0451172,0,0.0932852,-0.010653,0,-0,0.0112793,35,32,0,0,0,8.81988,0,0,0,-0.159585
883,3.29959,0,-0.00319589,0,0,0.0932852,-0.0010653,0,-0,0.0112793,35,32,0,0,0,8.82988,0,0,0,-0.15953
884,3.29959,0,-0.0170448,0,0,0.0932852,0.00639178,0,-0,-0,35,32,0,0,0,8.83988,0,0,0,-0.15957
885,3.29959,0,0.0213059,0.0338379,0,0.0932852,0.0010653,0,-0,0.0112793,35,32,0,0,0,8.84988,0,0,0,-0.15951
886,3.29959,0,-0.0010653,0,0,0.0932852,-0.00319589,0,-0,-0,35,32,0,0,0,8.85988,0,0,0,-0.159545
887,3.29959,0,-0.00532648,0,0,0.0932852,0.0149142,0,-0,0.0112793,35,32,0,0,0,8.86988,0,0,0,-0.159512
888,3.29959,0,0.00852238,0,0,0.0932852,-0.0010653,0,-0,-0.0225586,35,32,0,0,0,8.87988,0,0,0,-0.159551
889,3.29959,0,-0.0245018,0,0,0.0932852,-0.0010653,0,-0,0.0112793,35,32,0,0,0,8.88988,0,0,0,-0.159518
890,3.29959,0,0.0191753,0.0225586,0,0.0932852,0.00745708,0,-0,0.0112793,35,32,0,0,0,8.89988,0,0,0,-0.159553
891,3.29959,0,0.00213059,0,0,0.0932852,0.00213059,0,-0,0.0112793,35,32,0,0,0,8.90988,0,0,0,-0.159509
892,3.29959,0,0.010653,0,0,0.0932852,-0.0298283,0,-0,0.0112793,35,32,0,0,0,8.91988,0,0,0,-0.159503
893,3.29959,0,0.00426119,0,0,0.0932852,-0.00745708,0,-0,-0.0225586,35,32,0,0,0,8.92988,0,0,0,-0.159515
894,3.29959,0,0.00532648,0,0,0.0932852,-0.00958767,0,-0,-0.0451172,35,32,0,0,0,8.93988,0,0,0,-0.159494
895,3.29959,0,-0.00213059,-0.0451172,0,0.0932852,-0.00639178,0,-0,-0.0225586,35,32,0,0,0,8.94988,0,0,0,-0.159512
896,3.29959,0,0.00319589,0,0,0.0932852,0.0245018,0,-0,-0.0225586,35,32,0,0,0,8.95988,0,0,0,-0.15953
897,3.29959,0,-0.00532648,0.0112793,0,0.0932852,-0.00213059,0,-0,-0.0451172,35,32,0,0,0,8.96988,0,0,0,-0.159514
898,3.29959,0,-0.01811,0,0,0.0932852,0.0276977,0,-0,-0.0225586,35,32,0,0,0,8.97988,0,0,0,-0.159535
899,3.29959,0,-0.00852238,0.0225586,0,0.0932852,-0.0127836,0,-0,-0.0225586,35,32,0,0,0,8.98988,0,0,0,-0.159492
900,3.29959,0,0.00745708,0.0225586,0,0.0932852,0.0127836,0,-0,-0,35,32,0,0,0,8.99988,0,0,0,-0.159517
901,3.29959,0,-0.0159795,-0.0451172,0,0.0932852,-0.0117183,0,-0,0.0225586,35,32,0,0,0,9.00988,0,0,0,-0.159504
902,3.29959,0,-0.0245018,0.0338379,0,0.0932852,0.01811,0,-0,0.0112793,35,32,0,0,0,9.01988,0,0,0,-0.159503
903,3.29959,0,0.0149142,-0.0338379,0,0.0932852,-0.0138489,0,-0,0.0112793,35,32,0,0,0,9.02988,0,0,0,-0.159517
904,3.29959,0,0.00639178,0.0225586,0,0.0932852,0.0117183,0,-0,0.0112793,35,32,0,0,0,9.03988,0,0,0,-0.159497
905,3.29959,0,0.0266324,0.0338379,0,0.0932852,-0.0170448,0,-0,0.0112793,35,32,0,0,0,9.04988,0,0,0,-0.159523
906,3.29959,0,-0.00319589,0.0338379,0,0.0932852,0.0127836,0,-0,-0,35,32,0,0,0,9.05988,0,0,0,-0.159508
907,3.29959,0,-0.00532648,-0.0338379,0,0.0932852,0.00319589,0,-0,0.0112793,35,32,0,0,0,9.06988,0,0,0,-0.159509
908,3.29959,0,-0.0117183,0.0338379,0,0.0932852,0.0202406,0,-0,-0,35,32,0,0,0,9.07988,0,0,0,-0.159476
909,3.29959,0,-0.00319589,0.0338379,0,0.0932852,-0.00958767,0,-0,0.0112793,35,32,0,0,0,9.08988,0,0,0,-0.159517
910,3.29959,0,-0.0255671,0,0,0.0932852,-0.00213059,0,-0,0.0112793,35,32,0,0,0,9.09988,0,0,0,-0.159516
911,3.29959,0,-0.0127836,0.0338379,0,0.0932852,-0.0138489,0,-0,-0,35,32,0,0,0,9.10988,0,0,0,-0.159491
912,3.29959,0,2.60922e-19,0,0,0.0932852,0.00426119,0,-0,0.0112793,35,32,0,0,0,9.11988,0,0,0,-0.159457
913,3.29959,0,0.00639178,0,0,0.0932852,-0.028763,0,-0,0.0112793,35,32,0,0,0,9.12988,0,0,0,-0.159514
914,3.29959,0,0.0010653,0.0451172,0,0.0932852,0.0010653,0,-0,0.0112793,35,32,0,0,0,9.13988,0,0,0,-0.159491
915,3.29959,0,-0.00852238,0.0225586,0,0.0932852,0.00958767,0,-0,-0,35,32,0,0,0,9.14988,0,0,0,-0.159505
916,3.29959,0,-0.0010653,0.0451172,0,0.0932852,0.00319589,0,-0,0.0112793,35,32,0,0,0,9.15988,0,0,0,-0.159493
917,3.29959,0,-0.0191753,0.0451172,0,0.0932852,0.00426119,0,-0,0.0112793,35,32,0,0,0,9.16988,0,0,0,-0.159516
918,3.29959,0,0.00213059,0,0,0.0932852,-0.00639178,0,-0,-0,35,32,0,0,0,9.17988,0,0,0,-0.159473
919,3.29959,0,0.00426119,-0.0451172,0,0.0932852,0.0351548,0,-0,0.0112793,35,32,0,0,0,9.18988,0,0,0,-0.159507
920,3.29959,0,-0.00319589,0.0225586,0,0.0932852,-0.00532648,0,-0,-0,35,32,0,0,0,9.19988,0,0,0,-0.15952
921,3.29959,0,0.010653,0,0,0.0932852,0.0298283,0,-0,-0,35,32,0,0,0,9.20988,0,0,0,-0.159536
922,3.29959,0,0.010653,0,0,0.0932852,-0.0127836,0,-0,-0.0451172,35,32,0,0,0,9.21988,0,0,0,-0.159524
923,3.29959,0,-0.0010653,0.0225586,0,0.0932852,0.00532648,0,-0,-0.0225586,35,32,0,0,0,9.22988,0,0,0,-0.15955
924,3.29959,0,0.010653,0,0,0.0932852,-0.00639178,0,-0,-0.0225586,35,32,0,0,0,9.23988,0,0,0,-0.159518
925,3.29959,0,-0.0149142,0,0,0.0932852,0.0213059,0,-0,-0.0338379,35,32,0,0,0,9.24988,0,0,0,-0.159527
926,3.29959,0,-0.0010653,0,0,0.0932852,-0.0127836,0,-0,-0.0338379,35,32,0,0,0,9.25988,0,0,0,-0.159508
927,3.29959,0,0.010653,0,0,0.0932852,0.00532648,0,-0,0.0112793,35,32,0,0,0,9.26988,0,0,0,-0.15951
928,3.29959,0,0.00426119,-0.0451172,0,0.0932852,0.0138489,0,-0,-0.0225586,35,32,0,0,0,9.27988,0,0,0,-0.159515
929,3.29959,0,0.0010653,0.0451172,0,0.0932852,-6.52306e-20,0,-0,-0.0338379,35,32,0,0,0,9.28988,0,0,0,-0.159498
930,3.29959,0,-0.0010653,0,0,0.0932852,0.00639178,0,-0,-0.0338379,35,32,0,0,0,9.29988,0,0,0,-0.159482
931,3.29959,0,7.82767e-19,0,0,0.0932852,0.0127836,0,-0,0.0112793,35,32,0,0,0,9.30988,0,0,0,-0.159445
932,3.29959,0,0.00319589,-0.0451172,0,0.0932852,-1.95692e-19,0,-0,0.0112793,35,32,0,0,0,9.31988,0,0,0,-0.159469
933,3.29959,0,0.00852238,0,0,0.0932852,0.0213059,0,-0,0.0112793,35,32,0,0,0,9.32988,0,0,0,-0.15944
934,3.29959,0,0.0117183,0,0,0.0932852,0.00958767,0,-0,0.0112793,35,32,0,0,0,9.33988,0,0,0,-0.159458
935,3.29959,0,-0.010653,-0.0451172,0,0.0932852,-0.00426119,0,-0,0.0225586,35,32,0,0,0,9.34988,0,0,0,-0.159432
936,3.29959,0,-0.00426119,-0.0451172,0,0.0932852,0.0159795,0,-0,0.0112793,35,32,0,0,0,9.35988,0,0,0,-0.1595
937,3.29959,0,-0.00319589,-0.0338379,0,0.0932852,-0.0159795,0,-0,0.0112793,35,32,0,0,0,9.36988,0,0,0,-0.159436
938,3.29959,0,0.0202406,0.0338379,0,0.0932852,0.010653,0,-0,0.0112793,35,32,0,0,0,9.37988,0,0,0,-0.159484
939,3.29959,0,0.0010653,0.0338379,0,0.0932852,-0.0159795,0,-0,0.0112793,35,32,0,0,0,9.38988,0,0,0,-0.159431
940,3.29959,0,0.0010653,-0.0451172,0,0.0932852,-0.0138489,0,-0,-0,35,32,0,0,0,9.39988,0,0,0,-0.159466
941,3.29959,0,-0.00958767,0.0338379,0,0.0932852,-0.0276977,0,-0,0.0112793,35,32,0,0,0,9.40988,0,0,0,-0.159427
942,3.29959,0,0.00213059,-0.0451172,0,0.0932852,0.00532648,0,-0,-0,35,32,0,0,0,9.41988,0,0,0,-0.159449
943,3.29959,0,-0.00426119,0.0338379,0,0.0932852,-0.0234365,0,-0,0.0112793,35,32,0,0,0,9.42988,0,0,0,-0.159404
944,3.29959,0,0.00958767,0.0338379,0,0.0932852,0.00745708,0,-0,0.0112793,35,32,0,0,0,9.43988,0,0,0,-0.159429
945,3.29959,0,-0.00958767,-0.0451172,0,0.0932852,0.00213059,0,-0,-0,35,32,0,0,0,9.44988,0,0,0,-0.159396
946,3.29959,0,-0.00745708,0.0225586,0,0.0932852,0.0468731,0,-0,0.0112793,35,32,0,0,0,9.45988,0,0,0,-0.159424
947,3.29959,0,-0.00213059,0.0225586,0,0.0932852,-0.00639178,0,-0,0.0112793,35,32,0,0,0,9.46988,0,0,0,-0.159436
948,3.29959,0,0.010653,0.0338379,0,0.0932852,0.0149142,0,-0,0.0112793,35,32,0,0,0,9.47988,0,0,0,-0.159434
949,3.29959,0,0.0170448,0,0,0.0932852,-0.0213059,0,-0,0.0112793,35,32,0,0,0,9.48988,0,0,0,-0.159414
950,3.29959,0,-0.00213059,0,0,0.0932852,0.0202406,0,-0,0.0112793,35,32,0,0,0,9.49988,0,0,0,-0.159399
951,3.29959,0,-0.0149142,0.0225586,0,0.0932852,-0.0447425,0,-0,-0.0225586,35,32,0,0,0,9.50988,0,0,0,-0.159406
952,3.29959,0,0.00958767,0,0,0.0932852,0.0138489,0,-0,-0.0451172,35,32,0,0,0,9.51989,0,0,0,-0.159427
953,3.29959,0,0.0213059,0.0338379,0,0.0932852,-0.0372854,0,-0,-0.0225586,35,32,0,0,0,9.52989,0,0,0,-0.159419
954,3.29959,0,-0.00213059,0,0,0.0932852,-0.00639178,0,-0,-0.0225586,35,32,0,0,0,9.53989,0,0,0,-0.159427
955,3.29959,0,0.00639178,0.0225586,0,0.0932852,-0.0127836,0,-0,-0.0451172,35,32,0,0,0,9.54989,0,0,0,-0.159463
956,3.29959,0,0.010653,-0.0451172,0,0.0932852,0.010653,0,-0,-0.0225586,35,32,0,0,0,9.55988,0,0,0,-0.159426
957,3.29959,0,-0.0010653,-0.0451172,0,0.0932852,0.0245018,0,-0,0.0112793,35,32,0,0,0,9.56989,0,0,0,-0.159486
958,3.29959,0,0.00532648,0,0,0.0932852,0.00639178,0,-0,-0.0112793,35,32,0,0,0,9.57988,0,0,0,-0.159451
959,3.29959,0,0.00426119,0.0225586,0,0.0932852,-0.01811,0,-0,-0.0338379,35,32,0,0,0,9.58989,0,0,0,-0.15949
960,3.29959,0,-0.0010653,0,0,0.0932852,0.0191753,0,-0,-0,35,32,0,0,0,9.59988,0,0,0,-0.159471
961,3.29959,0,0.00426119,0,0,0.0932852,0.00319589,0,-0,0.0112793,35,32,0,0,0,9.60988,0,0,0,-0.159517
962,3.29959,0,-0.0202406,-0.0451172,0,0.0932852,0.00532648,0,-0,0.0112793,35,32,0,0,0,9.61988,0,0,0,-0.159475
963,3.29959,0,0.00852238,0.0338379,0,0.0932852,0.00639178,0,-0,0.0112793,35,32,0,0,0,9.62989,0,0,0,-0.15953
964,3.29959,0,0.0170448,-0.0451172,0,0.0932852,0.00745708,0,-0,0.0112793,35,32,0,0,0,9.63988,0,0,0,-0.159496
965,3.29959,0,0.00426119,-0.0451172,0,0.0932852,-0.00213059,0,-0,0.0112793,35,32,0,0,0,9.64988,0,0,0,-0.159504
966,3.29959,0,0.00319589,-0.0451172,0,0.0932852,-0.01811,0,-0,-0,35,32,0,0,0,9.65988,0,0,0,-0.1595
967,3.29959,0,0.01811,-0.0451172,0,0.0932852,0.039416,0,-0,-0,35,32,0,0,0,9.66988,0,0,0,-0.159515
968,3.29959,0,-0.00958767,-0.0225586,0,0.0932852,-0.010653,0,-0,0.0112793,35,32,0,0,0,9.67988,0,0,0,-0.159471
969,3.29959,0,0.00213059,-0.0451172,0,0.0932852,0.00213059,0,-0,0.0112793,35,32,0,0,0,9.68988,0,0,0,-0.159494
970,3.29959,0,0.00852238,0.0451172,0,0.0932852,-0.0138489,0,-0,0.0112793,35,32,0,0,0,9.69988,0,0,0,-0.159495
971,3.29959,0,0.00213059,-0.0451172,0,0.0932852,0.0127836,0,-0,-0,35,32,0,0,0,9.70988,0,0,0,-0.159518
972,3.29959,0,-0.00852238,-0.0451172,0,0.0932852,-0.0330242,0,-0,-0,35,32,0,0,0,9.71989,0,0,0,-0.159505
973,3.29959,0,-0.00532648,0.0338379,0,0.0932852,-0.00532648,0,-0,-0,35,32,0,0,0,9.72988,0,0,0,-0.159523
974,3.29959,0,0.00852238,0.0338379,0,0.0932852,-0.0276977,0,-0,0.0112793,35,32,0,0,0,9.73988,0,0,0,-0.159536
975,3.29959,0,-0.00639178,0.0451172,0,0.0932852,0.010653,0,-0,-0.0225586,35,32,0,0,0,9.74988,0,0,0,-0.159559
976,3.29959,0,0.0159795,0.0225586,0,0.0932852,-0.0127836,0,-0,-0,35,32,0,0,0,9.75988,0,0,0,-0.159569
977,3.29959,0,0.00426119,0,0,0.0932852,0.0149142,0,-0,0.0112793,35,32,0,0,0,9.76988,0,0,0,-0.159546
978,3.29959,0,-0.00639178,0.0338379,0,0.0932852,0.00532648,0,-0,0.0112793,35,32,0,0,0,9.77988,0,0,0,-0.159575
979,3.29959,0,-0.00958767,0.0338379,0,0.0932852,0.00639178,0,-0,0.0112793,35,32,0,0,0,9.78988,0,0,0,-0.159564
980,3.29959,0,-0.0010653,0,0,0.0932852,0.00426119,0,-0,0.0112793,35,32,0,0,0,9.79988,0,0,0,-0.159606
981,3.29959,0,-0.00852238,-0.0451172,0,0.0932852,0.00213059,0,-0,0.0112793,35,32,0,0,0,9.80988,0,0,0,-0.159598
982,3.29959,0,-0.0276977,0,0,0.0932852,-0.00958767,0,-0,-0.0225586,35,32,0,0,0,9.81988,0,0,0,-0.159613
983,3.29959,0,-0.00532648,0,0,0.0932852,0.00745708,0,-0,0.0112793,35,32,0,0,0,9.82988,0,0,0,-0.15959
984,3.29959,0,0.00639178,0,0,0.0932852,0.00532648,0,-0,-0.0338379,35,32,0,0,0,9.83993,0,0,0,-0.159623
985,3.29959,0,-0.00532648,0,0,0.0932852,-0.0149142,0,-0,-0.0225586,35,32,0,0,0,9.84988,0,0,0,-0.159561
986,3.29959,0,0.00958767,0,0,0.0932852,-0.00532648,0,-0,-0.0338379,35,32,0,0,0,9.85988,0,0,0,-0.159638
987,3.29959,0,-0.0117183,0,0,0.0932852,0.028763,0,-0,-0.0225586,35,32,0,0,0,9.86988,0,0,0,-0.159578
988,3.29959,0,-0.00639178,0,0,0.0932852,0.00426119,0,-0,0.0112793,35,32,0,0,0,9.87988,0,0,0,-0.159622
989,3.29959,0,-0.0010653,0,0,0.0932852,0.00213059,0,-0,0.0112793,35,32,0,0,0,9.88988,0,0,0,-0.159575
990,3.29959,0,0.00852238,0,0,0.0932852,0.0351548,0,-0,-0.0225586,35,32,0,0,0,9.89988,0,0,0,-0.159655
991,3.29959,0,-0.00426119,0,0,0.0932852,-0.00745708,0,-0,0.0112793,35,32,0,0,0,9.90988,0,0,0,-0.1596
992,3.29959,0,0.0149142,-0.0451172,0,0.0932852,0.0191753,0,-0,0.0112793,35,32,0,0,0,9.91988,0,0,0,-0.159608
993,3.29959,0,-0.00958767,-0.0338379,0,0.0932852,-0.0117183,0,-0,-0,35,32,0,0,0,9.92988,0,0,0,-0.159595
994,3.29959,0,0.00745708,-0.0451172,0,0.0932852,-0.00319589,0,-0,0.0112793,35,32,0,0,0,9.93988,0,0,0,-0.159605
995,3.29959,0,-0.010653,-0.0451172,0,0.0932852,-0.0010653,0,-0,0.0112793,35,32,0,0,0,9.94988,0,0,0,-0.159572
996,3.29959,0,-0.0234365,-0.0451172,0,0.0932852,0.010653,0,-0,0.0112793,35,32,0,0,0,9.95988,0,0,0,-0.159594
997,3.29959,0,-1.696e-18,0.0338379,0,0.0932852,-0.0276977,0,-0,-0,35,32,0,0,0,9.96988,0,0,0,-0.159611
998,3.29959,0,-0.0149142,0.0225586,0,0.0932852,0.00532648,0,-0,0.0112793,35,32,0,0,0,9.97988,0,0,0,-0.159594
999,3.29959,0,-0.00639178,0,0,0.0932852,-0.0213059,0,-0,-0,35,32,0,0,0,9.98988,0,0,0,-0.15963
1000,3.29959,0,-0.00319589,-0.0451172,0,0.0932852,-0.00532648,0,-0,0.0112793,35,32,0,0,0,9.99988,0,0,0,-0.159626
1001,3.29959,0,0.00852238,-0.0451172,0,0.0932852,-0.0138489,0,-0,0.0112793,35,32,0,0,0,10.0099,0,0,0,-0.15966
1002,3.29959,0,-0.0298283,0.0338379,0,0.0932852,0.0149142,0,-0,0.0112793,35,32,0,0,0,10.0199,0,0,0,-0.159634
1003,3.29959,0,-0.00319589,-0.0451172,0,0.0932852,-0.010653,0,-0,0.0112793,35,32,0,0,0,10.0299,0,0,0,-0.159655
1004,3.29959,0,3.26153e-19,0.0451172,0,0.0932852,0.00532648,0,-0,0.0112793,35,32,0,0,0,10.0399,0,0,0,-0.159582
1005,3.29959,0,-0.010653,0.0338379,0,0.0932852,-0.00319589,0,-0,0.0112793,35,32,0,0,0,10.0499,0,0,0,-0.159604
1006,3.29959,0,-0.0117183,0.0338379,0,0.0932852,-0.00426119,0,-0,0.0112793,35,32,0,0,0,10.0599,0,0,0,-0.159601
1007,3.29959,0,-0.00639178,0.0338379,0,0.0932852,-0.0170448,0,-0,0.0112793,35,32,0,0,0,10.0699,0,0,0,-0.159614
1008,3.29959,0,0.00639178,0,0,0.0932852,-0.00639178,0,-0,-0,35,32,0,0,0,10.0799,0,0,0,-0.159603
1009,3.29959,0,0.0202406,0,0,0.0932852,0.010653,0,-0,0.0112793,35,32,0,0,0,10.0899,0,0,0,-0.159642
1010,3.29959,0,-0.0127836,0.0112793,0,0.0932852,0.00319589,0,-0,0.0112793,35,32,0,0,0,10.0999,0,0,0,-0.159612
1011,3.29959,0,-0.0149142,0,0,0.0932852,0.0170448,0,-0,0.0112793,35,32,0,0,0,10.1099,0,0,0,-0.15963
1012,3.29959,0,0.00532648,0.0338379,0,0.0932852,0.0138489,0,-0,0.0112793,35,32,0,0,0,10.1199,0,0,0,-0.159625
1013,3.29959,0,-0.00426119,0,0,0.0932852,2.60922e-19,0,-0,-0.0225586,35,32,0,0,0,10.1299,0,0,0,-0.159648
1014,3.29959,0,-0.0127836,0,0,0.0932852,-0.0234365,0,-0,-0.0225586,35,32,0,0,0,10.1399,0,0,0,-0.159636
1015,3.29959,0,0.00426119,0,0,0.0932852,0.0276977,0,-0,-0.0338379,35,32,0,0,0,10.1499,0,0,0,-0.159659
1016,3.29959,0,0.0117183,0,0,0.0932852,-0.00532648,0,-0,0.0112793,35,32,0,0,0,10.1599,0,0,0,-0.15966
1017,3.29959,0,0.010653,0,0,0.0932852,-0.0010653,0,-0,-0.0338379,35,32,0,0,0,10.1699,0,0,0,-0.159673
1018,3.29959,0,0.0149142,0,0,0.0932852,-0.0117183,0,-0,0.0112793,35,32,0,0,0,10.1799,0,0,0,-0.159664
1019,3.29959,0,0.0170448,0,0,0.0932852,0.010653,0,-0,-0.0451172,35,32,0,0,0,10.1899,0,0,0,-0.159635
1020,3.29959,0,0.00319589,0,0,0.0932852,-0.0298283,0,-0,0.0112793,35,32,0,0,0,10.1999,0,0,0,-0.159622
1021,3.29959,0,0.00319589,0,0,0.0932852,0.00745708,0,-0,0.0225586,35,32,0,0,0,10.2099,0,0,0,-0.159633
1022,3.29959,0,-0.0234365,0,0,0.0932852,-0.028763,0,-0,0.0112793,35,32,0,0,0,10.2199,0,0,0,-0.159633
1023,3.29959,0,-0.00426119,0,0,0.0932852,0.0234365,0,-0,0.0112793,35,32,0,0,0,10.2299,0,0,0,-0.159619
1024,3.29959,0,-0.00958767,-0.0338379,0,0.0932852,-0.0245018,0,-0,0.0225586,35,32,0,0,0,10.2399,0,0,0,-0.159582
1025,3.29959,0,-0.00745708,-0.0451172,0,0.0932852,0.0138489,0,-0,0.0225586,35,32,0,0,0,10.2499,0,0,0,-0.159602
1026,3.29959,0,0.00852238,0.0338379,0,0.0932852,-0.0340895,0,-0,0.0112793,35,32,0,0,0,10.2599,0,0,0,-0.159577
1027,3.29959,0,-0.0010653,-0.0338379,0,0.0932852,0.00745708,0,-0,0.0112793,35,32,0,0,0,10.2699,0,0,0,-0.159564
1028,3.29959,0,0.0149142,-0.0451172,0,0.0932852,-0.0191753,0,-0,0.0112793,35,32,0,0,0,10.2799,0,0,0,-0.159604
1029,3.29959,0,0.00426119,-0.0338379,0,0.0932852,0.0127836,0,-0,0.0112793,35,32,0,0,0,10.2899,0,0,0,-0.15954
1030,3.29959,0,0.00426119,-0.0451172,0,0.0932852,-0.00745708,0,-0,-0,35,32,0,0,0,10.2999,0,0,0,-0.159585
1031,3.29959,0,-0.0149142,-0.0112793,0,0.0932852,-0.0255671,0,-0,0.0225586,35,32,0,0,0,10.3099,0,0,0,-0.159536
1032,3.29959,0,-0.00213059,0.0451172,0,0.0932852,0.0245018,0,-0,0.0112793,35,32,0,0,0,10.3199,0,0,0,-0.159587
1033,3.29959,0,0.00319589,0.0338379,0,0.0932852,-1.95692e-19,0,-0,0.0112793,35,32,0,0,0,10.3299,0,0,0,-0.159536
1034,3.29959,0,0.0138489,0.0338379,0,0.0932852,0.00426119,0,-0,0.0112793,35,32,0,0,0,10.3399,0,0,0,-0.159553
1035,3.29959,0,0.0127836,0,0,0.0932852,-0.0223712,0,-0,0.0112793,35,32,0,0,0,10.3499,0,0,0,-0.159553
1036,3.29959,0,-0.00426119,0.0338379,0,0.0932852,0.0298283,0,-0,-0,35,32,0,0,0,10.3599,0,0,0,-0.15955
1037,3.29959,0,0.00958767,0.0225586,0,0.0932852,-0.01811,0,-0,0.0112793,35,32,0,0,0,10.3699,0,0,0,-0.159537
1038,3.29959,0,-0.00532648,0,0,0.0932852,0.0138489,0,-0,0.0112793,35,32,0,0,0,10.3799,0,0,0,-0.159555
1039,3.29959,0,6.52306e-20,0,0,0.0932852,0.0010653,0,-0,0.0112793,35,32,0,0,0,10.3899,0,0,0,-0.159535
1040,3.29959,0,0.0149142,0,0,0.0932852,0.00852238,0,-0,0.0112793,35,32,0,0,0,10.3999,0,0,0,-0.15955
1041,3.29959,0,-0.00852238,0,0,0.0932852,-0.028763,0,-0,-0,35,32,0,0,0,10.4099,0,0,0,-0.159543
1042,3.29959,0,0.00745708,0.0338379,0,0.0932852,0.00532648,0,-0,-0,35,32,0,0,0,10.4199,0,0,0,-0.159519
1043,3.29959,0,0,0,0,0.0932852,0,0,-0,-0.0225586,35,32,0,0,0,10.4299,0,0,0,-0.159546
1044,3.29959,0,-0.00319589,-0.0451172,0,0.0932852,1.95692e-19,0,-0,-0.0225586,35,32,0,0,0,10.4399,0,0,0,-0.159514
1045,3.29959,0,0.00532648,0,0,0.0932852,-0.00426119,0,-0,-0.0338379,35,32,0,0,0,10.4499,0,0,0,-0.159549
1046,3.29959,0,-0.0149142,0,0,0.0932852,0.00319589,0,-0,-0.0338379,35,32,0,0,0,10.4599,0,0,0,-0.159531
1047,3.29959,0,0.00745708,0,0,0.0932852,-0.00958767,0,-0,-0.0225586,35,32,0,0,0,10.4699,0,0,0,-0.159507
1048,3.29959,0,0.00319589,0,0,0.0932852,0.00213059,0,-0,0.0112793,35,32,0,0,0,10.4799,0,0,0,-0.159487
1049,3.29959,0,0.00852238,0,0,0.0932852,-0.010653,0,-0,-0.0338379,35,32,0,0,0,10.4899,0,0,0,-0.15951
1050,3.29959,0,-0.00639178,0,0,0.0932852,0.00958767,0,-0,-0.0225586,35,32,0,0,0,10.4999,0,0,0,-0.15946
1051,3.29959,0,-0.0138489,0,0,0.0932852,-0.01811,0,-0,0.0225586,35,32,0,0,0,10.5099,0,0,0,-0.159466
1052,3.29959,0,-0.0138489,-0.0451172,0,0.0932852,-0.00213059,0,-0,0.0112793,35,32,0,0,0,10.5199,0,0,0,-0.159432
1053,3.29959,0,-0.00532648,0,0,0.0932852,-0.00213059,0,-0,0.0112793,35,32,0,0,0,10.5299,0,0,0,-0.159478
1054,3.29959,0,0.010653,-0.0451172,0,0.0932852,-0.00426119,0,-0,0.0112793,35,32,0,0,0,10.5399,0,0,0,-0.159443
1055,3.29959,0,0.0127836,-0.0451172,0,0.0932852,0.0159795,0,-0,0.0112793,35,32,0,0,0,10.5499,0,0,0,-0.159474
1056,3.29959,0,-0.0010653,0,0,0.0932852,0.00426119,0,-0,0.0112793,35,32,0,0,0,10.5599,0,0,0,-0.159427
1057,3.29959,0,-0.0010653,-0.0451172,0,0.0932852,-0.00319589,0,-0,0.0112793,35,32,0,0,0,10.5699,0,0,0,-0.159502
1058,3.29959,0,-0.00745708,-0.0451172,0,0.0932852,-0.0213059,0,-0,0.0112793,35,32,0,0,0,10.5799,0,0,0,-0.159444
1059,3.29959,0,0.0170448,-0.0338379,0,0.0932852,-0.0010653,0,-0,-0,35,32,0,0,0,10.5899,0,0,0,-0.159465
1060,3.29959,0,-0.00213059,-0.0451172,0,0.0932852,1.30461e-19,0,-0,0.0112793,35,32,0,0,0,10.5999,0,0,0,-0.15949
1061,3.29959,0,0.00532648,0.0338379,0,0.0932852,-0.0159795,0,-0,0.0112793,35,32,0,0,0,10.6099,0,0,0,-0.159496
1062,3.29959,0,-0.0149142,0.0225586,0,0.0932852,-0.0245018,0,-0,0.0112793,35,32,0,0,0,10.6199,0,0,0,-0.1595
1063,3.29959,0,0.00532648,0,0,0.0932852,0.00639178,0,-0,0.0112793,35,32,0,0,0,10.6299,0,0,0,-0.159497
1064,3.29959,0,-0.00319589,0.0451172,0,0.0932852,-0.0319589,0,-0,0.0112793,35,32,0,0,0,10.6399,0,0,0,-0.159509
1065,3.29959,0,-0.00213059,0.0225586,0,0.0932852,0.0159795,0,-0,0.0112793,35,32,0,0,0,10.6499,0,0,0,-0.159523
1066,3.29959,0,0.00319589,0.0338379,0,0.0932852,-0.0223712,0,-0,-0,35,32,0,0,0,10.6599,0,0,0,-0.159489
1067,3.29959,0,-0.00213059,0,0,0.0932852,0.0255671,0,-0,0.0112793,35,32,0,0,0,10.6699,0,0,0,-0.159487
1068,3.29959,0,0.0010653,0,0,0.0932852,-0.00958767,0,-0,0.0112793,35,32,0,0,0,10.6799,0,0,0,-0.159466
1069,3.29959,0,0.0117183,0,0,0.0932852,0.010653,0,-0,-0,35,32,0,0,0,10.6899,0,0,0,-0.159463
1070,3.29959,0,0.00213059,0,0,0.0932852,-0.0191753,0,-0,0.0112793,35,32,0,0,0,10.6999,0,0,0,-0.159469
1071,3.29959,0,0.0149142,0,0,0.0932852,0.0202406,0,-0,-0.0225586,35,32,0,0,0,10.7099,0,0,0,-0.159427
1072,3.29959,0,-0.00852238,0,0,0.0932852,-0.0372854,0,-0,-0,35,32,0,0,0,10.7199,0,0,0,-0.159429
1073,3.29959,0,0.00319589,0.0338379,0,0.0932852,-0.0117183,0,-0,0.0112793,35,32,0,0,0,10.7299,0,0,0,-0.159395
1074,3.29959,0,-0.0159795,0,0,0.0932852,-0.00426119,0,-0,-0.0338379,35,32,0,0,0,10.7399,0,0,0,-0.1594
1075,3.29959,0,0.0010653,-0.0112793,0,0.0932852,0.0170448,0,-0,-0.0225586,35,32,0,0,0,10.7499,0,0,0,-0.159326
1076,3.29959,0,0.00426119,0,0,0.0932852,-0.0340895,0,-0,-0.0225586,35,32,0,0,0,10.7599,0,0,0,-0.159357
1077,3.29959,0,-0.00213059,0,0,0.0932852,-0.00532648,0,-0,-0,35,32,0,0,0,10.7699,0,0,0,-0.159333
1078,3.29959,0,0.0159795,0,0,0.0932852,-0.00213059,0,-0,-0.0225586,35,32,0,0,0,10.7799,0,0,0,-0.159376
1079,3.29959,0,-0.00426119,0.0225586,0,0.0932852,-0.00319589,0,-0,-0.0225586,35,32,0,0,0,10.7899,0,0,0,-0.159352
1080,3.29959,0,0.00213059,0.0451172,0,0.0932852,-0.0138489,0,-0,0.0112793,35,32,0,0,0,10.7999,0,0,0,-0.159381
1081,3.29959,0,-0.00852238,0,0,0.0932852,-0.0010653,0,-0,-0.0338379,35,32,0,0,0,10.8099,0,0,0,-0.159354
1082,3.29959,0,0.00319589,0.0451172,0,0.0932852,-0.010653,0,-0,0.0225586,35,32,0,0,0,10.8199,0,0,0,-0.159369
1083,3.29959,0,-0.00426119,0,0,0.0932852,-0.00958767,0,-0,0.0112793,35,32,0,0,0,10.8299,0,0,0,-0.159349
1084,3.29959,0,-0.00319589,0,0,0.0932852,-0.00426119,0,-0,0.0112793,35,32,0,0,0,10.8399,0,0,0,-0.159357
1085,3.29959,0,5.87076e-19,0,0,0.0932852,0.00958767,0,-0,0.0112793,35,32,0,0,0,10.8499,0,0,0,-0.159323
1086,3.29959,0,0.0127836,0,0,0.0932852,0.0191753,0,-0,0.0112793,35,32,0,0,0,10.8599,0,0,0,-0.159358
1087,3.29959,0,0.0138489,-0.0451172,0,0.0932852,-0.00639178,0,-0,-0,35,32,0,0,0,10.8699,0,0,0,-0.159357
1088,3.29959,0,0.00745708,-0.0451172,0,0.0932852,0.028763,0,-0,0.0112793,35,32,0,0,0,10.8799,0,0,0,-0.159387
1089,3.29959,0,-0.0223712,0.0451172,0,0.0932852,-0.01811,0,-0,-0,35,32,0,0,0,10.8899,0,0,0,-0.159382
1090,3.29959,0,-0.00958767,0.0338379,0,0.0932852,-0.00426119,0,-0,-0,35,32,0,0,0,10.8999,0,0,0,-0.159384
1091,3.29959,0,-0.00213059,0.0338379,0,0.0932852,0.00319589,0,-0,0.0112793,35,32,0,0,0,10.9099,0,0,0,-0.159358
1092,3.29959,0,-0.00213059,-0.0451172,0,0.0932852,0.01811,0,-0,-0,35,32,0,0,0,10.9199,0,0,0,-0.159347
1093,3.29959,0,-0.0117183,0.0338379,0,0.0932852,-0.0127836,0,-0,0.0112793,35,32,0,0,0,10.9299,0,0,0,-0.159391
1094,3.29959,0,-0.00639178,0.0451172,0,0.0932852,0.0351548,0,-0,-0,35,32,0,0,0,10.9399,0,0,0,-0.15934
1095,3.29959,0,-0.00639178,0.0338379,0,0.0932852,-0.0159795,0,-0,0.0112793,35,32,0,0,0,10.9499,0,0,0,-0.159385
1096,3.29959,0,0.0213059,-0.0451172,0,0.0932852,0.0202406,0,-0,-0,35,32,0,0,0,10.9599,0,0,0,-0.159379
1097,3.29959,0,0.0138489,0.0338379,0,0.0932852,-0.0127836,0,-0,-0.0225586,35,32,0,0,0,10.9699,0,0,0,-0.159429
1098,3.29959,0,0.0138489,0,0,0.0932852,0.0202406,0,-0,-0.0225586,35,32,0,0,0,10.9799,0,0,0,-0.159416
1099,3.29959,0,-0.0138489,0,0,0.0932852,-0.01811,0,-0,0.0112793,35,32,0,0,0,10.9899,0,0,0,-0.159401
1100,3.29959,0,0.00639178,0.0338379,0,0.0932852,0.0202406,0,-0,0.0112793,35,32,0,0,0,10.9999,0,0,0,-0.159376
1101,3.29959,0,0.00532648,0.0225586,0,0.0932852,-0.0255671,0,-0,0.0112793,35,32,0,0,0,11.0099,0,0,0,-0.159382
1102,3.29959,0,0.0010653,0,0,0.0932852,-0.0010653,0,-0,0.0112793,35,32,0,0,0,11.0199,0,0,0,-0.159354
1103,3.29959,0,0.01811,0,0,0.0932852,-0.0170448,0,-0,0.0112793,35,32,0,0,0,11.0299,0,0,0,-0.159331
1104,3.29959,0,0.00958767,0,0,0.0932852,0.00213059,0,-0,-0.0225586,35,32,0,0,0,11.0399,0,0,0,-0.159332
1105,3.29959,0,0.0010653,0,0,0.0932852,-0.00319589,0,-0,-0.0225586,35,32,0,0,0,11.0499,0,0,0,-0.159352
1106,3.29959,0,-0.00639178,0.0112793,0,0.0932852,-0.00532648,0,-0,-0.0451172,35,32,0,0,0,11.0599,0,0,0,-0.159323
1107,3.29959,0,0.00639178,0,0,0.0932852,-0.0010653,0,-0,-0.0225586,35,32,0,0,0,11.0699,0,0,0,-0.159349
1108,3.29959,0,0.00319589,-0.0451172,0,0.0932852,0.00639178,0,-0,-0,35,32,0,0,0,11.0799,0,0,0,-0.159305
1109,3.29959,0,-0.0127836,0,0,0.0932852,0.00958767,0,-0,-0.0225586,35,32,0,0,0,11.0899,0,0,0,-0.159343
1110,3.29959,0,0.0138489,0,0,0.0932852,-0.0010653,0,-0,-0.0451172,35,32,0,0,0,11.0999,0,0,0,-0.159326
1111,3.29959,0,-0.00639178,0,0,0.0932852,-0.00426119,0,-0,-0.0225586,35,32,0,0,0,11.1099,0,0,0,-0.159288
1112,3.29959,0,0.0149142,0,0,0.0932852,-0.00532648,0,-0,0.0112793,35,32,0,0,0,11.1199,0,0,0,-0.159273
1113,3.29959,0,0.0191753,0,0,0.0932852,0.0202406,0,-0,0.0112793,35,32,0,0,0,11.1299,0,0,0,-0.159311
1114,3.29959,0,-0.0010653,0,0,0.0932852,-0.0127836,0,-0,0.0112793,35,32,0,0,0,11.1399,0,0,0,-0.159245
1115,3.29959,0,-0.0010653,0,0,0.0932852,0.00213059,0,-0,0.0225586,35,32,0,0,0,11.1499,0,0,0,-0.15927
1116,3.29959,0,-0.00213059,0,0,0.0932852,-0.00213059,0,-0,0.0112793,35,32,0,0,0,11.1599,0,0,0,-0.159272
1117,3.29959,0,-0.0149142,-0.0451172,0,0.0932852,0.00319589,0,-0,0.0112793,35,32,0,0,0,11.1699,0,0,0,-0.159242
1118,3.29959,0,0.0138489,-0.0338379,0,0.0932852,-0.00745708,0,-0,0.0112793,35,32,0,0,0,11.1799,0,0,0,-0.159283
1119,3.29959,0,0.0159795,-0.0451172,0,0.0932852,0.0138489,0,-0,-0,35,32,0,0,0,11.1899,0,0,0,-0.159248
1120,3.29959,0,0.0010653,-0.0451172,0,0.0932852,-0.028763,0,-0,0.0112793,35,32,0,0,0,11.1999,0,0,0,-0.159254
1121,3.29959,0,-0.00532648,-0.0451172,0,0.0932852,0.0127836,0,-0,0.0112793,35,32,0,0,0,11.2099,0,0,0,-0.159264
1122,3.29959,0,-0.010653,-0.0451172,0,0.0932852,-0.0202406,0,-0,0.0112793,35,32,0,0,0,11.2199,0,0,0,-0.159293
1123,3.29959,0,0.00639178,0.0338379,0,0.0932852,-0.00745708,0,-0,-0,35,32,0,0,0,11.2299,0,0,0,-0.159264
1124,3.29959,0,-0.00958767,0,0,0.0932852,-0.00639178,0,-0,0.0112793,35,32,0,0,0,11.2399,0,0,0,-0.159299
1125,3.29959,0,0.00213059,0.0225586,0,0.0932852,0.0127836,0,-0,0.0112793,35,32,0,0,0,11.2499,0,0,0,-0.159278
1126,3.29959,0,0.0149142,0.0225586,0,0.0932852,-0.00745708,0,-0,0.0112793,35,32,0,0,0,11.2599,0,0,0,-0.159331
1127,3.29959,0,0.00639178,0.0338379,0,0.0932852,-3.91384e-19,0,-0,0.0112793,35,32,0,0,0,11.2699,0,0,0,-0.15929
1128,3.29959,0,-0.00745708,0.0338379,0,0.0932852,-0.0308936,0,-0,-0,35,32,0,0,0,11.2799,0,0,0,-0.159316
1129,3.29959,0,0.0191753,0.0451172,0,0.0932852,0.0170448,0,-0,-0,35,32,0,0,0,11.2899,0,0,0,-0.159311
1130,3.29959,0,-0.0149142,0.0451172,0,0.0932852,0.00213059,0,-0,0.0112793,35,32,0,0,0,11.2999,0,0,0,-0.159322
1131,3.29959,0,0.00852238,0,0,0.0932852,-0.010653,0,-0,0.0225586,35,32,0,0,0,11.3099,0,0,0,-0.159298
1132,3.29959,0,-0.0117183,-0.0451172,0,0.0932852,-0.00745708,0,-0,0.0112793,35,32,0,0,0,11.3199,0,0,0,-0.159282
1133,3.29959,0,-0.00426119,0.0225586,0,0.0932852,-0.00213059,0,-0,0.0112793,35,32,0,0,0,11.3299,0,0,0,-0.159273
1134,3.29959,0,0.00426119,0,0,0.0932852,0.00319589,0,-0,0.0112793,35,32,0,0,0,11.3399,0,0,0,-0.159294
1135,3.29959,0,-0.00958767,0.0225586,0,0.0932852,0.00213059,0,-0,-0.0338379,35,32,0,0,0,11.3499,0,0,0,-0.159266
1136,3.29959,0,-0.0298283,0.0112793,0,0.0932852,0.0191753,0,-0,-0.0225586,35,32,0,0,0,11.3599,0,0,0,-0.159285
1137,3.29959,0,-0.00213059,0,0,0.0932852,-0.0159795,0,-0,-0.0451172,35,32,0,0,0,11.3699,0,0,0,-0.159226
1138,3.29959,0,0.0117183,0,0,0.0932852,0.00958767,0,-0,-0.0225586,35,32,0,0,0,11.3799,0,0,0,-0.159243
1139,3.29959,0,0.00426119,0,0,0.0932852,-2.60922e-19,0,-0,-0.0225586,35,32,0,0,0,11.3899,0,0,0,-0.159247
1140,3.29959,0,0.00213059,0.0112793,0,0.0932852,-0.0255671,0,-0,-0.0338379,35,32,0,0,0,11.3999,0,0,0,-0.159251
1141,3.29959,0,0.00958767,-0.0451172,0,0.0932852,-0.00532648,0,-0,0.0225586,35,32,0,0,0,11.4099,0,0,0,-0.15926
1142,3.29959,0,0.0127836,0,0,0.0932852,0.00852238,0,-0,0.0112793,35,32,0,0,0,11.4199,0,0,0,-0.159265
1143,3.29959,0,-0.00639178,-0.0451172,0,0.0932852,-0.01811,0,-0,0.0112793,35,32,0,0,0,11.4299,0,0,0,-0.159266
1144,3.29959,0,0.0266324,-0.0451172,0,0.0932852,0.00639178,0,-0,0.0225586,35,32,0,0,0,11.4399,0,0,0,-0.159276
1145,3.29959,0,-0.0117183,0,0,0.0932852,-0.01811,0,-0,0.0112793,35,32,0,0,0,11.4499,0,0,0,-0.159273
1146,3.29959,0,0.0170448,0,0,0.0932852,0.0383507,0,-0,0.0112793,35,32,0,0,0,11.4599,0,0,0,-0.159279
1147,3.29959,0,-1.17415e-18,-0.0451172,0,0.0932852,-0.0191753,0,-0,0.0112793,35,32,0,0,0,11.4699,0,0,0,-0.15931
1148,3.29959,0,0.00639178,0.0451172,0,0.0932852,0.0213059,0,-0,-0,35,32,0,0,0,11.4799,0,0,0,-0.159295
1149,3.29959,0,-0.00745708,0,0,0.0932852,4.56614e-19,0,-0,-0,35,32,0,0,0,11.4899,0,0,0,-0.159344
1150,3.29959,0,0.0202406,0.0338379,0,0.0932852,0.00639178,0,-0,0.0112793,35,32,0,0,0,11.4999,0,0,0,-0.159303
1151,3.29959,0,-0.00426119,-0.0338379,0,0.0932852,-0.0138489,0,-0,0.0112793,35,32,0,0,0,11.5099,0,0,0,-0.159356
1152,3.29959,0,-0.01811,0.0225586,0,0.0932852,-0.00532648,0,-0,0.0112793,35,32,0,0,0,11.5199,0,0,0,-0.159306
1153,3.29959,0,0.0149142,0.0451172,0,0.0932852,-0.0266324,0,-0,0.0112793,35,32,0,0,0,11.5299,0,0,0,-0.159306
1154,3.29959,0,-0.00213059,0.0338379,0,0.0932852,-0.00319589,0,-0,0.0112793,35,32,0,0,0,11.5399,0,0,0,-0.159294
1155,3.29959,0,-0.00319589,0.0451172,0,0.0932852,0.0159795,0,-0,-0,35,32,0,0,0,11.5499,0,0,0,-0.159291
1156,3.29959,0,0.00213059,0.0451172,0,0.0932852,0.00958767,0,-0,0.0112793,35,32,0,0,0,11.5599,0,0,0,-0.159257
1157,3.29959,0,0.00532648,0.0338379,0,0.0932852,0.0159795,0,-0,-0,35,32,0,0,0,11.5699,0,0,0,-0.159341
1158,3.29959,0,-0.00213059,0,0,0.0932852,-0.0234365,0,-0,0.0112793,35,32,0,0,0,11.5799,0,0,0,-0.159268
1159,3.29959,0,-0.00319589,0,0,0.0932852,0.0245018,0,-0,0.0112793,35,32,0,0,0,11.5899,0,0,0,-0.159309
1160,3.29959,0,-0.00852238,0,0,0.0932852,0.00852238,0,-0,0.0112793,35,32,0,0,0,11.5999,0,0,0,-0.159293
1161,3.29959,0,0.00319589,0,0,0.0932852,-0.0117183,0,-0,0.0112793,35,32,0,0,0,11.6099,0,0,0,-0.159296
1162,3.29959,0,-0.00639178,0.0338379,0,0.0932852,-0.00532648,0,-0,-0.0225586,35,32,0,0,0,11.6199,0,0,0,-0.159259
1163,3.29959,0,0.0138489,0,0,0.0932852,0.00319589,0,-0,-0,35,32,0,0,0,11.6299,0,0,0,-0.15928
1164,3.29959,0,0.0117183,0.0225586,0,0.0932852,0.0223712,0,-0,0.0112793,35,32,0,0,0,11.6399,0,0,0,-0.15925
1165,3.29959,0,-0.00213059,0,0,0.0932852,0.0191753,0,-0,-0,35,32,0,0,0,11.6499,0,0,0,-0.159296
1166,3.29959,0,0.00852238,-0.0451172,0,0.0932852,-0.00532648,0,-0,-0.0338379,35,32,0,0,0,11.6599,0,0,0,-0.159249
1167,3.29959,0,-0.00745708,0.0225586,0,0.0932852,0.00426119,0,-0,-0.0451172,35,32,0,0,0,11.6699,0,0,0,-0.159283
1168,3.29959,0,-0.00532648,0,0,0.0932852,-0.0266324,0,-0,-0.0338379,35,32,0,0,0,11.6799,0,0,0,-0.159273
1169,3.29959,0,-0.010653,0,0,0.0932852,0.00532648,0,-0,-0.0112793,35,32,0,0,0,11.6899,0,0,0,-0.159302
1170,3.29959,0,0.00319589,0,0,0.0932852,-0.0010653,0,-0,-0.0338379,35,32,0,0,0,11.6999,0,0,0,-0.159264
1171,3.29959,0,0.0010653,0.0225586,0,0.0932852,0.0010653,0,-0,-0.0451172,35,32,0,0,0,11.7099,0,0,0,-0.159275
1172,3.29959,0,-0.00319589,0,0,0.0932852,-0.0202406,0,-0,0.0225586,35,32,0,0,0,11.7199,0,0,0,-0.15927
1173,3.29959,0,-0.010653,0,0,0.0932852,0.010653,0,-0,0.0112793,35,32,0,0,0,11.7299,0,0,0,-0.159293
1174,3.29959,0,-1.36984e-18,-0.0451172,0,0.0932852,-0.0223712,0,-0,-0,35,32,0,0,0,11.7399,0,0,0,-0.159291
1175,3.29959,0,-0.0127836,-0.0338379,0,0.0932852,0.010653,0,-0,0.0112793,35,32,0,0,0,11.7499,0,0,0,-0.159258
1176,3.29959,0,0.0138489,0.0451172,0,0.0932852,0.0234365,0,-0,0.0112793,35,32,0,0,0,11.7599,0,0,0,-0.159306
1177,3.29959,0,0.0127836,-0.0451172,0,0.0932852,0.00532648,0,-0,0.0112793,35,32,0,0,0,11.7699,0,0,0,-0.159246
1178,3.29959,0,0.0159795,0,0,0.0932852,-0.010653,0,-0,0.0112793,35,32,0,0,0,11.7799,0,0,0,-0.159274
1179,3.29959,0,0.0117183,0.0225586,0,0.0932852,-0.00213059,0,-0,-0,35,32,0,0,0,11.7899,0,0,0,-0.159266
1180,3.29959,0,-0.00639178,-0.0338379,0,0.0932852,-0.00319589,0,-0,0.0112793,35,32,0,0,0,11.7999,0,0,0,-0.159292
1181,3.29959,0,-0.00213059,-0.0225586,0,0.0932852,0.0010653,0,-0,-0,35,32,0,0,0,11.8099,0,0,0,-0.159298
1182,3.29959,0,0.00852238,-0.0338379,0,0.0932852,-0.0159795,0,-0,-0,35,32,0,0,0,11.8199,0,0,0,-0.159326
1183,3.29959,0,-0.00213059,0.0225586,0,0.0932852,1.30461e-19,0,-0,0.0112793,35,32,0,0,0,11.8299,0,0,0,-0.159284
1184,3.29959,0,0,0.0338379,0,0.0932852,0,0,-0,0.0112793,35,32,0,0,0,11.8399,0,0,0,-0.159304
1185,3.29959,0,0.0138489,-0.0451172,0,0.0932852,-0.00745708,0,-0,-0,35,32,0,0,0,11.8499,0,0,0,-0.159268
1186,3.29959,0,-0.0010653,0.0338379,0,0.0932852,0.00958767,0,-0,0.0225586,35,32,0,0,0,11.8599,0,0,0,-0.159287
1187,3.29959,0,0.0170448,0.0338379,0,0.0932852,0.0117183,0,-0,0.0112793,35,32,0,0,0,11.8699,0,0,0,-0.159243
1188,3.29959,0,0.00319589,0.0338379,0,0.0932852,-0.00319589,0,-0,0.0112793,35,32,0,0,0,11.8799,0,0,0,-0.159254
1189,3.29959,0,-0.00852238,0.0338379,0,0.0932852,0.0159795,0,-0,0.0112793,35,32,0,0,0,11.8899,0,0,0,-0.159253
1190,3.29959,0,-0.00319589,0.0338379,0,0.0932852,0.00319589,0,-0,0.0112793,35,32,0,0,0,11.8999,0,0,0,-0.159302
1191,3.29959,0,0.0138489,0.0338379,0,0.0932852,-0.00319589,0,-0,-0,35,32,0,0,0,11.9099,0,0,0,-0.159243
1192,3.29959,0,0.00319589,0,0,0.0932852,-0.0223712,0,-0,0.0112793,35,32,0,0,0,11.9199,0,0,0,-0.159244
1193,3.29959,0,-0.00639178,0,0,0.0932852,0.00532648,0,-0,-0.0451172,35,32,0,0,0,11.9299,0,0,0,-0.159265
1194,3.29959,0,-0.00532648,0.0225586,0,0.0932852,0.0191753,0,-0,-0.0338379,35,32,0,0,0,11.9399,0,0,0,-0.159274
1195,3.29959,0,-0.0010653,0,0,0.0932852,-0.00532648,0,-0,-0.0451172,35,32,0,0,0,11.9499,0,0,0,-0.159264
1196,3.29959,0,-0.00319589,0.0451172,0,0.0932852,0.0138489,0,-0,-0.0338379,35,32,0,0,0,11.9599,0,0,0,-0.159246
1197,3.29959,0,0.00745708,0.0225586,0,0.0932852,-0.00852238,0,-0,-0.0338379,35,32,0,0,0,11.9699,0,0,0,-0.159258
1198,3.29959,0,0.00319589,0.0225586,0,0.0932852,0.0308936,0,-0,-0.0338379,35,32,0,0,0,11.9799,0,0,0,-0.159258
1199,3.29959,0,0.00639178,0.0112793,0,0.0932852,-0.0170448,0,-0,-0.0338379,35,32,0,0,0,11.9899,0,0,0,-0.159181
1200,3.29959,0,-0.00213059,-0.0338379,0,0.0932852,0.0276977,0,-0,-0.0112793,35,32,0,0,0,11.9999,0,0,0,-0.15921
1201,3.29959,0,-0.0191753,0,0,0.0932852,-0.0138489,0,-0,-0.0338379,35,32,0,0,0,12.0099,0,0,0,-0.159208
1202,3.29959,0,0.00426119,0,0,0.0932852,0.01811,0,-0,-0.0112793,35,32,0,0,0,12.0199,0,0,0,-0.159228
1203,3.29959,0,0.01811,0,0,0.0932852,-0.0213059,0,-0,0.0112793,35,32,0,0,0,12.0299,0,0,0,-0.159251
1204,3.29959,0,0.0170448,0,0,0.0932852,0.0191753,0,-0,-0,35,32,0,0,0,12.0399,0,0,0,-0.159277
1205,3.29959,0,-0.0010653,0,0,0.0932852,-0.0213059,0,-0,0.0225586,35,32,0,0,0,12.0499,0,0,0,-0.159264
1206,3.29959,0,-0.0159795,-0.0451172,0,0.0932852,0.00745708,0,-0,0.0112793,35,32,0,0,0,12.0599,0,0,0,-0.15925
1207,3.29959,0,0.0276977,-0.0451172,0,0.0932852,-0.0213059,0,-0,0.0112793,35,32,0,0,0,12.0699,0,0,0,-0.159235
1208,3.29959,0,-0.00745708,0.0338379,0,0.0932852,-0.010653,0,-0,0.0112793,35,32,0,0,0,12.0799,0,0,0,-0.159214
1209,3.29959,0,0.0170448,-0.0563965,0,0.0932852,0.00852238,0,-0,0.0112793,35,32,0,0,0,12.0899,0,0,0,-0.159225
1210,3.29959,0,-0.010653,-0.0451172,0,0.0932852,0.0213059,0,-0,0.0112793,35,32,0,0,0,12.0999,0,0,0,-0.159211
1211,3.29959,0,-0.00958767,0.0338379,0,0.0932852,-0.00639178,0,-0,0.0112793,35,32,0,0,0,12.1099,0,0,0,-0.159252
1212,3.29959,0,0.00426119,-0.0451172,0,0.0932852,-0.00426119,0,-0,0.0112793,35,32,0,0,0,12.1199,0,0,0,-0.159203
1213,3.29959,0,0.0138489,-0.0451172,0,0.0932852,-0.00426119,0,-0,0.0112793,35,32,0,0,0,12.1299,0,0,0,-0.159245
1214,3.29959,0,-0.0202406,0.0225586,0,0.0932852,-0.0010653,0,-0,-0,35,32,0,0,0,12.1399,0,0,0,-0.159203
1215,3.29959,0,-0.00639178,0.0225586,0,0.0932852,-0.00745708,0,-0,-0,35,32,0,0,0,12.1499,0,0,0,-0.159241
1216,3.29959,0,0.0127836,0.0338379,0,0.0932852,0.0127836,0,-0,0.0112793,35,32,0,0,0,12.1599,0,0,0,-0.159181
1217,3.29959,0,0.0234365,0,0,0.0932852,0.0159795,0,-0,0.0112793,35,32,0,0,0,12.1699,0,0,0,-0.159227
1218,3.29959,0,0.00213059,0.0338379,0,0.0932852,-0.00426119,0,-0,0.0112793,35,32,0,0,0,12.1799,0,0,0,-0.159172
1219,3.29959,0,0.0010653,0.0338379,0,0.0932852,0.0138489,0,-0,-0,35,32,0,0,0,12.1899,0,0,0,-0.15922
1220,3.29959,0,0.0117183,0.0338379,0,0.0932852,0.00426119,0,-0,-0,35,32,0,0,0,12.1999,0,0,0,-0.159202
1221,3.29959,0,0.0117183,0.0225586,0,0.0932852,0.0202406,0,-0,0.0112793,35,32,0,0,0,12.2099,0,0,0,-0.159208
1222,3.29959,0,-0.0202406,0,0,0.0932852,-0.0255671,0,-0,0.0112793,35,32,0,0,0,12.2199,0,0,0,-0.159155
1223,3.29959,0,0.00213059,-0.0451172,0,0.0932852,0.00745708,0,-0,-0.0225586,35,32,0,0,0,12.2299,0,0,0,-0.159193
1224,3.29959,0,-0.0213059,0,0,0.0932852,-0.010653,0,-0,-0.0338379,35,32,0,0,0,12.2399,0,0,0,-0.159221
1225,3.29959,0,-0.00426119,0.0225586,0,0.0932852,0.00532648,0,-0,-0.0225586,35,32,0,0,0,12.2499,0,0,0,-0.15919
1226,3.29959,0,-0.0010653,0,0,0.0932852,0.00532648,0,-0,0.0112793,35,32,0,0,0,12.2599,0,0,0,-0.159157
1227,3.29959,0,-0.00639178,0,0,0.0932852,0.00532648,0,-0,-0.0225586,35,32,0,0,0,12.2699,0,0,0,-0.159123
1228,3.29959,0,0.0202406,0,0,0.0932852,-0.0138489,0,-0,-0.0112793,35,32,0,0,0,12.2799,0,0,0,-0.159111
1229,3.29959,0,0.01811,0,0,0.0932852,0.0362201,0,-0,-0.0225586,35,32,0,0,0,12.2899,0,0,0,-0.159117
1230,3.29959,0,0.00426119,0.0225586,0,0.0932852,-0.0234365,0,-0,-0.0225586,35,32,0,0,0,12.2999,0,0,0,-0.159069
1231,3.29959,0,0.00532648,0,0,0.0932852,0.0223712,0,-0,0.0225586,35,32,0,0,0,12.3099,0,0,0,-0.159106
1232,3.29959,0,0.00958767,0,0,0.0932852,-0.00852238,0,-0,0.0112793,35,32,0,0,0,12.3199,0,0,0,-0.159091
1233,3.29959,0,-0.00745708,-0.0451172,0,0.0932852,0.01811,0,-0,0.0112793,35,32,0,0,0,12.3299,0,0,0,-0.159072
1234,3.29959,0,0.00426119,-0.0451172,0,0.0932852,0.0010653,0,-0,0.0112793,35,32,0,0,0,12.3399,0,0,0,-0.159091
1235,3.29959,0,-0.0170448,-0.0451172,0,0.0932852,0.0149142,0,-0,-0,35,32,0,0,0,12.3499,0,0,0,-0.159058
1236,3.29959,0,0.00426119,-0.0451172,0,0.0932852,-0.0138489,0,-0,-0,35,32,0,0,0,12.3599,0,0,0,-0.159065
1237,3.29959,0,-0.0127836,-0.0338379,0,0.0932852,0.0245018,0,-0,0.0225586,35,32,0,0,0,12.3699,0,0,0,-0.159046
1238,3.29959,0,0.0191753,-0.0451172,0,0.0932852,0.00639178,0,-0,0.0112793,35,32,0,0,0,12.3799,0,0,0,-0.159053
1239,3.29959,0,0.00532648,-0.0451172,0,0.0932852,0.00745708,0,-0,-0,35,32,0,0,0,12.3899,0,0,0,-0.159019
1240,3.29959,0,0.00213059,-0.0451172,0,0.0932852,0.00745708,0,-0,0.0112793,35,32,0,0,0,12.3999,0,0,0,-0.159041
1241,3.29959,0,0.00852238,0,0,0.0932852,-0.00426119,0,-0,0.0112793,35,32,0,0,0,12.4099,0,0,0,-0.158982
1242,3.29959,0,-0.010653,0,0,0.0932852,-0.00319589,0,-0,0.0112793,35,32,0,0,0,12.4199,0,0,0,-0.159024
1243,3.29959,0,0.00852238,-0.0338379,0,0.0932852,0.0255671,0,-0,-0,35,32,0,0,0,12.4299,0,0,0,-0.158977
1244,3.29959,0,-0.00319589,0.0338379,0,0.0932852,0.0159795,0,-0,0.0112793,35,32,0,0,0,12.4399,0,0,0,-0.158989
1245,3.29959,0,0.0117183,0.0225586,0,0.0932852,-0.0372854,0,-0,0.0112793,35,32,0,0,0,12.4499,0,0,0,-0.15896
1246,3.29959,0,-0.00532648,0.0338379,0,0.0932852,0.0159795,0,-0,0.0112793,35,32,0,0,0,12.4599,0,0,0,-0.158968
1247,3.29959,0,0.00319589,0.0338379,0,0.0932852,-0.010653,0,-0,-0,35,32,0,0,0,12.4699,0,0,0,-0.15894
1248,3.29959,0,-0.00852238,0.0225586,0,0.0932852,0.0127836,0,-0,0.0112793,35,32,0,0,0,12.4799,0,0,0,-0.158998
1249,3.29959,0,-0.0149142,0.0338379,0,0.0932852,-0.010653,0,-0,0.0112793,35,32,0,0,0,12.4899,0,0,0,-0.158969
1250,3.29959,0,-0.00852238,-0.0451172,0,0.0932852,0.0010653,0,-0,-0,35,32,0,0,0,12.4999,0,0,0,-0.159002
1251,3.29959,0,-0.0127836,-0.0451172,0,0.0932852,-0.00426119,0,-0,-0.0225586,35,32,0,0,0,12.5099,0,0,0,-0.158948
1252,3.29959,0,-0.00745708,0,0,0.0932852,0.0340895,0,-0,0.0112793,35,32,0,0,0,12.5199,0,0,0,-0.158966
1253,3.29959,0,0.00852238,0,0,0.0932852,-0.00745708,0,-0,-0,35,32,0,0,0,12.5299,0,0,0,-0.158955
1254,3.29959,0,-0.00213059,0,0,0.0932852,0.0191753,0,-0,-0.0225586,35,32,0,0,0,12.5399,0,0,0,-0.158985
1255,3.29959,0,0.00745708,0,0,0.0932852,-0.00745708,0,-0,-0.0451172,35,32,0,0,0,12.5499,0,0,0,-0.158999
1256,3.29959,0,0.00426119,0,0,0.0932852,0.00745708,0,-0,0.0112793,35,32,0,0,0,12.5599,0,0,0,-0.159023
1257,3.29959,0,0.00532648,0.0225586,0,0.0932852,-0.00852238,0,-0,-0,35,32,0,0,0,12.5699,0,0,0,-0.159026
1258,3.29959,0,-0.00319589,0,0,0.0932852,0.00426119,0,-0,-0.0225586,35,32,0,0,0,12.5799,0,0,0,-0.159022
1259,3.29959,0,0.0117183,-0.0451172,0,0.0932852,-0.010653,0,-0,0.0225586,35,32,0,0,0,12.5899,0,0,0,-0.159005
1260,3.29959,0,0.00319589,-0.0451172,0,0.0932852,0.0245018,0,-0,-0.0225586,35,32,0,0,0,12.5999,0,0,0,-0.159002
1261,3.29959,0,0.00639178,0,0,0.0932852,-0.0159795,0,-0,-0.0451172,35,32,0,0,0,12.6099,0,0,0,-0.159004
1262,3.29959,0,-0.00852238,0.0338379,0,0.0932852,0.0372854,0,-0,0.0112793,35,32,0,0,0,12.6199,0,0,0,-0.158999
1263,3.29959,0,-0.0276977,0,0,0.0932852,-0.0308936,0,-0,-0.0225586,35,32,0,0,0,12.6299,0,0,0,-0.159007
1264,3.29959,0,0.0202406,-0.0451172,0,0.0932852,0.0276977,0,-0,0.0112793,35,32,0,0,0,12.6399,0,0,0,-0.158997
1265,3.29959,0,-0.00745708,0,0,0.0932852,0.00958767,0,-0,0.0112793,35,32,0,0,0,12.6499,0,0,0,-0.15904
1266,3.29959,0,2.3483e-18,0,0,0.0932852,0.0383507,0,-0,0.0112793,35,32,0,0,0,12.6599,0,0,0,-0.159011
1267,3.29959,0,-0.00426119,0,0,0.0932852,-0.0010653,0,-0,0.0112793,35,32,0,0,0,12.6699,0,0,0,-0.159034
1268,3.29959,0,0.0202406,0.0451172,0,0.0932852,0.0149142,0,-0,0.0112793,35,32,0,0,0,12.6799,0,0,0,-0.159022
1269,3.29959,0,0.00426119,-0.0451172,0,0.0932852,-0.00852238,0,-0,-0,35,32,0,0,0,12.6899,0,0,0,-0.15903
1270,3.29959,0,-0.0245018,-0.0451172,0,0.0932852,0.0010653,0,-0,0.0112793,35,32,0,0,0,12.6999,0,0,0,-0.159024
1271,3.29959,0,0.010653,-0.0338379,0,0.0932852,-0.00958767,0,-0,-0,35,32,0,0,0,12.7099,0,0,0,-0.159018
1272,3.29959,0,-0.00639178,0.0338379,0,0.0932852,0.0170448,0,-0,-0,35,32,0,0,0,12.7199,0,0,0,-0.159007
1273,3.29959,0,0.010653,0.0338379,0,0.0932852,0.00639178,0,-0,-0,35,32,0,0,0,12.7299,0,0,0,-0.159026
1274,3.29959,0,-0.0010653,0,0,0.0932852,0.0159795,0,-0,-0.0338379,35,32,0,0,0,12.7399,0,0,0,-0.159033
1275,3.29959,0,0.0170448,0.0338379,0,0.0932852,0.0266324,0,-0,0.0112793,35,32,0,0,0,12.7499,0,0,0,-0.159048
1276,3.29959,0,0.00532648,0,0,0.0932852,-0.0276977,0,-0,0.0112793,35,32,0,0,0,12.7599,0,0,0,-0.158993
1277,3.29959,0,0.00745708,-0.0338379,0,0.0932852,0.0149142,0,-0,-0.0338379,35,32,0,0,0,12.7699,0,0,0,-0.159
1278,3.29959,0,0.00213059,0,0,0.0932852,0.00319589,0,-0,0.0112793,35,32,0,0,0,12.7799,0,0,0,-0.158992
1279,3.29959,0,0.00319589,0.0338379,0,0.0932852,0.0213059,0,-0,-0,35,32,0,0,0,12.7899,0,0,0,-0.159002
1280,3.29959,0,0.0117183,0.0338379,0,0.0932852,-0.0245018,0,-0,0.0112793,35,32,0,0,0,12.7999,0,0,0,-0.159011
1281,3.29959,0,0.00213059,0.0225586,0,0.0932852,-0.010653,0,-0,0.0112793,35,32,0,0,0,12.8099,0,0,0,-0.159004
1282,3.29959,0,-0.0117183,0,0,0.0932852,0.00532648,0,-0,-0,35,32,0,0,0,12.8199,0,0,0,-0.158952
1283,3.29959,0,-0.00319589,0,0,0.0932852,0.010653,0,-0,-0.0112793,35,32,0,0,0,12.8299,0,0,0,-0.158967
1284,3.29959,0,-2.15261e-18,0,0,0.0932852,-0.0351548,0,-0,-0,35,32,0,0,0,12.8399,0,0,0,-0.158962
1285,3.29959,0,0.0170448,0,0,0.0932852,0.0372854,0,-0,-0.0225586,35,32,0,0,0,12.8499,0,0,0,-0.158976
1286,3.29959,0,0.0117183,-0.0338379,0,0.0932852,-0.039416,0,-0,-0.0451172,35,32,0,0,0,12.8599,0,0,0,-0.158979
1287,3.29959,0,-0.00958767,0.0225586,0,0.0932852,0.0138489,0,-0,-0.0338379,35,32,0,0,0,12.8699,0,0,0,-0.158989
1288,3.29959,0,-0.0276977,0,0,0.0932852,-0.0276977,0,-0,-0.0225586,35,32,0,0,0,12.8799,0,0,0,-0.158957
1289,3.29959,0,0.0170448,0.0225586,0,0.0932852,0.00745708,0,-0,-0.0451172,35,32,0,0,0,12.8899,0,0,0,-0.15897
1290,3.29959,0,-0.0117183,0,0,0.0932852,-0.0149142,0,-0,-0.0451172,35,32,0,0,0,12.8999,0,0,0,-0.158991
1291,3.29959,0,-0.00958767,0,0,0.0932852,-0.00745708,0,-0,-0.0338379,35,32,0,0,0,12.9099,0,0,0,-0.158987
1292,3.29959,0,-0.00213059,0,0,0.0932852,-0.0138489,0,-0,0.0225586,35,32,0,0,0,12.9199,0,0,0,-0.159009
1293,3.29959,0,-0.00532648,0.0338379,0,0.0932852,0.01811,0,-0,-0,35,32,0,0,0,12.9299,0,0,0,-0.158997
1294,3.29959,0,0.00426119,-0.0451172,0,0.0932852,-0.00319589,0,-0,0.0225586,35,32,0,0,0,12.9399,0,0,0,-0.158994
1295,3.29959,0,-0.00852238,-0.0338379,0,0.0932852,0.0159795,0,-0,0.0112793,35,32,0,0,0,12.9499,0,0,0,-0.158976
1296,3.29959,0,-0.00958767,-0.0451172,0,0.0932852,-0.0202406,0,-0,0.0112793,35,32,0,0,0,12.9599,0,0,0,-0.158976
1297,3.29959,0,-0.00319589,-0.0451172,0,0.0932852,-0.00639178,0,-0,0.0112793,35,32,0,0,0,12.9699,0,0,0,-0.15895
1298,3.29959,0,0.0117183,-0.0451172,0,0.0932852,0.010653,0,-0,0.0112793,35,32,0,0,0,12.9799,0,0,0,-0.158986
1299,3.29959,0,0.00639178,-0.0451172,0,0.0932852,0.0372854,0,-0,0.0112793,35,32,0,0,0,12.9899,0,0,0,-0.158983
1300,3.29959,0,-0.00852238,-0.0451172,0,0.0932852,-0.0213059,0,-0,0.0225586,35,32,0,0,0,12.9999,0,0,0,-0.15898
1301,3.29959,0,0.00319589,0,0,0.0932852,-0.0127836,0,-0,0.0112793,35,32,0,0,0,13.0099,0,0,0,-0.158971
1302,3.29959,0,-0.0191753,0.0338379,0,0.0932852,-0.00319589,0,-0,0.0112793,35,32,0,0,0,13.0199,0,0,0,-0.15898
1303,3.29959,0,-0.00958767,-0.0451172,0,0.0932852,-0.0127836,-0.0149755,-0,-0,35,32,1,0,0,13.0299,0,0.158708,-3.25213,-0.158955
1304,3.29959,0,-0.00319589,0.0338379,0,0.0932852,0.010653,-0.0649768,-0,-0.0112793,35,32,1,0,0,13.0399,0,0.157836,-3.36201,-0.158979
1305,3.29959,0,-0.00213059,0.0338379,0,0.0932852,-0.00213059,-0.114974,-0,-0.0338379,35,32,1,0,0,13.0499,0,0.156963,-3.39653,-0.158955
1306,3.29959,0,-0.0170448,-0.0338379,0,0.0932852,-0.0138489,-0.164971,-0,-0.101514,35,32,1,0,0,13.0599,0,0.156091,-3.43856,-0.159005
1307,3.29959,0,-0.010653,0.0338379,0,0.0931893,-0.0202406,-0.214972,-0,-0.101514,35,32,1,0,0,13.0699,0,0.155218,-3.48713,-0.15899
1308,3.29959,0,0.00426119,0.0338379,0,0.0930935,-2.60922e-19,-0.264975,-0.0279253,-0.15791,35,32,1,0,0,13.0799,0,0.154345,-3.59134,-0.159004
1309,3.29959,0,-1.36984e-18,0.0451172,0,0.09271,-0.0223712,-0.314973,-0.0488692,-0.270703,35,32,1,0,0,13.0899,0,0.153473,-3.60727,-0.158969
1310,3.29959,0,-0.00532648,0.0225586,0,0.0921347,0.0010653,-0.364976,-0.0593412,-0.31582,35,32,1,0,0,13.0999,0,0.1526,-3.71516,-0.158933
1311,3.29959,0,-0.00426119,0.0451172,0,0.0914636,-0.0298283,-0.414979,-0.0802851,-0.383496,35,32,1,0,0,13.1099,0,0.151727,-3.71658,-0.158925
1312,3.29959,0,0.010653,0.0225586,0,0.090409,0.0213059,-0.464974,-0.1309,-0.406055,35,32,1,0,0,13.1199,0,0.150855,-3.88319,-0.158928
1313,3.29959,0,-0.00852238,-0.0451172,0,0.088875,-0.0426119,-0.514975,-0.164061,-0.496289,35,32,1,0,0,13.1299,0,0.149982,-3.81308,-0.15883
1314,3.29959,0,0.0170448,0,0,0.0869575,-0.010653,-0.564974,-0.225147,-0.575244,35,32,1,0,0,13.1399,0,0.149109,-3.93733,-0.158795
1315,3.29959,0,-0.010653,0.0225586,0,0.0840813,-0.0202406,-0.614975,-0.289725,-0.64292,35,32,1,0,0,13.1499,0,0.148236,-3.97238,-0.158695
1316,3.29959,0,0.00958767,0,0,0.082068,0.010653,-0.664974,-0.118682,-0.586523,35,32,1,0,0,13.1599,0,0.147364,-4.08531,-0.15855
1317,3.29959,0,-0.00532648,0,0,0.0815886,-0.010653,-0.714974,-0.0174533,-0.620361,35,32,1,0,0,13.1699,0,0.146491,-4.09785,-0.158464
1318,3.29959,0,0.00852238,0.0338379,0,0.0813969,0.0245018,-0.764972,-0.0174533,-0.665479,35,32,1,0,0,13.1799,0,0.145619,-4.22889,-0.158458
1319,3.29959,0,0.01811,0,0,0.0811092,-0.010653,-0.814973,-0.0383972,-0.823389,35,32,1,0,0,13.1899,0,0.144746,-4.22132,-0.158483
1320,3.29959,0,-0.010653,0,0,0.080534,-0.0127836,-0.864974,-0.0733038,-0.744434,35,32,1,0,0,13.1999,0,0.143873,-4.27423,-0.158426
1321,3.29959,0,-0.010653,0,0,0.0795753,-0.0117183,-0.914974,-0.115192,-0.913623,35,32,1,0,0,13.2099,0,0.143001,-4.33232,-0.158351
1322,3.29959,0,-0.0138489,-0.0338379,0,0.0783289,0.00426119,-0.964974,-0.13439,-1.00386,35,32,1,0,0,13.2199,0,0.142128,-4.41748,-0.158236
1323,3.29959,0,0.00532648,-0.0451172,0,0.0771784,-0.028763,-1.01497,-0.0767945,-1.06025,35,32,1,0,0,13.2299,0,0.141255,-4.40526,-0.158131
1324,3.29959,0,-0.010653,0,0,0.0767949,0.010653,-1.06497,-0.015708,-1.06025,35,32,1,0,0,13.2399,0,0.140383,-4.53716,-0.158014
1325,3.29959,0,-1.95692e-19,0,0,0.0767949,-0.00319589,-1.11497,-0.00698132,-1.13921,35,32,1,0,0,13.2499,0,0.13951,-4.5718,-0.158032
1326,3.29959,0,-0.00639178,0,0,0.0765073,0.00639178,-1.16497,-0.0331613,-1.16177,35,32,1,0,0,13.2599,0,0.138637,-4.64927,-0.157992
1327,3.29959,0,0.00426119,-0.0451172,0,0.0761238,-0.0255671,-1.21498,-0.0453786,-1.24072,35,32,1,0,0,13.2699,0,0.137765,-4.64327,-0.157946
1328,3.29959,0,-0.0170448,-0.0338379,0,0.0756444,-0.00426119,-1.26497,-0.0471239,-1.24072,35,32,1,0,0,13.2799,0,0.136892,-4.74091,-0.157857
1329,3.29959,0,0.0010653,-0.0338379,0,0.0751651,-0.0117183,-1.31498,-0.0523599,-1.31968,35,32,1,0,0,13.2899,0,0.136019,-4.77964,-0.157749
1330,3.29959,0,0.00532648,-0.0451172,0,0.0745898,-0.0149142,-1.36497,-0.0488692,-1.37607,35,32,1,0,0,13.2999,0,0.135147,-4.82825,-0.157661
1331,3.29959,0,0.00426119,0.0451172,0,0.0741104,-2.60922e-19,-1.41497,-0.0366519,-1.42119,35,32,1,0,0,13.3099,0,0.134274,-4.91594,-0.157614
1332,3.29959,0,0.01811,-0.0338379,0,0.073727,-0.0298283,-1.46497,-0.0383972,-1.45503,35,32,1,0,0,13.3199,0,0.133401,-4.91232,-0.15754
1333,3.29959,0,0.0213059,-0.0451172,0,0.0732476,0.00426119,-1.51497,-0.0558505,-1.51143,35,32,1,0,0,13.3299,0,0.132529,-5.03662,-0.157468
1334,3.29959,0,-0.00532648,-0.0451172,0,0.0726723,-0.0149142,-1.56497,-0.0680678,-1.55654,35,32,1,0,0,13.3399,0,0.131656,-5.05082,-0.157344
1335,3.29959,0,-0.00745708,0,0,0.0719053,0.00426119,-1.61497,-0.0785398,-1.62422,35,32,1,0,0,13.3499,0,0.130783,-5.14216,-0.157226
1336,3.29959,0,-0.0202406,-0.0338379,0,0.0711384,-0.0276977,-1.66497,-0.0767945,-1.68062,35,32,1,0,0,13.3599,0,0.129911,-5.12544,-0.157024
1337,3.29959,0,0.010653,-0.0451172,0,0.0697961,0.0404813,-1.71497,-0.345575,-1.60166,35,32,1,0,0,13.3699,0,0.129038,-5.31867,-0.156962
1338,3.29959,0,-0.00532648,-0.0338379,0,0.0659612,-0.00852238,-1.76498,-0.109956,-1.83853,35,32,1,0,0,13.3799,0,0.128165,-5.29482,-0.157152
1339,3.29959,0,0.00213059,0.0338379,0,0.0663447,-0.0319589,-1.81498,-0,-1.75957,35,32,1,0,0,13.3899,0,0.127293,-5.27234,-0.156619
1340,3.29959,0,-0.0191753,0,0,0.0661529,-0.0521996,-1.86497,-0,-1.82725,35,32,1,0,0,13.3999,0,0.12642,-5.29305,-0.156621
1341,3.29959,0,-0.00639178,0.0338379,0,0.0661529,0.0383507,-1.91497,-0,-1.88364,35,32,1,0,0,13.4099,0,0.125547,-5.54832,-0.15681
1342,3.29959,0,0.0138489,0.0338379,0,0.066057,-0.0234365,-1.96497,-0.0191986,-1.92876,35,32,1,0,0,13.4199,0,0.124675,-5.48693,-0.156827
1343,3.29959,0,0.00532648,0.0338379,0,0.0658653,0.0159795,-2.01498,-0,-2.05283,35,32,1,0,0,13.4299,0,0.123802,-5.62398,-0.156785
1344,3.29959,0,-0.00426119,0,0,0.0657694,-0.01811,-2.06497,-0.0174533,-2.10923,35,32,1,0,0,13.4399,0,0.122929,-5.61411,-0.156745
1345,3.29959,0,0.00532648,0,0,0.0655777,0.0117183,-2.11498,-0.0279253,-2.07539,35,32,1,0,0,13.4499,0,0.122057,-5.72258,-0.156566
1346,3.29959,0,0.00319589,0.0225586,0,0.0650983,-0.0149142,-2.16498,-0.0471239,-2.14307,35,32,1,0,0,13.4599,0,0.121184,-5.733,-0.156604
1347,3.29959,0,-0.00532648,0.0225586,0,0.0649066,0.010653,-2.21497,-0.00872665,-2.25586,35,32,1,0,0,13.4699,0,0.120311,-5.83646,-0.156476
1348,3.29959,0,-0.00852238,0.0225586,0,0.0645231,-0.0234365,-2.26498,-0.0558505,-2.30098,35,32,1,0,0,13.4799,0,0.119439,-5.8248,-0.15641
1349,3.29959,0,0.00213059,-0.0338379,0,0.063852,-0.0117183,-2.31498,-0.0837758,-2.37993,35,32,1,0,0,13.4899,0,0.118566,-5.89117,-0.156146
1350,3.29959,0,0.00958767,0.0338379,0,0.0629891,-0.039416,-2.36545,-0.0645772,-2.43633,35,32,1,0,0,13.5,0,0.117685,-5.88537,-0.15597
1351,3.29959,0,-0.00213059,0.0338379,0,0.0624138,-0.00958767,-2.41498,-0.0663225,-2.48145,35,32,1,0,0,13.5099,0,0.11682,-5.98767,-0.15571
1352,3.29959,0,0.0117183,0.0338379,0,0.0617427,-0.0191753,-2.46497,-0.0506145,-2.39121,35,32,1,0,0,13.5199,0,0.115948,-6.01707,-0.155528
1353,3.29959,0,0.00532648,-0.0563965,0,0.0613592,-0.00639178,-2.51497,-0.0279253,-2.5604,35,32,1,0,0,13.5299,0,0.115075,-6.09093,-0.155342
1354,3.29959,0,0.00213059,0,0,0.0609757,-0.00426119,-2.56497,-0.0349066,-2.60552,35,32,1,0,0,13.5399,0,0.114203,-6.15233,-0.155285
1355,3.29959,0,0.00639178,0,0,0.0605922,-3.91384e-19,-2.61497,-0.0436332,-2.5604,35,32,1,0,0,13.5499,0,0.11333,-6.2189,-0.155241
1356,3.29959,0,0.0170448,-0.0338379,0,0.0602087,-0.0170448,-2.66497,-0.0418879,-2.60552,35,32,1,0,0,13.5599,0,0.112457,-6.23668,-0.155107
1357,3.29959,0,0.00319589,0,0,0.0598253,-0.0202406,-2.71497,-0.0383972,-2.66191,35,32,1,0,0,13.5699,0,0.111585,-6.27813,-0.154914
1358,3.29959,0,0.00532648,-0.0451172,0,0.0594418,0.0159795,-2.76497,-0.0296706,-2.70703,35,32,1,0,0,13.5799,0,0.110712,-6.40342,-0.154794
1359,3.29959,0,-0.00745708,0.0338379,0,0.0591541,-0.00852238,-2.81498,-0.0174533,-2.78599,35,32,1,0,0,13.5899,0,0.109839,-6.40728,-0.154674
1360,3.29959,0,0.0191753,-0.0451172,0,0.0589624,0.0213059,-2.86497,-0.0226893,-2.85366,35,32,1,0,0,13.5999,0,0.108967,-6.52635,-0.15465
1361,3.29959,0,-0.01811,0.0338379,0,0.0586748,-0.00852238,-2.91498,-0.0279253,-2.92134,35,32,1,0,0,13.6099,0,0.108094,-6.5262,-0.154627
1362,3.29959,0,0.00745708,-0.0451172,0,0.0583871,-0.0010653,-2.96497,-0.0349066,-2.91006,35,32,1,0,0,13.6199,0,0.107221,-6.59505,-0.154523
1363,3.29959,0,-0.00639178,-0.0338379,0,0.0580036,-0.0202406,-3.01497,-0.0296706,-2.95518,35,32,1,0,0,13.6299,0,0.106349,-6.60205,-0.154294
1364,3.29959,0,0.0010653,0.0451172,0,0.0576202,0.0191753,-3.06497,-0.0471239,-3.04541,35,32,1,0,0,13.6399,0,0.105476,-6.73132,-0.154139
1365,3.29959,0,0.00745708,-0.0338379,0,0.0570449,-0.028763,-3.11498,-0.0575959,-3.10181,35,32,1,0,0,13.6499,0,0.104603,-6.68693,-0.154
1366,3.29959,0,0.00319589,-0.0338379,0,0.0563738,-0.0149142,-3.16497,-0.0837758,-3.11309,35,32,1,0,0,13.6599,0,0.103731,-6.75897,-0.153756
1367,3.29959,0,-0.0010653,0.0225586,0,0.0554151,-0.0649831,-3.21497,-0.101229,-3.18076,35,32,1,0,0,13.6699,0,0.102858,-6.69852,-0.153445
1368,3.29959,0,0.0010653,0.0563965,0,0.0541687,-0.039416,-3.26497,-0.129154,-3.19204,35,32,1,0,0,13.6799,0,0.101985,-6.77423,-0.152914
1369,3.29959,0,0.0010653,0,0,0.05321,-0.0841585,-3.31497,-0.0837758,-3.271,35,32,1,0,0,13.6899,0,0.101113,-6.70331,-0.152296
1370,3.29959,0,0.028763,0.0225586,0,0.052443,-0.00852238,-3.36497,-0.0785398,-3.32739,35,32,1,0,0,13.6999,0,0.10024,-6.87074,-0.151642
1371,3.29959,0,-0.00532648,0.0338379,0,0.0517719,-0.0245018,-3.41497,-0.0471239,-3.42891,35,32,1,0,0,13.7099,0,0.0993673,-6.86573,-0.151145
1372,3.29959,0,-0.00532648,0.0338379,0,0.0514842,-0.0191753,-3.46497,-0.0366519,-3.44019,35,32,1,0,0,13.7199,0,0.0984946,-6.91669,-0.150843
1373,3.29959,0,0.00958767,0,0,0.0511966,0.010653,-3.51497,-0.0174533,-3.49658,35,32,1,0,0,13.7299,0,0.097622,-7.03573,-0.150818
1374,3.29959,0,-0.00319589,0.0338379,0,0.0510049,-0.010653,-3.56496,-0.0226893,-3.53042,35,32,1,0,0,13.7399,0,0.0967496,-7.05274,-0.150797
1375,3.29959,0,-0.00639178,0.0338379,0,0.0508131,0.00639178,-3.61495,-0.0139626,-3.57554,35,32,1,0,0,13.7499,0,0.0958769,-7.15089,-0.15084
1376,3.29959,0,0.0127836,0,0,0.0506214,-0.0362201,-3.66513,-0.0314159,-3.64321,35,32,1,0,0,13.7599,0,0.0950012,-7.11981,-0.150736
1377,3.29959,0,-0.0010653,0,0,0.0502379,-0.0202406,-3.71497,-0.0488692,-3.69961,35,32,1,0,0,13.7699,0,0.0941313,-7.20163,-0.150576
1378,3.29959,0,0.0149142,0.0225586,0,0.0495668,-0.0596566,-3.76497,-0.0907571,-3.73345,35,32,1,0,0,13.7799,0,0.0932587,-7.15873,-0.15021
1379,3.29959,0,0.00319589,0,0,0.0483204,-0.0564607,-3.81497,-0.150098,-3.80112,35,32,1,0,0,13.7899,0,0.0923859,-7.17692,-0.149493
1380,3.29959,0,-0.01811,0,0,0.046307,-0.152337,-3.86497,-0.251327,-3.75601,35,32,1,0,0,13.7999,0,0.0915133,-6.96656,-0.148335
1381,3.29959,0,0.0159795,0,0,0.0439102,-0.219451,-3.91497,-0.21293,-3.83496,35,32,1,0,0,13.8099,0,0.0906406,-6.75378,-0.146305
1382,3.29959,0,0.0127836,0,0,0.0415134,-0.284434,-3.96497,-0.305433,-3.8688,35,32,1,0,0,13.8199,0,0.089768,-6.49707,-0.143575
1383,3.29959,0,0.00213059,0,0,0.0375825,-0.349417,-4.01497,-0.411898,-4.00415,35,32,1,0,0,13.8299,0,0.0888953,-6.19983,-0.140255
1384,3.29959,0,-0.00639178,0,0,0.0337476,-0.429315,-4.06498,-0.438078,-4.09438,35,32,1,0,0,13.8399,0,0.0880226,-5.82884,-0.136298
1385,3.29959,0,0.00958767,0,0,0.0283786,-0.492167,-4.11498,-0.527089,-4.03799,35,32,1,0,0,13.8499,0,0.0871499,-5.44247,-0.131623
1386,3.29959,0,-0.00426119,0.0225586,0,0.0231056,-0.607219,-4.16497,-0.579449,-4.08311,35,32,1,0,0,13.8599,0,0.0862773,-4.89567,-0.126135
1387,3.29959,0,0.00958767,0,0,0.0171614,-0.630656,-4.21497,-0.696386,-4.15078,35,32,1,0,0,13.8699,0,0.0854046,-4.48861,-0.120016
1388,3.29959,0,-4.29218e-17,-0.0451172,0,0.010642,-0.700965,-4.21497,-0.605629,-4.25229,35,32,1,0,0,13.8799,0,0.084532,-3.95017,-0.113353
1389,3.29959,0,0.0245018,-0.0451172,0,0.0036432,-0.723337,-4.16497,-0.671952,-4.20718,35,32,1,0,0,13.8899,0,0.0836593,-3.4704,-0.106151
1390,3.29959,0,-4.70965e-17,-0.0338379,0,6.27973,-0.769144,-4.11497,-0.612611,-4.20718,35,32,1,0,0,13.8999,0,0.0827866,-2.91875,-0.0985897
1391,3.29959,0,0.01811,-0.0338379,0,6.27264,-0.794712,0,-0.42586,-1.54526,35,32,4,4,0,13.9099,0,0,0,-0.0908321
1392,3.29959,0,-0.0830932,-0.0451172,0,6.28309,-0.329177,0,1.27758,-0.259424,35,32,4,4,0,13.9199,0,0,0,-0.0852247
1393,3.29959,0,0.0458078,-0.0451172,0,0.0102585,0.597632,0,0.790634,-0.124072,35,32,4,4,0,13.9299,0,0,0,-0.086935
1394,3.29959,0,-0.00852238,-0.0338379,0,0.0165862,1.47011,0,0.610865,-0.0338379,35,32,4,4,0,13.9399,0,0,0,-0.0969852
1395,3.29959,0,-0.00745708,0.0338379,0,0.0266529,2.03152,0,1.58476,-0.0789551,35,32,4,4,0,13.9499,0,0,0,-0.114932
1396,3.29959,0,-0.0724402,0.0338379,0,0.0505255,2.64194,0,2.85361,-0.15791,35,32,4,4,0,13.9599,0,0,0,-0.139261
1397,3.29959,0,-0.322785,-0.0338379,0,0.0822597,3.34503,0,3.23933,-0.124072,35,32,4,4,0,13.9699,0,0,0,-0.168278
1398,3.29883,-0.0942478,-0.0767014,0.0338379,0,0.110638,-0.537975,0,2.50106,-0.0225586,35,32,4,4,0,13.9799,0,0,0,-0.166227
1399,3.29892,0.0331613,-0.460208,0.0338379,0,0.125115,-1.43282,0,0.216421,0.236865,35,32,4,4,0,13.9899,0,0,0,-0.154331
1400,3.29883,-0.0628319,-0.205602,0.0563965,0,0.117254,-0.219451,0,-1.07861,0.15791,35,32,4,4,0,13.9999,0,0,0,-0.150548
1401,3.29892,0.0383972,-0.00319589,0,0,0.109776,0.299348,0,-0.459022,-0.0225586,35,32,4,4,0,14.0099,0,0,0,-0.154497
1402,3.29883,-0.0471239,0.078832,-0.0338379,0,0.108337,0.409074,0,0.0628319,0.0225586,35,32,4,4,0,14.0199,0,0,0,-0.163485
1403,3.29883,0,0.0170448,0.0451172,0,0.109967,-0.613611,0,0.167552,-0.0676758,35,32,0,0,0,14.0299,0,0,0,-0.1655
1404,3.29892,0.00872665,-0.00745708,0,0,0.110447,-0.653027,0,-0.0680678,0.0451172,35,32,0,0,0,14.0399,0,0,0,-0.158834
1405,3.29892,0,-0.0234365,0,0,0.109488,-0.0223712,0,-0.0767945,0.0225586,35,32,0,0,0,14.0499,0,0,0,-0.1552
1406,3.29892,0,0.0884196,0.0225586,0,0.109967,0.628525,0,0.10472,0.0112793,35,32,0,0,0,14.0599,0,0,0,-0.159391
1407,3.29892,0,0.00426119,0,0,0.111118,0.0639178,0,0.116937,-0.0451172,35,32,0,0,0,14.0699,0,0,0,-0.163879
1408,3.29892,0.0226893,0.0852238,0.0338379,0,0.111597,-0.480449,0,-0.00523599,-0.0225586,35,32,0,0,0,14.0799,0,0,0,-0.162641
1409,3.29902,-0.00698132,-0.0756361,0,0,0.11083,-0.352613,0,-0.0785398,-0.0338379,35,32,0,0,0,14.0899,0,0,0,-0.158472
1410,3.29892,0,0.0436772,0,0,0.110542,0.322785,0,0.0436332,-0.0676758,35,32,0,0,0,14.0999,0,0,0,-0.158078
1411,3.29892,0,-0.0479384,0.0338379,0,0.111214,0.328111,0,0.0453786,-0.0676758,35,32,0,0,0,14.1099,0,0,0,-0.161993
1412,3.29892,0,0.00958767,0.0451172,0,0.111405,-0.0841585,0,-0,-0.0338379,35,32,0,0,0,14.1199,0,0,0,-0.162932
1413,3.29892,0,-0.0010653,0,0,0.111118,-0.252475,0,-0.020944,-0.0676758,35,32,0,0,0,14.1299,0,0,0,-0.160849
1414,3.29892,0,-0.0138489,0,0,0.111118,0.00745708,0,-0,0.0338379,35,32,0,0,0,14.1399,0,0,0,-0.159007
1415,3.29892,0,0.0117183,0,0,0.111118,0.2333,0,0.0139626,0.0225586,35,32,0,0,0,14.1499,0,0,0,-0.160688
1416,3.29892,0,-0.00958767,0,0,0.111214,0.107595,0,-0,0.0338379,35,32,0,0,0,14.1599,0,0,0,-0.162577
1417,3.29892,0.00872665,0.0191753,0,0,0.111214,-0.159795,0,-0.00872665,0.0225586,35,32,0,0,0,14.1699,0,0,0,-0.161771
1418,3.29892,0,-0.00852238,0,0,0.111118,-0.150207,0,-0,0.0338379,35,32,0,0,0,14.1799,0,0,0,-0.16019
1419,3.29892,0,0.0415466,0,0,0.111118,0.136358,0,-0,0.0225586,35,32,0,0,0,14.1899,0,0,0,-0.160298
1420,3.29892,0,-0.0223712,-0.0563965,0,0.111118,0.125705,0,-0,0.0225586,35,32,0,0,0,14.1999,0,0,0,-0.161956
1421,3.29892,0,0.0138489,0,0,0.111214,-0.115052,0,0.00872665,0.0225586,35,32,0,0,0,14.2099,0,0,0,-0.162329
1422,3.29892,0,-0.00958767,-0.0451172,0,0.111214,-0.113987,0,-0,0.0225586,35,32,0,0,0,14.2199,0,0,0,-0.161075
1423,3.29892,0,0.00426119,-0.0451172,0,0.111118,0.0362201,0,-0,-0.0225586,35,32,0,0,0,14.2299,0,0,0,-0.160343
1424,3.29892,-0.00523599,0.00532648,0.0225586,0,0.111118,0.125705,0,-0,0.0112793,35,32,0,0,0,14.2399,0,0,0,-0.161555
1425,3.29892,0,-0.00426119,-0.0451172,0,0.111214,0.0436772,0,0.00698132,0.0338379,35,32,0,0,0,14.2499,0,0,0,-0.162271
1426,3.29892,0,0.0426119,-0.0563965,0,0.111214,-0.0905502,0,-0,0.0225586,35,32,0,0,0,14.2599,0,0,0,-0.161579
1427,3.29892,0,0.00745708,0.0451172,0,0.111118,-0.0660484,0,-0,-0,35,32,0,0,0,14.2699,0,0,0,-0.160707
1428,3.29892,0,-0.0127836,0,0,0.111118,0.101203,0,-0,0.0112793,35,32,0,0,0,14.2799,0,0,0,-0.161174
1429,3.29892,-0.00349066,-0.00532648,-0.0563965,0,0.111118,0.068179,0,-0,0.0225586,35,32,0,0,0,14.2899,0,0,0,-0.161982
1430,3.29892,0,0.0127836,0.0225586,0,0.111214,-0.0905502,0,-0,0.0225586,35,32,0,0,0,14.2999,0,0,0,-0.161849
1431,3.29892,0,0.00852238,0.0451172,0,0.111214,-0.0543301,0,-0,0.0225586,35,32,0,0,0,14.3099,0,0,0,-0.161145
1432,3.29892,0,-0.00426119,0.0451172,0,0.111214,0.0340895,0,-0,0.0112793,35,32,0,0,0,14.3199,0,0,0,-0.161122
1433,3.29892,0,0.00852238,0.0451172,0,0.111214,0.0628525,0,-0,0.0225586,35,32,0,0,0,14.3299,0,0,0,-0.161702
1434,3.29892,0,-0.00532648,0,0,0.111214,-0.039416,0,-0,-0.0676758,35,32,0,0,0,14.3399,0,0,0,-0.161859
1435,3.29892,0,-0.00639178,0,0,0.111214,-0.0426119,0,-0,0.0225586,35,32,0,0,0,14.3499,0,0,0,-0.161382
1436,3.29892,0,-0.00745708,0,0,0.111214,0.00958767,0,-0,0.0112793,35,32,0,0,0,14.3599,0,0,0,-0.161176
1437,3.29892,0,-0.00745708,0,0,0.111214,0.0490037,0,-0,-0.0676758,35,32,0,0,0,14.3699,0,0,0,-0.161511
1438,3.29892,0,0.010653,-0.0563965,0,0.111214,-0.0245018,0,-0,-0.0676758,35,32,0,0,0,14.3799,0,0,0,-0.161707
1439,3.29892,0,0.010653,0,0,0.111214,-0.0255671,0,-0,-0.0676758,35,32,0,0,0,14.3899,0,0,0,-0.161503
1440,3.29892,0,0.0149142,0.0225586,0,0.111214,-0.0170448,0,-0,-0.0676758,35,32,0,0,0,14.3999,0,0,0,-0.161332
1441,3.29892,0,0.01811,0,0,0.111214,0.0649831,0,-0,-0.0676758,35,32,0,0,0,14.4099,0,0,0,-0.161497
1442,3.29892,0,0.0010653,0,0,0.111214,0.0170448,0,-0,-0.0676758,35,32,0,0,0,14.4199,0,0,0,-0.161689
1443,3.29892,0,0.00426119,0,0,0.111214,-0.0159795,0,-0,0.0225586,35,32,0,0,0,14.4299,0,0,0,-0.161559
1444,3.29892,0,0.0223712,0,0,0.111214,-0.00319589,0,-0,0.0112793,35,32,0,0,0,14.4399,0,0,0,-0.16141
1445,3.29892,0,0.0159795,0.0338379,0,0.111214,0.0170448,0,-0,0.0225586,35,32,0,0,0,14.4499,0,0,0,-0.161494
1446,3.29892,0,-0.00532648,0,0,0.111214,-0.0117183,0,-0,0.0338379,35,32,0,0,0,14.4599,0,0,0,-0.161613
1447,3.29892,0,-0.0191753,0.0451172,0,0.111214,-0.0340895,0,-0,0.0225586,35,32,0,0,0,14.4699,0,0,0,-0.161522
1448,3.29892,0,0.00319589,0,0,0.111214,-0.00745708,0,-0,0.0225586,35,32,0,0,0,14.4799,0,0,0,-0.161413
1449,3.29892,0,0.0223712,0,0,0.111214,0.0202406,0,-0,0.0225586,35,32,0,0,0,14.4899,0,0,0,-0.161463
1450,3.29892,0,0.00213059,-0.0563965,0,0.111214,0.00958767,0,-0,0.0338379,35,32,0,0,0,14.4999,0,0,0,-0.161582
1451,3.29892,0,0.0255671,-0.0451172,0,0.111214,0.00213059,0,-0,0.0225586,35,32,0,0,0,14.5099,0,0,0,-0.161505
1452,3.29892,0,-0.00532648,-0.0451172,0,0.111214,0.00319589,0,-0,-0,35,32,0,0,0,14.5199,0,0,0,-0.161421
1453,3.29892,0,-0.0117183,-0.0451172,0,0.111214,0.00319589,0,-0,0.0225586,35,32,0,0,0,14.5299,0,0,0,-0.161518
1454,3.29892,0,-0.00213059,-0.0451172,0,0.111214,-0.00852238,0,-0,0.0225586,35,32,0,0,0,14.5399,0,0,0,-0.161585
1455,3.29892,0,0.0117183,-0.0451172,0,0.111214,-0.0138489,0,-0,0.0225586,35,32,0,0,0,14.5499,0,0,0,-0.161479
1456,3.29892,0,0.0138489,0,0,0.111214,0.0127836,0,-0,0.0112793,35,32,0,0,0,14.5599,0,0,0,-0.161462
1457,3.29892,0,0.0010653,-0.0338379,0,0.111214,-0.0223712,0,-0,0.0225586,35,32,0,0,0,14.5699,0,0,0,-0.161567
1458,3.29892,0,0.00213059,0.0451172,0,0.111214,0.00319589,0,-0,0.0338379,35,32,0,0,0,14.5799,0,0,0,-0.161572
1459,3.29892,0,-0.00639178,-0.0451172,0,0.111214,-0.00852238,0,-0,0.0338379,35,32,0,0,0,14.5899,0,0,0,-0.161513
1460,3.29892,0,0.0213059,0.0225586,0,0.111214,0.0255671,0,-0,-0.0676758,35,32,0,0,0,14.5999,0,0,0,-0.161467
1461,3.29892,0,-0.00745708,-0.0563965,0,0.111214,-0.0276977,0,-0,0.0112793,35,32,0,0,0,14.6099,0,0,0,-0.161559
1462,3.29892,0,-0.00852238,0,0,0.111214,0.00852238,0,-0,0.0225586,35,32,0,0,0,14.6199,0,0,0,-0.161511
1463,3.29892,0,0.0266324,0.0451172,0,0.111214,-0.0010653,0,-0,0.0225586,35,32,0,0,0,14.6299,0,0,0,-0.16146
1464,3.29892,0,-0.0202406,0.0451172,0,0.111214,-0.00852238,0,-0,-0.0676758,35,32,0,0,0,14.6399,0,0,0,-0.161452
1465,3.29892,0,0.00426119,0,0,0.111214,-0.00213059,0,-0,0.0225586,35,32,0,0,0,14.6499,0,0,0,-0.161508
1466,3.29892,0,0.010653,0,0,0.111214,0.00852238,0,-0,-0.0676758,35,32,0,0,0,14.6599,0,0,0,-0.161489
1467,3.29892,0,-0.00532648,0.0338379,0,0.111214,-0.01811,0,-0,-0.0676758,35,32,0,0,0,14.6699,0,0,0,-0.161472
1468,3.29892,0,0.0213059,0,0,0.111214,0.0117183,0,-0,0.0112793,35,32,0,0,0,14.6799,0,0,0,-0.16152
1469,3.29892,0,-0.0010653,0,0,0.111214,-0.00426119,0,-0,-0.0676758,35,32,0,0,0,14.6899,0,0,0,-0.161571
1470,3.29892,0,-0.0149142,0.0225586,0,0.111214,0.00958767,0,-0,-0,35,32,0,0,0,14.6999,0,0,0,-0.161526
1471,3.29892,0,-0.0234365,0,0,0.111214,-0.010653,0,-0,-0.0451172,35,32,0,0,0,14.7099,0,0,0,-0.161532
1472,3.29892,0,-0.00745708,0,0,0.111214,0.00745708,0,-0,-0.0676758,35,32,0,0,0,14.7199,0,0,0,-0.161545
1473,3.29892,0,-5.21845e-19,0,0,0.111214,-0.00852238,0,-0,0.0225586,35,32,0,0,0,14.7299,0,0,0,-0.161533
1474,3.29892,0,0.00213059,-0.0563965,0,0.111214,0.0298283,0,-0,-0.0676758,35,32,0,0,0,14.7399,0,0,0,-0.161498
1475,3.29892,0,0.00639178,0,0,0.111214,-0.0010653,0,-0,-0.0676758,35,32,0,0,0,14.7499,0,0,0,-0.16155
1476,3.29892,0,-0.00213059,0,0,0.111214,-0.0191753,0,-0,0.0338379,35,32,0,0,0,14.7599,0,0,0,-0.161497
1477,3.29892,0,0.00426119,0,0,0.111214,0.0202406,0,-0,0.0451172,35,32,0,0,0,14.7699,0,0,0,-0.161513
1478,3.29892,0,0.00639178,0,0,0.111214,-0.00852238,0,-0,0.0225586,35,32,0,0,0,14.7799,0,0,0,-0.161473
1479,3.29892,0,-0.00213059,0.0451172,0,0.111214,0.00213059,0,-0,0.0338379,35,32,0,0,0,14.7899,0,0,0,-0.161509
1480,3.29892,0,0.0213059,-0.0451172,0,0.111214,0.00852238,0,-0,0.0225586,35,32,0,0,0,14.7999,0,0,0,-0.161503
1481,3.29892,0,0.00426119,0,0,0.111214,0.00639178,0,-0,0.0338379,35,32,0,0,0,14.8099,0,0,0,-0.16151
1482,3.29892,0,0.010653,-0.0563965,0,0.111214,-0.0010653,0,-0,0.0112793,35,32,0,0,0,14.8199,0,0,0,-0.161448
1483,3.29892,0,0.00958767,0,0,0.111214,0.0138489,0,-0,0.0225586,35,32,0,0,0,14.8299,0,0,0,-0.161476
1484,3.29892,0,0.0127836,-0.0563965,0,0.111214,-0.0213059,0,-0,-0.0225586,35,32,0,0,0,14.8399,0,0,0,-0.161477
1485,3.29892,0,0.00319589,-0.0563965,0,0.111214,-0.00639178,0,-0,0.0112793,35,32,0,0,0,14.8499,0,0,0,-0.161464
1486,3.29892,0,-0.00426119,0,0,0.111214,-0.0170448,0,-0,0.0338379,35,32,0,0,0,14.8599,0,0,0,-0.161438
1487,3.29892,0,-0.0159795,0,0,0.111214,0.0159795,0,-0,0.0225586,35,32,0,0,0,14.8699,0,0,0,-0.161458
1488,3.29892,0,-2.54399e-18,0.0225586,0,0.111214,-0.0415466,0,-0,0.0112793,35,32,0,0,0,14.8799,0,0,0,-0.161431
1489,3.29892,0,0.0149142,0.0338379,0,0.111214,0.00745708,0,-0,0.0112793,35,32,0,0,0,14.8899,0,0,0,-0.161448
1490,3.29892,0,0.010653,0,0,0.111214,0.0138489,0,-0,0.0112793,35,32,0,0,0,14.8999,0,0,0,-0.161492
1491,3.29892,0,-0.010653,0,0,0.111214,0.0308936,0,-0,0.0112793,35,32,0,0,0,14.9099,0,0,0,-0.161452
1492,3.29892,0,-0.0010653,-0.0451172,0,0.111214,-0.0213059,0,-0,0.0112793,35,32,0,0,0,14.9199,0,0,0,-0.161466
1493,3.29892,0,0.0127836,0.0451172,0,0.111214,0.00532648,0,-0,0.0225586,35,32,0,0,0,14.9299,0,0,0,-0.161412
1494,3.29892,0,0.0010653,0.0338379,0,0.111214,0.0191753,0,-0,0.0225586,35,32,0,0,0,14.9399,0,0,0,-0.161462
1495,3.29892,0,0.01811,0.0338379,0,0.111214,-0.00426119,0,-0,-0.0676758,35,32,0,0,0,14.9499,0,0,0,-0.161425
1496,3.29892,0,0.00532648,0,0,0.111214,-3.26153e-19,0,-0,0.0112793,35,32,0,0,0,14.9599,0,0,0,-0.161437
1497,3.29892,0,-0.00532648,0,0,0.111214,-0.0223712,0,-0,0.0225586,35,32,0,0,0,14.9699,0,0,0,-0.161384
1498,3.29892,0,0.00532648,0,0,0.111214,-0.00426119,0,-0,-0.0676758,35,32,0,0,0,14.9799,0,0,0,-0.161428
1499,3.29892,0,0.00745708,0,0,0.111214,-0.00852238,0,-0,-0.0676758,35,32,0,0,0,14.9899,0,0,0,-0.161376
1500,3.29892,0,0.00852238,0,0,0.111214,-0.00213059,0,-0,-0.0676758,35,32,0,0,0,14.9999,0,0,0,-0.161383
1501,3.29892,0,0.0010653,-0.0563965,0,0.111214,0.01811,0,-0,-0.0676758,35,32,0,0,0,15.0099,0,0,0,-0.161381
1502,3.29892,0,-0.00213059,0,0,0.111214,-0.0213059,0,-0,0.0225586,35,32,0,0,0,15.0199,0,0,0,-0.161371
1503,3.29892,0,0.0170448,0,0,0.111214,-0.010653,0,-0,0.0225586,35,32,0,0,0,15.0299,0,0,0,-0.161322
1504,3.29892,0,-0.0426119,0,0,0.111214,2.60922e-18,0,-0,0.0225586,35,32,0,0,0,15.0399,0,0,0,-0.161332
1505,3.29892,0,0.0010653,0,0,0.111214,-0.010653,0,-0,0.0112793,35,32,0,0,0,15.0499,0,0,0,-0.161308
1506,3.29892,0,-0.0159795,0,0,0.111214,-0.00319589,0,-0,0.0338379,35,32,0,0,0,15.0599,0,0,0,-0.161333
1507,3.29892,0,-0.00213059,0,0,0.111214,-0.0351548,0,-0,0.0338379,35,32,0,0,0,15.0699,0,0,0,-0.161286
1508,3.29892,0,2.60922e-19,0,0,0.111214,0.00426119,0,-0,0.0225586,35,32,0,0,0,15.0799,0,0,0,-0.161304
1509,3.29892,0,-0.01811,-0.0338379,0,0.111214,-0.0170448,0,-0,0.0451172,35,32,0,0,0,15.0899,0,0,0,-0.161311
1510,3.29892,0,0.00852238,-0.0563965,0,0.111214,0.00958767,0,-0,0.0338379,35,32,0,0,0,15.0999,0,0,0,-0.161334
1511,3.29892,0,0.00958767,-0.0338379,0,0.111214,-0.00532648,0,-0,0.0338379,35,32,0,0,0,15.1099,0,0,0,-0.161295
1512,3.29892,0,0.0127836,0,0,0.111214,0.00213059,0,-0,0.0338379,35,32,0,0,0,15.1199,0,0,0,-0.161311
1513,3.29892,0,-0.0202406,0.0451172,0,0.111214,-0.0298283,0,-0,-0,35,32,0,0,0,15.1299,0,0,0,-0.1613
1514,3.29892,0,-0.0010653,-0.0563965,0,0.111214,0.00852238,0,-0,-0,35,32,0,0,0,15.1399,0,0,0,-0.16131
1515,3.29892,0,0.0170448,-0.0451172,0,0.111214,-0.0223712,0,-0,0.0112793,35,32,0,0,0,15.1499,0,0,0,-0.161269
1516,3.29892,0,0.0213059,0.0338379,0,0.111214,0.0138489,0,-0,0.0225586,35,32,0,0,0,15.1599,0,0,0,-0.161226
1517,3.29892,0,-0.00532648,-0.0676758,0,0.111214,-0.00319589,0,-0,0.0112793,35,32,0,0,0,15.1699,0,0,0,-0.161226
1518,3.29892,0,-0.00958767,0.0225586,0,0.111214,0.0170448,0,-0,0.0225586,35,32,0,0,0,15.1799,0,0,0,-0.161223
1519,3.29892,0,-0.0170448,0,0,0.111214,-0.00745708,0,-0,0.0112793,35,32,0,0,0,15.1899,0,0,0,-0.1612
1520,3.29892,0,-0.01811,0.0338379,0,0.111214,0.00319589,0,-0,0.0225586,35,32,0,0,0,15.1999,0,0,0,-0.161167
1521,3.29892,0,0.0170448,0,0,0.111214,0.00639178,0,-0,0.0112793,35,32,0,0,0,15.2099,0,0,0,-0.161194
1522,3.29892,0,0.0223712,0.0338379,0,0.111214,0.0117183,0,-0,0.0112793,35,32,0,0,0,15.2199,0,0,0,-0.161175
1523,3.29892,0,0.00426119,0.0338379,0,0.111214,-0.0266324,0,-0,0.0112793,35,32,0,0,0,15.2299,0,0,0,-0.161181
1524,3.29892,0,-0.0191753,0,0,0.111214,0.0223712,0,-0,0.0112793,35,32,0,0,0,15.2399,0,0,0,-0.161195
1525,3.29892,0,0.00532648,0.0338379,0,0.111214,0.00532648,0,-0,0.0112793,35,32,0,0,0,15.2499,0,0,0,-0.161191
1526,3.29892,0,-0.0117183,0,0,0.111214,0.01811,0,-0,-0.0676758,35,32,0,0,0,15.2599,0,0,0,-0.16118
1527,3.29892,0,0.00213059,0.0225586,0,0.111214,-0.00532648,0,-0,0.0112793,35,32,0,0,0,15.2699,0,0,0,-0.161205
1528,3.29892,0,-0.0138489,0,0,0.111214,0.0159795,0,-0,-0.0676758,35,32,0,0,0,15.2799,0,0,0,-0.161244
1529,3.29892,0,0.0117183,0,0,0.111214,0.00639178,0,-0,-0.0676758,35,32,0,0,0,15.2899,0,0,0,-0.161241
1530,3.29892,0,0.01811,0,0,0.111214,-0.0159795,0,-0,-0.0676758,35,32,0,0,0,15.2999,0,0,0,-0.161176
1531,3.29892,0,1.23938e-18,0,0,0.111214,0.0202406,0,-0,-0.0676758,35,32,0,0,0,15.3099,0,0,0,-0.161183
1532,3.29892,0,0.00958767,0.0225586,0,0.111214,-0.00852238,0,-0,-0.0676758,35,32,0,0,0,15.3199,0,0,0,-0.161162
1533,3.29892,0,-0.00852238,0,0,0.111214,0.0213059,0,-0,-0.0676758,35,32,0,0,0,15.3299,0,0,0,-0.161185
1534,3.29892,0,-0.00532648,0,0,0.111214,-0.0127836,0,-0,-0.0676758,35,32,0,0,0,15.3399,0,0,0,-0.161188
1535,3.29892,0,-0.0127836,0,0,0.111214,0.010653,0,-0,-0.0676758,35,32,0,0,0,15.3499,0,0,0,-0.161176
1536,3.29892,0,0.0010653,0,0,0.111214,-0.00532648,0,-0,0.0225586,35,32,0,0,0,15.3599,0,0,0,-0.161205
1537,3.29892,0,-0.0127836,0,0,0.111214,0.0308936,0,-0,0.0112793,35,32,0,0,0,15.3699,0,0,0,-0.161193
1538,3.29892,0,-0.00426119,0.0338379,0,0.111214,-0.0245018,0,-0,0.0225586,35,32,0,0,0,15.3799,0,0,0,-0.161175
1539,3.29892,0,-0.0010653,0,0,0.111214,0.0266324,0,-0,0.0338379,35,32,0,0,0,15.3899,0,0,0,-0.161207
1540,3.29892,0,0.00213059,0,0,0.111214,0.00426119,0,-0,-0,35,32,0,0,0,15.3999,0,0,0,-0.161215
1541,3.29892,0,-0.0127836,-0.0451172,0,0.111214,-0.0127836,0,-0,-0,35,32,0,0,0,15.4099,0,0,0,-0.161219
1542,3.29892,0,-0.00745708,-0.0338379,0,0.111214,-0.0138489,0,-0,0.0338379,35,32,0,0,0,15.4199,0,0,0,-0.16122
1543,3.29892,0,0.00319589,-0.0451172,0,0.111214,-0.00745708,0,-0,0.0112793,35,32,0,0,0,15.4299,0,0,0,-0.161196
1544,3.29892,0,-0.00319589,-0.0451172,0,0.111214,-0.0117183,0,-0,0.0225586,35,32,0,0,0,15.4399,0,0,0,-0.16122
1545,3.29892,0,0.01811,0,0,0.111214,0.0149142,0,-0,0.0112793,35,32,0,0,0,15.4499,0,0,0,-0.161206
1546,3.29892,0,-0.00319589,0.0451172,0,0.111214,-0.00319589,0,-0,0.0225586,35,32,0,0,0,15.4599,0,0,0,-0.161229
1547,3.29892,0,0.0213059,0.0451172,0,0.111214,-0.0159795,0,-0,0.0112793,35,32,0,0,0,15.4699,0,0,0,-0.1612
1548,3.29892,0,-9.78459e-19,0.0451172,0,0.111214,-0.0159795,0,-0,0.0338379,35,32,0,0,0,15.4799,0,0,0,-0.161235
1549,3.29892,0,0.0159795,0.0451172,0,0.111214,-0.00213059,0,-0,-0,35,32,0,0,0,15.4899,0,0,0,-0.161189
1550,3.29892,0,-0.0010653,-0.0451172,0,0.111214,0.00213059,0,-0,0.0112793,35,32,0,0,0,15.4999,0,0,0,-0.161216
1551,3.29892,0,-0.00639178,0.0338379,0,0.111214,3.91384e-19,0,-0,-0.0225586,35,32,0,0,0,15.5099,0,0,0,-0.161193
1552,3.29892,0,-0.00532648,0.0451172,0,0.111214,0.0127836,0,-0,0.0112793,35,32,0,0,0,15.5199,0,0,0,-0.161201
1553,3.29892,0,-0.0149142,0.0338379,0,0.111214,-0.00639178,0,-0,0.0225586,35,32,0,0,0,15.5299,0,0,0,-0.161214
1554,3.29892,0,0.0223712,0.0451172,0,0.111214,0.00745708,0,-0,0.0112793,35,32,0,0,0,15.5399,0,0,0,-0.161228
1555,3.29892,0,-0.0159795,0.0451172,0,0.111214,-0.00532648,0,-0,0.0225586,35,32,0,0,0,15.5499,0,0,0,-0.161225
1556,3.29892,0,-0.0117183,0,0,0.111214,-0.0159795,0,-0,0.0225586,35,32,0,0,0,15.5599,0,0,0,-0.161246
1557,3.29892,0,0.00426119,0,0,0.111214,0.00319589,0,-0,0.0225586,35,32,0,0,0,15.5699,0,0,0,-0.161222
1558,3.29892,0,0.00213059,0.0451172,0,0.111214,0.0159795,0,-0,-0.0676758,35,32,0,0,0,15.5799,0,0,0,-0.161261
1559,3.29892,0,0.010653,0,0,0.111214,0.0127836,0,-0,-0.0676758,35,32,0,0,0,15.5899,0,0,0,-0.161213
1560,3.29892,0,-1.30461e-19,0,0,0.111214,-0.00213059,0,-0,0.0338379,35,32,0,0,0,15.5999,0,0,0,-0.161189
1561,3.29892,0,-7.17537e-19,0,0,0.111214,-0.0117183,0,-0,-0.0676758,35,32,0,0,0,15.6099,0,0,0,-0.161215
1562,3.29892,0,-0.00958767,0,0,0.111214,0.00745708,0,-0,-0.0676758,35,32,0,0,0,15.6199,0,0,0,-0.161205
1563,3.29892,0,0.0117183,0.0451172,0,0.111214,-0.00426119,0,-0,-0.0112793,35,32,0,0,0,15.6299,0,0,0,-0.161202
1564,3.29892,0,-0.0330242,0.0225586,0,0.111214,0.010653,0,-0,0.0338379,35,32,0,0,0,15.6399,0,0,0,-0.161229
1565,3.29892,0,0.00213059,0,0,0.111214,-0.0159795,0,-0,0.0338379,35,32,0,0,0,15.6499,0,0,0,-0.161237
1566,3.29892,0,0.00319589,0,0,0.111214,0.010653,0,-0,0.0338379,35,32,0,0,0,15.6599,0,0,0,-0.161212
1567,3.29892,0,-0.00213059,0,0,0.111214,0.00958767,0,-0,0.0338379,35,32,0,0,0,15.6699,0,0,0,-0.161262
1568,3.29892,0,0.0170448,-0.0451172,0,0.111214,0.0202406,0,-0,0.0225586,35,32,0,0,0,15.6799,0,0,0,-0.161237
1569,3.29892,0,0.0170448,0,0,0.111214,0.00532648,0,-0,0.0451172,35,32,0,0,0,15.6899,0,0,0,-0.161268
1570,3.29892,0,-0.0170448,0,0,0.111214,0.00958767,0,-0,0.0225586,35,32,0,0,0,15.6999,0,0,0,-0.161239
1571,3.29892,0,0.01811,0,0,0.111214,-0.0191753,0,-0,0.0338379,35,32,0,0,0,15.7099,0,0,0,-0.161267
1572,3.29892,0,0.0223712,0.0451172,0,0.111214,-0.00958767,0,-0,0.0112793,35,32,0,0,0,15.7199,0,0,0,-0.161228
1573,3.29892,0,-0.01811,0.0451172,0,0.111214,-0.00745708,0,-0,0.0338379,35,32,0,0,0,15.7299,0,0,0,-0.161276
1574,3.29892,0,-0.00852238,-0.0451172,0,0.111214,0.0149142,0,-0,0.0338379,35,32,0,0,0,15.7399,0,0,0,-0.161232
1575,3.29892,0,-0.0127836,-0.0338379,0,0.111214,-0.0010653,0,-0,0.0225586,35,32,0,0,0,15.7499,0,0,0,-0.161258
1576,3.29892,0,0.00639178,-0.0338379,0,0.111214,-0.0191753,0,-0,0.0225586,35,32,0,0,0,15.7599,0,0,0,-0.161231
1577,3.29892,0,0.0149142,-0.0563965,0,0.111214,-0.0170448,0,-0,0.0112793,35,32,0,0,0,15.7699,0,0,0,-0.16126
1578,3.29892,0,-0.0149142,-0.0451172,0,0.111214,-0.00213059,0,-0,0.0225586,35,32,0,0,0,15.7799,0,0,0,-0.161193
1579,3.29892,0,-0.0010653,0,0,0.111214,0.00852238,0,-0,0.0112793,35,32,0,0,0,15.7899,0,0,0,-0.161211
1580,3.29892,0,-0.00319589,-0.0451172,0,0.111214,-0.0170448,0,-0,0.0112793,35,32,0,0,0,15.7999,0,0,0,-0.161192
1581,3.29892,0,0.0010653,-0.0451172,0,0.111214,0.00639178,0,-0,-0.0676758,35,32,0,0,0,15.8099,0,0,0,-0.161206
1582,3.29892,0,0.0170448,0.0451172,0,0.111214,-0.00532648,0,-0,0.0338379,35,32,0,0,0,15.8199,0,0,0,-0.161156
1583,3.29892,0,0.00532648,0.0451172,0,0.111214,-0.00745708,0,-0,0.0225586,35,32,0,0,0,15.8299,0,0,0,-0.161165
1584,3.29892,0,0.0149142,0.0225586,0,0.111214,-0.00319589,0,-0,0.0112793,35,32,0,0,0,15.8399,0,0,0,-0.16117
1585,3.29892,0,0.00532648,0.0225586,0,0.111214,0.0170448,0,-0,0.0112793,35,32,0,0,0,15.8499,0,0,0,-0.161201
1586,3.29892,0,0.00426119,0.0338379,0,0.111214,-0.0202406,0,-0,-0.0676758,35,32,0,0,0,15.8599,0,0,0,-0.161191
1587,3.29892,0,-0.0234365,0,0,0.111214,-0.0245018,0,-0,0.0112793,35,32,0,0,0,15.8699,0,0,0,-0.161194
1588,3.29892,0,-0.00426119,0,0,0.111214,-0.010653,0,-0,-0.0676758,35,32,0,0,0,15.8799,0,0,0,-0.161134
1589,3.29892,0,0.010653,-0.0338379,0,0.111214,0.0234365,0,-0,-0.0676758,35,32,0,0,0,15.8899,0,0,0,-0.161159
1590,3.29892,0,0.0245018,0,0,0.111214,-0.0138489,0,-0,0.0225586,35,32,0,0,0,15.8999,0,0,0,-0.161172
1591,3.29892,0,0.00319589,0,0,0.111214,0.0159795,0,-0,-0.0676758,35,32,0,0,0,15.9099,0,0,0,-0.161169
1592,3.29892,0,-0.00639178,0,0,0.111214,-0.0149142,0,-0,-0.0676758,35,32,0,0,0,15.9199,0,0,0,-0.161173
1593,3.29892,0,0.0127836,0,0,0.111214,0.0149142,0,-0,0.0112793,35,32,0,0,0,15.9299,0,0,0,-0.161168
1594,3.29892,0,0.0138489,0,0,0.111214,0.00213059,0,-0,-0.0676758,35,32,0,0,0,15.9399,0,0,0,-0.16119
1595,3.29892,0,-0.0223712,0,0,0.111214,0.0117183,0,-0,0.0338379,35,32,0,0,0,15.9499,0,0,0,-0.161172
1596,3.29892,0,0.00426119,0,0,0.111214,0.00213059,0,-0,0.0225586,35,32,0,0,0,15.9599,0,0,0,-0.161226
1597,3.29892,0,0.00639178,0,0,0.111214,0.00745708,0,-0,-0.0676758,35,32,0,0,0,15.9699,0,0,0,-0.161182
1598,3.29892,0,0.0159795,-0.0451172,0,0.111214,0.00852238,0,-0,0.0338379,35,32,0,0,0,15.9799,0,0,0,-0.161202
1599,3.29892,0,-0.00958767,0,0,0.111214,0.0010653,0,-0,0.0451172,35,32,0,0,0,15.9899,0,0,0,-0.161138
1600,3.29892,0,0.00958767,0,0,0.111214,0.010653,0,-0,0.0338379,35,32,0,0,0,15.9999,0,0,0,-0.161136
1601,3.29892,0,0.00426119,0,0,0.111214,0.00639178,0,-0,0.0451172,35,32,0,0,0,16.0099,0,0,0,-0.161114
1602,3.29892,0,0.0010653,0,0,0.111214,-0.0234365,0,-0,0.0451172,35,32,0,0,0,16.0199,0,0,0,-0.161133
1603,3.29892,0,0.010653,-0.0451172,0,0.111214,0.00532648,0,-0,0.0338379,35,32,0,0,0,16.0299,0,0,0,-0.161133
1604,3.29892,0,0.0170448,-0.0563965,0,0.111214,0.00532648,0,-0,0.0225586,35,32,0,0,0,16.0399,0,0,0,-0.161146
1605,3.29892,0,-0.0159795,-0.0563965,0,0.111214,0.0191753,0,-0,0.0225586,35,32,0,0,0,16.0499,0,0,0,-0.161128
1606,3.29892,0,0.00319589,0.0225586,0,0.111214,-0.00958767,0,-0,0.0225586,35,32,0,0,0,16.0599,0,0,0,-0.161169
1607,3.29892,0,-0.0159795,-0.0451172,0,0.111214,-0.0138489,0,-0,-0,35,32,0,0,0,16.0699,0,0,0,-0.161114
1608,3.29892,0,0.00213059,-0.0563965,0,0.111214,0.00213059,0,-0,0.0112793,35,32,0,0,0,16.0799,0,0,0,-0.161152
1609,3.29892,0,0.0138489,0,0,0.111214,-0.0159795,0,-0,-0,35,32,0,0,0,16.0899,0,0,0,-0.161111
1610,3.29892,0,0.00852238,0.0338379,0,0.111214,0.0127836,0,-0,0.0225586,35,32,0,0,0,16.0999,0,0,0,-0.161146
1611,3.29892,0,-0.00745708,-0.0451172,0,0.111214,-0.0170448,0,-0,0.0225586,35,32,0,0,0,16.1099,0,0,0,-0.1611
1612,3.29892,0,0.010653,-0.0563965,0,0.111214,0.0159795,0,-0,-0,35,32,0,0,0,16.1199,0,0,0,-0.161119
1613,3.29892,0,-0.0117183,0.0338379,0,0.111214,-0.0170448,0,-0,0.0112793,35,32,0,0,0,16.1299,0,0,0,-0.161123
1614,3.29892,0,0.00639178,-0.0563965,0,0.111214,0.0330242,0,-0,0.0225586,35,32,0,0,0,16.1399,0,0,0,-0.161137
1615,3.29892,0,0.00639178,0.0451172,0,0.111214,-0.00426119,0,-0,0.0225586,35,32,0,0,0,16.1499,0,0,0,-0.16115
1616,3.29892,0,-0.00426119,0.0225586,0,0.111214,0.00532648,0,-0,0.0112793,35,32,0,0,0,16.1599,0,0,0,-0.161146
1617,3.29892,0,0.00852238,-0.0451172,0,0.111214,-0.01811,0,-0,0.0112793,35,32,0,0,0,16.1699,0,0,0,-0.161135
1618,3.29892,0,0.00426119,0.0112793,0,0.111214,0.0170448,0,-0,0.0112793,35,32,0,0,0,16.1799,0,0,0,-0.16113
1619,3.29892,0,0.0159795,0,0,0.111214,-0.0404813,0,-0,-0.0676758,35,32,0,0,0,16.1899,0,0,0,-0.161115
1620,3.29892,0,0.00745708,-0.0451172,0,0.111214,0.0138489,0,-0,0.0225586,35,32,0,0,0,16.1999,0,0,0,-0.161112
1621,3.29892,0,0.0170448,0,0,0.111214,0.00213059,0,-0,-0.0676758,35,32,0,0,0,16.2099,0,0,0,-0.161126
1622,3.29892,0,-0.0191753,0,0,0.111214,0.0170448,0,-0,-0.0676758,35,32,0,0,0,16.2199,0,0,0,-0.16115
1623,3.29892,0,0.00639178,0,0,0.111214,-0.0191753,0,-0,-0.0676758,35,32,0,0,0,16.2299,0,0,0,-0.16118
1624,3.29892,0,0.0138489,0,0,0.111214,0.00745708,0,-0,-0.0676758,35,32,0,0,0,16.2399,0,0,0,-0.161134
1625,3.29892,0,0.00213059,0,0,0.111214,-0.00852238,0,-0,-0.0676758,35,32,0,0,0,16.2499,0,0,0,-0.161187
1626,3.29892,0,-0.0234365,0.0112793,0,0.111214,-0.0213059,0,-0,0.0225586,35,32,0,0,0,16.2599,0,0,0,-0.161137
1627,3.29892,0,0.0127836,0,0,0.111214,-0.00958767,0,-0,0.0112793,35,32,0,0,0,16.2699,0,0,0,-0.161203
1628,3.29892,0,0.0127836,0,0,0.111214,0.0138489,0,-0,0.0225586,35,32,0,0,0,16.2799,0,0,0,-0.161208
1629,3.29892,0,-0.00426119,0,0,0.111214,-0.0010653,0,-0,0.0338379,35,32,0,0,0,16.2899,0,0,0,-0.161203
1630,3.29892,0,0.01811,0.0112793,0,0.111214,-0.0159795,0,-0,0.0112793,35,32,0,0,0,16.2999,0,0,0,-0.161179
1631,3.29892,0,0.0127836,0,0,0.111214,0.00745708,0,-0,0.0225586,35,32,0,0,0,16.3099,0,0,0,-0.161195
1632,3.29892,0,-0.0149142,-0.0563965,0,0.111214,-0.0127836,0,-0,-0,35,32,0,0,0,16.3199,0,0,0,-0.161175
1633,3.29892,0,0.0010653,-0.0676758,0,0.111214,-0.00958767,0,-0,0.0225586,35,32,0,0,0,16.3299,0,0,0,-0.161187
1634,3.29892,0,0.00426119,-0.0563965,0,0.111214,-0.0191753,0,-0,0.0225586,35,32,0,0,0,16.3399,0,0,0,-0.161167
1635,3.29892,0,-0.00639178,0,0,0.111214,0.00639178,0,-0,-0,35,32,0,0,0,16.3499,0,0,0,-0.161207
1636,3.29892,0,-0.00426119,0.0451172,0,0.111214,-0.0223712,0,-0,0.0112793,35,32,0,0,0,16.3599,0,0,0,-0.161162
1637,3.29892,0,-0.0138489,-0.0563965,0,0.111214,0.0245018,0,-0,0.0112793,35,32,0,0,0,16.3699,0,0,0,-0.161158
1638,3.29892,0,0.0010653,-0.0451172,0,0.111214,-0.028763,0,-0,0.0225586,35,32,0,0,0,16.3799,0,0,0,-0.161173
1639,3.29892,0,-0.00532648,-0.0338379,0,0.111214,0.0170448,0,-0,0.0225586,35,32,0,0,0,16.3899,0,0,0,-0.161171
1640,3.29892,0,0.01811,0.0451172,0,0.111214,-0.00319589,0,-0,0.0225586,35,32,0,0,0,16.3999,0,0,0,-0.161181
1641,3.29892,0,-0.00319589,0.0451172,0,0.111214,-0.00319589,0,-0,-0,35,32,0,0,0,16.4099,0,0,0,-0.161177
1642,3.29892,0,0.00213059,-0.0563965,0,0.111214,-0.0234365,0,-0,0.0225586,35,32,0,0,0,16.4199,0,0,0,-0.161162
1643,3.29892,0,-0.00213059,-0.0338379,0,0.111214,0.00213059,0,-0,-0,35,32,0,0,0,16.4299,0,0,0,-0.161186
1644,3.29892,0,-0.00639178,0.0451172,0,0.111214,0.0117183,0,-0,0.0225586,35,32,0,0,0,16.4399,0,0,0,-0.161159
1645,3.29892,0,0.00213059,0,0,0.111214,0.0138489,0,-0,0.0225586,35,32,0,0,0,16.4499,0,0,0,-0.161185
1646,3.29892,0,-0.0149142,0.0338379,0,0.111214,-0.0447425,0,-0,0.0338379,35,32,0,0,0,16.4599,0,0,0,-0.161129
1647,3.29892,0,-0.0202406,0.0338379,0,0.111214,-0.00532648,0,-0,0.0112793,35,32,0,0,0,16.4699,0,0,0,-0.1611
1648,3.29892,0,-0.0010653,0,0,0.111214,-0.01811,0,-0,-0.0676758,35,32,0,0,0,16.4799,0,0,0,-0.16115
1649,3.29892,0,-0.00213059,0,0,0.111214,1.30461e-19,0,-0,-0.0676758,35,32,0,0,0,16.4899,0,0,0,-0.161084
1650,3.29892,0,-0.00958767,0,0,0.111214,-0.0404813,0,-0,-0.0676758,35,32,0,0,0,16.4999,0,0,0,-0.161114
1651,3.29892,0,-0.00958767,0,0,0.111214,-0.0330242,0,-0,-0.0676758,35,32,0,0,0,16.5099,0,0,0,-0.161078
1652,3.29892,0,0.0234365,0,0,0.111214,-0.00532648,0,-0,-0.0676758,35,32,0,0,0,16.5199,0,0,0,-0.161104
1653,3.29892,0,0.0010653,-0.0563965,0,0.111214,0.00319589,0,-0,0.0225586,35,32,0,0,0,16.5299,0,0,0,-0.161096
1654,3.29892,0,0.00426119,0,0,0.111214,-2.60922e-19,0,-0,-0.0676758,35,32,0,0,0,16.5399,0,0,0,-0.161136
1655,3.29892,0,0.00745708,0,0,0.111214,0.01811,0,-0,-0.0676758,35,32,0,0,0,16.5499,0,0,0,-0.161087
1656,3.29892,0,-0.0170448,0,0,0.111214,0.00319589,0,-0,-0.0676758,35,32,0,0,0,16.5599,0,0,0,-0.161104
1657,3.29892,0,-0.00319589,0.0112793,0,0.111214,-0.0255671,0,-0,0.0225586,35,32,0,0,0,16.5699,0,0,0,-0.161065
1658,3.29892,0,1.17415e-18,0,0,0.111214,0.0191753,0,-0,0.0338379,35,32,0,0,0,16.5799,0,0,0,-0.161098
1659,3.29892,0,-0.0010653,0.0225586,0,0.111214,-0.0266324,0,-0,0.0338379,35,32,0,0,0,16.5899,0,0,0,-0.161056
1660,3.29892,0,0.00532648,0,0,0.111214,0.0223712,0,-0,0.0225586,35,32,0,0,0,16.5999,0,0,0,-0.16108
1661,3.29892,0,0.00532648,0,0,0.111214,-0.0191753,0,-0,0.0225586,35,32,0,0,0,16.6099,0,0,0,-0.161068
1662,3.29892,0,0.00532648,0.0451172,0,0.111214,0.0138489,0,-0,0.0225586,35,32,0,0,0,16.6199,0,0,0,-0.161071
1663,3.29892,0,0.00745708,0,0,0.111214,-4.56614e-19,0,-0,0.0225586,35,32,0,0,0,16.6299,0,0,0,-0.161085
1664,3.29892,0,-0.0255671,0,0,0.111214,0.0149142,0,-0,0.0338379,35,32,0,0,0,16.6399,0,0,0,-0.161109
1665,3.29892,0,-0.00319589,0.0451172,0,0.111214,-0.0213059,0,-0,0.0338379,35,32,0,0,0,16.6499,0,0,0,-0.161067
1666,3.29892,0,0.00319589,-0.0451172,0,0.111214,0.0149142,0,-0,-0,35,32,0,0,0,16.6599,0,0,0,-0.161059
1667,3.29892,0,0.00319589,0,0,0.111214,-0.0245018,0,-0,0.0225586,35,32,0,0,0,16.6699,0,0,0,-0.161035
1668,3.29892,0,0.0159795,0.0338379,0,0.111214,-0.00745708,0,-0,0.0225586,35,32,0,0,0,16.6799,0,0,0,-0.16104
1669,3.29892,0,-0.010653,-0.0338379,0,0.111214,-0.0138489,0,-0,-0,35,32,0,0,0,16.6899,0,0,0,-0.161046
1670,3.29892,0,-0.00426119,0.0451172,0,0.111214,-0.0202406,0,-0,0.0225586,35,32,0,0,0,16.6999,0,0,0,-0.161041
1671,3.29892,0,-0.0170448,0,0,0.111214,-0.00745708,0,-0,0.0112793,35,32,0,0,0,16.7099,0,0,0,-0.161053
1672,3.29892,0,-0.00639178,0.0451172,0,0.111214,-0.00319589,0,-0,0.0112793,35,32,0,0,0,16.7199,0,0,0,-0.161056
1673,3.29892,0,-0.0234365,-0.0451172,0,0.111214,-0.0298283,0,-0,0.0112793,35,32,0,0,0,16.7299,0,0,0,-0.161072
1674,3.29892,0,-0.00852238,0.0451172,0,0.111214,-0.00213059,0,-0,0.0112793,35,32,0,0,0,16.7399,0,0,0,-0.16102
1675,3.29892,0,0.00426119,0.0338379,0,0.111214,0.00319589,0,-0,0.0225586,35,32,0,0,0,16.7499,0,0,0,-0.161045
1676,3.29892,0,0.00639178,0.0451172,0,0.111214,0.0127836,0,-0,-0.0676758,35,32,0,0,0,16.7599,0,0,0,-0.161026
1677,3.29892,0,0.00213059,0.0451172,0,0.111214,-0.0010653,0,-0,-0.0676758,35,32,0,0,0,16.7699,0,0,0,-0.16109
1678,3.29892,0,0.010653,0.0338379,0,0.111214,0.0170448,0,-0,-0.0676758,35,32,0,0,0,16.7799,0,0,0,-0.161058
1679,3.29892,0,0.00958767,0,0,0.111214,-0.0298283,0,-0,0.0112793,35,32,0,0,0,16.7899,0,0,0,-0.161072
1680,3.29892,0,0.0149142,0.0225586,0,0.111214,-0.0138489,0,-0,-0.0676758,35,32,0,0,0,16.7999,0,0,0,-0.161043
1681,3.29892,0,0.00852238,0.0451172,0,0.111214,-0.0010653,0,-0,-0.0676758,35,32,0,0,0,16.8099,0,0,0,-0.161094
1682,3.29892,0,0.00639178,0,0,0.111214,-0.0149142,0,-0,-0.0676758,35,32,0,0,0,16.8199,0,0,0,-0.161064
1683,3.29892,0,-0.0010653,0.0225586,0,0.111214,-0.00745708,0,-0,-0.0676758,35,32,0,0,0,16.8299,0,0,0,-0.161087
1684,3.29892,0,-0.00639178,0,0,0.111214,-0.010653,0,-0,-0.0676758,35,32,0,0,0,16.8399,0,0,0,-0.161098
1685,3.29892,0,-0.00532648,0,0,0.111214,-0.00319589,0,-0,-0.0676758,35,32,0,0,0,16.8499,0,0,0,-0.16114
1686,3.29892,0,0.00426119,0,0,0.111214,-0.00958767,0,-0,-0.0338379,35,32,0,0,0,16.8599,0,0,0,-0.161106
1687,3.29892,0,-0.00639178,0,0,0.111214,-0.00639178,0,-0,0.0225586,35,32,0,0,0,16.8699,0,0,0,-0.161117
1688,3.29892,0,0.010653,0,0,0.111214,-0.0276977,0,-0,-0,35,32,0,0,0,16.8799,0,0,0,-0.161076
1689,3.29892,0,-0.00319589,0,0,0.111214,0.0340895,0,-0,0.0338379,35,32,0,0,0,16.8899,0,0,0,-0.161104
1690,3.29892,0,-0.00426119,0.0225586,0,0.111214,-0.00852238,0,-0,0.0338379,35,32,0,0,0,16.8999,0,0,0,-0.161089
1691,3.29892,0,0.00213059,-0.0451172,0,0.111214,0.00958767,0,-0,0.0225586,35,32,0,0,0,16.9099,0,0,0,-0.161116
1692,3.29892,0,-0.00958767,0.0112793,0,0.111214,-0.0170448,0,-0,0.0338379,35,32,0,0,0,16.9199,0,0,0,-0.161121
1693,3.29892,0,-0.0138489,-0.0451172,0,0.111214,0.0117183,0,-0,0.0338379,35,32,0,0,0,16.9299,0,0,0,-0.161099
1694,3.29892,0,-0.0138489,-0.0451172,0,0.111214,-0.00958767,0,-0,0.0338379,35,32,0,0,0,16.9399,0,0,0,-0.161082
1695,3.29892,0,-0.0127836,0,0,0.111214,0.00639178,0,-0,-0,35,32,0,0,0,16.9499,0,0,0,-0.161085
1696,3.29892,0,-0.0138489,0,0,0.111214,-0.00852238,0,-0,0.0225586,35,32,0,0,0,16.9599,0,0,0,-0.161106
1697,3.29892,0,0.00958767,-0.0451172,0,0.111214,-0.00852238,0,-0,0.0225586,35,32,0,0,0,16.9699,0,0,0,-0.161068
1698,3.29892,0,-0.01811,0,0,0.111214,-0.0255671,0,-0,0.0112793,35,32,0,0,0,16.9799,0,0,0,-0.161051
1699,3.29892,0,-0.00958767,0,0,0.111214,0.0159795,0,-0,0.0112793,35,32,0,0,0,16.9899,0,0,0,-0.161008
1700,3.29892,0,-0.00639178,-0.0451172,0,0.111214,-0.00852238,0,-0,0.0338379,35,32,0,0,0,16.9999,0,0,0,-0.161016
1701,3.29892,0,0.0010653,-0.0563965,0,0.111214,0.010653,0,-0,0.0225586,35,32,0,0,0,17.0099,0,0,0,-0.160973
1702,3.29892,0,0.00426119,0.0451172,0,0.111214,0.00213059,0,-0,0.0225586,35,32,0,0,0,17.0199,0,0,0,-0.161017
1703,3.29892,0,0.0010653,0.0451172,0,0.111214,0.0117183,0,-0,0.0112793,35,32,0,0,0,17.0299,0,0,0,-0.160983
1704,3.29892,0,0.00319589,0.0451172,0,0.111214,0.0127836,0,-0,-0.0676758,35,32,0,0,0,17.0399,0,0,0,-0.160985
1705,3.29892,0,-0.00958767,0.0451172,0,0.111214,-0.0138489,0,-0,0.0225586,35,32,0,0,0,17.0499,0,0,0,-0.160953
1706,3.29892,0,-0.0213059,0.0451172,0,0.111214,0.0159795,0,-0,-0.0676758,35,32,0,0,0,17.0599,0,0,0,-0.161018
1707,3.29892,0,-0.0213059,0.0225586,0,0.111214,-0.00213059,0,-0,0.0225586,35,32,0,0,0,17.0699,0,0,0,-0.161004
1708,3.29892,0,0.00213059,0.0451172,0,0.111214,0.00639178,0,-0,0.0225586,35,32,0,0,0,17.0799,0,0,0,-0.161003
1709,3.29892,0,0.01811,0,0,0.111214,-0.00745708,0,-0,0.0112793,35,32,0,0,0,17.0899,0,0,0,-0.160979
1710,3.29892,0,0.00745708,0,0,0.111214,0.01811,0,-0,-0.0676758,35,32,0,0,0,17.0999,0,0,0,-0.161001
1711,3.29892,0,-0.00426119,0.0451172,0,0.111214,-0.00639178,0,-0,-0.0676758,35,32,0,0,0,17.1099,0,0,0,-0.16096
1712,3.29892,0,0.0117183,0,0,0.111214,0.0127836,0,-0,-0.0676758,35,32,0,0,0,17.1199,0,0,0,-0.16097
1713,3.29892,0,-0.00745708,0,0,0.111214,-0.00213059,0,-0,0.0338379,35,32,0,0,0,17.1299,0,0,0,-0.161003
1714,3.29892,0,0.00426119,0,0,0.111214,0.00639178,0,-0,0.0112793,35,32,0,0,0,17.1399,0,0,0,-0.161
1715,3.29892,0,0.0010653,0.0225586,0,0.111214,0.00426119,0,-0,0.0338379,35,32,0,0,0,17.1499,0,0,0,-0.161001
1716,3.29892,0,-1.10892e-18,0,0,0.111214,-0.01811,0,-0,0.0225586,35,32,0,0,0,17.1599,0,0,0,-0.160951
1717,3.29892,0,0.010653,0,0,0.111214,0.010653,0,-0,0.0225586,35,32,0,0,0,17.1699,0,0,0,-0.160999
1718,3.29892,0,-0.00639178,0,0,0.111214,0.00532648,0,-0,0.0338379,35,32,0,0,0,17.1799,0,0,0,-0.160975
1719,3.29892,0,-0.00319589,0,0,0.111214,-0.0170448,0,-0,0.0225586,35,32,0,0,0,17.1899,0,0,0,-0.16099
1720,3.29892,0,-0.00426119,-0.0451172,0,0.111214,-0.010653,0,-0,0.0225586,35,32,0,0,0,17.1999,0,0,0,-0.160936
1721,3.29892,0,-0.0127836,0,0,0.111214,-0.01811,0,-0,0.0338379,35,32,0,0,0,17.2099,0,0,0,-0.160976
1722,3.29892,0,-0.0159795,0,0,0.111214,0.0191753,0,-0,-0.0225586,35,32,0,0,0,17.2199,0,0,0,-0.16093
1723,3.29892,0,0.00639178,-0.0563965,0,0.111214,0.00852238,0,-0,0.0112793,35,32,0,0,0,17.2299,0,0,0,-0.160968
1724,3.29892,0,0.0138489,0.0451172,0,0.111214,-0.00958767,0,-0,-0,35,32,0,0,0,17.2399,0,0,0,-0.160924
1725,3.29892,0,0.00532648,0,0,0.111214,-0.0117183,0,-0,0.0112793,35,32,0,0,0,17.2499,0,0,0,-0.160925
1726,3.29892,0,-0.0117183,-0.0451172,0,0.111214,0.00426119,0,-0,0.0225586,35,32,0,0,0,17.2599,0,0,0,-0.160934
1727,3.29892,0,-0.00532648,-0.0451172,0,0.111214,0.0159795,0,-0,0.0338379,35,32,0,0,0,17.2699,0,0,0,-0.160935
1728,3.29892,0,0.00532648,-0.0451172,0,0.111214,0.0010653,0,-0,0.0112793,35,32,0,0,0,17.2799,0,0,0,-0.160931
1729,3.29892,0,0.00532648,-0.0451172,0,0.111214,0.00426119,0,-0,0.0225586,35,32,0,0,0,17.2899,0,0,0,-0.160945
1730,3.29892,0,-0.00745708,-0.0563965,0,0.111214,0.0191753,0,-0,0.0225586,35,32,0,0,0,17.2999,0,0,0,-0.160927
1731,3.29892,0,-0.0010653,0.0338379,0,0.111214,-0.0245018,0,-0,0.0225586,35,32,0,0,0,17.3099,0,0,0,-0.160948
1732,3.29892,0,0.00426119,0,0,0.111214,-0.0117183,0,-0,-0,35,32,0,0,0,17.3199,0,0,0,-0.160951
1733,3.29892,0,1.04369e-18,-0.0451172,0,0.111214,0.0170448,0,-0,0.0112793,35,32,0,0,0,17.3299,0,0,0,-0.160962
1734,3.29892,0,0.00532648,0,0,0.111214,-0.0245018,0,-0,0.0112793,35,32,0,0,0,17.3399,0,0,0,-0.160884
1735,3.29892,0,0.00532648,0.0451172,0,0.111214,-0.00426119,0,-0,0.0225586,35,32,0,0,0,17.3499,0,0,0,-0.160931
1736,3.29892,0,-0.00532648,0.0338379,0,0.111214,-0.00319589,0,-0,0.0338379,35,32,0,0,0,17.3599,0,0,0,-0.160919
1737,3.29892,0,0.00319589,0.0451172,0,0.111214,0.0170448,0,-0,0.0225586,35,32,0,0,0,17.3699,0,0,0,-0.160917
1738,3.29892,0,-0.010653,0.0338379,0,0.111214,-0.0138489,0,-0,0.0225586,35,32,0,0,0,17.3799,0,0,0,-0.160902
1739,3.29892,0,0.0245018,0,0,0.111214,0.0191753,0,-0,-0.0676758,35,32,0,0,0,17.3899,0,0,0,-0.160878
1740,3.29892,0,-0.01811,0,0,0.111214,-0.010653,0,-0,-0.0676758,35,32,0,0,0,17.3999,0,0,0,-0.160885
1741,3.29892,0,0.00426119,0,0,0.111214,0.00639178,0,-0,-0.0676758,35,32,0,0,0,17.4099,0,0,0,-0.160857
1742,3.29892,0,-0.00426119,0,0,0.111214,-0.0308936,0,-0,-0.0676758,35,32,0,0,0,17.4199,0,0,0,-0.160848
1743,3.29892,0,0.0149142,0,0,0.111214,-0.0202406,0,-0,-0.0676758,35,32,0,0,0,17.4299,0,0,0,-0.160843
1744,3.29892,0,0.00745708,0,0,0.111214,-0.0426119,0,-0,-0.0676758,35,32,0,0,0,17.4399,0,0,0,-0.160851
1745,3.29892,0,0.0149142,0,0,0.111214,-0.00213059,0,-0,0.0225586,35,32,0,0,0,17.4499,0,0,0,-0.160805
1746,3.29892,0,-0.00319589,0,0,0.111214,-0.00213059,0,-0,-0,35,32,0,0,0,17.4599,0,0,0,-0.160841
1747,3.29892,0,-0.00745708,0,0,0.111214,0.0159795,0,-0,-0.0676758,35,32,0,0,0,17.4699,0,0,0,-0.160793
1748,3.29892,0,0.00213059,0,0,0.111214,-0.0010653,0,-0,0.0225586,35,32,0,0,0,17.4799,0,0,0,-0.160828
1749,3.29892,0,0.00532648,0.0338379,0,0.111214,0.0149142,0,-0,0.0225586,35,32,0,0,0,17.4899,0,0,0,-0.160793
1750,3.29892,0,0.0010653,0,0,0.111214,-0.00958767,0,-0,0.0225586,35,32,0,0,0,17.4999,0,0,0,-0.16082
1751,3.29892,0,0.0170448,0,0,0.111214,-0.00958767,0,-0,0.0112793,35,32,0,0,0,17.5099,0,0,0,-0.160803
1752,3.29892,0,0.0117183,-0.0451172,0,0.111214,-0.0138489,0,-0,0.0112793,35,32,0,0,0,17.5199,0,0,0,-0.160823
1753,3.29892,0,-0.00532648,0,0,0.111214,-0.0127836,0,-0,0.0338379,35,32,0,0,0,17.5299,0,0,0,-0.160776
1754,3.29892,0,-0.00426119,0,0,0.111214,-0.00852238,0,-0,0.0225586,35,32,0,0,0,17.5399,0,0,0,-0.160804
1755,3.29892,0,0.00532648,0.0451172,0,0.111214,-0.0010653,0,-0,0.0225586,35,32,0,0,0,17.5499,0,0,0,-0.1608
1756,3.29892,0,0.00639178,0.0225586,0,0.111214,-0.00532648,0,-0,0.0225586,35,32,0,0,0,17.5599,0,0,0,-0.1608
1757,3.29892,0,0.00532648,-0.0451172,0,0.111214,-0.00639178,0,-0,-0,35,32,0,0,0,17.5699,0,0,0,-0.160782
1758,3.29892,0,0.0159795,0.0225586,0,0.111214,0.0127836,0,-0,0.0112793,35,32,0,0,0,17.5799,0,0,0,-0.160784
1759,3.29892,0,0.00852238,-0.0451172,0,0.111214,-0.0276977,0,-0,0.0225586,35,32,0,0,0,17.5899,0,0,0,-0.160758
1760,3.29892,0,-0.0159795,-0.0563965,0,0.111214,0.00213059,0,-0,0.0112793,35,32,0,0,0,17.5999,0,0,0,-0.160779
1761,3.29892,0,-0.00639178,0.0451172,0,0.111214,-0.00532648,0,-0,0.0112793,35,32,0,0,0,17.6099,0,0,0,-0.160775
1762,3.29892,0,-0.00213059,0.0451172,0,0.111214,0.01811,0,-0,0.0112793,35,32,0,0,0,17.6199,0,0,0,-0.160782
1763,3.29892,0,-0.00213059,0,0,0.111214,-0.0351548,0,-0,0.0225586,35,32,0,0,0,17.6299,0,0,0,-0.160779
1764,3.29892,0,-0.00426119,0.0338379,0,0.111214,0.0149142,0,-0,-0.0676758,35,32,0,0,0,17.6399,0,0,0,-0.160776
1765,3.29892,0,0.01811,0.0451172,0,0.111214,-0.0191753,0,-0,0.0112793,35,32,0,0,0,17.6499,0,0,0,-0.160758
1766,3.29892,0,0.0159795,-0.0563965,0,0.111214,-0.0010653,0,-0,0.0225586,35,32,0,0,0,17.6599,0,0,0,-0.160739
1767,3.29892,0,-0.00852238,0.0451172,0,0.111214,-0.00213059,0,-0,0.0225586,35,32,0,0,0,17.6699,0,0,0,-0.160746
1768,3.29892,0,0.00426119,0,0,0.111214,0.00213059,0,-0,0.0112793,35,32,0,0,0,17.6799,0,0,0,-0.160701
1769,3.29892,0,0.0149142,0.0451172,0,0.111214,0.00213059,0,-0,0.0112793,35,32,0,0,0,17.6899,0,0,0,-0.160773
1770,3.29892,0,0.00958767,0,0,0.111214,0.0298283,0,-0,-0.0676758,35,32,0,0,0,17.6999,0,0,0,-0.160763
1771,3.29892,0,-1.30461e-19,0,0,0.111214,-0.00213059,0,-0,-0.0676758,35,32,0,0,0,17.7099,0,0,0,-0.160785
1772,3.29892,0,0.00745708,0.0225586,0,0.111214,0.0138489,0,-0,-0.0676758,35,32,0,0,0,17.7199,0,0,0,-0.160737
1773,3.29892,0,0.00213059,0,0,0.111214,-1.30461e-19,0,-0,-0.0676758,35,32,0,0,0,17.7299,0,0,0,-0.160767
1774,3.29892,0,0.0127836,0,0,0.111214,0.00319589,0,-0,-0.0676758,35,32,0,0,0,17.7399,0,0,0,-0.160743
1775,3.29892,0,-0.0202406,0,0,0.111214,-0.00745708,0,-0,-0.0676758,35,32,0,0,0,17.7499,0,0,0,-0.160811
1776,3.29892,0,-0.0010653,0,0,0.111214,0.00426119,0,-0,0.0112793,35,32,0,0,0,17.7599,0,0,0,-0.160772
1777,3.29892,0,0.00532648,0.0451172,0,0.111214,0.00319589,0,-0,-0.0676758,35,32,0,0,0,17.7699,0,0,0,-0.160795
1778,3.29892,0,-0.01811,0,0,0.111214,0.00852238,0,-0,0.0338379,35,32,0,0,0,17.7799,0,0,0,-0.160758
1779,3.29892,0,0.0170448,0,0,0.111214,0.00852238,0,-0,0.0338379,35,32,0,0,0,17.7899,0,0,0,-0.160755
1780,3.29892,0,-0.00319589,0,0,0.111214,0.0010653,0,-0,0.0225586,35,32,0,0,0,17.7999,0,0,0,-0.160762
1781,3.29892,0,-0.0010653,-0.0563965,0,0.111214,0.0245018,0,-0,0.0338379,35,32,0,0,0,17.8099,0,0,0,-0.160779
1782,3.29892,0,0.01811,0,0,0.111214,-1.10892e-18,0,-0,0.0112793,35,32,0,0,0,17.8199,0,0,0,-0.160765
1783,3.29892,0,-0.0010653,0,0,0.111214,0.00426119,0,-0,0.0225586,35,32,0,0,0,17.8299,0,0,0,-0.160782
1784,3.29892,0,0.0202406,-0.0563965,0,0.111214,-0.0202406,0,-0,0.0225586,35,32,0,0,0,17.8399,0,0,0,-0.160749
1785,3.29892,0,0.00532648,0,0,0.111214,0.0127836,0,-0,-0.0338379,35,32,0,0,0,17.8499,0,0,0,-0.160787
1786,3.29892,0,-0.0117183,-0.0338379,0,0.111214,-0.00852238,0,-0,0.0225586,35,32,0,0,0,17.8599,0,0,0,-0.160748
1787,3.29892,0,0.0149142,0,0,0.111214,0.0191753,0,-0,0.0225586,35,32,0,0,0,17.8699,0,0,0,-0.160751
1788,3.29892,0,-0.010653,0.0338379,0,0.111214,-0.00745708,0,-0,0.0112793,35,32,0,0,0,17.8799,0,0,0,-0.160738
1789,3.29892,0,0.0149142,-0.0451172,0,0.111214,0.01811,0,-0,0.0225586,35,32,0,0,0,17.8899,0,0,0,-0.160752
1790,3.29892,0,0.0127836,-0.0563965,0,0.111214,0.00958767,0,-0,-0,35,32,0,0,0,17.8999,0,0,0,-0.160747
1791,3.29892,0,0.00426119,-0.0451172,0,0.111214,0.0170448,0,-0,0.0225586,35,32,0,0,0,17.9099,0,0,0,-0.160756
1792,3.29892,0,0.00213059,0,0,0.111214,0.00745708,0,-0,0.0225586,35,32,0,0,0,17.9199,0,0,0,-0.160774
1793,3.29892,0,0.00852238,0.0225586,0,0.111214,-0.00639178,0,-0,0.0112793,35,32,0,0,0,17.9299,0,0,0,-0.160773
1794,3.29892,0,-0.00852238,-0.0563965,0,0.111214,-0.0170448,0,-0,-0.0676758,35,32,0,0,0,17.9399,0,0,0,-0.160769
1795,3.29892,0,0.00852238,0,0,0.111214,0.010653,0,-0,0.0112793,35,32,0,0,0,17.9499,0,0,0,-0.16074
1796,3.29892,0,-0.00639178,-0.0451172,0,0.111214,-0.0319589,0,-0,-0,35,32,0,0,0,17.9599,0,0,0,-0.160782
1797,3.29892,0,-0.0117183,0.0451172,0,0.111214,-0.00745708,0,-0,-0.0676758,35,32,0,0,0,17.9699,0,0,0,-0.160767
1798,3.29892,0,0.0138489,0,0,0.111214,-0.0117183,0,-0,0.0112793,35,32,0,0,0,17.9799,0,0,0,-0.160793
1799,3.29892,0,0.0138489,0.0451172,0,0.111214,-0.00852238,0,-0,0.0112793,35,32,0,0,0,17.9899,0,0,0,-0.160762
1800,3.29892,0,-0.00958767,0.0338379,0,0.111214,0.00532648,0,-0,-0.0676758,35,32,0,0,0,17.9999,0,0,0,-0.1608
1801,3.29892,0,0.00426119,0.0451172,0,0.111214,-0.0127836,0,-0,-0.0563965,35,32,0,0,0,18.0099,0,0,0,-0.160772
1802,3.29892,0,0.00852238,0,0,0.111214,-0.0223712,0,-0,-0.0676758,35,32,0,0,0,18.0199,0,0,0,-0.160777
1803,3.29892,0,-0.0117183,0,0,0.111214,-0.00532648,0,-0,0.0225586,35,32,0,0,0,18.0299,0,0,0,-0.160736
1804,3.29892,0,0.00532648,0,0,0.111214,0.00532648,0,-0,0.0338379,35,32,0,0,0,18.0399,0,0,0,-0.16074
1805,3.29892,0,0.00426119,0.0225586,0,0.111214,-0.010653,0,-0,-0.0676758,35,32,0,0,0,18.0499,0,0,0,-0.160706
1806,3.29892,0,-0.00213059,0,0,0.111214,0.028763,0,-0,0.0338379,35,32,0,0,0,18.0599,0,0,0,-0.160719
1807,3.29892,0,-0.0117183,0,0,0.111214,-0.00639178,0,-0,-0.0676758,35,32,0,0,0,18.0699,0,0,0,-0.160728
1808,3.29892,0,0.0223712,0,0,0.111214,0.0202406,0,-0,0.0338379,35,32,0,0,0,18.0799,0,0,0,-0.160743
1809,3.29892,0,-0.0127836,-0.0451172,0,0.111214,0.00852238,0,-0,0.0338379,35,32,0,0,0,18.0899,0,0,0,-0.16074
1810,3.29892,0,0.0149142,-0.0451172,0,0.111214,0.00958767,0,-0,0.0338379,35,32,0,0,0,18.0999,0,0,0,-0.160731
1811,3.29892,0,0.00958767,0,0,0.111214,-0.00319589,0,-0,0.0225586,35,32,0,0,0,18.1099,0,0,0,-0.160717
1812,3.29892,0,-0.0010653,0,0,0.111214,-0.00319589,0,-0,0.0338379,35,32,0,0,0,18.1199,0,0,0,-0.160714
1813,3.29892,0,-0.00958767,0,0,0.111214,-0.0245018,0,-0,0.0338379,35,32,0,0,0,18.1299,0,0,0,-0.160714
1814,3.29892,0,0.00426119,0,0,0.111214,0.00852238,0,-0,0.0225586,35,32,0,0,0,18.1399,0,0,0,-0.160728
1815,3.29892,0,0.0170448,0,0,0.111214,-0.0266324,0,-0,-0.0676758,35,32,0,0,0,18.1499,0,0,0,-0.160687
1816,3.29892,0,0.0255671,-0.0338379,0,0.111214,0.0138489,0,-0,0.0225586,35,32,0,0,0,18.1599,0,0,0,-0.160708
1817,3.29892,0,0.0191753,0.0225586,0,0.111214,-0.00213059,0,-0,0.0225586,35,32,0,0,0,18.1699,0,0,0,-0.160715
1818,3.29892,0,0.00745708,-0.0563965,0,0.111214,0.00532648,0,-0,0.0112793,35,32,0,0,0,18.1799,0,0,0,-0.160703
1819,3.29892,0,0.00852238,0,0,0.111214,-0.0170448,0,-0,0.0225586,35,32,0,0,0,18.1899,0,0,0,-0.160738
1820,3.29892,0,0.010653,-0.0451172,0,0.111214,0.0202406,0,-0,0.0338379,35,32,0,0,0,18.1999,0,0,0,-0.160739
1821,3.29892,0,-0.00426119,-0.0451172,0,0.111214,-0.0383507,0,-0,-0,35,32,0,0,0,18.2099,0,0,0,-0.160753
1822,3.29892,0,0.00639178,-0.0451172,0,0.111214,-0.00852238,0,-0,0.0225586,35,32,0,0,0,18.2199,0,0,0,-0.160732
1823,3.29892,0,0.010653,0.0451172,0,0.111214,-0.00532648,0,-0,0.0112793,35,32,0,0,0,18.2299,0,0,0,-0.160774
1824,3.29892,0,-0.00958767,0.0451172,0,0.111214,0.00958767,0,-0,0.0225586,35,32,0,0,0,18.2399,0,0,0,-0.16075
1825,3.29892,0,-0.00213059,0.0451172,0,0.111214,0.0010653,0,-0,0.0225586,35,32,0,0,0,18.2499,0,0,0,-0.160744
1826,3.29892,0,-0.00745708,0.0451172,0,0.111214,0.00639178,0,-0,0.0338379,35,32,0,0,0,18.2599,0,0,0,-0.160728
1827,3.29892,0,-0.00319589,0.0338379,0,0.111214,-0.0127836,0,-0,-0.0676758,35,32,0,0,0,18.2699,0,0,0,-0.160739
1828,3.29892,0,0.0010653,0.0451172,0,0.111214,-0.0266324,0,-0,0.0112793,35,32,0,0,0,18.2799,0,0,0,-0.160719
1829,3.29892,0,0.0149142,0.0451172,0,0.111214,0.00852238,0,-0,0.0225586,35,32,0,0,0,18.2899,0,0,0,-0.160767
1830,3.29892,0,-0.010653,0,0,0.111214,0.00639178,0,-0,-0.0676758,35,32,0,0,0,18.2999,0,0,0,-0.160734
1831,3.29892,0,-0.00639178,0,0,0.111214,0.00958767,0,-0,-0.0676758,35,32,0,0,0,18.3099,0,0,0,-0.160748
1832,3.29892,0,0.0117183,0,0,0.111214,-0.0117183,0,-0,0.0338379,35,32,0,0,0,18.3199,0,0,0,-0.160747
1833,3.29892,0,0.00639178,0,0,0.111214,0.00426119,0,-0,0.0338379,35,32,0,0,0,18.3299,0,0,0,-0.160761
1834,3.29892,0,0.00213059,0.0338379,0,0.111214,-0.0159795,0,-0,-0.0451172,35,32,0,0,0,18.3399,0,0,0,-0.160721
1835,3.29892,0,0.00745708,0,0,0.111214,0.00426119,0,-0,0.0338379,35,32,0,0,0,18.3499,0,0,0,-0.160758
1836,3.29892,0,4.56614e-19,0,0,0.111214,0.00745708,0,-0,0.0225586,35,32,0,0,0,18.3599,0,0,0,-0.160762
1837,3.29892,0,0.0319589,0,0,0.111214,0.0191753,0,-0,-0.0676758,35,32,0,0,0,18.3699,0,0,0,-0.160795
1838,3.29892,0,-0.0159795,0,0,0.111214,-0.00852238,0,-0,0.0338379,35,32,0,0,0,18.3799,0,0,0,-0.160762
1839,3.29892,0,0.00213059,0,0,0.111214,-0.00426119,0,-0,0.0225586,35,32,0,0,0,18.3899,0,0,0,-0.16074
1840,3.29892,0,-0.00745708,0,0,0.111214,-0.0330242,0,-0,0.0338379,35,32,0,0,0,18.3999,0,0,0,-0.160737
1841,3.29892,0,-0.00319589,0.0225586,0,0.111214,0.0010653,0,-0,0.0225586,35,32,0,0,0,18.4099,0,0,0,-0.160737
1842,3.29892,0,-0.00426119,0,0,0.111214,-0.0170448,0,-0,0.0338379,35,32,0,0,0,18.4199,0,0,0,-0.160743
1843,3.29892,0,-0.0010653,0,0,0.111214,0.0245018,0,-0,0.0225586,35,32,0,0,0,18.4299,0,0,0,-0.160733
1844,3.29892,0,0.0276977,0.0338379,0,0.111214,-0.010653,0,-0,-0,35,32,0,0,0,18.4399,0,0,0,-0.160717
1845,3.29892,0,-0.00426119,0,0,0.111214,0.0117183,0,-0,0.0338379,35,32,0,0,0,18.4499,0,0,0,-0.160711
1846,3.29892,0,0.00745708,-0.0225586,0,0.111214,-0.0138489,0,-0,0.0112793,35,32,0,0,0,18.4599,0,0,0,-0.160722
1847,3.29892,0,-0.010653,0,0,0.111214,0.00532648,0,-0,0.0112793,35,32,0,0,0,18.4699,0,0,0,-0.160689
1848,3.29892,0,-0.0202406,-0.0451172,0,0.111214,0.00852238,0,-0,0.0225586,35,32,0,0,0,18.4799,0,0,0,-0.160688
1849,3.29892,0,0.00319589,-0.0451172,0,0.111214,0.00639178,0,-0,0.0225586,35,32,0,0,0,18.4899,0,0,0,-0.160699
1850,3.29892,0,0.0266324,0,0,0.111214,-0.00852238,0,-0,0.0225586,35,32,0,0,0,18.4999,0,0,0,-0.160737
1851,3.29892,0,-0.0170448,0,0,0.111214,0.0202406,0,-0,-0,35,32,0,0,0,18.5099,0,0,0,-0.160707
1852,3.29892,0,0.0245018,0.0451172,0,0.111214,0.00426119,0,-0,-0,35,32,0,0,0,18.5199,0,0,0,-0.160712
1853,3.29892,0,0.0117183,0.0451172,0,0.111214,-0.0127836,0,-0,0.0225586,35,32,0,0,0,18.5299,0,0,0,-0.160692
1854,3.29892,0,0.0010653,0.0451172,0,0.111214,-0.0447425,0,-0,0.0112793,35,32,0,0,0,18.5399,0,0,0,-0.160707
1855,3.29892,0,-0.00639178,0.0451172,0,0.111214,0.0010653,0,-0,0.0225586,35,32,0,0,0,18.5499,0,0,0,-0.160692
1856,3.29892,0,-0.00426119,0.0451172,0,0.111214,-0.00426119,0,-0,0.0225586,35,32,0,0,0,18.5599,0,0,0,-0.160701
1857,3.29892,0,-0.00852238,0.0451172,0,0.111214,0.0138489,0,-0,0.0225586,35,32,0,0,0,18.5699,0,0,0,-0.160688
1858,3.29892,0,0.0149142,0.0451172,0,0.111214,0.00213059,0,-0,0.0112793,35,32,0,0,0,18.5799,0,0,0,-0.160739
1859,3.29892,0,0.00426119,0.0225586,0,0.111214,0.00639178,0,-0,0.0112793,35,32,0,0,0,18.5899,0,0,0,-0.160689
1860,3.29892,0,0.0117183,0,0,0.111214,0.0426119,0,-0,0.0338379,35,32,0,0,0,18.5999,0,0,0,-0.160729
1861,3.29892,0,-4.56614e-19,0.0338379,0,0.111214,-0.00745708,0,-0,-0.0676758,35,32,0,0,0,18.6099,0,0,0,-0.160719
1862,3.29892,0,0.00639178,0,0,0.111214,0.0149142,0,-0,-0.0676758,35,32,0,0,0,18.6199,0,0,0,-0.160732
1863,3.29892,0,0.00213059,0.0225586,0,0.111214,-0.0170448,0,-0,0.0338379,35,32,0,0,0,18.6299,0,0,0,-0.160713
1864,3.29892,0,-0.010653,0,0,0.111214,0.00958767,0,-0,-0.0451172,35,32,0,0,0,18.6399,0,0,0,-0.160706
1865,3.29892,0,-0.00958767,0,0,0.111214,-0.00958767,0,-0,-0.0676758,35,32,0,0,0,18.6499,0,0,0,-0.16068
1866,3.29892,0,-0.0138489,0,0,0.111214,0.00958767,0,-0,0.0225586,35,32,0,0,0,18.6599,0,0,0,-0.160722
1867,3.29892,0,-0.0159795,0,0,0.111214,0.00213059,0,-0,0.0225586,35,32,0,0,0,18.6699,0,0,0,-0.160717
1868,3.29892,0,0.00532648,-0.0451172,0,0.111214,0.0426119,0,-0,0.0338379,35,32,0,0,0,18.6799,0,0,0,-0.160732
1869,3.29892,0,0.00958767,-0.0451172,0,0.111214,-0.0117183,0,-0,0.0338379,35,32,0,0,0,18.6899,0,0,0,-0.160737
1870,3.29892,0,0.00213059,0,0,0.111214,0.0170448,0,-0,0.0338379,35,32,0,0,0,18.6999,0,0,0,-0.16074
1871,3.29892,0,0.010653,0,0,0.111214,-0.00319589,0,-0,0.0225586,35,32,0,0,0,18.7099,0,0,0,-0.160725
1872,3.29892,0,-0.0117183,-0.0451172,0,0.111214,0.028763,0,-0,0.0225586,35,32,0,0,0,18.7199,0,0,0,-0.160743
1873,3.29892,0,-0.0117183,-0.0338379,0,0.111214,0.00532648,0,-0,0.0338379,35,32,0,0,0,18.7299,0,0,0,-0.160739
1874,3.29892,0,0.00852238,-0.0451172,0,0.111214,0.0138489,0,-0,0.0225586,35,32,0,0,0,18.7399,0,0,0,-0.160718
1875,3.29892,0,0.0117183,0,0,0.111214,0.0159795,0,-0,0.0112793,35,32,0,0,0,18.7499,0,0,0,-0.160732
1876,3.29892,0,0.0127836,0,0,0.111214,-0.00745708,0,-0,0.0112793,35,32,0,0,0,18.7599,0,0,0,-0.160719
1877,3.29892,0,-0.0191753,0,0,0.111214,0.00319589,0,-0,-0,35,32,0,0,0,18.7699,0,0,0,-0.160741
1878,3.29892,0,0.0170448,-0.0563965,0,0.111214,0.00532648,0,-0,0.0225586,35,32,0,0,0,18.7799,0,0,0,-0.1607
1879,3.29892,0,0.00213059,-0.0451172,0,0.111214,-0.0159795,0,-0,0.0112793,35,32,0,0,0,18.7899,0,0,0,-0.160713
1880,3.29892,0,-0.00639178,-0.0676758,0,0.111214,0.010653,0,-0,0.0225586,35,32,0,0,0,18.7999,0,0,0,-0.160709
1881,3.29892,0,0.01811,-0.0451172,0,0.111214,-0.0255671,0,-0,0.0112793,35,32,0,0,0,18.8099,0,0,0,-0.160751
1882,3.29892,0,-0.010653,0.0451172,0,0.111214,-0.0149142,0,-0,0.0112793,35,32,0,0,0,18.8199,0,0,0,-0.160711
1883,3.29892,0,0.00319589,-0.0451172,0,0.111214,0.00745708,0,-0,0.0112793,35,32,0,0,0,18.8299,0,0,0,-0.160712
1884,3.29892,0,-0.00852238,0,0,0.111214,0.00426119,0,-0,-0.0676758,35,32,0,0,0,18.8399,0,0,0,-0.16071
1885,3.29892,0,0.00426119,0,0,0.111214,-2.60922e-19,0,-0,0.0225586,35,32,0,0,0,18.8499,0,0,0,-0.160714
1886,3.29892,0,-0.00958767,0.0451172,0,0.111214,-0.0127836,0,-0,0.0112793,35,32,0,0,0,18.8599,0,0,0,-0.160696
1887,3.29892,0,0.00852238,0.0338379,0,0.111214,0.00745708,0,-0,0.0338379,35,32,0,0,0,18.8699,0,0,0,-0.160703
1888,3.29892,0,-0.00213059,0.0451172,0,0.111214,-0.0319589,0,-0,-0.0563965,35,32,0,0,0,18.8799,0,0,0,-0.160713
1889,3.29892,0,-0.0138489,0.0338379,0,0.111214,-0.0127836,0,-0,0.0112793,35,32,0,0,0,18.8899,0,0,0,-0.160722
1890,3.29892,0,-0.00213059,0,0,0.111214,-0.01811,0,-0,0.0112793,35,32,0,0,0,18.8999,0,0,0,-0.16073
1891,3.29892,0,-0.00213059,0.0451172,0,0.111214,0.00532648,0,-0,0.0112793,35,32,0,0,0,18.9099,0,0,0,-0.160742
1892,3.29892,0,-0.00213059,0.0225586,0,0.111214,-0.028763,0,-0,-0.0676758,35,32,0,0,0,18.9199,0,0,0,-0.16072
1893,3.29892,0,0.00319589,0.0451172,0,0.111214,0.0159795,0,-0,-0.0676758,35,32,0,0,0,18.9299,0,0,0,-0.160723
1894,3.29892,0,-0.00319589,0.0451172,0,0.111214,-0.0138489,0,-0,-0.0676758,35,32,0,0,0,18.9399,0,0,0,-0.160717
1895,3.29892,0,0.0159795,0,0,0.111214,-0.00745708,0,-0,-0.0676758,35,32,0,0,0,18.9499,0,0,0,-0.160706
1896,3.29892,0,-0.0117183,0,0,0.111214,-0.00958767,0,-0,0.0338379,35,32,0,0,0,18.9599,0,0,0,-0.160707
1897,3.29892,0,-0.00213059,0,0,0.111214,-0.00213059,0,-0,0.0225586,35,32,0,0,0,18.9699,0,0,0,-0.160716
1898,3.29892,0,0.0117183,0,0,0.111214,-0.00319589,0,-0,0.0338379,35,32,0,0,0,18.9799,0,0,0,-0.160712
1899,3.29892,0,0.00532648,0.0225586,0,0.111214,-3.26153e-19,0,-0,0.0225586,35,32,0,0,0,18.9899,0,0,0,-0.160679
1900,3.29892,0,0.0170448,0,0,0.111214,-0.0298283,0,-0,0.0225586,35,32,0,0,0,18.9999,0,0,0,-0.160717
1901,3.29892,0,-0.0170448,0,0,0.111214,-0.00532648,0,-0,0.0338379,35,32,0,0,0,19.0099,0,0,0,-0.160662
1902,3.29892,0,-0.00532648,0.0451172,0,0.111214,-0.0223712,0,-0,0.0338379,35,32,0,0,0,19.0199,0,0,0,-0.16074
1903,3.29892,0,-0.0117183,0.0225586,0,0.111214,-0.00426119,0,-0,0.0338379,35,32,0,0,0,19.0299,0,0,0,-0.16072
1904,3.29892,0,-0.00852238,-0.0451172,0,0.111214,-0.00745708,0,-0,0.0225586,35,32,0,0,0,19.0399,0,0,0,-0.16077
1905,3.29892,0,-0.00213059,-0.0451172,0,0.111214,-0.00532648,0,-0,0.0225586,35,32,0,0,0,19.0499,0,0,0,-0.160737
1906,3.29892,0,0.010653,0,0,0.111214,-0.00213059,0,-0,0.0338379,35,32,0,0,0,19.0599,0,0,0,-0.16075
1907,3.29892,0,-0.01811,0,0,0.111214,0.0010653,0,-0,0.0225586,35,32,0,0,0,19.0699,0,0,0,-0.160747
1908,3.29892,0,-0.00213059,-0.0451172,0,0.111214,-0.0127836,0,-0,0.0225586,35,32,0,0,0,19.0799,0,0,0,-0.160778
1909,3.29892,0,-0.00852238,0,0,0.111214,0.0127836,0,-0,0.0338379,35,32,0,0,0,19.0899,0,0,0,-0.160775
1910,3.29892,0,0.00319589,0,0,0.111214,-0.01811,0,-0,0.0225586,35,32,0,0,0,19.0999,0,0,0,-0.16076
1911,3.29892,0,0.00852238,0.0451172,0,0.111214,0.0010653,0,-0,0.0225586,35,32,0,0,0,19.1099,0,0,0,-0.160717
1912,3.29892,0,0.0170448,-0.0563965,0,0.111214,-0.00639178,0,-0,0.0338379,35,32,0,0,0,19.1199,0,0,0,-0.160752
1913,3.29892,0,0.01811,-0.0563965,0,0.111214,-0.0117183,0,-0,0.0225586,35,32,0,0,0,19.1299,0,0,0,-0.16073
1914,3.29892,0,-0.0138489,-0.0451172,0,0.111214,-0.00958767,0,-0,-0.0676758,35,32,0,0,0,19.1399,0,0,0,-0.16075
1915,3.29892,0,-0.0010653,0.0451172,0,0.111214,0.00426119,0,-0,0.0112793,35,32,0,0,0,19.1499,0,0,0,-0.160737
1916,3.29892,0,-0.00532648,0.0451172,0,0.111214,0.0138489,0,-0,0.0225586,35,32,0,0,0,19.1599,0,0,0,-0.160772
1917,3.29892,0,0.00639178,0.0451172,0,0.111214,-0.00852238,0,-0,0.0112793,35,32,0,0,0,19.1699,0,0,0,-0.160744
1918,3.29892,0,0.0191753,0.0451172,0,0.111214,-0.00532648,0,-0,0.0225586,35,32,0,0,0,19.1799,0,0,0,-0.160757
1919,3.29892,0,0.00426119,0,0,0.111214,-0.0191753,0,-0,0.0112793,35,32,0,0,0,19.1899,0,0,0,-0.160762
1920,3.29892,0,-0.00213059,0,0,0.111214,0.0010653,0,-0,-0.0676758,35,32,0,0,0,19.1999,0,0,0,-0.160783
1921,3.29892,0,-0.00319589,0.0451172,0,0.111214,-0.0213059,0,-0,0.0112793,35,32,0,0,0,19.2099,0,0,0,-0.160781
1922,3.29892,0,-0.0170448,0,0,0.111214,-0.00319589,0,-0,-0,35,32,0,0,0,19.2199,0,0,0,-0.160737
1923,3.29892,0,0.0010653,0,0,0.111214,-0.00532648,0,-0,-0.0676758,35,32,0,0,0,19.2299,0,0,0,-0.160784
1924,3.29892,0,0.0213059,0,0,0.111214,0.00319589,0,-0,-0.0676758,35,32,0,0,0,19.2399,0,0,0,-0.16077
1925,3.29892,0,0.0010653,0.0451172,0,0.111214,-0.00532648,0,-0,-0.0676758,35,32,0,0,0,19.2499,0,0,0,-0.160784
1926,3.29892,0,0.0127836,0,0,0.111214,0.0117183,0,-0,-0.0676758,35,32,0,0,0,19.2599,0,0,0,-0.160769
1927,3.29892,0,0.00532648,0,0,0.111214,0.0308936,0,-0,-0.0676758,35,32,0,0,0,19.2699,0,0,0,-0.160799
1928,3.29892,0,-0.00639178,0,0,0.111214,0.0351548,0,-0,0.0338379,35,32,0,0,0,19.2799,0,0,0,-0.160751
1929,3.29892,0,0.00532648,0,0,0.111214,-0.01811,0,-0,0.0112793,35,32,0,0,0,19.2899,0,0,0,-0.160762
1930,3.29892,0,-0.00852238,0,0,0.111214,0.00532648,0,-0,0.0225586,35,32,0,0,0,19.2999,0,0,0,-0.160754
1931,3.29892,0,0.0010653,0,0,0.111214,-0.00745708,0,-0,0.0225586,35,32,0,0,0,19.3099,0,0,0,-0.160794
1932,3.29892,0,0.00852238,0,0,0.111214,0.0170448,0,-0,0.0225586,35,32,0,0,0,19.3199,0,0,0,-0.160755
1933,3.29892,0,-0.00319589,0,0,0.111214,-0.00958767,0,-0,0.0225586,35,32,0,0,0,19.3299,0,0,0,-0.160741
1934,3.29892,0,-0.0010653,-0.0451172,0,0.111214,-0.00319589,0,-0,0.0225586,35,32,0,0,0,19.3399,0,0,0,-0.160702
1935,3.29892,0,-0.00958767,0,0,0.111214,-0.00639178,0,-0,0.0338379,35,32,0,0,0,19.3499,0,0,0,-0.160751
1936,3.29892,0,0.00213059,0.0338379,0,0.111214,-0.00319589,0,-0,0.0225586,35,32,0,0,0,19.3599,0,0,0,-0.160717
1937,3.29892,0,-0.0138489,0.0451172,0,0.111214,0.0127836,0,-0,0.0225586,35,32,0,0,0,19.3699,0,0,0,-0.160742
1938,3.29892,0,-0.00213059,-0.0451172,0,0.111214,-0.0138489,0,-0,0.0112793,35,32,0,0,0,19.3799,0,0,0,-0.160705
1939,3.29892,0,0.0202406,0,0,0.111214,0.00213059,0,-0,0.0112793,35,32,0,0,0,19.3899,0,0,0,-0.160714
1940,3.29892,0,0.00958767,-0.0451172,0,0.111214,-0.010653,0,-0,0.0338379,35,32,0,0,0,19.3999,0,0,0,-0.16068
1941,3.29892,0,0.00852238,-0.0563965,0,0.111214,0.00319589,0,-0,-0,35,32,0,0,0,19.4099,0,0,0,-0.160715
1942,3.29892,0,-0.00319589,-0.0563965,0,0.111214,-0.0149142,0,-0,0.0225586,35,32,0,0,0,19.4199,0,0,0,-0.160733
1943,3.29892,0,1.23938e-18,-0.0563965,0,0.111214,0.0202406,0,-0,0.0112793,35,32,0,0,0,19.4299,0,0,0,-0.160753
1944,3.29892,0,0.00213059,0.0225586,0,0.111214,-0.0117183,0,-0,0.0338379,35,32,0,0,0,19.4399,0,0,0,-0.160735
1945,3.29892,0,-0.00213059,0.0451172,0,0.111214,-0.00958767,0,-0,0.0112793,35,32,0,0,0,19.4499,0,0,0,-0.160785
1946,3.29892,0,-0.00213059,0.0451172,0,0.111214,-0.0117183,0,-0,0.0225586,35,32,0,0,0,19.4599,0,0,0,-0.160784
1947,3.29892,0,0.0010653,0.0451172,0,0.111214,0.00639178,0,-0,-0,35,32,0,0,0,19.4699,0,0,0,-0.160784
1948,3.29892,0,0.010653,-0.0563965,0,0.111214,-0.0149142,0,-0,0.0225586,35,32,0,0,0,19.4799,0,0,0,-0.160791
1949,3.29892,0,-0.00213059,0.0451172,0,0.111214,0.00639178,0,-0,0.0225586,35,32,0,0,0,19.4899,0,0,0,-0.160747
1950,3.29892,0,-0.00426119,0.0451172,0,0.111214,-0.01811,0,-0,0.0112793,35,32,0,0,0,19.4999,0,0,0,-0.160727
1951,3.29892,0,-0.00213059,0.0338379,0,0.111214,0.01811,0,-0,-0.0676758,35,32,0,0,0,19.5099,0,0,0,-0.16072
1952,3.29892,0,-1.76123e-18,0.0451172,0,0.111214,-0.028763,0,-0,-0.0676758,35,32,0,0,0,19.5199,0,0,0,-0.160718
1953,3.29892,0,-0.00426119,0.0451172,0,0.111214,0.0138489,0,-0,0.0451172,35,32,0,0,0,19.5299,0,0,0,-0.160704
1954,3.29892,0,-0.00426119,0.0225586,0,0.111214,-0.00852238,0,-0,0.0112793,35,32,0,0,0,19.5399,0,0,0,-0.160716
1955,3.29892,0,-0.00852238,0,0,0.111214,0.0159795,0,-0,-0.0676758,35,32,0,0,0,19.5499,0,0,0,-0.160728
1956,3.29892,0,0.00532648,0,0,0.111214,-0.00213059,0,-0,-0.0676758,35,32,0,0,0,19.5599,0,0,0,-0.160727
1957,3.29892,0,0.0170448,-0.0451172,0,0.111214,0.01811,0,-0,-0.0676758,35,32,0,0,0,19.5699,0,0,0,-0.160674
1958,3.29892,0,0.00426119,0.0225586,0,0.111214,-0.010653,0,-0,0.0338379,35,32,0,0,0,19.5799,0,0,0,-0.16071
1959,3.29892,0,0.0202406,0.0225586,0,0.111214,0.00426119,0,-0,-0,35,32,0,0,0,19.5899,0,0,0,-0.160648
1960,3.29892,0,-0.00958767,0,0,0.111214,0.00319589,0,-0,0.0225586,35,32,0,0,0,19.5999,0,0,0,-0.160698
1961,3.29892,0,0.0202406,0,0,0.111214,-0.00319589,0,-0,0.0225586,35,32,0,0,0,19.6099,0,0,0,-0.160704
1962,3.29892,0,0.0010653,0,0,0.111214,-0.00426119,0,-0,0.0225586,35,32,0,0,0,19.6199,0,0,0,-0.160706
1963,3.29892,0,0.0170448,0,0,0.111214,0.0149142,0,-0,0.0112793,35,32,0,0,0,19.6299,0,0,0,-0.160655
1964,3.29892,0,-0.00745708,-0.0451172,0,0.111214,0.00426119,0,-0,0.0338379,35,32,0,0,0,19.6399,0,0,0,-0.160679
1965,3.29892,0,0.0138489,0,0,0.111214,-0.0234365,0,-0,0.0338379,35,32,0,0,0,19.6499,0,0,0,-0.160625
1966,3.29892,0,-0.01811,0.0451172,0,0.111214,-0.010653,0,-0,0.0112793,35,32,0,0,0,19.6599,0,0,0,-0.160673
1967,3.29892,0,0.0202406,-0.0451172,0,0.111214,0.00639178,0,-0,0.0225586,35,32,0,0,0,19.6699,0,0,0,-0.160681
1968,3.29892,0,0.00852238,-0.0451172,0,0.111214,0.0213059,0,-0,-0,35,32,0,0,0,19.6799,0,0,0,-0.160708
1969,3.29892,0,0.00958767,-0.0451172,0,0.111214,-0.0138489,0,-0,0.0112793,35,32,0,0,0,19.6899,0,0,0,-0.160683
1970,3.29892,0,0.00745708,0.0451172,0,0.111214,0.00745708,0,-0,0.0112793,35,32,0,0,0,19.6999,0,0,0,-0.160705
1971,3.29892,0,-0.00639178,-0.0563965,0,0.111214,-0.0372854,0,-0,0.0225586,35,32,0,0,0,19.7099,0,0,0,-0.160696
1972,3.29892,0,2.28307e-18,-0.0563965,0,0.111214,0.0372854,0,-0,-0.0225586,35,32,0,0,0,19.7199,0,0,0,-0.16071
1973,3.29892,0,0.0127836,-0.0451172,0,0.111214,-7.82767e-19,0,-0,0.0225586,35,32,0,0,0,19.7299,0,0,0,-0.160717
1974,3.29892,0,0.00958767,0,0,0.111214,0.039416,0,-0,0.0225586,35,32,0,0,0,19.7399,0,0,0,-0.160707
1975,3.29892,0,0.00319589,0,0,0.111214,-0.0340895,0,-0,0.0225586,35,32,0,0,0,19.7499,0,0,0,-0.160692
1976,3.29892,0,0.0127836,0,0,0.111214,-0.00639178,0,-0,0.0225586,35,32,0,0,0,19.7599,0,0,0,-0.16069
1977,3.29892,0,0.0159795,0.0338379,0,0.111214,-0.00639178,0,-0,-0.0676758,35,32,0,0,0,19.7699,0,0,0,-0.1607
1978,3.29892,0,0.0117183,0,0,0.111214,-0.0010653,0,-0,0.0225586,35,32,0,0,0,19.7799,0,0,0,-0.160677
1979,3.29892,0,-0.0010653,0.0451172,0,0.111214,0.0202406,0,-0,-0,35,32,0,0,0,19.7899,0,0,0,-0.160704
1980,3.29892,0,0.00852238,0.0451172,0,0.111214,0.0202406,0,-0,0.0338379,35,32,0,0,0,19.7999,0,0,0,-0.160686
1981,3.29892,0,0.0245018,0.0451172,0,0.111214,-0.0170448,0,-0,-0.0676758,35,32,0,0,0,19.8099,0,0,0,-0.160736
1982,3.29892,0,-0.01811,0.0451172,0,0.111214,-0.00532648,0,-0,-0.0676758,35,32,0,0,0,19.8199,0,0,0,-0.160714
1983,3.29892,0,0.00213059,0,0,0.111214,0.0149142,0,-0,0.0338379,35,32,0,0,0,19.8299,0,0,0,-0.160773
1984,3.29892,0,-0.0127836,0,0,0.111214,0.039416,0,-0,-0.0676758,35,32,0,0,0,19.8399,0,0,0,-0.160749
1985,3.29892,0,-0.00319589,0,0,0.111214,0.00426119,0,-0,-0.0676758,35,32,0,0,0,19.8499,0,0,0,-0.16078
1986,3.29892,0,-0.00319589,0,0,0.111214,-0.010653,0,-0,-0,35,32,0,0,0,19.8599,0,0,0,-0.160723
1987,3.29892,0,0.00213059,0,0,0.111214,-0.00532648,0,-0,-0.0676758,35,32,0,0,0,19.8699,0,0,0,-0.160765
1988,3.29892,0,-0.0266324,0,0,0.111214,0.028763,0,-0,0.0112793,35,32,0,0,0,19.8799,0,0,0,-0.160724
1989,3.29892,0,-0.00319589,0,0,0.111214,-0.0117183,0,-0,-0.0676758,35,32,0,0,0,19.8899,0,0,0,-0.160751
1990,3.29892,0,0.00319589,0,0,0.111214,0.0138489,0,-0,0.0338379,35,32,0,0,0,19.8999,0,0,0,-0.160705
1991,3.29892,0,0.00639178,0,0,0.111214,-0.00213059,0,-0,0.0225586,35,32,0,0,0,19.9099,0,0,0,-0.160747
1992,3.29892,0,-0.00319589,0,0,0.111214,0.00852238,0,-0,0.0225586,35,32,0,0,0,19.9199,0,0,0,-0.160736
1993,3.29892,0,0.0170448,-0.0451172,0,0.111214,-0.0138489,0,-0,0.0451172,35,32,0,0,0,19.9299,0,0,0,-0.160734
1994,3.29892,0,0.00852238,0,0,0.111214,-0.0117183,0,-0,0.0338379,35,32,0,0,0,19.9399,0,0,0,-0.160682
1995,3.29892,0,0.00958767,-0.0338379,0,0.111214,0.00426119,0,-0,0.0225586,35,32,0,0,0,19.9499,0,0,0,-0.160709
1996,3.29892,0,0.00745708,0,0,0.111214,-0.00852238,0,-0,0.0338379,35,32,0,0,0,19.9599,0,0,0,-0.160627
1997,3.29892,0,0.0117183,0,0,0.111214,0.00852238,0,-0,0.0225586,35,32,0,0,0,19.9699,0,0,0,-0.160696
1998,3.29892,0,0.00532648,-0.0451172,0,0.111214,-3.26153e-19,0,-0,0.0225586,35,32,0,0,0,19.9799,0,0,0,-0.160651
1999,3.29892,0,0.0010653,-0.0563965,0,0.111214,0.00213059,0,-0,0.0338379,35,32,0,0,0,19.9899,0,0,0,-0.160639
2000,3.29892,0,-0.00426119,-0.0451172,0,0.111214,-0.0319589,0,-0,0.0225586,35,32,0,0,0,19.9999,0,0,0,-0.160636
2001,3.29892,0,-0.0138489,-0.0338379,0,0.111214,0.00426119,0,-0,-0,35,32,0,0,0,20.0099,0,0,0,-0.160632
2002,3.29892,0,0.0276977,0.0338379,0,0.111214,-0.0191753,0,-0,0.0225586,35,32,0,0,0,20.0199,0,0,0,-0.160604
2003,3.29892,0,-0.00852238,-0.0563965,0,0.111214,0.0213059,0,-0,0.0225586,35,32,0,0,0,20.0299,0,0,0,-0.160619
2004,3.29892,0,0.00532648,-0.0451172,0,0.111214,-0.00958767,0,-0,-0,35,32,0,0,0,20.0399,0,0,0,-0.160607
2005,3.29892,0,0.01811,-0.0563965,0,0.111214,0.00532648,0,-0,0.0225586,35,32,0,0,0,20.0499,0,0,0,-0.160602
2006,3.29892,0,0.00426119,0.0112793,0,0.111214,-0.00426119,0,-0,0.0225586,35,32,0,0,0,20.0599,0,0,0,-0.160616
2007,3.29892,0,0.00639178,0.0451172,0,0.111214,0.0149142,0,-0,0.0225586,35,32,0,0,0,20.0699,0,0,0,-0.160595
2008,3.29892,0,-0.0170448,0.0338379,0,0.111214,-0.0170448,0,-0,0.0112793,35,32,0,0,0,20.0799,0,0,0,-0.160588
2009,3.29892,0,0.00426119,0.0451172,0,0.111214,0.0255671,0,-0,0.0225586,35,32,0,0,0,20.0899,0,0,0,-0.160586
2010,3.29892,0,-0.00213059,-0.0451172,0,0.111214,-0.0127836,0,-0,-0.0676758,35,32,0,0,0,20.0999,0,0,0,-0.160617
2011,3.29892,0,-0.0117183,0.0225586,0,0.111214,0.00639178,0,-0,-0.0676758,35,32,0,0,0,20.1099,0,0,0,-0.160562
2012,3.29892,0,-1.04369e-18,-0.0451172,0,0.111214,-0.0170448,0,-0,-0.0676758,35,32,0,0,0,20.1199,0,0,0,-0.160595
2013,3.29892,0,-0.00213059,0.0451172,0,0.111214,0.0191753,0,-0,-0.0676758,35,32,0,0,0,20.1299,0,0,0,-0.160564
2014,3.29892,0,-0.00426119,0.0225586,0,0.111214,-0.0127836,0,-0,-0.0676758,35,32,0,0,0,20.1399,0,0,0,-0.160584
2015,3.29892,0,0.00958767,0,0,0.111214,0.0138489,0,-0,0.0225586,35,32,0,0,0,20.1499,0,0,0,-0.160549
2016,3.29892,0,-0.00958767,0,0,0.111214,-0.0170448,0,-0,0.0112793,35,32,0,0,0,20.1599,0,0,0,-0.16056
2017,3.29892,0,0.0127836,0,0,0.111214,0.00532648,0,-0,-0.0676758,35,32,0,0,0,20.1699,0,0,0,-0.16052
2018,3.29892,0,0.0191753,0,0,0.111214,-0.0149142,0,-0,-0.0676758,35,32,0,0,0,20.1799,0,0,0,-0.160577
2019,3.29892,0,0.0191753,0,0,0.111214,-0.00958767,0,-0,-0.0451172,35,32,0,0,0,20.1899,0,0,0,-0.16054
2020,3.29892,0,0.00319589,-0.0451172,0,0.111214,-0.0117183,0,-0,0.0338379,35,32,0,0,0,20.1999,0,0,0,-0.160579
2021,3.29892,0,-0.00639178,-0.0451172,0,0.111214,-0.00639178,0,-0,0.0225586,35,32,0,0,0,20.2099,0,0,0,-0.160558
2022,3.29892,0,0.00639178,0,0,0.111214,0.01811,0,-0,0.0225586,35,32,0,0,0,20.2199,0,0,0,-0.1606
2023,3.29892,0,0.00639178,0,0,0.111214,-0.0138489,0,-0,0.0112793,35,32,0,0,0,20.2299,0,0,0,-0.160539
2024,3.29892,0,-0.00426119,0,0,0.111214,0.0159795,0,-0,0.0338379,35,32,0,0,0,20.2399,0,0,0,-0.160579
2025,3.29892,0,0.0245018,-0.0451172,0,0.111214,0.00426119,0,-0,0.0225586,35,32,0,0,0,20.2499,0,0,0,-0.160573
2026,3.29892,0,0.0117183,0,0,0.111214,0.0245018,0,-0,0.0225586,35,32,0,0,0,20.2599,0,0,0,-0.160593
2027,3.29892,0,0.00852238,-0.0451172,0,0.111214,-0.0149142,0,-0,0.0338379,35,32,0,0,0,20.2699,0,0,0,-0.160558
2028,3.29892,0,0.0010653,0,0,0.111214,0.0308936,0,-0,-0,35,32,0,0,0,20.2799,0,0,0,-0.160596
2029,3.29892,0,-0.01811,-0.0563965,0,0.111214,-0.0191753,0,-0,-0,35,32,0,0,0,20.2899,0,0,0,-0.160605
2030,3.29892,0,0.00426119,0.0451172,0,0.111214,0.0372854,0,-0,0.0112793,35,32,0,0,0,20.2999,0,0,0,-0.160581
2031,3.29892,0,0.00532648,-0.0451172,0,0.111214,-0.00958767,0,-0,0.0225586,35,32,0,0,0,20.3099,0,0,0,-0.160567
2032,3.29892,0,0.00958767,0,0,0.111214,0.0202406,0,-0,0.0112793,35,32,0,0,0,20.3199,0,0,0,-0.160544
2033,3.29892,0,-1.04369e-18,0.0451172,0,0.111214,-0.0170448,0,-0,0.0338379,35,32,0,0,0,20.3299,0,0,0,-0.16051
2034,3.29892,0,0.0010653,-0.0451172,0,0.111214,0.0149142,0,-0,-0.0676758,35,32,0,0,0,20.3399,0,0,0,-0.160468
2035,3.29892,0,-0.010653,-0.0563965,0,0.111214,-0.0372854,0,-0,0.0112793,35,32,0,0,0,20.3499,0,0,0,-0.160511
2036,3.29892,0,0.01811,-0.0451172,0,0.111214,0.0276977,0,-0,0.0225586,35,32,0,0,0,20.3599,0,0,0,-0.160502
2037,3.29892,0,0.00958767,0,0,0.111214,-0.0149142,0,-0,-0,35,32,0,0,0,20.3699,0,0,0,-0.160516
2038,3.29892,0,-0.00745708,0.0338379,0,0.111214,0.00319589,0,-0,0.0112793,35,32,0,0,0,20.3799,0,0,0,-0.160501
2039,3.29892,0,-2.15261e-18,0,0,0.111214,-0.0351548,0,-0,0.0225586,35,32,0,0,0,20.3899,0,0,0,-0.160497
2040,3.29892,0,0.0234365,0.0451172,0,0.111214,0.0117183,0,-0,0.0112793,35,32,0,0,0,20.3999,0,0,0,-0.16049
2041,3.29892,0,-0.00852238,-0.0451172,0,0.111214,-0.0170448,0,-0,0.0112793,35,32,0,0,0,20.4099,0,0,0,-0.160532
2042,3.29892,0,-0.0276977,0,0,0.111214,0.00213059,0,-0,0.0225586,35,32,0,0,0,20.4199,0,0,0,-0.160491
2043,3.29892,0,-0.00745708,0.0225586,0,0.111214,-0.0010653,0,-0,-0.0676758,35,32,0,0,0,20.4299,0,0,0,-0.160547
2044,3.29892,0,9.13229e-19,0,0,0.111214,0.0149142,0,-0,-0.0676758,35,32,0,0,0,20.4399,0,0,0,-0.160495
2045,3.29892,0,-0.0010653,0.0451172,0,0.111214,-0.00639178,0,-0,-0.0676758,35,32,0,0,0,20.4499,0,0,0,-0.160488
2046,3.29892,0,-0.00426119,0.0225586,0,0.111214,0.010653,0,-0,0.0338379,35,32,0,0,0,20.4599,0,0,0,-0.160476
2047,3.29892,0,-0.00213059,0,0,0.111214,0.0010653,0,-0,-0.0676758,35,32,0,0,0,20.4699,0,0,0,-0.160496
2048,3.29892,0,-0.00532648,0.0225586,0,0.111214,0.00958767,0,-0,0.0338379,35,32,0,0,0,20.4799,0,0,0,-0.160461
2049,3.29892,0,0.0149142,0,0,0.111214,0.0213059,0,-0,-0.0676758,35,32,0,0,0,20.4899,0,0,0,-0.160504
2050,3.29892,0,0.00958767,0,0,0.111214,-0.0276977,0,-0,-0.0676758,35,32,0,0,0,20.4999,0,0,0,-0.160441
2051,3.29892,0,0.00532648,0,0,0.111214,-0.00426119,0,-0,0.0338379,35,32,0,0,0,20.5099,0,0,0,-0.160471
2052,3.29892,0,-0.00426119,-0.0451172,0,0.111214,-0.00745708,0,-0,0.0338379,35,32,0,0,0,20.5199,0,0,0,-0.160483
2053,3.29892,0,0.0202406,0,0,0.111214,-0.00213059,0,-0,0.0338379,35,32,0,0,0,20.5299,0,0,0,-0.160506
2054,3.29892,0,-0.0223712,0.0451172,0,0.111214,-0.00745708,0,-0,0.0338379,35,32,0,0,0,20.5399,0,0,0,-0.16045
2055,3.29892,0,-0.0213059,0,0,0.111214,0.00426119,0,-0,0.0225586,35,32,0,0,0,20.5499,0,0,0,-0.16048
2056,3.29892,0,0.010653,0,0,0.111214,0.00426119,0,-0,0.0225586,35,32,0,0,0,20.5599,0,0,0,-0.160465
2057,3.29892,0,-0.0266324,0,0,0.111214,0.0234365,0,-0,0.0338379,35,32,0,0,0,20.5699,0,0,0,-0.16048
2058,3.29892,0,-0.0117183,0,0,0.111214,-0.0202406,0,-0,0.0112793,35,32,0,0,0,20.5799,0,0,0,-0.160522
2059,3.29892,0,-0.01811,-0.0563965,0,0.111214,0.00958767,0,-0,0.0225586,35,32,0,0,0,20.5899,0,0,0,-0.160486
2060,3.29892,0,-0.00958767,-0.0451172,0,0.111214,-0.0308936,0,-0,0.0225586,35,32,0,0,0,20.5999,0,0,0,-0.160531
2061,3.29892,0,-0.0117183,-0.0563965,0,0.111214,0.0202406,0,-0,0.0225586,35,32,0,0,0,20.6099,0,0,0,-0.160494
2062,3.29892,0,-0.0010653,-0.0451172,0,0.111214,-0.0319589,0,-0,0.0112793,35,32,0,0,0,20.6199,0,0,0,-0.160507
2063,3.29892,0,-0.0404813,0.0451172,0,0.111214,0.010653,0,-0,0.0338379,35,32,0,0,0,20.6299,0,0,0,-0.160476
2064,3.29892,0,0.00639178,0,0,0.111214,-0.0149142,0,-0,0.0225586,35,32,0,0,0,20.6399,0,0,0,-0.160503
2065,3.29892,0,0.00426119,-0.0451172,0,0.111214,0.0170448,0,-0,0.0112793,35,32,0,0,0,20.6499,0,0,0,-0.160446
2066,3.29892,0,0.00958767,0.0451172,0,0.111214,-0.0245018,0,-0,0.0112793,35,32,0,0,0,20.6599,0,0,0,-0.160472
2067,3.29892,0,-0.0202406,-0.0563965,0,0.111214,0.00319589,0,-0,0.0225586,35,32,0,0,0,20.6699,0,0,0,-0.160424
2068,3.29892,0,-0.00319589,0.0451172,0,0.111214,-0.00745708,0,-0,0.0225586,35,32,0,0,0,20.6799,0,0,0,-0.160444
2069,3.29892,0,0.0159795,0.0451172,0,0.111214,-0.00213059,0,-0,0.0112793,35,32,0,0,0,20.6899,0,0,0,-0.160405
2070,3.29892,0,-0.0010653,0.0451172,0,0.111214,-0.0010653,0,-0,0.0225586,35,32,0,0,0,20.6999,0,0,0,-0.160416
2071,3.29892,0,0.010653,0.0451172,0,0.111214,-0.0138489,0,-0,-0.0676758,35,32,0,0,0,20.7099,0,0,0,-0.160386
2072,3.29892,0,0.0117183,0,0,0.111214,0.00639178,0,-0,-0.0676758,35,32,0,0,0,20.7199,0,0,0,-0.160404
2073,3.29892,0,0.00426119,-0.0451172,0,0.111214,-0.0191753,0,-0,-0.0676758,35,32,0,0,0,20.7299,0,0,0,-0.16036
2074,3.29892,0,0.00852238,0,0,0.111214,-0.00852238,0,-0,-0.0676758,35,32,0,0,0,20.7399,0,0,0,-0.160378
2075,3.29892,0,0.0319589,0,0,0.111214,-0.00319589,0,-0,-0.0676758,35,32,0,0,0,20.7499,0,0,0,-0.160352
2076,3.29892,0,-0.00213059,0.0225586,0,0.111214,0.0213059,0,-0,0.0451172,35,32,0,0,0,20.7599,0,0,0,-0.160365
2077,3.29892,0,0.00852238,0,0,0.111214,-0.00639178,0,-0,-0.0676758,35,32,0,0,0,20.7699,0,0,0,-0.160366
2078,3.29892,0,1.04369e-18,0,0,0.111214,0.0170448,0,-0,-0.0676758,35,32,0,0,0,20.7799,0,0,0,-0.160371
2079,3.29892,0,0.0223712,0,0,0.111214,-0.010653,0,-0,-0.0676758,35,32,0,0,0,20.7899,0,0,0,-0.160346
2080,3.29892,0,0.0117183,0.0225586,0,0.111214,0.00745708,0,-0,0.0338379,35,32,0,0,0,20.7999,0,0,0,-0.16035
2081,3.29892,0,0.00852238,0,0,0.111214,0.00532648,0,-0,0.0338379,35,32,0,0,0,20.8099,0,0,0,-0.160335
2082,3.29892,0,0.0117183,0,0,0.111214,-0.00532648,0,-0,0.0338379,35,32,0,0,0,20.8199,0,0,0,-0.160314
2083,3.29892,0,-1.10892e-18,0,0,0.111214,-0.01811,0,-0,0.0451172,35,32,0,0,0,20.8299,0,0,0,-0.160336
2084,3.29892,0,0.00639178,-0.0563965,0,0.111214,0.0138489,0,-0,0.0451172,35,32,0,0,0,20.8399,0,0,0,-0.160308
2085,3.29892,0,0.00745708,0,0,0.111214,-0.0490037,0,-0,-0,35,32,0,0,0,20.8499,0,0,0,-0.160267
2086,3.29892,0,0.00213059,-0.0338379,0,0.111214,0.0138489,0,-0,0.0338379,35,32,0,0,0,20.8599,0,0,0,-0.160297
2087,3.29892,0,0.0010653,0,0,0.111214,-0.00958767,0,-0,0.0338379,35,32,0,0,0,20.8699,0,0,0,-0.160307
2088,3.29892,0,0.0010653,0.0451172,0,0.111214,0.0149142,0,-0,0.0225586,35,32,0,0,0,20.8799,0,0,0,-0.160311
2089,3.29892,0,0.0010653,-0.0563965,0,0.111214,-0.00745708,0,-0,0.0225586,35,32,0,0,0,20.8899,0,0,0,-0.160301
2090,3.29892,0,-0.00213059,-0.0338379,0,0.111214,0.00745708,0,-0,0.0112793,35,32,0,0,0,20.8999,0,0,0,-0.160296
2091,3.29892,0,-0.00639178,0,0,0.111214,-0.00532648,0,-0,0.0225586,35,32,0,0,0,20.9099,0,0,0,-0.160343
2092,3.29892,0,-0.0170448,-0.0563965,0,0.111214,0.0149142,0,-0,0.0112793,35,32,0,0,0,20.9199,0,0,0,-0.160312
2093,3.29892,0,-0.0223712,-0.0451172,0,0.111214,-0.00426119,0,-0,0.0112793,35,32,0,0,0,20.9299,0,0,0,-0.160322
2094,3.29892,0,-0.00958767,-0.0451172,0,0.111214,0.0202406,0,-0,-0,35,32,0,0,0,20.9399,0,0,0,-0.160292
2095,3.29892,0,0.00319589,0.0451172,0,0.111214,-0.00426119,0,-0,0.0338379,35,32,0,0,0,20.9499,0,0,0,-0.1603
2096,3.29892,0,-0.00213059,-0.0451172,0,0.111214,0.0223712,0,-0,0.0112793,35,32,0,0,0,20.9599,0,0,0,-0.1603
2097,3.29892,0,0.0117183,0.0451172,0,0.111214,-0.0351548,0,-0,0.0225586,35,32,0,0,0,20.9699,0,0,0,-0.160304
2098,3.29892,0,-1.95692e-19,0.0225586,0,0.111214,-0.00319589,0,-0,0.0338379,35,32,0,0,0,20.9799,0,0,0,-0.160293
2099,3.29892,0,-0.00745708,0.0338379,0,0.111214,-0.0127836,0,-0,-0.0451172,35,32,0,0,0,20.9899,0,0,0,-0.160327
2100,3.29892,0,0.00532648,-0.0563965,0,0.111214,-0.00745708,0,-0,0.0338379,35,32,0,0,0,20.9999,0,0,0,-0.160304
2101,3.29892,0,-0.0159795,0.0338379,0,0.111214,0.0255671,0,-0,0.0112793,35,32,0,0,0,21.0099,0,0,0,-0.160359
2102,3.29892,0,0.0117183,0.0338379,0,0.111214,0.00319589,0,-0,0.0225586,35,32,0,0,0,21.0199,0,0,0,-0.160332
2103,3.29892,0,0.0138489,0.0451172,0,0.111214,0.00639178,0,-0,0.0225586,35,32,0,0,0,21.0299,0,0,0,-0.160364
2104,3.29892,0,0.00745708,0.0451172,0,0.111214,0.00745708,0,-0,0.0225586,35,32,0,0,0,21.0399,0,0,0,-0.16035
2105,3.29892,0,-0.0127836,0,0,0.111214,0.0245018,0,-0,-0.0676758,35,32,0,0,0,21.0499,0,0,0,-0.160385
2106,3.29892,0,-0.0127836,0,0,0.111214,0.00426119,0,-0,-0.0676758,35,32,0,0,0,21.0599,0,0,0,-0.160342
2107,3.29892,0,0.00852238,0,0,0.111214,0.00745708,0,-0,-0.0676758,35,32,0,0,0,21.0699,0,0,0,-0.16033
2108,3.29892,0,0.00745708,0,0,0.111214,-0.00639178,0,-0,0.0225586,35,32,0,0,0,21.0799,0,0,0,-0.160304
2109,3.29892,0,0.0159795,-0.0451172,0,0.111214,0.0298283,0,-0,-0.0676758,35,32,0,0,0,21.0899,0,0,0,-0.160318
2110,3.29892,0,-0.00745708,0,0,0.111214,-0.0372854,0,-0,0.0338379,35,32,0,0,0,21.0999,0,0,0,-0.160312
2111,3.29892,0,-0.0159795,0.0225586,0,0.111214,0.0383507,0,-0,0.0338379,35,32,0,0,0,21.1099,0,0,0,-0.160316
2112,3.29892,0,-0.0234365,0,0,0.111214,-0.0010653,0,-0,0.0338379,35,32,0,0,0,21.1199,0,0,0,-0.160338
2113,3.29892,0,-0.0010653,-0.0563965,0,0.111214,0.0117183,0,-0,0.0338379,35,32,0,0,0,21.1299,0,0,0,-0.160303
2114,3.29892,0,-0.0202406,0,0,0.111214,-0.0490037,0,-0,0.0338379,35,32,0,0,0,21.1399,0,0,0,-0.160336
2115,3.29892,0,0.00532648,0,0,0.111214,-0.00319589,0,-0,0.0338379,35,32,0,0,0,21.1499,0,0,0,-0.160335
2116,3.29892,0,-0.00213059,-0.0451172,0,0.111214,0.00639178,0,-0,0.0225586,35,32,0,0,0,21.1599,0,0,0,-0.160369
2117,3.29892,0,0.00639178,0,0,0.111214,0.0138489,0,-0,0.0225586,35,32,0,0,0,21.1699,0,0,0,-0.160345
2118,3.29892,0,-0.00958767,0,0,0.111214,0.00639178,0,-0,0.0225586,35,32,0,0,0,21.1799,0,0,0,-0.16035
2119,3.29892,0,0.010653,0,0,0.111214,0.010653,0,-0,0.0225586,35,32,0,0,0,21.1899,0,0,0,-0.160312
2120,3.29892,0,0.0117183,-0.0451172,0,0.111214,0.00958767,0,-0,0.0225586,35,32,0,0,0,21.1999,0,0,0,-0.160309
2121,3.29892,0,0.00319589,0,0,0.111214,-0.0010653,0,-0,0.0225586,35,32,0,0,0,21.2099,0,0,0,-0.160297
2122,3.29892,0,-0.00426119,0.0451172,0,0.111214,0.0010653,0,-0,0.0112793,35,32,0,0,0,21.2199,0,0,0,-0.160291
2123,3.29892,0,0.0010653,-0.0451172,0,0.111214,0.00426119,0,-0,0.0338379,35,32,0,0,0,21.2299,0,0,0,-0.160238
2124,3.29892,0,-0.00532648,-0.0451172,0,0.111214,-0.00639178,0,-0,0.0225586,35,32,0,0,0,21.2399,0,0,0,-0.160266
2125,3.29892,0,0.0127836,-0.0563965,0,0.111214,0.00745708,0,-0,0.0225586,35,32,0,0,0,21.2499,0,0,0,-0.160238
2126,3.29892,0,0.00639178,-0.0451172,0,0.111214,-0.0276977,0,-0,0.0225586,35,32,0,0,0,21.2599,0,0,0,-0.160258
2127,3.29892,0,0.00532648,-0.0451172,0,0.111214,0.00426119,0,-0,0.0225586,35,32,0,0,0,21.2699,0,0,0,-0.16025
2128,3.29892,0,-0.00426119,0.0451172,0,0.111214,-0.00532648,0,-0,0.0225586,35,32,0,0,0,21.2799,0,0,0,-0.16025
2129,3.29892,0,0.00213059,0.0338379,0,0.111214,0.00745708,0,-0,0.0225586,35,32,0,0,0,21.2899,0,0,0,-0.16024
2130,3.29892,0,-0.00426119,0,0,0.111214,0.0010653,0,-0,0.0112793,35,32,0,0,0,21.2999,0,0,0,-0.160268
2131,3.29892,0,-0.00319589,0.0451172,0,0.111214,-0.00213059,0,-0,-0,35,32,0,0,0,21.3099,0,0,0,-0.16025
2132,3.29892,0,0.0127836,0.0338379,0,0.111214,0.00213059,0,-0,0.0112793,35,32,0,0,0,21.3199,0,0,0,-0.160255
2133,3.29892,0,-0.0010653,0.0338379,0,0.111214,0.00319589,0,-0,0.0112793,35,32,0,0,0,21.3299,0,0,0,-0.16023
2134,3.29892,0,-0.0010653,0,0,0.111214,0.0127836,0,-0,0.0225586,35,32,0,0,0,21.3399,0,0,0,-0.160257
2135,3.29892,0,-0.00532648,0.0225586,0,0.111214,-0.0117183,0,-0,-0.0676758,35,32,0,0,0,21.3499,0,0,0,-0.160231
2136,3.29892,0,0.01811,0,0,0.111214,0.00532648,0,-0,0.0225586,35,32,0,0,0,21.3599,0,0,0,-0.160221
2137,3.29892,0,0.00426119,0,0,0.111214,0.00639178,0,-0,-0.0676758,35,32,0,0,0,21.3699,0,0,0,-0.160219
2138,3.29892,0,-0.0149142,0.0451172,0,0.111214,0.0213059,0,-0,-0.0676758,35,32,0,0,0,21.3799,0,0,0,-0.16024
2139,3.29892,0,0.00639178,0,0,0.111214,-0.028763,0,-0,0.0338379,35,32,0,0,0,21.3899,0,0,0,-0.160225
2140,3.29892,0,-0.0127836,0,0,0.111214,0.0330242,0,-0,-0.0676758,35,32,0,0,0,21.3999,0,0,0,-0.160224
2141,3.29892,0,-0.00426119,0,0,0.111214,-0.01811,0,-0,0.0225586,35,32,0,0,0,21.4099,0,0,0,-0.160246
2142,3.29892,0,0.00213059,0,0,0.111214,0.0202406,0,-0,-0.0676758,35,32,0,0,0,21.4199,0,0,0,-0.160213
2143,3.29892,0,-0.00958767,0,0,0.111214,0.00639178,0,-0,-0,35,32,0,0,0,21.4299,0,0,0,-0.160236
2144,3.29892,0,0.0159795,0,0,0.111214,-0.00639178,0,-0,0.0338379,35,32,0,0,0,21.4399,0,0,0,-0.160204
2145,3.29892,0,0.00639178,-0.0451172,0,0.111214,-0.0234365,0,-0,0.0225586,35,32,0,0,0,21.4499,0,0,0,-0.160248
2146,3.29892,0,0.0010653,0,0,0.111214,0.00319589,0,-0,0.0112793,35,32,0,0,0,21.4599,0,0,0,-0.160205
2147,3.29892,0,0.0117183,0,0,0.111214,-0.028763,0,-0,0.0225586,35,32,0,0,0,21.4699,0,0,0,-0.160217
2148,3.29892,0,-0.00426119,-0.0338379,0,0.111214,0.00213059,0,-0,0.0225586,35,32,0,0,0,21.4799,0,0,0,-0.160202
2149,3.29892,0,-0.00852238,-0.0563965,0,0.111214,0.0127836,0,-0,0.0225586,35,32,0,0,0,21.4899,0,0,0,-0.160203
2150,3.29892,0,-0.00639178,0,0,0.111214,3.91384e-19,0,-0,0.0112793,35,32,0,0,0,21.4999,0,0,0,-0.160178
2151,3.29892,0,-0.00852238,0,0,0.111214,-0.0010653,0,-0,0.0112793,35,32,0,0,0,21.5099,0,0,0,-0.160207
2152,3.29892,0,0.00213059,0,0,0.111214,-0.00745708,0,-0,0.0112793,35,32,0,0,0,21.5199,0,0,0,-0.160206
2153,3.29892,0,0.00639178,-0.0451172,0,0.111214,-0.00213059,0,-0,0.0225586,35,32,0,0,0,21.5299,0,0,0,-0.160182
2154,3.29892,0,-0.00532648,-0.0451172,0,0.111214,-0.01811,0,-0,-0,35,32,0,0,0,21.5399,0,0,0,-0.160151
2155,3.29892,0,-0.00639178,0,0,0.111214,0.0319589,0,-0,0.0338379,35,32,0,0,0,21.5499,0,0,0,-0.160197
2156,3.29892,0,0.0127836,-0.0338379,0,0.111214,0.00319589,0,-0,0.0112793,35,32,0,0,0,21.5599,0,0,0,-0.160183
2157,3.29892,0,0.00639178,-0.0338379,0,0.111214,0.028763,0,-0,0.0112793,35,32,0,0,0,21.5699,0,0,0,-0.160246
2158,3.29892,0,0.00639178,-0.0563965,0,0.111214,0.00319589,0,-0,0.0225586,35,32,0,0,0,21.5799,0,0,0,-0.16022
2159,3.29892,0,-0.00532648,0.0451172,0,0.111214,-0.0149142,0,-0,0.0112793,35,32,0,0,0,21.5899,0,0,0,-0.16022
2160,3.29892,0,-0.00213059,0.0338379,0,0.111214,-0.0245018,0,-0,-0.0676758,35,32,0,0,0,21.5999,0,0,0,-0.16023
2161,3.29892,0,0.0191753,0.0451172,0,0.111214,0.0234365,0,-0,0.0225586,35,32,0,0,0,21.6099,0,0,0,-0.160228
2162,3.29892,0,-0.010653,0,0,0.111214,-0.0404813,0,-0,-0.0676758,35,32,0,0,0,21.6199,0,0,0,-0.160236
2163,3.29892,0,-0.00745708,0,0,0.111214,0.0234365,0,-0,-0.0676758,35,32,0,0,0,21.6299,0,0,0,-0.160239
2164,3.29892,0,0.0170448,0,0,0.111214,-0.010653,0,-0,-0.0676758,35,32,0,0,0,21.6399,0,0,0,-0.160248
2165,3.29892,0,-0.01811,0,0,0.111214,-0.00852238,0,-0,0.0338379,35,32,0,0,0,21.6499,0,0,0,-0.160236
2166,3.29892,0,-0.00426119,-0.0451172,0,0.111214,-0.0298283,0,-0,0.0225586,35,32,0,0,0,21.6599,0,0,0,-0.160256
2167,3.29892,0,0.00213059,0,0,0.111214,0.00319589,0,-0,-0.0676758,35,32,0,0,0,21.6699,0,0,0,-0.16024
2168,3.29892,0,0.0234365,0,0,0.111214,-0.0149142,0,-0,-0.0676758,35,32,0,0,0,21.6799,0,0,0,-0.160255
2169,3.29892,0,0.00319589,0,0,0.111214,0.0170448,0,-0,-0.0676758,35,32,0,0,0,21.6899,0,0,0,-0.160257
2170,3.29892,0,-2.28307e-18,0,0,0.111214,-0.0372854,0,-0,0.0225586,35,32,0,0,0,21.6999,0,0,0,-0.160257
2171,3.29892,0,0.00319589,0.0225586,0,0.111214,0.00958767,0,-0,0.0225586,35,32,0,0,0,21.7099,0,0,0,-0.160242
2172,3.29892,0,0.00532648,0,0,0.111214,-0.0117183,0,-0,0.0338379,35,32,0,0,0,21.7199,0,0,0,-0.160249
2173,3.29892,0,3.91384e-19,0,0,0.111214,0.00639178,0,-0,0.0225586,35,32,0,0,0,21.7299,0,0,0,-0.160213
2174,3.29892,0,-0.00319589,0,0,0.111214,-0.0010653,0,-0,0.0338379,35,32,0,0,0,21.7399,0,0,0,-0.160216
2175,3.29892,0,-0.0266324,0,0,0.111214,-0.0149142,0,-0,0.0338379,35,32,0,0,0,21.7499,0,0,0,-0.160239
2176,3.29892,0,0.00745708,-0.0563965,0,0.111214,-0.0117183,0,-0,0.0225586,35,32,0,0,0,21.7599,0,0,0,-0.160233
2177,3.29892,0,0.00319589,0.0225586,0,0.111214,-0.00319589,0,-0,0.0225586,35,32,0,0,0,21.7699,0,0,0,-0.160179
2178,3.29892,0,0.00745708,-0.0451172,0,0.111214,-0.00852238,0,-0,0.0225586,35,32,0,0,0,21.7799,0,0,0,-0.160194
2179,3.29892,0,0.00639178,-0.0563965,0,0.111214,-0.0202406,0,-0,0.0338379,35,32,0,0,0,21.7899,0,0,0,-0.160185
2180,3.29892,0,0.0138489,0,0,0.111214,-0.0127836,0,-0,0.0225586,35,32,0,0,0,21.7999,0,0,0,-0.160203
2181,3.29892,0,0.00426119,0,0,0.111214,0.00426119,0,-0,-0.0676758,35,32,0,0,0,21.8099,0,0,0,-0.16015
2182,3.29892,0,0.00639178,-0.0563965,0,0.111214,0.010653,0,-0,0.0225586,35,32,0,0,0,21.8199,0,0,0,-0.160158
2183,3.29892,0,0.0010653,-0.0451172,0,0.111214,-6.52306e-20,0,-0,0.0225586,35,32,0,0,0,21.8299,0,0,0,-0.160138
2184,3.29892,0,-0.00639178,-0.0451172,0,0.111214,0.0010653,0,-0,0.0225586,35,32,0,0,0,21.8399,0,0,0,-0.160147
2185,3.29892,0,0.00852238,-0.0451172,0,0.111214,-0.0234365,0,-0,0.0225586,35,32,0,0,0,21.8499,0,0,0,-0.160103
2186,3.29892,0,0.00319589,-0.0451172,0,0.111214,0.0191753,0,-0,-0.0225586,35,32,0,0,0,21.8599,0,0,0,-0.160108
2187,3.29892,0,-0.0010653,-0.0563965,0,0.111214,-0.0117183,0,-0,0.0338379,35,32,0,0,0,21.8699,0,0,0,-0.160093
2188,3.29892,0,-0.0149142,-0.0451172,0,0.111214,0.00319589,0,-0,0.0112793,35,32,0,0,0,21.8799,0,0,0,-0.160093
2189,3.29892,0,0.00745708,0,0,0.111214,-0.00852238,0,-0,0.0225586,35,32,0,0,0,21.8899,0,0,0,-0.160097
2190,3.29892,0,0.00532648,0,0,0.111214,0.0170448,0,-0,-0.0676758,35,32,0,0,0,21.8999,0,0,0,-0.160067
2191,3.29892,0,-0.0127836,0.0451172,0,0.111214,0.0255671,0,-0,-0.0676758,35,32,0,0,0,21.9099,0,0,0,-0.160103
2192,3.29892,0,-0.00426119,0.0338379,0,0.111214,0.0276977,0,-0,0.0225586,35,32,0,0,0,21.9199,0,0,0,-0.160088
2193,3.29892,0,0.00532648,0.0451172,0,0.111214,-0.00319589,0,-0,-0.0676758,35,32,0,0,0,21.9299,0,0,0,-0.160107
2194,3.29892,0,2.60922e-19,0.0451172,0,0.111214,0.00426119,0,-0,-0.0676758,35,32,0,0,0,21.9399,0,0,0,-0.160093
2195,3.29892,0,-0.00532648,0.0225586,0,0.111214,-0.00639178,0,-0,-0.0563965,35,32,0,0,0,21.9499,0,0,0,-0.160137
2196,3.29892,0,0.00958767,0.0338379,0,0.111214,0.0245018,0,-0,0.0112793,35,32,0,0,0,21.9599,0,0,0,-0.160104
2197,3.29892,0,0.00319589,0.0451172,0,0.111214,0.00639178,0,-0,-0.0676758,35,32,0,0,0,21.9699,0,0,0,-0.160167
2198,3.29892,0,-0.0255671,0.0225586,0,0.111214,0.0149142,0,-0,0.0338379,35,32,0,0,0,21.9799,0,0,0,-0.160135
2199,3.29892,0,0.00852238,0,0,0.111214,0.00852238,0,-0,-0.0676758,35,32,0,0,0,21.9899,0,0,0,-0.16016
2200,3.29892,0,9.13229e-19,0,0,0.111214,0.0149142,0,-0,0.0225586,35,32,0,0,0,21.9999,0,0,0,-0.160126
2201,3.29892,0,-0.00319589,0,0,0.111214,0.0138489,0,-0,0.0225586,35,32,0,0,0,22.0099,0,0,0,-0.16016
2202,3.29892,0,-0.0159795,0.0112793,0,0.111214,-0.0138489,0,-0,0.0225586,35,32,0,0,0,22.0199,0,0,0,-0.160122
2203,3.29892,0,0.00426119,0,0,0.111214,0.010653,0,-0,0.0225586,35,32,0,0,0,22.0299,0,0,0,-0.160154
2204,3.29892,0,-0.00532648,0,0,0.111214,-0.0202406,0,-0,0.0225586,35,32,0,0,0,22.0399,0,0,0,-0.160135
2205,3.29892,0,0.0010653,0,0,0.111214,0.0266324,0,-0,0.0225586,35,32,0,0,0,22.0499,0,0,0,-0.160167
2206,3.29892,0,0.010653,-0.0451172,0,0.111214,-0.0159795,0,-0,0.0338379,35,32,0,0,0,22.0599,0,0,0,-0.160113
2207,3.29892,0,-0.00852238,0,0,0.111214,0.00532648,0,-0,0.0225586,35,32,0,0,0,22.0699,0,0,0,-0.160142
2208,3.29892,0,0.00213059,-0.0563965,0,0.111214,0.00532648,0,-0,0.0225586,35,32,0,0,0,22.0799,0,0,0,-0.160141
2209,3.29892,0,0.00532648,0,0,0.111214,-0.00213059,0,-0,0.0112793,35,32,0,0,0,22.0899,0,0,0,-0.160142
2210,3.29892,0,0.0159795,0,0,0.111214,-0.0319589,0,-0,0.0112793,35,32,0,0,0,22.0999,0,0,0,-0.160151
2211,3.29892,0,-0.0138489,-0.0563965,0,0.111214,0.0362201,0,-0,0.0112793,35,32,0,0,0,22.1099,0,0,0,-0.160141
2212,3.29892,0,-0.0010653,0.0451172,0,0.111214,0.00958767,0,-0,0.0225586,35,32,0,0,0,22.1199,0,0,0,-0.16016
2213,3.29892,0,-0.00319589,0,0,0.111214,0.0245018,0,-0,0.0225586,35,32,0,0,0,22.1299,0,0,0,-0.160175
2214,3.29892,0,-0.010653,0,0,0.111214,-0.0127836,0,-0,0.0338379,35,32,0,0,0,22.1399,0,0,0,-0.160193
2215,3.29892,0,-0.00745708,-0.0338379,0,0.111214,0.0117183,0,-0,0.0225586,35,32,0,0,0,22.1499,0,0,0,-0.160168
2216,3.29892,0,-0.00639178,0.0225586,0,0.111214,-0.0127836,0,-0,0.0225586,35,32,0,0,0,22.1599,0,0,0,-0.160155
2217,3.29892,0,0.0202406,-0.0451172,0,0.111214,0.0191753,0,-0,0.0225586,35,32,0,0,0,22.1699,0,0,0,-0.160162
2218,3.29892,0,0.00852238,-0.0563965,0,0.111214,-0.010653,0,-0,0.0338379,35,32,0,0,0,22.1799,0,0,0,-0.160172
2219,3.29892,0,0.0127836,0.0225586,0,0.111214,0.00532648,0,-0,0.0225586,35,32,0,0,0,22.1899,0,0,0,-0.160153
2220,3.29892,0,0.00639178,0.0451172,0,0.111214,-0.010653,0,-0,0.0225586,35,32,0,0,0,22.1999,0,0,0,-0.160172
2221,3.29892,0,-0.010653,0,0,0.111214,-0.00426119,0,-0,0.0338379,35,32,0,0,0,22.2099,0,0,0,-0.160159
2222,3.29892,0,0.0170448,0,0,0.111214,-0.00532648,0,-0,-0.0676758,35,32,0,0,0,22.2199,0,0,0,-0.160164
2223,3.29892,0,-0.00213059,0,0,0.111214,0.0127836,0,-0,-0.0676758,35,32,0,0,0,22.2299,0,0,0,-0.160143
2224,3.29892,0,0.00426119,0.0451172,0,0.111214,-0.00319589,0,-0,-0.0676758,35,32,0,0,0,22.2399,0,0,0,-0.160143
2225,3.29892,0,-0.00532648,0.0451172,0,0.111214,-0.0245018,0,-0,-0.0676758,35,32,0,0,0,22.2499,0,0,0,-0.160127
2226,3.29892,0,0.0159795,0.0451172,0,0.111214,0.028763,0,-0,-0.0676758,35,32,0,0,0,22.2599,0,0,0,-0.160156
2227,3.29892,0,-0.00319589,0.0225586,0,0.111214,-0.00745708,0,-0,-0.0676758,35,32,0,0,0,22.2699,0,0,0,-0.160114
2228,3.29892,0,0.00852238,0,0,0.111214,-0.010653,0,-0,-0.0676758,35,32,0,0,0,22.2799,0,0,0,-0.160138
2229,3.29892,0,0.00958767,0,0,0.111214,-0.0330242,0,-0,-0.0676758,35,32,0,0,0,22.2899,0,0,0,-0.16012
2230,3.29892,0,0.00213059,0,0,0.111214,0.0117183,0,-0,0.0225586,35,32,0,0,0,22.2999,0,0,0,-0.160148
2231,3.29892,0,-0.0127836,0,0,0.111214,-0.0319589,0,-0,0.0451172,35,32,0,0,0,22.3099,0,0,0,-0.160121
2232,3.29892,0,0.010653,0,0,0.111214,0.00958767,0,-0,0.0338379,35,32,0,0,0,22.3199,0,0,0,-0.160178
2233,3.29892,0,-0.0010653,0,0,0.111214,-0.00426119,0,-0,0.0338379,35,32,0,0,0,22.3299,0,0,0,-0.160163
2234,3.29892,0,0.00426119,0.0451172,0,0.111214,0.0170448,0,-0,0.0225586,35,32,0,0,0,22.3399,0,0,0,-0.160191
2235,3.29892,0,-0.00958767,0,0,0.111214,-0.0234365,0,-0,-0,35,32,0,0,0,22.3499,0,0,0,-0.160186
2236,3.29892,0,0.00213059,0,0,0.111214,0.0138489,0,-0,0.0338379,35,32,0,0,0,22.3599,0,0,0,-0.160156
2237,3.29892,0,0.0191753,0,0,0.111214,-0.0266324,0,-0,0.0225586,35,32,0,0,0,22.3699,0,0,0,-0.160176
2238,3.29892,0,-0.00213059,0,0,0.111214,0.0010653,0,-0,0.0225586,35,32,0,0,0,22.3799,0,0,0,-0.160164
2239,3.29892,0,0.0117183,0,0,0.111214,-0.0170448,0,-0,0.0225586,35,32,0,0,0,22.3899,0,0,0,-0.160163
2240,3.29892,0,0.00426119,0.0338379,0,0.111214,0.0127836,0,-0,0.0112793,35,32,0,0,0,22.3999,0,0,0,-0.160123
2241,3.29892,0,0.00958767,0,0,0.111214,-0.0117183,0,-0,0.0225586,35,32,0,0,0,22.4099,0,0,0,-0.160157
2242,3.29892,0,0.00319589,0,0,0.111214,-0.00852238,0,-0,0.0112793,35,32,0,0,0,22.4199,0,0,0,-0.160127
2243,3.29892,0,-0.00319589,0.0451172,0,0.111214,-0.010653,0,-0,0.0225586,35,32,0,0,0,22.4299,0,0,0,-0.160175
2244,3.29892,0,0.028763,-0.0451172,0,0.111214,-0.00639178,0,-0,0.0225586,35,32,0,0,0,22.4399,0,0,0,-0.16014
2245,3.29892,0,0.0010653,-0.0563965,0,0.111214,-0.00213059,0,-0,0.0225586,35,32,0,0,0,22.4499,0,0,0,-0.160171
2246,3.29892,0,-0.00852238,-0.0563965,0,0.111214,0.0308936,0,-0,0.0112793,35,32,0,0,0,22.4599,0,0,0,-0.160104
2247,3.29892,0,0.0010653,-0.0563965,0,0.111214,-0.00958767,0,-0,0.0112793,35,32,0,0,0,22.4699,0,0,0,-0.160162
2248,3.29892,0,-0.00958767,0.0225586,0,0.111214,5.87076e-19,0,-0,0.0112793,35,32,0,0,0,22.4799,0,0,0,-0.160154
2249,3.29892,0,9.78459e-19,0.0451172,0,0.111214,0.0159795,0,-0,-0.0676758,35,32,0,0,0,22.4899,0,0,0,-0.160162
2250,3.29892,0,0.0127836,0.0451172,0,0.111214,-0.0117183,0,-0,0.0225586,35,32,0,0,0,22.4999,0,0,0,-0.160126
2251,3.29892,0,-0.00213059,0.0225586,0,0.111214,0.00958767,0,-0,0.0225586,35,32,0,0,0,22.5099,0,0,0,-0.160169
2252,3.29892,0,0.00213059,0,0,0.111214,-0.0127836,0,-0,0.0225586,35,32,0,0,0,22.5199,0,0,0,-0.160141
2253,3.29892,0,0.0234365,0,0,0.111214,0.00958767,0,-0,0.0338379,35,32,0,0,0,22.5299,0,0,0,-0.160144
2254,3.29892,0,-4.56614e-19,0.0451172,0,0.111214,-0.00745708,0,-0,-0.0676758,35,32,0,0,0,22.5399,0,0,0,-0.160117
2255,3.29892,0,0.0223712,0,0,0.111214,0.0127836,0,-0,-0.0676758,35,32,0,0,0,22.5499,0,0,0,-0.160112
2256,3.29892,0,0.00213059,0,0,0.111214,-1.30461e-19,0,-0,-0.0676758,35,32,0,0,0,22.5599,0,0,0,-0.160126
2257,3.29892,0,0.0223712,0,0,0.111214,-0.00213059,0,-0,-0.0451172,35,32,0,0,0,22.5699,0,0,0,-0.160106
2258,3.29892,0,-0.00426119,0,0,0.111214,-0.0170448,0,-0,-0.0676758,35,32,0,0,0,22.5799,0,0,0,-0.160099
2259,3.29892,0,0.00639178,0,0,0.111214,0.0170448,0,-0,-0.0676758,35,32,0,0,0,22.5899,0,0,0,-0.160115
2260,3.29892,0,0.00852238,0,0,0.111214,-0.00745708,0,-0,-0.0563965,35,32,0,0,0,22.5999,0,0,0,-0.160101
2261,3.29892,0,9.13229e-19,0,0,0.111214,0.0149142,0,-0,-0.0676758,35,32,0,0,0,22.6099,0,0,0,-0.160073
2262,3.29892,0,0.00745708,0,0,0.111214,-0.0330242,0,-0,0.0338379,35,32,0,0,0,22.6199,0,0,0,-0.160097
2263,3.29892,0,-0.0117183,0,0,0.111214,0.0234365,0,-0,0.0225586,35,32,0,0,0,22.6299,0,0,0,-0.160079
2264,3.29892,0,-0.01811,0,0,0.111214,-0.010653,0,-0,0.0338379,35,32,0,0,0,22.6399,0,0,0,-0.160131
2265,3.29892,0,-0.00639178,0,0,0.111214,-0.00213059,0,-0,0.0338379,35,32,0,0,0,22.6499,0,0,0,-0.160109
2266,3.29892,0,-0.0245018,0,0,0.111214,-0.00745708,0,-0,0.0338379,35,32,0,0,0,22.6599,0,0,0,-0.160127
2267,3.29892,0,0.0276977,0,0,0.111214,0.0245018,0,-0,0.0225586,35,32,0,0,0,22.6699,0,0,0,-0.160117
2268,3.29892,0,-7.82767e-19,0,0,0.111214,-0.0127836,0,-0,0.0338379,35,32,0,0,0,22.6799,0,0,0,-0.160151
2269,3.29892,0,-0.0159795,0,0,0.111214,-0.0170448,0,-0,0.0338379,35,32,0,0,0,22.6899,0,0,0,-0.160099
2270,3.29892,0,-0.0117183,0.0338379,0,0.111214,7.17537e-19,0,-0,-0.0676758,35,32,0,0,0,22.6999,0,0,0,-0.160135
2271,3.29892,0,0.0191753,-0.0563965,0,0.111214,-0.0117183,0,-0,0.0112793,35,32,0,0,0,22.7099,0,0,0,-0.16008
2272,3.29892,0,0,0,0,0.111214,0,0,-0,0.0225586,35,32,0,0,0,22.7199,0,0,0,-0.160135
2273,3.29892,0,-5.21845e-19,0,0,0.111214,-0.00852238,0,-0,0.0112793,35,32,0,0,0,22.7299,0,0,0,-0.160126
2274,3.29892,0,0.00745708,0.0338379,0,0.111214,0.00213059,0,-0,0.0112793,35,32,0,0,0,22.7399,0,0,0,-0.160163
2275,3.29892,0,-0.0170448,0.0451172,0,0.111214,0.0127836,0,-0,0.0225586,35,32,0,0,0,22.7499,0,0,0,-0.16014
2276,3.29892,0,-0.00319589,-0.0451172,0,0.111214,-0.00426119,0,-0,0.0225586,35,32,0,0,0,22.7599,0,0,0,-0.160139
2277,3.29892,0,0.00852238,-0.0451172,0,0.111214,-0.00745708,0,-0,0.0225586,35,32,0,0,0,22.7699,0,0,0,-0.160147
2278,3.29892,0,0.00532648,-0.0563965,0,0.111214,-0.00852238,0,-0,0.0225586,35,32,0,0,0,22.7799,0,0,0,-0.160151
2279,3.29892,0,-0.0117183,0.0338379,0,0.111214,-0.0202406,0,-0,0.0225586,35,32,0,0,0,22.7899,0,0,0,-0.160117
2280,3.29892,0,0.00426119,0.0451172,0,0.111214,0.00745708,0,-0,0.0112793,35,32,0,0,0,22.7999,0,0,0,-0.160141
2281,3.29892,0,-0.00532648,0.0451172,0,0.111214,-0.0138489,0,-0,-0.0676758,35,32,0,0,0,22.8099,0,0,0,-0.160159
2282,3.29892,0,0.00532648,0,0,0.111214,-0.00213059,0,-0,-0.0676758,35,32,0,0,0,22.8199,0,0,0,-0.160134
2283,3.29892,0,0.0127836,0.0338379,0,0.111214,-0.010653,0,-0,-0.0676758,35,32,0,0,0,22.8299,0,0,0,-0.160143
2284,3.29892,0,-0.0117183,0.0451172,0,0.111214,-0.01811,0,-0,-0.0676758,35,32,0,0,0,22.8399,0,0,0,-0.160161
2285,3.29892,0,-0.0010653,0,0,0.111214,-0.00745708,0,-0,-0.0676758,35,32,0,0,0,22.8499,0,0,0,-0.16017
2286,3.29892,0,0.0138489,0.0112793,0,0.111214,0.0202406,0,-0,-0.0676758,35,32,0,0,0,22.8599,0,0,0,-0.160137
2287,3.29892,0,0.0159795,0.0451172,0,0.111214,-0.01811,0,-0,-0.0676758,35,32,0,0,0,22.8699,0,0,0,-0.160164
2288,3.29892,0,-0.0138489,0,0,0.111214,0.00532648,0,-0,-0.0676758,35,32,0,0,0,22.8799,0,0,0,-0.160136
2289,3.29892,0,0.00852238,0,0,0.111214,-0.00745708,0,-0,0.0225586,35,32,0,0,0,22.8899,0,0,0,-0.160118
2290,3.29892,0,-0.00213059,0.0451172,0,0.111214,0.00958767,0,-0,0.0338379,35,32,0,0,0,22.8999,0,0,0,-0.160105
2291,3.29892,0,0.00532648,-0.0451172,0,0.111214,-0.00426119,0,-0,0.0338379,35,32,0,0,0,22.9099,0,0,0,-0.160161
2292,3.29892,0,-0.0010653,0,0,0.111214,-0.0159795,0,-0,0.0112793,35,32,0,0,0,22.9199,0,0,0,-0.160109
2293,3.29892,0,-0.00213059,0,0,0.111214,-0.0127836,0,-0,0.0338379,35,32,0,0,0,22.9299,0,0,0,-0.160157
2294,3.29892,0,0.0117183,0,0,0.111214,0.0138489,0,-0,0.0451172,35,32,0,0,0,22.9399,0,0,0,-0.160089
2295,3.29892,0,-0.00532648,0,0,0.111214,0.0127836,0,-0,0.0338379,35,32,0,0,0,22.9499,0,0,0,-0.160122
2296,3.29892,0,0.0010653,0,0,0.111214,-0.0127836,0,-0,0.0225586,35,32,0,0,0,22.9599,0,0,0,-0.160095
2297,3.29892,0,0.00426119,0,0,0.111214,0.00958767,0,-0,0.0338379,35,32,0,0,0,22.9699,0,0,0,-0.160131
2298,3.29892,0,-0.00745708,0,0,0.111214,0.0117183,0,-0,0.0112793,35,32,0,0,0,22.9799,0,0,0,-0.160116
2299,3.29892,0,0.00213059,0.0451172,0,0.111214,0.00319589,0,-0,0.0225586,35,32,0,0,0,22.9899,0,0,0,-0.160143
2300,3.29892,0,-0.00852238,0,0,0.111214,-0.0245018,0,-0,0.0225586,35,32,0,0,0,22.9999,0,0,0,-0.160094
2301,3.29892,0,0.0138489,0,0,0.111214,-0.0010653,0,-0,-0.0563965,35,32,0,0,0,23.0099,0,0,0,-0.160113
2302,3.29892,0,0.00319589,-0.0451172,0,0.111214,0.00639178,0,-0,0.0225586,35,32,0,0,0,23.0199,0,0,0,-0.16011
2303,3.29892,0,0.00852238,-0.0563965,0,0.111214,0.0159795,0,-0,0.0112793,35,32,0,0,0,23.0299,0,0,0,-0.160089
2304,3.29892,0,-0.00958767,-0.0451172,0,0.111214,-0.0255671,0,-0,0.0225586,35,32,0,0,0,23.0399,0,0,0,-0.160082
2305,3.29892,0,-0.00426119,0,0,0.111214,0.0276977,0,-0,0.0225586,35,32,0,0,0,23.0499,0,0,0,-0.160114
2306,3.29892,0,0.00639178,0.0338379,0,0.111214,-0.0223712,0,-0,0.0112793,35,32,0,0,0,23.0599,0,0,0,-0.160094
2307,3.29892,0,0.00426119,-0.0451172,0,0.111214,0.0255671,0,-0,0.0338379,35,32,0,0,0,23.0699,0,0,0,-0.160103
2308,3.29892,0,-0.00532648,0.0451172,0,0.111214,-0.0245018,0,-0,-0,35,32,0,0,0,23.0799,0,0,0,-0.160088
2309,3.29892,0,1.23938e-18,0.0451172,0,0.111214,0.0202406,0,-0,0.0225586,35,32,0,0,0,23.0899,0,0,0,-0.160102
2310,3.29892,0,-1.10892e-18,0.0451172,0,0.111214,-0.01811,0,-0,-0.0676758,35,32,0,0,0,23.0999,0,0,0,-0.160089
2311,3.29892,0,0.00852238,-0.0451172,0,0.111214,0.010653,0,-0,0.0225586,35,32,0,0,0,23.1099,0,0,0,-0.16012
2312,3.29892,0,-0.00426119,0.0338379,0,0.111214,-0.00852238,0,-0,-0.0676758,35,32,0,0,0,23.1199,0,0,0,-0.160096
2313,3.29892,0,-0.00852238,0,0,0.111214,0.0010653,0,-0,-0.0676758,35,32,0,0,0,23.1299,0,0,0,-0.160087
2314,3.29892,0,0.00745708,0.0451172,0,0.111214,-0.0117183,0,-0,-0.0676758,35,32,0,0,0,23.1399,0,0,0,-0.160088
2315,3.29892,0,0.010653,0,0,0.111214,0.0149142,0,-0,-0.0676758,35,32,0,0,0,23.1499,0,0,0,-0.160081
2316,3.29892,0,-0.0127836,0,0,0.111214,-0.00532648,0,-0,-0.0676758,35,32,0,0,0,23.1599,0,0,0,-0.160095
2317,3.29892,0,0.0117183,0.0225586,0,0.111214,-0.0117183,0,-0,-0.0676758,35,32,0,0,0,23.1699,0,0,0,-0.160059
2318,3.29892,0,-0.00958767,0.0225586,0,0.111214,-0.00958767,0,-0,-0.0676758,35,32,0,0,0,23.1799,0,0,0,-0.160132
2319,3.29892,0,-0.00213059,0,0,0.111214,0.00745708,0,-0,0.0225586,35,32,0,0,0,23.1899,0,0,0,-0.160122
2320,3.29892,0,0.00958767,0,0,0.111214,0.00213059,0,-0,-0.0676758,35,32,0,0,0,23.1999,0,0,0,-0.160151
2321,3.29892,0,0.0149142,0,0,0.111214,-0.0202406,0,-0,0.0451172,35,32,0,0,0,23.2099,0,0,0,-0.160155
2322,3.29892,0,0.00532648,0,0,0.111214,0.00958767,0,-0,0.0338379,35,32,0,0,0,23.2199,0,0,0,-0.16019
2323,3.29892,0,0.00745708,0.0225586,0,0.111214,-4.56614e-19,0,-0,0.0338379,35,32,0,0,0,23.2299,0,0,0,-0.160167
2324,3.29892,0,0.00213059,0,0,0.111214,0.0308936,0,-0,0.0338379,35,32,0,0,0,23.2399,0,0,0,-0.160208
2325,3.29892,0,0.0149142,0,0,0.111214,0.00639178,0,-0,0.0338379,35,32,0,0,0,23.2499,0,0,0,-0.160168
2326,3.29892,0,0.00852238,0,0,0.111214,-0.00852238,0,-0,0.0338379,35,32,0,0,0,23.2599,0,0,0,-0.160216
2327,3.29892,0,-0.00532648,0,0,0.111214,-0.0127836,0,-0,0.0338379,35,32,0,0,0,23.2699,0,0,0,-0.160196
2328,3.29892,0,0.010653,0,0,0.111214,0.00958767,0,-0,0.0225586,35,32,0,0,0,23.2799,0,0,0,-0.160205
2329,3.29892,0,0.0266324,-0.0451172,0,0.111214,-0.0234365,0,-0,0.0112793,35,32,0,0,0,23.2899,0,0,0,-0.160217
2330,3.29892,0,-0.0159795,0,0,0.111214,0.0010653,0,-0,0.0225586,35,32,0,0,0,23.2999,0,0,0,-0.160212
2331,3.29892,0,-0.00639178,0,0,0.111214,-0.0213059,0,-0,0.0225586,35,32,0,0,0,23.3099,0,0,0,-0.160218
2332,3.29892,0,-0.0127836,0.0338379,0,0.111214,0.010653,0,-0,0.0112793,35,32,0,0,0,23.3199,0,0,0,-0.160199
2333,3.29892,0,0.00213059,0,0,0.111214,-0.0191753,0,-0,0.0225586,35,32,0,0,0,23.3299,0,0,0,-0.160172
2334,3.29892,0,0.0010653,-0.0563965,0,0.111214,-0.0117183,0,-0,-0,35,32,0,0,0,23.3399,0,0,0,-0.160147
2335,3.29892,0,0.00745708,-0.0563965,0,0.111214,-0.00639178,0,-0,0.0225586,35,32,0,0,0,23.3499,0,0,0,-0.160193
2336,3.29892,0,0.010653,-0.0451172,0,0.111214,0.0308936,0,-0,0.0225586,35,32,0,0,0,23.3599,0,0,0,-0.160181
2337,3.29892,0,-0.00319589,-0.0451172,0,0.111214,-0.0319589,0,-0,-0.0676758,35,32,0,0,0,23.3699,0,0,0,-0.160151
2338,3.29892,0,0.0117183,-0.0338379,0,0.111214,0.00426119,0,-0,-0.0676758,35,32,0,0,0,23.3799,0,0,0,-0.160167
2339,3.29892,0,0.00745708,0.0451172,0,0.111214,0.0138489,0,-0,0.0112793,35,32,0,0,0,23.3899,0,0,0,-0.160193
2340,3.29892,0,-0.0117183,0.0338379,0,0.111214,0.0010653,0,-0,-0.0676758,35,32,0,0,0,23.3999,0,0,0,-0.16016
2341,3.29892,0,-0.00426119,0,0,0.111214,2.60922e-19,0,-0,-0.0789551,35,32,0,0,0,23.4099,0,0,0,-0.160182
2342,3.29892,0,0.00852238,0,0,0.111214,0.0170448,0,-0,-0.0676758,35,32,0,0,0,23.4199,0,0,0,-0.160167
2343,3.29892,0,0.0117183,0.0676758,0,0.111214,-0.00639178,0,-0,-0.0676758,35,32,0,0,0,23.4299,0,0,0,-0.160204
2344,3.29892,0,0.00213059,0.0451172,0,0.111214,-0.00852238,0,-0,-0.0676758,35,32,0,0,0,23.4399,0,0,0,-0.160169
2345,3.29892,0,-0.00958767,0.0338379,0,0.111214,-0.0213059,0,-0,-0.0676758,35,32,0,0,0,23.4499,0,0,0,-0.160198
2346,3.29892,0,-0.00639178,0.0338379,0,0.111214,-0.0138489,0,-0,-0.0676758,35,32,0,0,0,23.4599,0,0,0,-0.160145
2347,3.29892,0,-0.00319589,0.0451172,0,0.111214,-0.010653,0,-0,-0.0676758,35,32,0,0,0,23.4699,0,0,0,-0.160177
2348,3.29892,0,-0.00639178,0.0451172,0,0.111214,-0.0458078,0,-0,-0.0676758,35,32,0,0,0,23.4799,0,0,0,-0.16019
2349,3.29892,0,0.0010653,0,0,0.111214,-0.0117183,0,-0,-0.0676758,35,32,0,0,0,23.4899,0,0,0,-0.160188
2350,3.29892,0,0.00319589,0.0338379,0,0.111214,0.00639178,0,-0,-0.0676758,35,32,0,0,0,23.4999,0,0,0,-0.160162
2351,3.29892,0,0.0149142,0,0,0.111214,0.00319589,0,-0,0.0225586,35,32,0,0,0,23.5099,0,0,0,-0.160179
2352,3.29892,0,0.00213059,0,0,0.111214,-0.0138489,0,-0,0.0338379,35,32,0,0,0,23.5199,0,0,0,-0.160174
2353,3.29892,0,0.0010653,0,0,0.111214,0.0159795,0,-0,0.0338379,35,32,0,0,0,23.5299,0,0,0,-0.160194
2354,3.29892,0,0.00426119,0,0,0.111214,-0.0191753,0,-0,0.0338379,35,32,0,0,0,23.5399,0,0,0,-0.160199
2355,3.29892,0,0.01811,0,0,0.111214,-0.00639178,0,-0,0.0112793,35,32,0,0,0,23.5499,0,0,0,-0.160175
2356,3.29892,0,0.00213059,0,0,0.111214,-0.0255671,0,-0,0.0338379,35,32,0,0,0,23.5599,0,0,0,-0.160178
2357,3.29892,0,0.0191753,0,0,0.111214,-0.00213059,0,-0,0.0112793,35,32,0,0,0,23.5699,0,0,0,-0.16013
2358,3.29892,0,-0.00213059,-0.0451172,0,0.111214,-0.00532648,0,-0,-0,35,32,0,0,0,23.5799,0,0,0,-0.160131
2359,3.29892,0,0.0170448,0.0451172,0,0.111214,-0.00745708,0,-0,0.0225586,35,32,0,0,0,23.5899,0,0,0,-0.160093
2360,3.29892,0,0.0127836,0,0,0.111214,-0.00745708,0,-0,0.0338379,35,32,0,0,0,23.5999,0,0,0,-0.160114
2361,3.29892,0,0.00639178,-0.0451172,0,0.111214,0.0138489,0,-0,0.0225586,35,32,0,0,0,23.6099,0,0,0,-0.160097
2362,3.29892,0,0.00745708,0,0,0.111214,-0.00852238,0,-0,0.0225586,35,32,0,0,0,23.6199,0,0,0,-0.16014
2363,3.29892,0,0.00532648,0,0,0.111214,-3.26153e-19,0,-0,0.0112793,35,32,0,0,0,23.6299,0,0,0,-0.16011
2364,3.29892,0,0.00852238,-0.0451172,0,0.111214,0.010653,0,-0,0.0225586,35,32,0,0,0,23.6399,0,0,0,-0.160124
2365,3.29892,0,0.00639178,-0.0451172,0,0.111214,0.0213059,0,-0,0.0225586,35,32,0,0,0,23.6499,0,0,0,-0.160082
2366,3.29892,0,-0.00426119,0,0,0.111214,0.0010653,0,-0,0.0225586,35,32,0,0,0,23.6599,0,0,0,-0.160114
2367,3.29892,0,-0.0010653,0.0451172,0,0.111214,6.52306e-20,0,-0,-0.0676758,35,32,0,0,0,23.6699,0,0,0,-0.160084
2368,3.29892,0,-0.00639178,0.0338379,0,0.111214,-0.0191753,0,-0,0.0112793,35,32,0,0,0,23.6799,0,0,0,-0.160126
2369,3.29892,0,0.0170448,0.0451172,0,0.111214,-0.01811,0,-0,-0,35,32,0,0,0,23.6899,0,0,0,-0.160071
2370,3.29892,0,-0.00532648,0.0451172,0,0.111214,-0.00639178,0,-0,0.0225586,35,32,0,0,0,23.6999,0,0,0,-0.160096
2371,3.29892,0,9.78459e-19,0.0451172,0,0.111214,0.0159795,0,-0,0.0225586,35,32,0,0,0,23.7099,0,0,0,-0.16009
2372,3.29892,0,0.0170448,0.0451172,0,0.111214,0.00639178,0,-0,-0.0676758,35,32,0,0,0,23.7199,0,0,0,-0.160067
2373,3.29892,0,-0.01811,0,0,0.111214,-0.00532648,0,-0,-0.0676758,35,32,0,0,0,23.7299,0,0,0,-0.160069
2374,3.29892,0,0.00745708,0.0451172,0,0.111214,0.0308936,0,-0,-0.0676758,35,32,0,0,0,23.7399,0,0,0,-0.160099
2375,3.29892,0,0.010653,0,0,0.111214,-0.0372854,0,-0,-0.0676758,35,32,0,0,0,23.7499,0,0,0,-0.160043
2376,3.29892,0,0.00639178,0.0451172,0,0.111214,-0.00426119,0,-0,-0.0676758,35,32,0,0,0,23.7599,0,0,0,-0.160057
2377,3.29892,0,-0.0117183,0,0,0.111214,-0.01811,0,-0,-0.0676758,35,32,0,0,0,23.7699,0,0,0,-0.160018
2378,3.29892,0,-0.0223712,0,0,0.111214,0.028763,0,-0,-0.0676758,35,32,0,0,0,23.7799,0,0,0,-0.160025
2379,3.29892,0,0.0149142,0,0,0.111214,-0.00639178,0,-0,0.0225586,35,32,0,0,0,23.7899,0,0,0,-0.160039
2380,3.29892,0,-0.00745708,-0.0451172,0,0.111214,-0.00958767,0,-0,0.0338379,35,32,0,0,0,23.7999,0,0,0,-0.160068
2381,3.29892,0,-0.00213059,0,0,0.111214,-0.0319589,0,-0,0.0225586,35,32,0,0,0,23.8099,0,0,0,-0.16007
2382,3.29892,0,0.010653,0,0,0.111214,0.0117183,0,-0,-0.0225586,35,32,0,0,0,23.8199,0,0,0,-0.16004
2383,3.29892,0,0.00319589,0.0338379,0,0.111214,-0.0010653,0,-0,0.0225586,35,32,0,0,0,23.8299,0,0,0,-0.160052
2384,3.29892,0,0.00745708,0,0,0.111214,0.00745708,0,-0,0.0338379,35,32,0,0,0,23.8399,0,0,0,-0.160053
2385,3.29892,0,0.00852238,0,0,0.111214,-0.0138489,0,-0,0.0225586,35,32,0,0,0,23.8499,0,0,0,-0.160083
2386,3.29892,0,-0.00319589,0,0,0.111214,0.00852238,0,-0,0.0112793,35,32,0,0,0,23.8599,0,0,0,-0.16003
2387,3.29892,0,-0.0159795,0,0,0.111214,0.0202406,0,-0,0.0225586,35,32,0,0,0,23.8699,0,0,0,-0.160074
2388,3.29892,0,-0.00958767,0,0,0.111214,0.010653,0,-0,0.0338379,35,32,0,0,0,23.8799,0,0,0,-0.160034
2389,3.29892,0,-0.00213059,0,0,0.111214,-0.010653,0,-0,0.0225586,35,32,0,0,0,23.8899,0,0,0,-0.160055
2390,3.29892,0,0.0202406,0,0,0.111214,0.0010653,0,-0,0.0225586,35,32,0,0,0,23.8999,0,0,0,-0.160045
2391,3.29892,0,0.00532648,0,0,0.111214,0.00639178,0,-0,0.0225586,35,32,0,0,0,23.9099,0,0,0,-0.160098
2392,3.29892,0,0.0010653,-0.0451172,0,0.111214,0.00958767,0,-0,0.0225586,35,32,0,0,0,23.9199,0,0,0,-0.1601
2393,3.29892,0,-0.00319589,0.0451172,0,0.111214,0.00958767,0,-0,0.0112793,35,32,0,0,0,23.9299,0,0,0,-0.160144
2394,3.29892,0,0.0010653,0,0,0.111214,0.0127836,0,-0,0.0225586,35,32,0,0,0,23.9399,0,0,0,-0.160109
2395,3.29892,0,-0.00426119,-0.0563965,0,0.111214,-0.0010653,0,-0,0.0112793,35,32,0,0,0,23.9499,0,0,0,-0.160118
2396,3.29892,0,0.00319589,-0.0451172,0,0.111214,-0.0202406,0,-0,-0,35,32,0,0,0,23.9599,0,0,0,-0.160117
2397,3.29892,0,0.00213059,-0.0451172,0,0.111214,-0.00745708,0,-0,0.0225586,35,32,0,0,0,23.9699,0,0,0,-0.160166
2398,3.29892,0,-0.00532648,-0.0451172,0,0.111214,-0.00426119,0,-0,0.0225586,35,32,0,0,0,23.9799,0,0,0,-0.160136
2399,3.29892,0,0.00639178,-0.0563965,0,0.111214,-0.010653,0,-0,0.0112793,35,32,0,0,0,23.9899,0,0,0,-0.160135
2400,3.29892,0,-0.00532648,0,0,0.111214,0.00213059,0,-0,0.0338379,35,32,0,0,0,23.9999,0,0,0,-0.160134
2401,3.29892,0,0.00745708,0.0451172,0,0.111214,0.0202406,0,-0,-0.0676758,35,32,0,0,0,24.0099,0,0,0,-0.160116
2402,3.29892,0,-0.00319589,0.0451172,0,0.111214,-0.010653,0,-0,-0.0676758,35,32,0,0,0,24.0199,0,0,0,-0.16011
2403,3.29892,0,-0.010653,0.0451172,0,0.111214,0.0010653,0,-0,-0.0676758,35,32,0,0,0,24.0299,0,0,0,-0.160125
2404,3.29892,0,-0.0170448,0,0,0.111214,-0.01811,0,-0,-0.0676758,35,32,0,0,0,24.0399,0,0,0,-0.160129
2405,3.29892,0,0.00426119,0.0451172,0,0.111214,-0.00958767,0,-0,-0.0676758,35,32,0,0,0,24.0499,0,0,0,-0.16011
2406,3.29892,0,0.00532648,0.0451172,0,0.111214,-0.0223712,0,-0,-0.0676758,35,32,0,0,0,24.0599,0,0,0,-0.16013
2407,3.29892,0,0.00958767,0.0451172,0,0.111214,0.0330242,0,-0,-0.0676758,35,32,0,0,0,24.0699,0,0,0,-0.16015
2408,3.29892,0,-0.00319589,0.0451172,0,0.111214,1.95692e-19,0,-0,0.0112793,35,32,0,0,0,24.0799,0,0,0,-0.160187
2409,3.29892,0,0.00958767,-0.0451172,0,0.111214,0.0276977,0,-0,0.0225586,35,32,0,0,0,24.0899,0,0,0,-0.160144
2410,3.29892,0,-0.00213059,0,0,0.111214,-0.0298283,0,-0,-0.0676758,35,32,0,0,0,24.0999,0,0,0,-0.160209
2411,3.29892,0,-0.00958767,0,0,0.111214,0.010653,0,-0,0.0338379,35,32,0,0,0,24.1099,0,0,0,-0.160158
2412,3.29892,0,0.00319589,0.0338379,0,0.111214,-0.00852238,0,-0,0.0225586,35,32,0,0,0,24.1199,0,0,0,-0.160164
2413,3.29892,0,0.0138489,0.0338379,0,0.111214,0.00852238,0,-0,0.0451172,35,32,0,0,0,24.1299,0,0,0,-0.160145
2414,3.29892,0,0.0202406,-0.0338379,0,0.111214,0.00213059,0,-0,0.0338379,35,32,0,0,0,24.1399,0,0,0,-0.160192
2415,3.29892,0,0.010653,0,0,0.111214,0.00745708,0,-0,-0,35,32,0,0,0,24.1499,0,0,0,-0.160137
2416,3.29892,0,0.0223712,0.0225586,0,0.111214,-0.00213059,0,-0,0.0112793,35,32,0,0,0,24.1599,0,0,0,-0.160161
2417,3.29892,0,-0.0234365,0.0225586,0,0.111214,-0.00532648,0,-0,0.0225586,35,32,0,0,0,24.1699,0,0,0,-0.160144
2418,3.29892,0,0.0255671,0,0,0.111214,0.00852238,0,-0,-0,35,32,0,0,0,24.1799,0,0,0,-0.160176
2419,3.29892,0,-0.0117183,0,0,0.111214,-0.0234365,0,-0,0.0225586,35,32,0,0,0,24.1899,0,0,0,-0.160181
2420,3.29892,0,0.00958767,0,0,0.111214,-0.0191753,0,-0,0.0112793,35,32,0,0,0,24.1999,0,0,0,-0.160163
2421,3.29892,0,-0.00213059,0,0,0.111214,-0.0202406,0,-0,0.0112793,35,32,0,0,0,24.2099,0,0,0,-0.16016
2422,3.29892,0,0.0170448,-0.0451172,0,0.111214,0.0223712,0,-0,0.0225586,35,32,0,0,0,24.2199,0,0,0,-0.160211
2423,3.29892,0,0.00745708,-0.0451172,0,0.111214,-0.00958767,0,-0,-0,35,32,0,0,0,24.2299,0,0,0,-0.160214
2424,3.29892,0,-0.00958767,-0.0451172,0,0.111214,0.0138489,0,-0,0.0225586,35,32,0,0,0,24.2399,0,0,0,-0.160191
2425,3.29892,0,0.00426119,0.0338379,0,0.111214,-0.00426119,0,-0,0.0225586,35,32,0,0,0,24.2499,0,0,0,-0.160216
2426,3.29892,0,-0.0149142,0,0,0.111214,-0.00745708,0,-0,0.0338379,35,32,0,0,0,24.2599,0,0,0,-0.160185
2427,3.29892,0,-0.00639178,-0.0338379,0,0.111214,-0.00958767,0,-0,0.0112793,35,32,0,0,0,24.2699,0,0,0,-0.160199
2428,3.29892,0,-0.0117183,-0.0451172,0,0.111214,0.00745708,0,-0,0.0112793,35,32,0,0,0,24.2799,0,0,0,-0.160177
2429,3.29892,0,-0.00213059,-0.0451172,0,0.111214,-0.010653,0,-0,0.0112793,35,32,0,0,0,24.2899,0,0,0,-0.160205
2430,3.29892,0,-0.00532648,0,0,0.111214,0.0276977,0,-0,0.0112793,35,32,0,0,0,24.2999,0,0,0,-0.160175
2431,3.29892,0,-0.00852238,0.0451172,0,0.111214,-0.0159795,0,-0,0.0112793,35,32,0,0,0,24.3099,0,0,0,-0.160198
2432,3.29892,0,0.010653,0.0451172,0,0.111214,0.00319589,0,-0,0.0225586,35,32,0,0,0,24.3199,0,0,0,-0.160177
2433,3.29892,0,-0.0117183,0.0451172,0,0.111214,-0.0138489,0,-0,0.0225586,35,32,0,0,0,24.3299,0,0,0,-0.160167
2434,3.29892,0,0.0149142,0.0338379,0,0.111214,0.00426119,0,-0,0.0112793,35,32,0,0,0,24.3399,0,0,0,-0.160179
2435,3.29892,0,0.010653,0.0225586,0,0.111214,0.0010653,0,-0,0.0225586,35,32,0,0,0,24.3499,0,0,0,-0.160212
2436,3.29892,0,-0.010653,0.0338379,0,0.111214,-0.00532648,0,-0,-0.0676758,35,32,0,0,0,24.3599,0,0,0,-0.160186
2437,3.29892,0,-0.0138489,0.0451172,0,0.111214,0.00426119,0,-0,-0.0676758,35,32,0,0,0,24.3699,0,0,0,-0.160226
2438,3.29892,0,0.0170448,0.0451172,0,0.111214,0.00639178,0,-0,-0.0676758,35,32,0,0,0,24.3799,0,0,0,-0.160196
2439,3.29892,0,0.00319589,0,0,0.111214,0.0159795,0,-0,0.0225586,35,32,0,0,0,24.3899,0,0,0,-0.160213
2440,3.29892,0,-0.00213059,0,0,0.111214,-0.00213059,0,-0,-0.0676758,35,32,0,0,0,24.3999,0,0,0,-0.160175
2441,3.29892,0,3.91384e-19,0,0,0.111214,0.00639178,0,-0,-0.0676758,35,32,0,0,0,24.4099,0,0,0,-0.160194
2442,3.29892,0,0.00745708,0.0225586,0,0.111214,-0.0149142,0,-0,0.0338379,35,32,0,0,0,24.4199,0,0,0,-0.160215
2443,3.29892,0,0.00426119,0,0,0.111214,-0.0117183,0,-0,0.0338379,35,32,0,0,0,24.4299,0,0,0,-0.160206
2444,3.29892,0,-0.00852238,0,0,0.111214,-0.0245018,0,-0,0.0338379,35,32,0,0,0,24.4399,0,0,0,-0.16019
2445,3.29892,0,-0.00958767,0,0,0.111214,0.00852238,0,-0,0.0451172,35,32,0,0,0,24.4499,0,0,0,-0.160215
2446,3.29892,0,-0.00958767,0,0,0.111214,-0.00639178,0,-0,0.0225586,35,32,0,0,0,24.4599,0,0,0,-0.160204
2447,3.29892,0,-0.00213059,0,0,0.111214,-0.00319589,0,-0,0.0338379,35,32,0,0,0,24.4699,0,0,0,-0.160222
2448,3.29892,0,0.00426119,0.0451172,0,0.111214,-0.0319589,0,-0,-0,35,32,0,0,0,24.4799,0,0,0,-0.16021
2449,3.29892,0,0.0117183,-0.0563965,0,0.111214,0.0223712,0,-0,-0,35,32,0,0,0,24.4899,0,0,0,-0.160213
2450,3.29892,0,0.00958767,0,0,0.111214,-0.0191753,0,-0,-0,35,32,0,0,0,24.4999,0,0,0,-0.160216
2451,3.29892,0,0.0127836,0,0,0.111214,0.00639178,0,-0,0.0112793,35,32,0,0,0,24.5099,0,0,0,-0.160223
2452,3.29892,0,0.00426119,-0.0563965,0,0.111214,-0.0202406,0,-0,0.0225586,35,32,0,0,0,24.5199,0,0,0,-0.160223
2453,3.29892,0,-0.00426119,-0.0563965,0,0.111214,0.01811,0,-0,0.0225586,35,32,0,0,0,24.5299,0,0,0,-0.160215
2454,3.29892,0,-0.0170448,-0.0451172,0,0.111214,-0.0149142,0,-0,0.0225586,35,32,0,0,0,24.5399,0,0,0,-0.160236
2455,3.29892,0,0.00213059,-0.0338379,0,0.111214,-0.00532648,0,-0,0.0112793,35,32,0,0,0,24.5499,0,0,0,-0.160248
2456,3.29892,0,0.0138489,-0.0563965,0,0.111214,-0.01811,0,-0,0.0338379,35,32,0,0,0,24.5599,0,0,0,-0.160247
2457,3.29892,0,0.00213059,0.0451172,0,0.111214,-0.0010653,0,-0,0.0112793,35,32,0,0,0,24.5699,0,0,0,-0.160238
2458,3.29892,0,-0.0159795,-0.0451172,0,0.111214,-0.0149142,0,-0,-0,35,32,0,0,0,24.5799,0,0,0,-0.160268
2459,3.29892,0,0.0117183,0.0338379,0,0.111214,-0.00745708,0,-0,0.0225586,35,32,0,0,0,24.5899,0,0,0,-0.16024
2460,3.29892,0,0.00639178,0.0451172,0,0.111214,0.010653,0,-0,0.0225586,35,32,0,0,0,24.5999,0,0,0,-0.160295
2461,3.29892,0,0.00213059,0.0451172,0,0.111214,-0.00852238,0,-0,-0.0676758,35,32,0,0,0,24.6099,0,0,0,-0.160249
2462,3.29892,0,0.00852238,0,0,0.111214,0.0202406,0,-0,0.0112793,35,32,0,0,0,24.6199,0,0,0,-0.160268
2463,3.29892,0,-0.0138489,0,0,0.111214,0.00745708,0,-0,-0.0676758,35,32,0,0,0,24.6299,0,0,0,-0.160264
2464,3.29892,0,0.00532648,0.0338379,0,0.111214,-0.00745708,0,-0,0.0225586,35,32,0,0,0,24.6399,0,0,0,-0.160279
2465,3.29892,0,-0.0149142,0,0,0.111214,0.0149142,0,-0,-0.0676758,35,32,0,0,0,24.6499,0,0,0,-0.160252
2466,3.29892,0,-0.00532648,0,0,0.111214,0.0149142,0,-0,0.0338379,35,32,0,0,0,24.6599,0,0,0,-0.160284
2467,3.29892,0,-0.0010653,0,0,0.111214,-0.0255671,0,-0,-0.0676758,35,32,0,0,0,24.6699,0,0,0,-0.160227
2468,3.29892,0,0.00319589,-0.0338379,0,0.111214,-0.00745708,0,-0,-0.0676758,35,32,0,0,0,24.6799,0,0,0,-0.160251
2469,3.29892,0,-0.0202406,0,0,0.111214,0.00213059,0,-0,-0.0676758,35,32,0,0,0,24.6899,0,0,0,-0.160309
2470,3.29892,0,0.00639178,0.0112793,0,0.111214,0.0340895,0,-0,-0.0676758,35,32,0,0,0,24.6999,0,0,0,-0.160294
2471,3.29892,0,0.00745708,0,0,0.111214,0.0149142,0,-0,0.0225586,35,32,0,0,0,24.7099,0,0,0,-0.160307
2472,3.29892,0,0.0149142,0,0,0.111214,0.0138489,0,-0,0.0338379,35,32,0,0,0,24.7199,0,0,0,-0.160293
2473,3.29892,0,-0.010653,0,0,0.111214,-0.0138489,0,-0,0.0225586,35,32,0,0,0,24.7299,0,0,0,-0.160314
2474,3.29892,0,0.00319589,0,0,0.111214,-0.0159795,0,-0,0.0338379,35,32,0,0,0,24.7399,0,0,0,-0.160312
2475,3.29892,0,-0.00213059,0,0,0.111214,0.00319589,0,-0,0.0225586,35,32,0,0,0,24.7499,0,0,0,-0.160322
2476,3.29892,0,0.00639178,0,0,0.111214,0.00426119,0,-0,0.0338379,35,32,0,0,0,24.7599,0,0,0,-0.160324
2477,3.29892,0,0.0191753,-0.0451172,0,0.111214,-0.0117183,0,-0,0.0338379,35,32,0,0,0,24.7699,0,0,0,-0.160343
2478,3.29892,0,0.0202406,0,0,0.111214,-1.23938e-18,0,-0,-0,35,32,0,0,0,24.7799,0,0,0,-0.160325
2479,3.29892,0,0.00319589,0,0,0.111214,-0.0138489,0,-0,0.0225586,35,32,0,0,0,24.7899,0,0,0,-0.160336
2480,3.29892,0,0.00958767,0,0,0.111214,0.0170448,0,-0,0.0112793,35,32,0,0,0,24.7999,0,0,0,-0.160302
2481,3.29892,0,-0.00852238,0,0,0.111214,-0.00639178,0,-0,0.0225586,35,32,0,0,0,24.8099,0,0,0,-0.160348
2482,3.29892,0,0.00426119,0,0,0.111214,0.0170448,0,-0,0.0225586,35,32,0,0,0,24.8199,0,0,0,-0.160291
2483,3.29892,0,-0.00213059,0,0,0.111214,-0.010653,0,-0,0.0225586,35,32,0,0,0,24.8299,0,0,0,-0.160321
2484,3.29892,0,0.00639178,-0.0563965,0,0.111214,0.00426119,0,-0,0.0225586,35,32,0,0,0,24.8399,0,0,0,-0.160315
2485,3.29892,0,0.00319589,0.0451172,0,0.111214,-0.0319589,0,-0,0.0225586,35,32,0,0,0,24.8499,0,0,0,-0.160316
2486,3.29892,0,-0.0149142,-0.0563965,0,0.111214,0.00745708,0,-0,0.0225586,35,32,0,0,0,24.8599,0,0,0,-0.16032
2487,3.29892,0,-0.0159795,0.0451172,0,0.111214,0.00852238,0,-0,0.0225586,35,32,0,0,0,24.8699,0,0,0,-0.160343
2488,3.29892,0,-0.00745708,0.0338379,0,0.111214,0.01811,0,-0,0.0112793,35,32,0,0,0,24.8799,0,0,0,-0.160326
2489,3.29892,0,0.0170448,0.0451172,0,0.111214,-0.00745708,0,-0,-0,35,32,0,0,0,24.8899,0,0,0,-0.16035
2490,3.29892,0,-0.00213059,-0.0451172,0,0.111214,-0.00852238,0,-0,0.0225586,35,32,0,0,0,24.8999,0,0,0,-0.160316
2491,3.29892,0,0.00639178,-0.0451172,0,0.111214,0.0010653,0,-0,0.0112793,35,32,0,0,0,24.9099,0,0,0,-0.160336
2492,3.29892,0,0.00426119,0.0451172,0,0.111214,-0.0191753,0,-0,-0.0676758,35,32,0,0,0,24.9199,0,0,0,-0.160319
2493,3.29892,0,0.00532648,0.0225586,0,0.111214,-0.00745708,0,-0,0.0112793,35,32,0,0,0,24.9299,0,0,0,-0.160373
2494,3.29892,0,0.00319589,0,0,0.111214,-0.0138489,0,-0,-0.0676758,35,32,0,0,0,24.9399,0,0,0,-0.160332
2495,3.29892,0,-0.0127836,0.0225586,0,0.111214,0.00745708,0,-0,-0.0676758,35,32,0,0,0,24.9499,0,0,0,-0.160387
2496,3.29892,0,-0.00319589,0,0,0.111214,-0.00639178,0,-0,-0.0676758,35,32,0,0,0,24.9599,0,0,0,-0.160358
2497,3.29892,0,1.43507e-18,0,0,0.111214,0.0234365,0,-0,-0.0676758,35,32,0,0,0,24.9699,0,0,0,-0.16036
2498,3.29892,0,-0.00426119,0.0225586,0,0.111214,-0.0340895,0,-0,-0.0676758,35,32,0,0,0,24.9799,0,0,0,-0.160355
2499,3.29892,0,0.00319589,0,0,0.111214,0.028763,0,-0,0.0338379,35,32,0,0,0,24.9899,0,0,0,-0.16037
2500,3.29892,0,0.0117183,0,0,0.111214,-0.0319589,0,-0,0.0112793,35,32,0,0,0,24.9999,0,0,0,-0.16034
2501,3.29892,0,-0.00852238,0.0451172,0,0.111214,0.0245018,0,-0,0.0338379,35,32,0,0,0,25.0099,0,0,0,-0.16033
2502,3.29892,0,0.0138489,0.0451172,0,0.111214,-0.00745708,0,-0,0.0225586,35,32,0,0,0,25.0199,0,0,0,-0.160331
2503,3.29892,0,0.0127836,0,0,0.111214,0.0159795,0,-0,0.0225586,35,32,0,0,0,25.0299,0,0,0,-0.160332
2504,3.29892,0,-0.010653,0.0112793,0,0.111214,-0.0223712,0,-0,0.0338379,35,32,0,0,0,25.0399,0,0,0,-0.160327
2505,3.29892,0,0.00213059,0,0,0.111214,0.00319589,0,-0,0.0338379,35,32,0,0,0,25.0499,0,0,0,-0.160349
2506,3.29892,0,0.0170448,0,0,0.111214,-0.0223712,0,-0,0.0338379,35,32,0,0,0,25.0599,0,0,0,-0.160329
2507,3.29892,0,-0.00213059,0,0,0.111214,0.0372854,0,-0,0.0225586,35,32,0,0,0,25.0699,0,0,0,-0.160325
2508,3.29892,0,1.23938e-18,0,0,0.111214,0.0202406,0,-0,0.0338379,35,32,0,0,0,25.0799,0,0,0,-0.160346
2509,3.29892,0,0.0266324,0.0225586,0,0.111214,0.0127836,0,-0,0.0225586,35,32,0,0,0,25.0899,0,0,0,-0.160312
2510,3.29892,0,-0.00426119,0.0451172,0,0.111214,-0.00852238,0,-0,0.0225586,35,32,0,0,0,25.0999,0,0,0,-0.160359
2511,3.29892,0,0.00319589,-0.0112793,0,0.111214,-0.00532648,0,-0,0.0338379,35,32,0,0,0,25.1099,0,0,0,-0.160336
2512,3.29892,0,0.00852238,0,0,0.111214,0.0191753,0,-0,0.0225586,35,32,0,0,0,25.1199,0,0,0,-0.160372
2513,3.29892,0,0.0149142,0,0,0.111214,-0.010653,0,-0,0.0225586,35,32,0,0,0,25.1299,0,0,0,-0.16034
2514,3.29892,0,-0.00639178,-0.0451172,0,0.111214,0.0234365,0,-0,-0.0676758,35,32,0,0,0,25.1399,0,0,0,-0.160374
2515,3.29892,0,-0.0191753,0,0,0.111214,0.010653,0,-0,0.0112793,35,32,0,0,0,25.1499,0,0,0,-0.160349
2516,3.29892,0,0.0159795,-0.0451172,0,0.111214,-0.00319589,0,-0,0.0225586,35,32,0,0,0,25.1599,0,0,0,-0.160361
2517,3.29892,0,0.00745708,-0.0338379,0,0.111214,-0.0213059,0,-0,0.0112793,35,32,0,0,0,25.1699,0,0,0,-0.160348
2518,3.29892,0,-0.00852238,-0.0451172,0,0.111214,0.00639178,0,-0,0.0112793,35,32,0,0,0,25.1799,0,0,0,-0.160344
2519,3.29892,0,-0.0127836,0.0225586,0,0.111214,-0.00639178,0,-0,0.0225586,35,32,0,0,0,25.1899,0,0,0,-0.160367
2520,3.29892,0,-0.00532648,0,0,0.111214,0.0213059,0,-0,0.0112793,35,32,0,0,0,25.1999,0,0,0,-0.160322
2521,3.29892,0,3.91384e-19,0.0451172,0,0.111214,0.00639178,0,-0,0.0112793,35,32,0,0,0,25.2099,0,0,0,-0.160319
2522,3.29892,0,-0.0191753,-0.0451172,0,0.111214,0.0127836,0,-0,0.0225586,35,32,0,0,0,25.2199,0,0,0,-0.16031
2523,3.29892,0,0.00745708,0.0338379,0,0.111214,-0.0170448,0,-0,0.0225586,35,32,0,0,0,25.2299,0,0,0,-0.160284
2524,3.29892,0,-0.010653,0.0451172,0,0.111214,0.0223712,0,-0,0.0112793,35,32,0,0,0,25.2399,0,0,0,-0.160273
2525,3.29892,0,0.00745708,0.0451172,0,0.111214,-0.0202406,0,-0,-0.0676758,35,32,0,0,0,25.2499,0,0,0,-0.16028
2526,3.29892,0,3.26153e-19,0.0451172,0,0.111214,0.00532648,0,-0,-0.0676758,35,32,0,0,0,25.2599,0,0,0,-0.160285
2527,3.29892,0,-0.0127836,0,0,0.111214,-0.039416,0,-0,-0.0676758,35,32,0,0,0,25.2699,0,0,0,-0.160318
2528,3.29892,0,-0.00319589,0.0338379,0,0.111214,0.00532648,0,-0,0.0338379,35,32,0,0,0,25.2799,0,0,0,-0.16031
2529,3.29892,0,-0.010653,0.0225586,0,0.111214,-0.01811,0,-0,-0.0676758,35,32,0,0,0,25.2899,0,0,0,-0.160333
2530,3.29892,0,0.00426119,0,0,0.111214,0.0298283,0,-0,0.0225586,35,32,0,0,0,25.2999,0,0,0,-0.160294
2531,3.29892,0,0.00958767,0,0,0.111214,0.00745708,0,-0,0.0338379,35,32,0,0,0,25.3099,0,0,0,-0.160331
2532,3.29892,0,-0.00745708,0,0,0.111214,0.0117183,0,-0,0.0225586,35,32,0,0,0,25.3199,0,0,0,-0.160284
2533,3.29892,0,-0.00213059,0,0,0.111214,1.30461e-19,0,-0,0.0338379,35,32,0,0,0,25.3299,0,0,0,-0.160321
2534,3.29892,0,-0.00745708,0,0,0.111214,0.0138489,0,-0,0.0338379,35,32,0,0,0,25.3399,0,0,0,-0.160308
2535,3.29892,0,0.0340895,0.0225586,0,0.111214,-0.00319589,0,-0,0.0225586,35,32,0,0,0,25.3499,0,0,0,-0.160336
2536,3.29892,0,-0.00426119,0,0,0.111214,0.00639178,0,-0,0.0225586,35,32,0,0,0,25.3599,0,0,0,-0.160288
2537,3.29892,0,0.00213059,0.0451172,0,0.111214,-0.010653,0,-0,0.0338379,35,32,0,0,0,25.3699,0,0,0,-0.160313
2538,3.29892,0,0.0117183,0,0,0.111214,0.00532648,0,-0,0.0225586,35,32,0,0,0,25.3799,0,0,0,-0.16028
2539,3.29892,0,0.00532648,0,0,0.111214,0.00852238,0,-0,0.0225586,35,32,0,0,0,25.3899,0,0,0,-0.160282
2540,3.29892,0,-0.0010653,-0.0451172,0,0.111214,-0.0149142,0,-0,0.0225586,35,32,0,0,0,25.3999,0,0,0,-0.160255
2541,3.29892,0,0.01811,-0.0451172,0,0.111214,0.0245018,0,-0,-0,35,32,0,0,0,25.4099,0,0,0,-0.160268
2542,3.29892,0,0.0117183,-0.0451172,0,0.111214,0.0010653,0,-0,0.0225586,35,32,0,0,0,25.4199,0,0,0,-0.160212
2543,3.29892,0,-0.0117183,-0.0563965,0,0.111214,0.00852238,0,-0,0.0225586,35,32,0,0,0,25.4299,0,0,0,-0.160235
2544,3.29892,0,0.0138489,0.0451172,0,0.111214,-0.0266324,0,-0,0.0225586,35,32,0,0,0,25.4399,0,0,0,-0.16021
2545,3.29892,0,0.00213059,-0.0563965,0,0.111214,0.00319589,0,-0,0.0225586,35,32,0,0,0,25.4499,0,0,0,-0.160246
2546,3.29892,0,-0.0159795,0,0,0.111214,-0.0138489,0,-0,0.0112793,35,32,0,0,0,25.4599,0,0,0,-0.160227
2547,3.29892,0,-0.00745708,-0.0563965,0,0.111214,0.0170448,0,-0,0.0225586,35,32,0,0,0,25.4699,0,0,0,-0.160213
2548,3.29892,0,0.00426119,-0.0451172,0,0.111214,-0.0191753,0,-0,0.0225586,35,32,0,0,0,25.4799,0,0,0,-0.160209
2549,3.29892,0,0.00639178,-0.0451172,0,0.111214,0.00532648,0,-0,0.0112793,35,32,0,0,0,25.4899,0,0,0,-0.160179
2550,3.29892,0,-2.41353e-18,0.0338379,0,0.111214,-0.039416,0,-0,0.0112793,35,32,0,0,0,25.4999,0,0,0,-0.160199
2551,3.29892,0,0.00852238,0.0451172,0,0.111214,0.00639178,0,-0,0.0225586,35,32,0,0,0,25.5099,0,0,0,-0.160225
2552,3.29892,0,-0.00745708,0.0451172,0,0.111214,-0.0149142,0,-0,0.0225586,35,32,0,0,0,25.5199,0,0,0,-0.160268
2553,3.29892,0,1.5003e-18,0.0451172,0,0.111214,0.0245018,0,-0,0.0112793,35,32,0,0,0,25.5299,0,0,0,-0.160237
2554,3.29892,0,-0.00852238,0.0338379,0,0.111214,-0.00426119,0,-0,0.0225586,35,32,0,0,0,25.5399,0,0,0,-0.160264
2555,3.29892,0,5.87076e-19,0,0,0.111214,0.00958767,0,-0,-0.0676758,35,32,0,0,0,25.5499,0,0,0,-0.160259
2556,3.29892,0,-0.00319589,0,0,0.111214,-0.00319589,0,-0,-0.0676758,35,32,0,0,0,25.5599,0,0,0,-0.160286
2557,3.29892,0,0.0159795,0.0451172,0,0.111214,0.0149142,0,-0,-0.0676758,35,32,0,0,0,25.5699,0,0,0,-0.160278
2558,3.29892,0,-0.00532648,0.0451172,0,0.111214,0.0159795,0,-0,-0.0676758,35,32,0,0,0,25.5799,0,0,0,-0.160312
2559,3.29892,0,0.00426119,0.0451172,0,0.111214,-0.0117183,0,-0,-0.0676758,35,32,0,0,0,25.5899,0,0,0,-0.160241
2560,3.29892,0,0.01811,0.0225586,0,0.111214,-0.00213059,0,-0,-0.0676758,35,32,0,0,0,25.5999,0,0,0,-0.160242
2561,3.29892,0,0.0117183,0,0,0.111214,-0.00852238,0,-0,0.0225586,35,32,0,0,0,25.6099,0,0,0,-0.160237
2562,3.29892,0,0.00958767,0,0,0.111214,-0.00426119,0,-0,0.0338379,35,32,0,0,0,25.6199,0,0,0,-0.160248
2563,3.29892,0,0.00639178,0,0,0.111214,-0.00426119,0,-0,0.0338379,35,32,0,0,0,25.6299,0,0,0,-0.160239
2564,3.29892,0,0.0255671,0,0,0.111214,0.00213059,0,-0,0.0338379,35,32,0,0,0,25.6399,0,0,0,-0.160234
2565,3.29892,0,0.0010653,0.0225586,0,0.111214,0.00319589,0,-0,0.0338379,35,32,0,0,0,25.6499,0,0,0,-0.160249
2566,3.29892,0,-0.00958767,0,0,0.111214,0.00639178,0,-0,0.0338379,35,32,0,0,0,25.6599,0,0,0,-0.160256
2567,3.29892,0,-0.00213059,0,0,0.111214,-0.00639178,0,-0,0.0112793,35,32,0,0,0,25.6699,0,0,0,-0.160228
2568,3.29892,0,0.00745708,0,0,0.111214,0.0138489,0,-0,0.0225586,35,32,0,0,0,25.6799,0,0,0,-0.160261
2569,3.29892,0,0.0149142,0,0,0.111214,-0.0255671,0,-0,0.0338379,35,32,0,0,0,25.6899,0,0,0,-0.16023
2570,3.29892,0,0.00213059,0,0,0.111214,0.0266324,0,-0,0.0338379,35,32,0,0,0,25.6999,0,0,0,-0.160261
2571,3.29892,0,0.00426119,-0.0563965,0,0.111214,-0.010653,0,-0,0.0112793,35,32,0,0,0,25.7099,0,0,0,-0.16024
2572,3.29892,0,-0.00532648,0,0,0.111214,0.0127836,0,-0,0.0225586,35,32,0,0,0,25.7199,0,0,0,-0.160228
2573,3.29892,0,-0.0117183,0.0451172,0,0.111214,-0.0298283,0,-0,0.0225586,35,32,0,0,0,25.7299,0,0,0,-0.160246
2574,3.29892,0,0.0170448,-0.0563965,0,0.111214,-1.04369e-18,0,-0,0.0225586,35,32,0,0,0,25.7399,0,0,0,-0.160227
2575,3.29892,0,-8.47998e-19,0,0,0.111214,-0.0138489,0,-0,0.0338379,35,32,0,0,0,25.7499,0,0,0,-0.16022
2576,3.29892,0,-0.0010653,-0.0338379,0,0.111214,0.0298283,0,-0,0.0225586,35,32,0,0,0,25.7599,0,0,0,-0.160222
2577,3.29892,0,0.00319589,0.0451172,0,0.111214,-0.0266324,0,-0,0.0112793,35,32,0,0,0,25.7699,0,0,0,-0.160253
2578,3.29892,0,-0.00958767,0,0,0.111214,0.0223712,0,-0,0.0225586,35,32,0,0,0,25.7799,0,0,0,-0.160217
2579,3.29892,0,-3.26153e-19,0.0451172,0,0.111214,-0.00532648,0,-0,0.0338379,35,32,0,0,0,25.7899,0,0,0,-0.160231
2580,3.29892,0,-6.52306e-20,-0.0338379,0,0.111214,-0.0010653,0,-0,0.0112793,35,32,0,0,0,25.7999,0,0,0,-0.160229
2581,3.29892,0,0.0127836,-0.0563965,0,0.111214,-0.00639178,0,-0,-0,35,32,0,0,0,25.8099,0,0,0,-0.160259
2582,3.29892,0,0.00532648,0.0338379,0,0.111214,-0.0308936,0,-0,0.0225586,35,32,0,0,0,25.8199,0,0,0,-0.160205
2583,3.29892,0,-0.00319589,0,0,0.111214,-0.0149142,0,-0,-0.0676758,35,32,0,0,0,25.8299,0,0,0,-0.160238
2584,3.29892,0,0.0159795,0.0451172,0,0.111214,0.039416,0,-0,-0.0676758,35,32,0,0,0,25.8399,0,0,0,-0.160255
2585,3.29892,0,0.010653,0,0,0.111214,-0.00852238,0,-0,-0.0676758,35,32,0,0,0,25.8499,0,0,0,-0.160225
2586,3.29892,0,0.0010653,0.0338379,0,0.111214,-0.010653,0,-0,-0.0676758,35,32,0,0,0,25.8599,0,0,0,-0.160192
2587,3.29892,0,-0.00213059,0.0451172,0,0.111214,0.0191753,0,-0,-0.0676758,35,32,0,0,0,25.8699,0,0,0,-0.16021
2588,3.29892,0,0.00532648,0.0225586,0,0.111214,-0.00532648,0,-0,-0.0676758,35,32,0,0,0,25.8799,0,0,0,-0.160176
2589,3.29892,0,-0.0010653,0,0,0.111214,-0.00532648,0,-0,-0.0676758,35,32,0,0,0,25.8899,0,0,0,-0.160201
2590,3.29892,0,-0.00319589,0.0451172,0,0.111214,-0.0170448,0,-0,-0.0676758,35,32,0,0,0,25.8999,0,0,0,-0.160168
2591,3.29892,0,0.00639178,0,0,0.111214,0.0223712,0,-0,-0.0676758,35,32,0,0,0,25.9099,0,0,0,-0.160187
2592,3.29892,0,0.0159795,0,0,0.111214,-0.0117183,0,-0,0.0338379,35,32,0,0,0,25.9199,0,0,0,-0.160177
2593,3.29892,0,-0.00319589,0.0225586,0,0.111214,0.0276977,0,-0,0.0225586,35,32,0,0,0,25.9299,0,0,0,-0.160171
2594,3.29892,0,0.0010653,0,0,0.111214,0.00213059,0,-0,0.0225586,35,32,0,0,0,25.9399,0,0,0,-0.160169
2595,3.29892,0,0.010653,0,0,0.111214,0.0010653,0,-0,-0,35,32,0,0,0,25.9499,0,0,0,-0.160162
2596,3.29892,0,0.0117183,0,0,0.111214,0.0202406,0,-0,0.0338379,35,32,0,0,0,25.9599,0,0,0,-0.160173
2597,3.29892,0,-0.00745708,0,0,0.111214,0.0276977,0,-0,0.0338379,35,32,0,0,0,25.9699,0,0,0,-0.160127
2598,3.29892,0,-0.01811,0,0,0.111214,0.00532648,0,-0,0.0225586,35,32,0,0,0,25.9799,0,0,0,-0.160178
2599,3.29892,0,-0.00958767,0,0,0.111214,0.0170448,0,-0,0.0112793,35,32,0,0,0,25.9899,0,0,0,-0.160157
2600,3.29892,0,-0.00319589,-0.0563965,0,0.111214,0.0149142,0,-0,0.0112793,35,32,0,0,0,25.9999,0,0,0,-0.160168
2601,3.29892,0,-0.00213059,0,0,0.111214,-0.00213059,0,-0,0.0112793,35,32,0,0,0,26.0099,0,0,0,-0.160157
2602,3.29892,0,-0.010653,0,0,0.111214,-0.0170448,0,-0,0.0225586,35,32,0,0,0,26.0199,0,0,0,-0.160178
2603,3.29892,0,-0.00639178,0.0338379,0,0.111214,0.00426119,0,-0,0.0112793,35,32,0,0,0,26.0299,0,0,0,-0.160211
2604,3.29892,0,0.00213059,-0.0563965,0,0.111214,0.0117183,0,-0,-0,35,32,0,0,0,26.0399,0,0,0,-0.160217
2605,3.29892,0,0.0010653,0.0451172,0,0.111214,-0.00852238,0,-0,0.0112793,35,32,0,0,0,26.0499,0,0,0,-0.160162
2606,3.29892,0,-0.00532648,-0.0451172,0,0.111214,-0.0191753,0,-0,0.0225586,35,32,0,0,0,26.0599,0,0,0,-0.160205
2607,3.29892,0,-0.00639178,-0.0451172,0,0.111214,-0.0223712,0,-0,0.0225586,35,32,0,0,0,26.0699,0,0,0,-0.160149
2608,3.29892,0,0.00958767,0,0,0.111214,-0.0191753,0,-0,0.0112793,35,32,0,0,0,26.0799,0,0,0,-0.160197
2609,3.29892,0,0.0149142,-0.0563965,0,0.111214,-0.0170448,0,-0,0.0112793,35,32,0,0,0,26.0899,0,0,0,-0.160186
2610,3.29892,0,0.00532648,0.0451172,0,0.111214,-0.00319589,0,-0,0.0112793,35,32,0,0,0,26.0999,0,0,0,-0.160201
2611,3.29892,0,-0.0202406,0,0,0.111214,-0.0245018,0,-0,-0.0676758,35,32,0,0,0,26.1099,0,0,0,-0.160179
2612,3.29892,0,0.0138489,0,0,0.111214,-8.47998e-19,0,-0,-0.0676758,35,32,0,0,0,26.1199,0,0,0,-0.160206
2613,3.29892,0,0.00852238,0.0338379,0,0.111214,-0.00213059,0,-0,0.0112793,35,32,0,0,0,26.1299,0,0,0,-0.160181
2614,3.29892,0,-0.0191753,0.0451172,0,0.111214,0.0010653,0,-0,-0.0676758,35,32,0,0,0,26.1399,0,0,0,-0.160213
2615,3.29892,0,0.00852238,0.0451172,0,0.111214,0.0010653,0,-0,-0.0676758,35,32,0,0,0,26.1499,0,0,0,-0.160181
2616,3.29892,0,0.0266324,0.0451172,0,0.111214,0.0308936,0,-0,-0.0676758,35,32,0,0,0,26.1599,0,0,0,-0.160196
2617,3.29892,0,0.0010653,0.0451172,0,0.111214,-0.0245018,0,-0,-0.0676758,35,32,0,0,0,26.1699,0,0,0,-0.160181
2618,3.29892,0,0.010653,0.0338379,0,0.111214,0.01811,0,-0,-0.0676758,35,32,0,0,0,26.1799,0,0,0,-0.160178
2619,3.29892,0,-0.010653,0.0225586,0,0.111214,-0.028763,0,-0,-0.0676758,35,32,0,0,0,26.1899,0,0,0,-0.16013
2620,3.29892,0,-0.00532648,-0.0338379,0,0.111214,0.010653,0,-0,-0.0676758,35,32,0,0,0,26.1999,0,0,0,-0.160161
2621,3.29892,0,0.00213059,0.0338379,0,0.111214,-0.00532648,0,-0,-0.0676758,35,32,0,0,0,26.2099,0,0,0,-0.160186
2622,3.29892,0,-0.0010653,0,0,0.111214,0.0213059,0,-0,-0.0451172,35,32,0,0,0,26.2199,0,0,0,-0.16015
2623,3.29892,0,0.010653,0.0112793,0,0.111214,-0.0191753,0,-0,0.0338379,35,32,0,0,0,26.2299,0,0,0,-0.160202
2624,3.29892,0,0.0010653,0,0,0.111214,0.0170448,0,-0,0.0451172,35,32,0,0,0,26.2399,0,0,0,-0.160194
2625,3.29892,0,-0.0117183,0,0,0.111214,0.00426119,0,-0,0.0225586,35,32,0,0,0,26.2499,0,0,0,-0.160202
2626,3.29892,0,0.00532648,0.0451172,0,0.111214,-0.0213059,0,-0,0.0112793,35,32,0,0,0,26.2599,0,0,0,-0.160192
2627,3.29892,0,-3.26153e-19,-0.0451172,0,0.111214,-0.00532648,0,-0,0.0338379,35,32,0,0,0,26.2699,0,0,0,-0.160206
2628,3.29892,0,-0.00532648,0,0,0.111214,-0.0010653,0,-0,0.0225586,35,32,0,0,0,26.2799,0,0,0,-0.160153
2629,3.29892,0,0.0010653,0,0,0.111214,-0.00852238,0,-0,0.0338379,35,32,0,0,0,26.2899,0,0,0,-0.160185
2630,3.29892,0,-0.00426119,0,0,0.111214,-0.00213059,0,-0,0.0338379,35,32,0,0,0,26.2999,0,0,0,-0.160175
2631,3.29892,0,0.0127836,0,0,0.111214,-0.010653,0,-0,0.0225586,35,32,0,0,0,26.3099,0,0,0,-0.160168
2632,3.29892,0,0.00852238,0,0,0.111214,0.00213059,0,-0,0.0112793,35,32,0,0,0,26.3199,0,0,0,-0.160179
2633,3.29892,0,-0.00213059,0,0,0.111214,-0.0149142,0,-0,0.0225586,35,32,0,0,0,26.3299,0,0,0,-0.16019
2634,3.29892,0,0.00426119,0,0,0.111214,0.0010653,0,-0,0.0225586,35,32,0,0,0,26.3399,0,0,0,-0.160204
2635,3.29892,0,-0.00426119,0,0,0.111214,0.0117183,0,-0,0.0338379,35,32,0,0,0,26.3499,0,0,0,-0.160208
2636,3.29892,0,-0.00639178,-0.0451172,0,0.111214,-0.0202406,0,-0,0.0112793,35,32,0,0,0,26.3599,0,0,0,-0.160166
2637,3.29892,0,-0.0149142,0,0,0.111214,-0.0117183,0,-0,0.0112793,35,32,0,0,0,26.3699,0,0,0,-0.160165
2638,3.29892,0,-0.0191753,0.0451172,0,0.111214,-0.00213059,0,-0,0.0112793,35,32,0,0,0,26.3799,0,0,0,-0.160147
2639,3.29892,0,0.00745708,0.0451172,0,0.111214,0.00852238,0,-0,0.0338379,35,32,0,0,0,26.3899,0,0,0,-0.160155
2640,3.29892,0,0.0138489,-0.0338379,0,0.111214,0.00639178,0,-0,0.0225586,35,32,0,0,0,26.3999,0,0,0,-0.160151
2641,3.29892,0,-0.0170448,0.0451172,0,0.111214,0.0127836,0,-0,-0.0676758,35,32,0,0,0,26.4099,0,0,0,-0.160173
2642,3.29892,0,-0.010653,0.0451172,0,0.111214,-0.0159795,0,-0,-0.0676758,35,32,0,0,0,26.4199,0,0,0,-0.160155
2643,3.29892,0,7.17537e-19,0.0451172,0,0.111214,0.0117183,0,-0,-0,35,32,0,0,0,26.4299,0,0,0,-0.160155
2644,3.29892,0,-0.00319589,0,0,0.111214,-0.0127836,0,-0,-0.0676758,35,32,0,0,0,26.4399,0,0,0,-0.160164
2645,3.29892,0,-0.00319589,0.0112793,0,0.111214,0.0127836,0,-0,-0.0676758,35,32,0,0,0,26.4499,0,0,0,-0.160164
2646,3.29892,0,-0.0202406,0.0451172,0,0.111214,1.23938e-18,0,-0,-0.0451172,35,32,0,0,0,26.4599,0,0,0,-0.160179
2647,3.29892,0,0.0159795,0.0338379,0,0.111214,0.00319589,0,-0,-0.0676758,35,32,0,0,0,26.4699,0,0,0,-0.160171
2648,3.29892,0,0.0149142,0,0,0.111214,-0.0159795,0,-0,-0.0676758,35,32,0,0,0,26.4799,0,0,0,-0.160204
2649,3.29892,0,0.00639178,0.0338379,0,0.111214,-0.0010653,0,-0,-0.0676758,35,32,0,0,0,26.4899,0,0,0,-0.160175
2650,3.29892,0,-0.00852238,0.0451172,0,0.111214,0.00213059,0,-0,-0.0676758,35,32,0,0,0,26.4999,0,0,0,-0.160176
2651,3.29892,0,-0.00639178,0.0451172,0,0.111214,-0.00213059,0,-0,0.0112793,35,32,0,0,0,26.5099,0,0,0,-0.160135
2652,3.29892,0,0.00852238,0,0,0.111214,-0.0010653,0,-0,-0.0676758,35,32,0,0,0,26.5199,0,0,0,-0.160186
2653,3.29892,0,0.00213059,0.0451172,0,0.111214,-0.0191753,0,-0,0.0338379,35,32,0,0,0,26.5299,0,0,0,-0.160147
2654,3.29892,0,0.0170448,0.0451172,0,0.111214,-0.0138489,0,-0,-0.0676758,35,32,0,0,0,26.5399,0,0,0,-0.160181
2655,3.29892,0,-0.0191753,-0.0112793,0,0.111214,0.028763,0,-0,0.0338379,35,32,0,0,0,26.5499,0,0,0,-0.160157
2656,3.29892,0,0.00426119,0.0225586,0,0.111214,-0.0117183,0,-0,0.0451172,35,32,0,0,0,26.5599,0,0,0,-0.16016
2657,3.29892,0,-0.00426119,0,0,0.111214,0.00852238,0,-0,0.0112793,35,32,0,0,0,26.5699,0,0,0,-0.160116
2658,3.29892,0,0.0223712,0.0225586,0,0.111214,0.00958767,0,-0,0.0451172,35,32,0,0,0,26.5799,0,0,0,-0.160127
2659,3.29892,0,-0.00639178,0,0,0.111214,-0.0159795,0,-0,0.0225586,35,32,0,0,0,26.5899,0,0,0,-0.16009
2660,3.29892,0,-0.00213059,0,0,0.111214,0.0010653,0,-0,0.0112793,35,32,0,0,0,26.5999,0,0,0,-0.160118
2661,3.29892,0,-0.00532648,0,0,0.111214,-0.00852238,0,-0,0.0225586,35,32,0,0,0,26.6099,0,0,0,-0.160086
2662,3.29892,0,0.0234365,0.0338379,0,0.111214,0.0117183,0,-0,0.0225586,35,32,0,0,0,26.6199,0,0,0,-0.16012
2663,3.29892,0,-0.0127836,0,0,0.111214,-0.0191753,0,-0,0.0225586,35,32,0,0,0,26.6299,0,0,0,-0.160096
2664,3.29892,0,0.010653,0,0,0.111214,-0.00958767,0,-0,0.0225586,35,32,0,0,0,26.6399,0,0,0,-0.160091
2665,3.29892,0,-0.00426119,-0.0451172,0,0.111214,-0.01811,0,-0,0.0112793,35,32,0,0,0,26.6499,0,0,0,-0.160062
2666,3.29892,0,0.00745708,-0.0338379,0,0.111214,0.01811,0,-0,0.0112793,35,32,0,0,0,26.6599,0,0,0,-0.160085
2667,3.29892,0,0.0138489,0,0,0.111214,-0.028763,0,-0,-0.0225586,35,32,0,0,0,26.6699,0,0,0,-0.160093
2668,3.29892,0,0.00213059,-0.0563965,0,0.111214,0.0159795,0,-0,0.0112793,35,32,0,0,0,26.6799,0,0,0,-0.160136
2669,3.29892,0,-0.00745708,0.0338379,0,0.111214,-0.01811,0,-0,0.0112793,35,32,0,0,0,26.6899,0,0,0,-0.160125
2670,3.29892,0,0.0159795,0.0338379,0,0.111214,0.00745708,0,-0,0.0225586,35,32,0,0,0,26.6999,0,0,0,-0.16011
2671,3.29892,0,0.0010653,0,0,0.111214,-0.0191753,0,-0,0.0225586,35,32,0,0,0,26.7099,0,0,0,-0.16013
2672,3.29892,0,0.0010653,0.0338379,0,0.111214,-0.00213059,0,-0,0.0225586,35,32,0,0,0,26.7199,0,0,0,-0.160135
2673,3.29892,0,-0.00639178,-0.0451172,0,0.111214,-0.0202406,0,-0,0.0451172,35,32,0,0,0,26.7299,0,0,0,-0.160127
2674,3.29892,0,0.00426119,0.0451172,0,0.111214,0.0159795,0,-0,0.0112793,35,32,0,0,0,26.7399,0,0,0,-0.160117
2675,3.29892,0,0.00639178,-0.0563965,0,0.111214,-0.0255671,0,-0,0.0338379,35,32,0,0,0,26.7499,0,0,0,-0.160128
2676,3.29892,0,-0.0149142,0.0451172,0,0.111214,0.0245018,0,-0,-0.0676758,35,32,0,0,0,26.7599,0,0,0,-0.16009
2677,3.29892,0,-0.00639178,0.0451172,0,0.111214,0.0170448,0,-0,-0.0676758,35,32,0,0,0,26.7699,0,0,0,-0.16013
2678,3.29892,0,0.00426119,0.0451172,0,0.111214,-0.00639178,0,-0,-0.0676758,35,32,0,0,0,26.7799,0,0,0,-0.160113
2679,3.29892,0,0.010653,-0.0451172,0,0.111214,0.0138489,0,-0,-0.0676758,35,32,0,0,0,26.7899,0,0,0,-0.160127
2680,3.29892,0,0.00852238,0,0,0.111214,-0.028763,0,-0,-0.0676758,35,32,0,0,0,26.7999,0,0,0,-0.160097
2681,3.29892,0,-0.0138489,0.0451172,0,0.111214,8.47998e-19,0,-0,-0.0676758,35,32,0,0,0,26.8099,0,0,0,-0.160126
2682,3.29892,0,-0.0159795,0,0,0.111214,-0.00639178,0,-0,0.0112793,35,32,0,0,0,26.8199,0,0,0,-0.160111
2683,3.29892,0,0.00319589,0,0,0.111214,-0.010653,0,-0,0.0225586,35,32,0,0,0,26.8299,0,0,0,-0.160123
2684,3.29892,0,-0.0138489,0,0,0.111214,8.47998e-19,0,-0,0.0112793,35,32,0,0,0,26.8399,0,0,0,-0.160134
2685,3.29892,0,-0.00532648,0,0,0.111214,0.0127836,0,-0,0.0338379,35,32,0,0,0,26.8499,0,0,0,-0.160152
2686,3.29892,0,-0.00213059,0,0,0.111214,-0.00213059,0,-0,0.0225586,35,32,0,0,0,26.8599,0,0,0,-0.160137
2687,3.29892,0,0.0202406,0.0225586,0,0.111214,-0.0351548,0,-0,0.0225586,35,32,0,0,0,26.8699,0,0,0,-0.16017
2688,3.29892,0,-0.00532648,-0.0338379,0,0.111214,-0.00639178,0,-0,0.0225586,35,32,0,0,0,26.8799,0,0,0,-0.160157
2689,3.29892,0,0.00319589,0,0,0.111214,0.00319589,0,-0,0.0338379,35,32,0,0,0,26.8899,0,0,0,-0.160133
2690,3.29892,0,-0.00532648,-0.0563965,0,0.111214,0.0117183,0,-0,0.0112793,35,32,0,0,0,26.8999,0,0,0,-0.160151
2691,3.29892,0,-0.00745708,-0.0451172,0,0.111214,-0.00426119,0,-0,0.0225586,35,32,0,0,0,26.9099,0,0,0,-0.160166
2692,3.29892,0,-0.010653,0,0,0.111214,-0.0223712,0,-0,0.0112793,35,32,0,0,0,26.9199,0,0,0,-0.160186
2693,3.29892,0,-0.00745708,0,0,0.111214,0.0127836,0,-0,0.0225586,35,32,0,0,0,26.9299,0,0,0,-0.160197
2694,3.29892,0,0.00426119,0,0,0.111214,-2.60922e-19,0,-0,0.0225586,35,32,0,0,0,26.9399,0,0,0,-0.160215
2695,3.29892,0,-0.0149142,-0.0451172,0,0.111214,0.0340895,0,-0,-0,35,32,0,0,0,26.9499,0,0,0,-0.160222
2696,3.29892,0,0.00426119,0.0225586,0,0.111214,-0.00745708,0,-0,0.0112793,35,32,0,0,0,26.9599,0,0,0,-0.160228
2697,3.29892,0,0.0117183,0,0,0.111214,0.0426119,0,-0,0.0225586,35,32,0,0,0,26.9699,0,0,0,-0.160216
2698,3.29892,0,0.0266324,0.0451172,0,0.111214,-0.010653,0,-0,0.0338379,35,32,0,0,0,26.9798,0,0,0,-0.160207
2699,3.29892,0,1.10892e-18,0.0338379,0,0.111214,0.01811,0,-0,0.0225586,35,32,0,0,0,26.9899,0,0,0,-0.160218
2700,3.29892,0,-0.00639178,-0.0563965,0,0.111214,-0.0351548,0,-0,0.0338379,35,32,0,0,0,26.9999,0,0,0,-0.160237
2701,3.29892,0,0.00213059,-0.0451172,0,0.111214,-1.30461e-19,0,-0,0.0225586,35,32,0,0,0,27.0099,0,0,0,-0.16024
2702,3.29892,0,-0.00426119,0.0451172,0,0.111214,-0.0149142,0,-0,0.0225586,35,32,0,0,0,27.0199,0,0,0,-0.160218
2703,3.29892,0,-0.0010653,0.0451172,0,0.111214,0.0213059,0,-0,-0.0676758,35,32,0,0,0,27.0299,0,0,0,-0.160226
2704,3.29892,0,0.00852238,-0.0563965,0,0.111214,-0.010653,0,-0,-0.0676758,35,32,0,0,0,27.0399,0,0,0,-0.160238
2705,3.29892,0,-0.0127836,0.0451172,0,0.111214,7.82767e-19,0,-0,-0.0676758,35,32,0,0,0,27.0499,0,0,0,-0.160203
2706,3.29892,0,0.0010653,0.0451172,0,0.111214,-0.00426119,0,-0,-0.0676758,35,32,0,0,0,27.0599,0,0,0,-0.160231
2707,3.29892,0,-0.00319589,0,0,0.111214,-0.0117183,0,-0,-0.0676758,35,32,0,0,0,27.0699,0,0,0,-0.160195
2708,3.29892,0,0.00958767,0,0,0.111214,0.0127836,0,-0,-0.0676758,35,32,0,0,0,27.0799,0,0,0,-0.160234
2709,3.29892,0,-0.0234365,0.0338379,0,0.111214,0.00852238,0,-0,-0.0676758,35,32,0,0,0,27.0899,0,0,0,-0.160219
2710,3.29892,0,-0.0010653,0,0,0.111214,-0.00319589,0,-0,-0.0676758,35,32,0,0,0,27.0999,0,0,0,-0.160207
2711,3.29892,0,0.0010653,0,0,0.111214,-0.0234365,0,-0,-0.0676758,35,32,0,0,0,27.1099,0,0,0,-0.160185
2712,3.29892,0,0.0213059,0,0,0.111214,-1.30461e-18,0,-0,-0.0676758,35,32,0,0,0,27.1199,0,0,0,-0.160216
2713,3.29892,0,-0.00426119,0,0,0.111214,0.00639178,0,-0,0.0338379,35,32,0,0,0,27.1299,0,0,0,-0.160183
2714,3.29892,0,0.0234365,0,0,0.111214,0.00532648,0,-0,-0.0676758,35,32,0,0,0,27.1399,0,0,0,-0.160258
2715,3.29892,0,0.00532648,0,0,0.111214,-0.00319589,0,-0,0.0338379,35,32,0,0,0,27.1499,0,0,0,-0.160226
2716,3.29892,0,-0.0245018,0,0,0.111214,0.0170448,0,-0,0.0112793,35,32,0,0,0,27.1599,0,0,0,-0.160293
2717,3.29892,0,0.00958767,0,0,0.111214,-0.0266324,0,-0,0.0338379,35,32,0,0,0,27.1699,0,0,0,-0.160267
2718,3.29892,0,-0.0298283,-0.0451172,0,0.111214,-0.00852238,0,-0,-0.0676758,35,32,0,0,0,27.1799,0,0,0,-0.160267
2719,3.29892,0,0.010653,0,0,0.111214,-0.0170448,0,-0,0.0225586,35,32,0,0,0,27.1899,0,0,0,-0.160266
2720,3.29892,0,-0.00213059,0,0,0.111214,0.01811,0,-0,0.0225586,35,32,0,0,0,27.1999,0,0,0,-0.160287
2721,3.29892,0,-0.00639178,0,0,0.111214,-0.0149142,0,-0,0.0112793,35,32,0,0,0,27.2099,0,0,0,-0.160264
2722,3.29892,0,0.010653,-0.0563965,0,0.111214,0.028763,0,-0,0.0225586,35,32,0,0,0,27.2199,0,0,0,-0.160268
2723,3.29892,0,0.010653,0,0,0.111214,0.00639178,0,-0,-0.0676758,35,32,0,0,0,27.2299,0,0,0,-0.160251
2724,3.29892,0,0.0010653,-0.0338379,0,0.111214,0.0234365,0,-0,0.0112793,35,32,0,0,0,27.2399,0,0,0,-0.160223
2725,3.29892,0,0.00958767,-0.0451172,0,0.111214,-0.0319589,0,-0,0.0112793,35,32,0,0,0,27.2499,0,0,0,-0.160169
2726,3.29892,0,-0.00426119,-0.0451172,0,0.111214,-0.00745708,0,-0,0.0338379,35,32,0,0,0,27.2599,0,0,0,-0.160156
2727,3.29892,0,0.0117183,-0.0563965,0,0.111214,-0.0202406,0,-0,-0.0676758,35,32,0,0,0,27.2699,0,0,0,-0.160183
2728,3.29892,0,-0.00958767,0,0,0.111214,0.0170448,0,-0,-0.0676758,35,32,0,0,0,27.2799,0,0,0,-0.160163
2729,3.29892,0,0.0138489,-0.0451172,0,0.111214,-0.0234365,0,-0,-0.0676758,35,32,0,0,0,27.2899,0,0,0,-0.160177
2730,3.29892,0,0.00745708,0,0,0.111214,0.0117183,0,-0,-0.0676758,35,32,0,0,0,27.2999,0,0,0,-0.160185
2731,3.29892,0,0.00319589,0.0338379,0,0.111214,-0.01811,0,-0,-0.0676758,35,32,0,0,0,27.3099,0,0,0,-0.160206
2732,3.29892,0,0.0191753,0.0451172,0,0.111214,0.0138489,0,-0,-0.0676758,35,32,0,0,0,27.3199,0,0,0,-0.160155
2733,3.29892,0,0.00319589,0.0451172,0,0.111214,-0.0010653,0,-0,-0.0676758,35,32,0,0,0,27.3299,0,0,0,-0.160244
2734,3.29892,0,-0.0010653,0,0,0.111214,-0.00639178,0,-0,-0.0676758,35,32,0,0,0,27.3399,0,0,0,-0.160184
2735,3.29892,0,-0.00426119,0.0451172,0,0.111214,2.60922e-19,0,-0,-0.0676758,35,32,0,0,0,27.3499,0,0,0,-0.160233
2736,3.29892,0,-0.00852238,0.0451172,0,0.111214,-0.0149142,0,-0,-0.0676758,35,32,0,0,0,27.3599,0,0,0,-0.160227
2737,3.29892,0,0.010653,0.0451172,0,0.111214,-0.0170448,0,-0,-0.0676758,35,32,0,0,0,27.3699,0,0,0,-0.160257
2738,3.29892,0,-0.0127836,-0.0451172,0,0.111214,0.00958767,0,-0,-0.0563965,35,32,0,0,0,27.3799,0,0,0,-0.16023
2739,3.29892,0,-0.00532648,0.0451172,0,0.111214,0.00319589,0,-0,-0.0676758,35,32,0,0,0,27.3899,0,0,0,-0.160265
2740,3.29892,0,-0.00213059,0,0,0.111214,-0.0191753,0,-0,-0.0676758,35,32,0,0,0,27.3999,0,0,0,-0.16024
2741,3.29892,0,0.00852238,0,0,0.111214,0.0010653,0,-0,-0.0676758,35,32,0,0,0,27.4099,0,0,0,-0.160246
2742,3.29892,0,-0.00213059,0.0338379,0,0.111214,1.30461e-19,0,-0,-0.0676758,35,32,0,0,0,27.4199,0,0,0,-0.160171
2743,3.29892,0,0.00958767,0,0,0.111214,0.0170448,0,-0,0.0338379,35,32,0,0,0,27.4299,0,0,0,-0.160235
2744,3.29892,0,0.00426119,0,0,0.111214,-0.00745708,0,-0,0.0338379,35,32,0,0,0,27.4399,0,0,0,-0.16022
2745,3.29892,0,1.30461e-18,0,0,0.111214,0.0213059,0,-0,0.0338379,35,32,0,0,0,27.4499,0,0,0,-0.160197
2746,3.29892,0,-0.00852238,0,0,0.111214,0.0159795,0,-0,0.0112793,35,32,0,0,0,27.4599,0,0,0,-0.160193
2747,3.29892,0,0.010653,0,0,0.111214,0.0362201,0,-0,0.0225586,35,32,0,0,0,27.4699,0,0,0,-0.160245
2748,3.29892,0,3.26153e-19,0,0,0.111214,0.00532648,0,-0,0.0112793,35,32,0,0,0,27.4799,0,0,0,-0.160226
2749,3.29892,0,0.00319589,0,0,0.111214,0.0245018,0,-0,0.0225586,35,32,0,0,0,27.4899,0,0,0,-0.160224
2750,3.29892,0,-0.0138489,0,0,0.111214,-0.0266324,0,-0,0.0112793,35,32,0,0,0,27.4999,0,0,0,-0.160232
2751,3.29892,0,-0.00852238,0,0,0.111214,0.0202406,0,-0,0.0225586,35,32,0,0,0,27.5099,0,0,0,-0.160217
2752,3.29892,0,0.00532648,0,0,0.111214,-0.0340895,0,-0,0.0225586,35,32,0,0,0,27.5199,0,0,0,-0.160229
2753,3.29892,0,0.00213059,-0.0451172,0,0.111214,0.028763,0,-0,0.0112793,35,32,0,0,0,27.5299,0,0,0,-0.160235
2754,3.29892,0,-7.17537e-19,-0.0563965,0,0.111214,-0.0117183,0,-0,-0.0676758,35,32,0,0,0,27.5399,0,0,0,-0.160251
2755,3.29892,0,0.0117183,0,0,0.111214,0.0127836,0,-0,0.0225586,35,32,0,0,0,27.5499,0,0,0,-0.160227
2756,3.29892,0,-0.00958767,-0.0563965,0,0.111214,-0.00213059,0,-0,0.0112793,35,32,0,0,0,27.5599,0,0,0,-0.160231
2757,3.29892,0,0.00958767,-0.0451172,0,0.111214,0.0234365,0,-0,0.0112793,35,32,0,0,0,27.5699,0,0,0,-0.160212
2758,3.29892,0,-0.0138489,-0.0563965,0,0.111214,-0.0266324,0,-0,0.0225586,35,32,0,0,0,27.5799,0,0,0,-0.160254
2759,3.29892,0,-0.0159795,-0.0451172,0,0.111214,-0.00319589,0,-0,0.0112793,35,32,0,0,0,27.5899,0,0,0,-0.160246
2760,3.29892,0,0.00958767,-0.0563965,0,0.111214,0.00639178,0,-0,0.0225586,35,32,0,0,0,27.5999,0,0,0,-0.160253
2761,3.29892,0,-0.01811,0.0451172,0,0.111214,0.0298283,0,-0,0.0225586,35,32,0,0,0,27.6099,0,0,0,-0.160259
2762,3.29892,0,0.00852238,0.0451172,0,0.111214,-0.00426119,0,-0,0.0225586,35,32,0,0,0,27.6199,0,0,0,-0.160274
2763,3.29892,0,0.00745708,-0.0563965,0,0.111214,0.0010653,0,-0,0.0225586,35,32,0,0,0,27.6299,0,0,0,-0.160255
2764,3.29892,0,0.00426119,0.0112793,0,0.111214,-0.0127836,0,-0,-0.0676758,35,32,0,0,0,27.6399,0,0,0,-0.160274
2765,3.29892,0,-0.00745708,0.0338379,0,0.111214,-0.0266324,0,-0,0.0112793,35,32,0,0,0,27.6499,0,0,0,-0.160235
2766,3.29892,0,0.0010653,0.0451172,0,0.111214,-0.00639178,0,-0,-0.0676758,35,32,0,0,0,27.6599,0,0,0,-0.160287
2767,3.29892,0,0.00213059,0.0338379,0,0.111214,-0.0010653,0,-0,-0.0676758,35,32,0,0,0,27.6699,0,0,0,-0.160247
2768,3.29892,0,-0.00319589,0.0338379,0,0.111214,-0.00213059,0,-0,-0.0676758,35,32,0,0,0,27.6799,0,0,0,-0.160255
2769,3.29892,0,-0.00426119,-0.0563965,0,0.111214,-0.0255671,0,-0,-0.0676758,35,32,0,0,0,27.6899,0,0,0,-0.160243
2770,3.29892,0,-0.00745708,0,0,0.111214,0.0138489,0,-0,0.0225586,35,32,0,0,0,27.6999,0,0,0,-0.160289
2771,3.29892,0,-0.0149142,0.0451172,0,0.111214,-0.00426119,0,-0,-0.0676758,35,32,0,0,0,27.7099,0,0,0,-0.160261
2772,3.29892,0,-0.010653,-0.0225586,0,0.111214,0.00213059,0,-0,-0.0676758,35,32,0,0,0,27.7199,0,0,0,-0.160249
2773,3.29892,0,0.0159795,0.0451172,0,0.111214,-0.00852238,0,-0,-0.0676758,35,32,0,0,0,27.7299,0,0,0,-0.160266
2774,3.29892,0,0.0159795,0,0,0.111214,0.0234365,0,-0,0.0338379,35,32,0,0,0,27.7399,0,0,0,-0.160247
2775,3.29892,0,0.0319589,0.0225586,0,0.111214,-0.0213059,0,-0,0.0338379,35,32,0,0,0,27.7499,0,0,0,-0.16027
2776,3.29892,0,-0.0159795,0,0,0.111214,0.0191753,0,-0,0.0112793,35,32,0,0,0,27.7599,0,0,0,-0.160263
2777,3.29892,0,0.00426119,0,0,0.111214,-0.0223712,0,-0,0.0225586,35,32,0,0,0,27.7699,0,0,0,-0.160263
2778,3.29892,0,0.00532648,-0.0451172,0,0.111214,-0.00639178,0,-0,0.0338379,35,32,0,0,0,27.7799,0,0,0,-0.16024
2779,3.29892,0,-0.0362201,0,0,0.111214,-0.0117183,0,-0,0.0338379,35,32,0,0,0,27.7899,0,0,0,-0.160267
2780,3.29892,0,0.00319589,0,0,0.111214,0.0223712,0,-0,0.0225586,35,32,0,0,0,27.7999,0,0,0,-0.160259
2781,3.29892,0,0.00745708,-0.0563965,0,0.111214,-0.039416,0,-0,0.0225586,35,32,0,0,0,27.8099,0,0,0,-0.160264
2782,3.29892,0,-0.00319589,-0.0451172,0,0.111214,0.0159795,0,-0,0.0225586,35,32,0,0,0,27.8199,0,0,0,-0.160273
2783,3.29892,0,0.0127836,0,0,0.111214,-0.00852238,0,-0,0.0225586,35,32,0,0,0,27.8299,0,0,0,-0.160323
2784,3.29892,0,-0.0138489,-0.0563965,0,0.111214,0.0010653,0,-0,0.0112793,35,32,0,0,0,27.8399,0,0,0,-0.160258
2785,3.29892,0,0.0149142,0.0112793,0,0.111214,-0.0308936,0,-0,0.0112793,35,32,0,0,0,27.8499,0,0,0,-0.160255
2786,3.29892,0,0.00532648,0,0,0.111214,-0.010653,0,-0,0.0225586,35,32,0,0,0,27.8599,0,0,0,-0.160231
2787,3.29892,0,0.0245018,0,0,0.111214,-0.00852238,0,-0,0.0225586,35,32,0,0,0,27.8699,0,0,0,-0.160251
2788,3.29892,0,-0.00958767,-0.0451172,0,0.111214,0.00213059,0,-0,-0,35,32,0,0,0,27.8799,0,0,0,-0.160205
2789,3.29892,0,0.0127836,0,0,0.111214,-0.0010653,0,-0,0.0225586,35,32,0,0,0,27.8899,0,0,0,-0.160237
2790,3.29892,0,-0.0234365,-0.0563965,0,0.111214,0.00532648,0,-0,0.0225586,35,32,0,0,0,27.8999,0,0,0,-0.160219
2791,3.29892,0,0.00532648,0.0338379,0,0.111214,-0.0010653,0,-0,0.0225586,35,32,0,0,0,27.9099,0,0,0,-0.160212
2792,3.29892,0,0.0010653,0,0,0.111214,-0.00319589,0,-0,0.0225586,35,32,0,0,0,27.9199,0,0,0,-0.160193
2793,3.29892,0,-0.0127836,-0.0451172,0,0.111214,-0.0117183,0,-0,0.0225586,35,32,0,0,0,27.9299,0,0,0,-0.160217
2794,3.29892,0,0.00319589,-0.0563965,0,0.111214,-0.00639178,0,-0,-0.0676758,35,32,0,0,0,27.9399,0,0,0,-0.160201
2795,3.29892,0,0.0117183,0,0,0.111214,0.01811,0,-0,-0.0676758,35,32,0,0,0,27.9499,0,0,0,-0.160257
2796,3.29892,0,0.00639178,0,0,0.111214,0.00532648,0,-0,-0.0676758,35,32,0,0,0,27.9599,0,0,0,-0.160211
2797,3.29892,0,0.0298283,-0.0451172,0,0.111214,0.0223712,0,-0,-0.0676758,35,32,0,0,0,27.9699,0,0,0,-0.160265
2798,3.29892,0,-0.00745708,0,0,0.111214,4.56614e-19,0,-0,-0.0676758,35,32,0,0,0,27.9799,0,0,0,-0.160246
2799,3.29892,0,-0.00319589,0,0,0.111214,0.0149142,0,-0,-0.0676758,35,32,0,0,0,27.9899,0,0,0,-0.160247
2800,3.29892,0,0.00319589,0.0451172,0,0.111214,0.00639178,0,-0,-0.0676758,35,32,0,0,0,27.9999,0,0,0,-0.16025
2801,3.29892,0,-0.0127836,0.0225586,0,0.111214,0.00426119,0,-0,-0.0676758,35,32,0,0,0,28.0099,0,0,0,-0.160262
2802,3.29892,0,-0.0010653,0,0,0.111214,-0.00852238,0,-0,0.0338379,35,32,0,0,0,28.0199,0,0,0,-0.160237
2803,3.29892,0,0.00213059,0,0,0.111214,0.010653,0,-0,0.0338379,35,32,0,0,0,28.0299,0,0,0,-0.160291
2804,3.29892,0,0.00639178,0,0,0.111214,-0.0213059,0,-0,0.0225586,35,32,0,0,0,28.0399,0,0,0,-0.160248
2805,3.29892,0,0.0010653,-0.0338379,0,0.111214,0.0191753,0,-0,0.0112793,35,32,0,0,0,28.0499,0,0,0,-0.160287
2806,3.29892,0,-0.0138489,0.0338379,0,0.111214,-0.039416,0,-0,0.0225586,35,32,0,0,0,28.0599,0,0,0,-0.160286
2807,3.29892,0,-0.0127836,0,0,0.111214,0.0511343,0,-0,0.0225586,35,32,0,0,0,28.0699,0,0,0,-0.160293
2808,3.29892,0,0.0138489,0,0,0.111214,-0.0245018,0,-0,0.0112793,35,32,0,0,0,28.0799,0,0,0,-0.160264
2809,3.29892,0,-0.0170448,0,0,0.111214,0.0138489,0,-0,0.0338379,35,32,0,0,0,28.0899,0,0,0,-0.160265
2810,3.29892,0,0.0170448,0,0,0.111214,-0.0191753,0,-0,0.0112793,35,32,0,0,0,28.0999,0,0,0,-0.160302
2811,3.29892,0,0.0213059,0,0,0.111214,0.0117183,0,-0,0.0112793,35,32,0,0,0,28.1099,0,0,0,-0.160254
2812,3.29892,0,0.0010653,0,0,0.111214,-0.0170448,0,-0,0.0112793,35,32,0,0,0,28.1199,0,0,0,-0.1603
2813,3.29892,0,0.00958767,0,0,0.111214,0.00958767,0,-0,0.0338379,35,32,0,0,0,28.1299,0,0,0,-0.160263
2814,3.29892,0,0.0010653,0.0225586,0,0.111214,-0.0202406,0,-0,0.0225586,35,32,0,0,0,28.1399,0,0,0,-0.160311
2815,3.29892,0,0.00426119,0.0338379,0,0.111214,0.00745708,0,-0,0.0225586,35,32,0,0,0,28.1499,0,0,0,-0.160297
2816,3.29892,0,-0.00319589,0,0,0.111214,0.0010653,0,-0,0.0112793,35,32,0,0,0,28.1599,0,0,0,-0.160325
2817,3.29892,0,0.0127836,0,0,0.111214,0.00958767,0,-0,0.0338379,35,32,0,0,0,28.1699,0,0,0,-0.160294
2818,3.29892,0,-0.00532648,-0.0451172,0,0.111214,0.00745708,0,-0,0.0338379,35,32,0,0,0,28.1799,0,0,0,-0.16031
2819,3.29892,0,0.00532648,-0.0563965,0,0.111214,0.00745708,0,-0,0.0112793,35,32,0,0,0,28.1899,0,0,0,-0.160272
2820,3.29892,0,-0.01811,0.0225586,0,0.111214,-0.0213059,0,-0,0.0112793,35,32,0,0,0,28.1999,0,0,0,-0.160298
2821,3.29892,0,0.00319589,-0.0338379,0,0.111214,-0.00958767,0,-0,0.0225586,35,32,0,0,0,28.2099,0,0,0,-0.160266
2822,3.29892,0,-0.00319589,-0.0338379,0,0.111214,0.0010653,0,-0,-0.0676758,35,32,0,0,0,28.2199,0,0,0,-0.160254
2823,3.29892,0,0.00213059,0.0451172,0,0.111214,-0.0245018,0,-0,-0.0676758,35,32,0,0,0,28.2299,0,0,0,-0.160229
2824,3.29892,0,1.30461e-18,0,0,0.111214,0.0213059,0,-0,0.0225586,35,32,0,0,0,28.2399,0,0,0,-0.160297
2825,3.29892,0,-0.00426119,0.0451172,0,0.111214,-0.00213059,0,-0,-0.0676758,35,32,0,0,0,28.2499,0,0,0,-0.160285
2826,3.29892,0,0.0010653,0.0338379,0,0.111214,0.0319589,0,-0,0.0225586,35,32,0,0,0,28.2599,0,0,0,-0.160313
2827,3.29892,0,-0.0010653,0.0451172,0,0.111214,-0.00319589,0,-0,-0.0676758,35,32,0,0,0,28.2699,0,0,0,-0.160316
2828,3.29892,0,0.00319589,0.0451172,0,0.111214,-0.0149142,0,-0,-0.0676758,35,32,0,0,0,28.2799,0,0,0,-0.160308
2829,3.29892,0,0.010653,0,0,0.111214,-0.0159795,0,-0,-0.0676758,35,32,0,0,0,28.2899,0,0,0,-0.160292
2830,3.29892,0,-0.00639178,0,0,0.111214,-0.0010653,0,-0,-0.0676758,35,32,0,0,0,28.2999,0,0,0,-0.16029
2831,3.29892,0,0.0159795,0.0225586,0,0.111214,-0.0127836,0,-0,0.0112793,35,32,0,0,0,28.3099,0,0,0,-0.160289
2832,3.29892,0,-0.0117183,0.0338379,0,0.111214,0.0149142,0,-0,0.0338379,35,32,0,0,0,28.3199,0,0,0,-0.160267
2833,3.29892,0,0.0010653,0.0225586,0,0.111214,0.00745708,0,-0,0.0338379,35,32,0,0,0,28.3299,0,0,0,-0.16029
2834,3.29892,0,-0.00213059,0,0,0.111214,0.00745708,0,-0,0.0338379,35,32,0,0,0,28.3399,0,0,0,-0.160301
2835,3.29892,0,-0.0127836,0,0,0.111214,-0.0319589,0,-0,0.0338379,35,32,0,0,0,28.3499,0,0,0,-0.160295
2836,3.29892,0,-0.0010653,0,0,0.111214,0.0117183,0,-0,0.0338379,35,32,0,0,0,28.3599,0,0,0,-0.160312
2837,3.29892,0,-0.010653,0,0,0.111214,-0.0234365,0,-0,0.0225586,35,32,0,0,0,28.3699,0,0,0,-0.16029
2838,3.29892,0,0.00319589,0,0,0.111214,0.010653,0,-0,-0,35,32,0,0,0,28.3799,0,0,0,-0.160306
2839,3.29892,0,0.0149142,0,0,0.111214,-0.0149142,0,-0,-0,35,32,0,0,0,28.3899,0,0,0,-0.16032
2840,3.29892,0,-0.00958767,0.0451172,0,0.111214,0.0191753,0,-0,0.0338379,35,32,0,0,0,28.3999,0,0,0,-0.160319
2841,3.29892,0,-1.63077e-18,-0.0563965,0,0.111214,-0.0266324,0,-0,0.0225586,35,32,0,0,0,28.4099,0,0,0,-0.160308
2842,3.29892,0,0.00745708,0,0,0.111214,0.00426119,0,-0,0.0112793,35,32,0,0,0,28.4199,0,0,0,-0.160288
2843,3.29892,0,0.00958767,0,0,0.111214,-0.0159795,0,-0,0.0112793,35,32,0,0,0,28.4299,0,0,0,-0.160314
2844,3.29892,0,0.0234365,0,0,0.111214,0.0223712,0,-0,0.0112793,35,32,0,0,0,28.4399,0,0,0,-0.16028
2845,3.29892,0,-0.00852238,0,0,0.111214,0.00213059,0,-0,0.0225586,35,32,0,0,0,28.4499,0,0,0,-0.160331
2846,3.29892,0,-0.0149142,-0.0451172,0,0.111214,0.0117183,0,-0,0.0225586,35,32,0,0,0,28.4599,0,0,0,-0.160276
2847,3.29892,0,-0.00958767,0,0,0.111214,-0.00532648,0,-0,0.0112793,35,32,0,0,0,28.4699,0,0,0,-0.160344
2848,3.29892,0,-0.00319589,-0.0563965,0,0.111214,-0.0159795,0,-0,0.0112793,35,32,0,0,0,28.4799,0,0,0,-0.160301
2849,3.29892,0,0.0127836,0.0338379,0,0.111214,-0.0202406,0,-0,0.0112793,35,32,0,0,0,28.4899,0,0,0,-0.160329
2850,3.29892,0,-0.0117183,0.0451172,0,0.111214,-0.010653,0,-0,0.0112793,35,32,0,0,0,28.4999,0,0,0,-0.160265
2851,3.29892,0,0.00426119,-0.0451172,0,0.111214,0.00213059,0,-0,0.0112793,35,32,0,0,0,28.5099,0,0,0,-0.160321
2852,3.29892,0,0.00319589,-0.0451172,0,0.111214,-0.00426119,0,-0,-0.0676758,35,32,0,0,0,28.5199,0,0,0,-0.160301
2853,3.29892,0,0.00319589,-0.0451172,0,0.111214,0.0159795,0,-0,-0.0676758,35,32,0,0,0,28.5299,0,0,0,-0.160322
2854,3.29892,0,-0.0213059,0.0338379,0,0.111214,-0.00745708,0,-0,-0.0676758,35,32,0,0,0,28.5399,0,0,0,-0.160334
2855,3.29892,0,-0.00426119,0.0451172,0,0.111214,-0.00213059,0,-0,-0.0676758,35,32,0,0,0,28.5499,0,0,0,-0.160355
2856,3.29892,0,0.0010653,0.0338379,0,0.111214,-0.0223712,0,-0,0.0112793,35,32,0,0,0,28.5599,0,0,0,-0.160331
2857,3.29892,0,0.00213059,-0.0451172,0,0.111214,-0.00532648,0,-0,-0.0676758,35,32,0,0,0,28.5699,0,0,0,-0.160369
2858,3.29892,0,-0.0010653,0.0338379,0,0.111214,-0.00958767,0,-0,-0.0676758,35,32,0,0,0,28.5799,0,0,0,-0.160355
2859,3.29892,0,0.0127836,0,0,0.111214,0.0234365,0,-0,-0.0676758,35,32,0,0,0,28.5899,0,0,0,-0.160383
2860,3.29892,0,0.00958767,0,0,0.111214,-0.0159795,0,-0,-0.0676758,35,32,0,0,0,28.5999,0,0,0,-0.160364
2861,3.29892,0,-0.0010653,0,0,0.111214,-0.00639178,0,-0,0.0225586,35,32,0,0,0,28.6099,0,0,0,-0.160306
2862,3.29892,0,0.00745708,0,0,0.111214,-0.0010653,0,-0,0.0338379,35,32,0,0,0,28.6199,0,0,0,-0.160311
2863,3.29892,0,0.0234365,0,0,0.111214,-0.01811,0,-0,0.0338379,35,32,0,0,0,28.6299,0,0,0,-0.160254
2864,3.29892,0,0.00852238,0.0451172,0,0.111214,0.0117183,0,-0,0.0338379,35,32,0,0,0,28.6399,0,0,0,-0.1603
2865,3.29892,0,0.00532648,0.0225586,0,0.111214,0.00532648,0,-0,0.0338379,35,32,0,0,0,28.6499,0,0,0,-0.160266
2866,3.29892,0,-0.0010653,0,0,0.111214,-0.0223712,0,-0,0.0112793,35,32,0,0,0,28.6599,0,0,0,-0.160231
2867,3.29892,0,-0.00958767,0.0225586,0,0.111214,0.0159795,0,-0,0.0225586,35,32,0,0,0,28.6699,0,0,0,-0.160211
2868,3.29892,0,0.0170448,0,0,0.111214,-0.00852238,0,-0,-0.0676758,35,32,0,0,0,28.6799,0,0,0,-0.16024
2869,3.29892,0,-0.00852238,0,0,0.111214,0.0127836,0,-0,0.0225586,35,32,0,0,0,28.6899,0,0,0,-0.160231
2870,3.29892,0,-0.0170448,0,0,0.111214,-0.0213059,0,-0,-0,35,32,0,0,0,28.6999,0,0,0,-0.160254
2871,3.29892,0,0.0234365,0,0,0.111214,0.00426119,0,-0,-0,35,32,0,0,0,28.7099,0,0,0,-0.160205
2872,3.29892,0,-0.00958767,-0.0451172,0,0.111214,0.00852238,0,-0,0.0112793,35,32,0,0,0,28.7199,0,0,0,-0.160237
2873,3.29892,0,0.0159795,0,0,0.111214,0.0298283,0,-0,0.0338379,35,32,0,0,0,28.7299,0,0,0,-0.160202
2874,3.29892,0,-0.00532648,0.0338379,0,0.111214,-0.00319589,0,-0,0.0225586,35,32,0,0,0,28.7399,0,0,0,-0.160202
2875,3.29892,0,0.0159795,0,0,0.111214,-0.0010653,0,-0,0.0225586,35,32,0,0,0,28.7499,0,0,0,-0.160208
2876,3.29892,0,0.0117183,-0.0338379,0,0.111214,-0.0149142,0,-0,0.0112793,35,32,0,0,0,28.7599,0,0,0,-0.160183
2877,3.29892,0,0.010653,-0.0563965,0,0.111214,-0.00213059,0,-0,-0.0676758,35,32,0,0,0,28.7699,0,0,0,-0.160173
2878,3.29892,0,0.00852238,-0.0451172,0,0.111214,0.00852238,0,-0,0.0225586,35,32,0,0,0,28.7799,0,0,0,-0.160195
2879,3.29892,0,0.00745708,-0.0451172,0,0.111214,0.00745708,0,-0,0.0225586,35,32,0,0,0,28.7899,0,0,0,-0.160163
2880,3.29892,0,0.0191753,-0.0451172,0,0.111214,0.0159795,0,-0,0.0112793,35,32,0,0,0,28.7999,0,0,0,-0.160172
2881,3.29892,0,1.30461e-19,-0.0563965,0,0.111214,0.00213059,0,-0,-0.0676758,35,32,0,0,0,28.8099,0,0,0,-0.160143
2882,3.29892,0,-0.00426119,-0.0451172,0,0.111214,-0.028763,0,-0,-0.0676758,35,32,0,0,0,28.8199,0,0,0,-0.16016
2883,3.29892,0,0.00319589,0.0338379,0,0.111214,-1.95692e-19,0,-0,0.0225586,35,32,0,0,0,28.8299,0,0,0,-0.160166
2884,3.29892,0,0.00639178,0.0338379,0,0.111214,0.0234365,0,-0,-0.0676758,35,32,0,0,0,28.8399,0,0,0,-0.160153
2885,3.29892,0,-0.0170448,-0.0338379,0,0.111214,-0.0117183,0,-0,-0.0676758,35,32,0,0,0,28.8499,0,0,0,-0.160165
2886,3.29892,0,0.00639178,0.0225586,0,0.111214,0.0117183,0,-0,0.0225586,35,32,0,0,0,28.8599,0,0,0,-0.160158
2887,3.29892,0,0.00745708,0,0,0.111214,-0.00639178,0,-0,-0.0676758,35,32,0,0,0,28.8699,0,0,0,-0.160166
2888,3.29892,0,-0.00639178,0.0451172,0,0.111214,0.0255671,0,-0,-0.0676758,35,32,0,0,0,28.8799,0,0,0,-0.160192
2889,3.29892,0,-0.00319589,0.0338379,0,0.111214,-0.0170448,0,-0,-0.0676758,35,32,0,0,0,28.8899,0,0,0,-0.160175
2890,3.29892,0,-0.010653,0,0,0.111214,0.0117183,0,-0,-0.0676758,35,32,0,0,0,28.8999,0,0,0,-0.160188
2891,3.29892,0,-0.0010653,0,0,0.111214,-0.0159795,0,-0,0.0225586,35,32,0,0,0,28.9099,0,0,0,-0.160192
2892,3.29892,0,0.0010653,0,0,0.111214,-6.52306e-20,0,-0,0.0225586,35,32,0,0,0,28.9199,0,0,0,-0.160187
2893,3.29892,0,0.0213059,0,0,0.111214,-0.00319589,0,-0,0.0112793,35,32,0,0,0,28.9299,0,0,0,-0.160208
2894,3.29892,0,0.00426119,0,0,0.111214,0.00958767,0,-0,0.0338379,35,32,0,0,0,28.9399,0,0,0,-0.160184
2895,3.29892,0,-0.0138489,0,0,0.111214,-0.00532648,0,-0,0.0225586,35,32,0,0,0,28.9499,0,0,0,-0.160222
2896,3.29892,0,-0.010653,0,0,0.111214,0.00639178,0,-0,0.0451172,35,32,0,0,0,28.9599,0,0,0,-0.160201
2897,3.29892,0,0.0010653,0,0,0.111214,0.00639178,0,-0,0.0338379,35,32,0,0,0,28.9699,0,0,0,-0.160217
2898,3.29892,0,-0.0010653,0.0338379,0,0.111214,0.0149142,0,-0,0.0338379,35,32,0,0,0,28.9799,0,0,0,-0.160186
2899,3.29892,0,-0.0383507,0,0,0.111214,0.0117183,0,-0,0.0338379,35,32,0,0,0,28.9899,0,0,0,-0.160208
2900,3.29892,0,0.0170448,0,0,0.111214,0.00745708,0,-0,0.0225586,35,32,0,0,0,28.9999,0,0,0,-0.160158
2901,3.29892,0,0.00426119,0,0,0.111214,-0.010653,0,-0,0.0112793,35,32,0,0,0,29.0099,0,0,0,-0.160207
2902,3.29892,0,-0.0149142,0.0225586,0,0.111214,0.0138489,0,-0,0.0225586,35,32,0,0,0,29.0199,0,0,0,-0.160136
2903,3.29892,0,0.010653,0.0225586,0,0.111214,0.00852238,0,-0,0.0225586,35,32,0,0,0,29.0299,0,0,0,-0.160197
2904,3.29892,0,0.00426119,-0.0451172,0,0.111214,0.00426119,0,-0,0.0225586,35,32,0,0,0,29.0399,0,0,0,-0.160143
2905,3.29892,0,-0.0138489,-0.0563965,0,0.111214,-0.010653,0,-0,0.0225586,35,32,0,0,0,29.0499,0,0,0,-0.160189
2906,3.29892,0,0.00532648,-0.0451172,0,0.111214,-0.00319589,0,-0,0.0112793,35,32,0,0,0,29.0599,0,0,0,-0.160161
2907,3.29892,0,-0.0149142,0,0,0.111214,0.00958767,0,-0,-0,35,32,0,0,0,29.0699,0,0,0,-0.160193
2908,3.29892,0,0.0127836,-0.0451172,0,0.111214,-0.00639178,0,-0,0.0112793,35,32,0,0,0,29.0799,0,0,0,-0.160171
2909,3.29892,0,0.00745708,-0.0451172,0,0.111214,-0.0010653,0,-0,0.0112793,35,32,0,0,0,29.0899,0,0,0,-0.160205
2910,3.29892,0,0.010653,-0.0451172,0,0.111214,0.0191753,0,-0,-0,35,32,0,0,0,29.0999,0,0,0,-0.16021
2911,3.29892,0,0.0159795,0.0451172,0,0.111214,0.0266324,0,-0,0.0112793,35,32,0,0,0,29.1099,0,0,0,-0.160227
2912,3.29892,0,-0.010653,-0.0451172,0,0.111214,-0.0149142,0,-0,0.0225586,35,32,0,0,0,29.1199,0,0,0,-0.160178
2913,3.29892,0,0.00639178,0.0338379,0,0.111214,0.0340895,0,-0,0.0225586,35,32,0,0,0,29.1299,0,0,0,-0.160209
2914,3.29892,0,0.010653,0.0338379,0,0.111214,0.0010653,0,-0,-0.0676758,35,32,0,0,0,29.1399,0,0,0,-0.160195
2915,3.29892,0,0.00319589,0.0451172,0,0.111214,0.0298283,0,-0,-0.0676758,35,32,0,0,0,29.1499,0,0,0,-0.160196
2916,3.29892,0,0.00639178,0,0,0.111214,-0.0234365,0,-0,-0.0676758,35,32,0,0,0,29.1599,0,0,0,-0.160235
2917,3.29892,0,-0.00319589,-0.0451172,0,0.111214,0.010653,0,-0,-0.0676758,35,32,0,0,0,29.1699,0,0,0,-0.160244
2918,3.29892,0,0.010653,0.0338379,0,0.111214,-0.00852238,0,-0,-0.0676758,35,32,0,0,0,29.1799,0,0,0,-0.160254
2919,3.29892,0,0.01811,0.0451172,0,0.111214,0.00639178,0,-0,-0.0676758,35,32,0,0,0,29.1899,0,0,0,-0.160227
2920,3.29892,0,0.00426119,0.0451172,0,0.111214,-0.0202406,0,-0,-0.0676758,35,32,0,0,0,29.1999,0,0,0,-0.160275
2921,3.29892,0,-0.00958767,-0.0451172,0,0.111214,0.0266324,0,-0,-0.0676758,35,32,0,0,0,29.2099,0,0,0,-0.160257
2922,3.29892,0,-0.0170448,0.0338379,0,0.111214,-0.00213059,0,-0,-0.0676758,35,32,0,0,0,29.2199,0,0,0,-0.160288
2923,3.29892,0,0.010653,0.0338379,0,0.111214,0.00639178,0,-0,0.0451172,35,32,0,0,0,29.2299,0,0,0,-0.160259
2924,3.29892,0,-0.00213059,0.0338379,0,0.111214,-0.0245018,0,-0,0.0338379,35,32,0,0,0,29.2399,0,0,0,-0.160291
2925,3.29892,0,-0.00532648,0,0,0.111214,0.00745708,0,-0,0.0338379,35,32,0,0,0,29.2499,0,0,0,-0.160288
2926,3.29892,0,-0.00213059,0,0,0.111214,-0.00213059,0,-0,0.0338379,35,32,0,0,0,29.2599,0,0,0,-0.160307
2927,3.29892,0,-0.00852238,0,0,0.111214,0.0234365,0,-0,0.0338379,35,32,0,0,0,29.2699,0,0,0,-0.160335
2928,3.29892,0,-0.00426119,0,0,0.111214,0.00745708,0,-0,0.0112793,35,32,0,0,0,29.2799,0,0,0,-0.160318
2929,3.29892,0,-0.0010653,0,0,0.111214,0.00639178,0,-0,0.0225586,35,32,0,0,0,29.2899,0,0,0,-0.160312
2930,3.29892,0,0.00745708,0,0,0.111214,-0.0010653,0,-0,0.0225586,35,32,0,0,0,29.2999,0,0,0,-0.160344
2931,3.29892,0,-0.0127836,0,0,0.111214,0.00958767,0,-0,0.0225586,35,32,0,0,0,29.3099,0,0,0,-0.160311
2932,3.29892,0,-0.0138489,0,0,0.111214,0.0255671,0,-0,0.0225586,35,32,0,0,0,29.3199,0,0,0,-0.160343
2933,3.29892,0,0.00319589,0,0,0.111214,-0.00958767,0,-0,0.0112793,35,32,0,0,0,29.3299,0,0,0,-0.160275
2934,3.29892,0,0.0149142,0,0,0.111214,-0.0010653,0,-0,0.0225586,35,32,0,0,0,29.3399,0,0,0,-0.16031
2935,3.29892,0,-0.0010653,-0.0563965,0,0.111214,-0.01811,0,-0,0.0225586,35,32,0,0,0,29.3499,0,0,0,-0.160284
2936,3.29892,0,0.00639178,-0.0451172,0,0.111214,0.0117183,0,-0,0.0225586,35,32,0,0,0,29.3599,0,0,0,-0.160324
2937,3.29892,0,0.00852238,-0.0563965,0,0.111214,0.00852238,0,-0,0.0225586,35,32,0,0,0,29.3699,0,0,0,-0.160322
2938,3.29892,0,0.0276977,-0.0563965,0,0.111214,0.0351548,0,-0,-0.0338379,35,32,0,0,0,29.3799,0,0,0,-0.160299
2939,3.29892,0,-0.0010653,0,0,0.111214,0.00852238,0,-0,0.0225586,35,32,0,0,0,29.3899,0,0,0,-0.160267
2940,3.29892,0,-0.0191753,0.0451172,0,0.111214,-0.0223712,0,-0,0.0112793,35,32,0,0,0,29.3999,0,0,0,-0.160277
2941,3.29892,0,-0.0117183,0.0225586,0,0.111214,-0.010653,0,-0,0.0225586,35,32,0,0,0,29.4099,0,0,0,-0.160279
2942,3.29892,0,0.00532648,0.0338379,0,0.111214,0.01811,0,-0,0.0112793,35,32,0,0,0,29.4199,0,0,0,-0.160309
2943,3.29892,0,0.00639178,-0.0451172,0,0.111214,-0.00532648,0,-0,0.0225586,35,32,0,0,0,29.4299,0,0,0,-0.160285
2944,3.29892,0,0.00852238,-0.0563965,0,0.111214,0.00319589,0,-0,-0.0676758,35,32,0,0,0,29.4399,0,0,0,-0.160275
2945,3.29892,0,0.0138489,0.0451172,0,0.111214,-0.00852238,0,-0,0.0338379,35,32,0,0,0,29.4499,0,0,0,-0.160255
2946,3.29892,0,-0.0117183,0.0451172,0,0.111214,0.0127836,0,-0,-0.0676758,35,32,0,0,0,29.4599,0,0,0,-0.160267
2947,3.29892,0,0.00426119,0.0338379,0,0.111214,-0.0404813,0,-0,-0.0676758,35,32,0,0,0,29.4699,0,0,0,-0.160257
2948,3.29892,0,-0.00639178,0,0,0.111214,-0.00532648,0,-0,-0.0676758,35,32,0,0,0,29.4799,0,0,0,-0.16025
2949,3.29892,0,-0.0191753,0.0338379,0,0.111214,-0.00745708,0,-0,-0.0451172,35,32,0,0,0,29.4899,0,0,0,-0.160279
2950,3.29892,0,-0.00532648,0,0,0.111214,0.00639178,0,-0,-0.0676758,35,32,0,0,0,29.4999,0,0,0,-0.160254
2951,3.29892,0,0.00745708,0.0225586,0,0.111214,-0.0213059,0,-0,0.0225586,35,32,0,0,0,29.5099,0,0,0,-0.160272
2952,3.29892,0,-0.00532648,0.0338379,0,0.111214,-0.00639178,0,-0,0.0338379,35,32,0,0,0,29.5199,0,0,0,-0.160266
2953,3.29892,0,-0.00426119,0,0,0.111214,-0.0245018,0,-0,-0,35,32,0,0,0,29.5299,0,0,0,-0.16027
2954,3.29892,0,1.10892e-18,0,0,0.111214,0.01811,0,-0,0.0112793,35,32,0,0,0,29.5399,0,0,0,-0.160249
2955,3.29892,0,-0.00745708,0,0,0.111214,-0.0138489,0,-0,-0,35,32,0,0,0,29.5499,0,0,0,-0.160291
2956,3.29892,0,0.0010653,0.0225586,0,0.111214,0.010653,0,-0,0.0225586,35,32,0,0,0,29.5599,0,0,0,-0.160264
2957,3.29892,0,0.00639178,-0.0451172,0,0.111214,-0.0266324,0,-0,0.0338379,35,32,0,0,0,29.5699,0,0,0,-0.16029
2958,3.29892,0,-7.82767e-19,0.0338379,0,0.111214,-0.0127836,0,-0,0.0338379,35,32,0,0,0,29.5799,0,0,0,-0.160221
2959,3.29892,0,-0.010653,0,0,0.111214,-0.00745708,0,-0,0.0225586,35,32,0,0,0,29.5899,0,0,0,-0.160261
2960,3.29892,0,-0.00532648,-0.0112793,0,0.111214,0.00532648,0,-0,0.0338379,35,32,0,0,0,29.5999,0,0,0,-0.160227
2961,3.29892,0,-0.00852238,0,0,0.111214,-0.0117183,0,-0,0.0225586,35,32,0,0,0,29.6099,0,0,0,-0.160238
2962,3.29892,0,-0.0202406,0.0225586,0,0.111214,-0.0234365,0,-0,0.0225586,35,32,0,0,0,29.6199,0,0,0,-0.160199
2963,3.29892,0,0.0149142,0,0,0.111214,-0.00319589,0,-0,0.0225586,35,32,0,0,0,29.6299,0,0,0,-0.160219
2964,3.29892,0,0.00426119,-0.0338379,0,0.111214,0.00319589,0,-0,0.0112793,35,32,0,0,0,29.6399,0,0,0,-0.160187
2965,3.29892,0,0.0138489,0,0,0.111214,0.010653,0,-0,0.0338379,35,32,0,0,0,29.6499,0,0,0,-0.160211
2966,3.29892,0,0.00426119,0.0338379,0,0.111214,-0.0245018,0,-0,0.0225586,35,32,0,0,0,29.6599,0,0,0,-0.160194
2967,3.29892,0,8.47998e-19,0.0451172,0,0.111214,0.0138489,0,-0,-0,35,32,0,0,0,29.6699,0,0,0,-0.160235
2968,3.29892,0,0.00958767,-0.0563965,0,0.111214,-0.00639178,0,-0,0.0112793,35,32,0,0,0,29.6799,0,0,0,-0.160228
2969,3.29892,0,-0.0159795,-0.0451172,0,0.111214,-0.0010653,0,-0,-0,35,32,0,0,0,29.6899,0,0,0,-0.160231
2970,3.29892,0,-0.00426119,-0.0563965,0,0.111214,-0.00958767,0,-0,0.0112793,35,32,0,0,0,29.6999,0,0,0,-0.160211
2971,3.29892,0,1.36984e-18,-0.0225586,0,0.111214,0.0223712,0,-0,0.0225586,35,32,0,0,0,29.7099,0,0,0,-0.160229
2972,3.29892,0,-2.47876e-18,-0.0563965,0,0.111214,-0.0404813,0,-0,0.0225586,35,32,0,0,0,29.7199,0,0,0,-0.160246
2973,3.29892,0,-0.0127836,0.0451172,0,0.111214,0.0223712,0,-0,-0.0676758,35,32,0,0,0,29.7299,0,0,0,-0.160234
2974,3.29892,0,-0.0159795,-0.0451172,0,0.111214,-0.0202406,0,-0,-0.0676758,35,32,0,0,0,29.7399,0,0,0,-0.160254
2975,3.29892,0,-0.00852238,0,0,0.111214,0.0351548,0,-0,-0.0676758,35,32,0,0,0,29.7499,0,0,0,-0.160255
2976,3.29892,0,0.00213059,0.0225586,0,0.111214,-0.0149142,0,-0,-0.0676758,35,32,0,0,0,29.7599,0,0,0,-0.160262
2977,3.29892,0,0.00426119,0.0338379,0,0.111214,0.00319589,0,-0,-0.0676758,35,32,0,0,0,29.7699,0,0,0,-0.160248
2978,3.29892,0,-0.00532648,0.0338379,0,0.111214,0.00852238,0,-0,-0.0676758,35,32,0,0,0,29.7799,0,0,0,-0.160285
2979,3.29892,0,-0.0127836,0.0338379,0,0.111214,-0.00958767,0,-0,-0.0676758,35,32,0,0,0,29.7899,0,0,0,-0.160269
2980,3.29892,0,0.00319589,0.0451172,0,0.111214,-0.00639178,0,-0,-0.0676758,35,32,0,0,0,29.7999,0,0,0,-0.160309
2981,3.29892,0,-0.01811,0.0451172,0,0.111214,0.00319589,0,-0,0.0338379,35,32,0,0,0,29.8099,0,0,0,-0.160232
2982,3.29892,0,0.0276977,0.0451172,0,0.111214,-0.0234365,0,-0,0.0112793,35,32,0,0,0,29.8199,0,0,0,-0.160253
2983,3.29892,0,-0.0127836,0,0,0.111214,0.010653,0,-0,0.0338379,35,32,0,0,0,29.8299,0,0,0,-0.160241
2984,3.29892,0,-0.0117183,0,0,0.111214,-0.0127836,0,-0,0.0338379,35,32,0,0,0,29.8399,0,0,0,-0.160262
2985,3.29892,0,-0.0149142,0,0,0.111214,0.00639178,0,-0,0.0338379,35,32,0,0,0,29.8499,0,0,0,-0.160245
2986,3.29892,0,-0.0191753,0,0,0.111214,-0.00639178,0,-0,0.0225586,35,32,0,0,0,29.8599,0,0,0,-0.160274
2987,3.29892,0,0.0213059,0,0,0.111214,0.00852238,0,-0,0.0225586,35,32,0,0,0,29.8699,0,0,0,-0.160262
2988,3.29892,0,-0.00426119,0,0,0.111214,0.0117183,0,-0,0.0112793,35,32,0,0,0,29.8799,0,0,0,-0.160279
2989,3.29892,0,0.0149142,0,0,0.111214,-0.00639178,0,-0,0.0225586,35,32,0,0,0,29.8899,0,0,0,-0.160277
2990,3.29892,0,0.00745708,0,0,0.111214,0.00958767,0,-0,0.0225586,35,32,0,0,0,29.8999,0,0,0,-0.160268
2991,3.29892,0,0.01811,0,0,0.111214,-0.00213059,0,-0,-0,35,32,0,0,0,29.9099,0,0,0,-0.160222
2992,3.29892,0,-0.0127836,-0.0563965,0,0.111214,0.0149142,0,-0,0.0112793,35,32,0,0,0,29.9199,0,0,0,-0.160218
2993,3.29892,0,-0.00532648,0,0,0.111214,-0.01811,0,-0,0.0112793,35,32,0,0,0,29.9299,0,0,0,-0.160215
2994,3.29892,0,-0.00639178,0,0,0.111214,0.00745708,0,-0,0.0112793,35,32,0,0,0,29.9399,0,0,0,-0.160225
2995,3.29892,0,0.00426119,0,0,0.111214,-0.0117183,0,-0,0.0338379,35,32,0,0,0,29.9499,0,0,0,-0.160226
2996,3.29892,0,0.0213059,-0.0563965,0,0.111214,0.0340895,0,-0,0.0225586,35,32,0,0,0,29.9599,0,0,0,-0.160272
2997,3.29892,0,0.00532648,-0.0563965,0,0.111214,-0.0479384,0,-0,0.0225586,35,32,0,0,0,29.9699,0,0,0,-0.160284
2998,3.29892,0,0.00426119,0,0,0.111214,0.0191753,0,-0,0.0225586,35,32,0,0,0,29.9799,0,0,0,-0.160308
2999,3.29892,0,0.0234365,-0.0451172,0,0.111214,-0.0255671,0,-0,0.0225586,35,32,0,0,0,29.9899,0,0,0,-0.160302
3000,3.29892,0,0.00532648,-0.0451172,0,0.111214,0.00532648,0,-0,-0.0676758,35,32,0,0,0,29.9999,0,0,0,-0.160282
3001,3.29892,0,-0.0213059,0.0338379,0,0.111214,-0.01811,0,-0,-0.0676758,35,32,0,0,0,30.0099,0,0,0,-0.160272
3002,3.29892,0,0.00213059,0.0451172,0,0.111214,-0.00745708,0,-0,0.0112793,35,32,0,0,0,30.0199,0,0,0,-0.160226
3003,3.29892,0,0.00319589,-0.0338379,0,0.111214,-0.0223712,0,-0,0.0112793,35,32,0,0,0,30.0299,0,0,0,-0.160249
3004,3.29892,0,-0.00852238,-0.0338379,0,0.111214,0.0191753,0,-0,0.0112793,35,32,0,0,0,30.0399,0,0,0,-0.160237
3005,3.29892,0,0.00639178,-0.0451172,0,0.111214,-0.0223712,0,-0,0.0225586,35,32,0,0,0,30.0499,0,0,0,-0.160267
3006,3.29892,0,0.00532648,-0.0451172,0,0.111214,-0.0255671,0,-0,-0.0676758,35,32,0,0,0,30.0599,0,0,0,-0.160226
3007,3.29892,0,0.0117183,0.0338379,0,0.111214,0.00852238,0,-0,-0.0676758,35,32,0,0,0,30.0699,0,0,0,-0.160259
3008,3.29892,0,-0.028763,0.0451172,0,0.111214,-0.00745708,0,-0,-0.0676758,35,32,0,0,0,30.0799,0,0,0,-0.160253
3009,3.29892,0,-0.0149142,-0.0451172,0,0.111214,-0.0117183,0,-0,-0.0676758,35,32,0,0,0,30.0899,0,0,0,-0.160276
3010,3.29892,0,-0.0127836,0.0338379,0,0.111214,-0.00958767,0,-0,-0.0676758,35,32,0,0,0,30.0999,0,0,0,-0.160257
3011,3.29892,0,-0.00852238,0,0,0.111214,0.0117183,0,-0,0.0225586,35,32,0,0,0,30.1099,0,0,0,-0.160305
3012,3.29892,0,-0.0191753,0,0,0.111214,-0.00745708,0,-0,-0.0676758,35,32,0,0,0,30.1199,0,0,0,-0.160273
3013,3.29892,0,0.00958767,0.0225586,0,0.111214,0.0191753,0,-0,0.0225586,35,32,0,0,0,30.1299,0,0,0,-0.160313
3014,3.29892,0,-0.00532648,0.0451172,0,0.111214,-0.00745708,0,-0,0.0225586,35,32,0,0,0,30.1399,0,0,0,-0.160293
3015,3.29892,0,-0.00319589,0,0,0.111214,0.0159795,0,-0,0.0225586,35,32,0,0,0,30.1499,0,0,0,-0.160294
3016,3.29892,0,0.00639178,0,0,0.111214,-0.00426119,0,-0,0.0338379,35,32,0,0,0,30.1599,0,0,0,-0.160278
3017,3.29892,0,-0.0117183,0.0451172,0,0.111214,0.0159795,0,-0,0.0225586,35,32,0,0,0,30.1699,0,0,0,-0.160321
3018,3.29892,0,-4.56614e-19,0,0,0.111214,-0.00745708,0,-0,0.0225586,35,32,0,0,0,30.1799,0,0,0,-0.160303
3019,3.29892,0,0.0159795,0,0,0.111214,0.028763,0,-0,0.0338379,35,32,0,0,0,30.1899,0,0,0,-0.160335
3020,3.29892,0,0.00426119,0,0,0.111214,0.0010653,0,-0,0.0112793,35,32,0,0,0,30.1999,0,0,0,-0.160334
3021,3.29892,0,0.0149142,0,0,0.111214,0.0234365,0,-0,0.0338379,35,32,0,0,0,30.2099,0,0,0,-0.160311
3022,3.29892,0,0.00426119,0,0,0.111214,-0.0010653,0,-0,0.0112793,35,32,0,0,0,30.2199,0,0,0,-0.160345
3023,3.29892,0,3.91384e-19,0,0,0.111214,0.00639178,0,-0,0.0225586,35,32,0,0,0,30.2299,0,0,0,-0.160313
3024,3.29892,0,-0.00426119,0,0,0.111214,-0.0245018,0,-0,0.0112793,35,32,0,0,0,30.2399,0,0,0,-0.160332
3025,3.29892,0,-0.00639178,0,0,0.111214,0.0010653,0,-0,0.0112793,35,32,0,0,0,30.2499,0,0,0,-0.160271
3026,3.29892,0,0.0127836,0.0451172,0,0.111214,-0.0213059,0,-0,-0,35,32,0,0,0,30.2599,0,0,0,-0.160312
3027,3.29892,0,0.00745708,-0.0451172,0,0.111214,0.0213059,0,-0,-0,35,32,0,0,0,30.2699,0,0,0,-0.160273
3028,3.29892,0,0.00745708,-0.0451172,0,0.111214,-0.00213059,0,-0,0.0225586,35,32,0,0,0,30.2799,0,0,0,-0.160304
3029,3.29892,0,0.00213059,0.0451172,0,0.111214,0.0191753,0,-0,0.0112793,35,32,0,0,0,30.2899,0,0,0,-0.160258
3030,3.29892,0,0.00958767,0.0451172,0,0.111214,-0.00213059,0,-0,0.0225586,35,32,0,0,0,30.2999,0,0,0,-0.160284
3031,3.29892,0,0.00745708,0.0451172,0,0.111214,-0.010653,0,-0,0.0225586,35,32,0,0,0,30.3099,0,0,0,-0.160245
3032,3.29892,0,0.0138489,-0.0451172,0,0.111214,-0.00532648,0,-0,0.0225586,35,32,0,0,0,30.3199,0,0,0,-0.160268
3033,3.29892,0,0.0010653,0.0451172,0,0.111214,0.0127836,0,-0,-0.0676758,35,32,0,0,0,30.3299,0,0,0,-0.160246
3034,3.29892,0,0.0245018,-0.0451172,0,0.111214,0.00745708,0,-0,-0.0676758,35,32,0,0,0,30.3399,0,0,0,-0.160239
3035,3.29892,0,0.00319589,-0.0451172,0,0.111214,-0.01811,0,-0,0.0112793,35,32,0,0,0,30.3499,0,0,0,-0.160233
3036,3.29892,0,0.00319589,0.0451172,0,0.111214,0.00532648,0,-0,-0,35,32,0,0,0,30.3599,0,0,0,-0.160256
3037,3.29892,0,0.010653,0.0451172,0,0.111214,-0.0202406,0,-0,-0.0676758,35,32,0,0,0,30.3699,0,0,0,-0.160218
3038,3.29892,0,6.52306e-20,0.0451172,0,0.111214,0.0010653,0,-0,0.0225586,35,32,0,0,0,30.3799,0,0,0,-0.160247
3039,3.29892,0,0.0010653,0.0338379,0,0.111214,-0.00319589,0,-0,0.0225586,35,32,0,0,0,30.3899,0,0,0,-0.160227
3040,3.29892,0,0.00745708,0.0451172,0,0.111214,-0.0010653,0,-0,-0.0676758,35,32,0,0,0,30.3999,0,0,0,-0.160243
3041,3.29892,0,-0.00213059,0,0,0.111214,-0.0458078,0,-0,0.0338379,35,32,0,0,0,30.4099,0,0,0,-0.160235
3042,3.29892,0,-0.00852238,0.0451172,0,0.111214,0.0010653,0,-0,0.0338379,35,32,0,0,0,30.4199,0,0,0,-0.160287
3043,3.29892,0,0.00852238,0,0,0.111214,0.0127836,0,-0,0.0338379,35,32,0,0,0,30.4299,0,0,0,-0.160295
3044,3.29892,0,-0.0117183,0,0,0.111214,0.0276977,0,-0,0.0338379,35,32,0,0,0,30.4399,0,0,0,-0.16027
3045,3.29892,0,0.00319589,-0.0338379,0,0.111214,-0.0276977,0,-0,0.0225586,35,32,0,0,0,30.4499,0,0,0,-0.160304
3046,3.29892,0,-0.00319589,0,0,0.111214,0.0159795,0,-0,0.0225586,35,32,0,0,0,30.4599,0,0,0,-0.160265
3047,3.29892,0,-0.00745708,0,0,0.111214,-0.00319589,0,-0,0.0338379,35,32,0,0,0,30.4699,0,0,0,-0.160234
3048,3.29892,0,0.0117183,0,0,0.111214,0.0149142,0,-0,0.0338379,35,32,0,0,0,30.4799,0,0,0,-0.160212
3049,3.29892,0,-0.00213059,0,0,0.111214,0.00745708,0,-0,0.0338379,35,32,0,0,0,30.4899,0,0,0,-0.160196
3050,3.29892,0,-0.00532648,0,0,0.111214,0.0340895,0,-0,-0,35,32,0,0,0,30.4999,0,0,0,-0.160211
3051,3.29892,0,0.01811,0.0338379,0,0.111214,-0.0298283,0,-0,0.0225586,35,32,0,0,0,30.5099,0,0,0,-0.16023
3052,3.29892,0,-0.00852238,0,0,0.111214,0.0191753,0,-0,0.0112793,35,32,0,0,0,30.5199,0,0,0,-0.160215
3053,3.29892,0,0.00852238,0,0,0.111214,-0.00319589,0,-0,0.0338379,35,32,0,0,0,30.5299,0,0,0,-0.160226
3054,3.29892,0,-0.010653,0,0,0.111214,-0.00213059,0,-0,0.0112793,35,32,0,0,0,30.5399,0,0,0,-0.160195
3055,3.29892,0,-0.00745708,0,0,0.111214,-0.0010653,0,-0,0.0112793,35,32,0,0,0,30.5499,0,0,0,-0.160262
3056,3.29892,0,1.23938e-18,0,0,0.111214,0.0202406,0,-0,0.0225586,35,32,0,0,0,30.5599,0,0,0,-0.16024
3057,3.29892,0,0.0010653,-0.0451172,0,0.111214,0.00532648,0,-0,0.0225586,35,32,0,0,0,30.5699,0,0,0,-0.160276
3058,3.29892,0,-0.0149142,0,0,0.111214,-0.0149142,0,-0,0.0112793,35,32,0,0,0,30.5799,0,0,0,-0.160231
3059,3.29892,0,-0.0117183,-0.0451172,0,0.111214,0.010653,0,-0,0.0338379,35,32,0,0,0,30.5899,0,0,0,-0.16027
3060,3.29892,0,0.00319589,0.0338379,0,0.111214,-0.00426119,0,-0,0.0112793,35,32,0,0,0,30.5999,0,0,0,-0.160244
3061,3.29892,0,-0.00639178,-0.0563965,0,0.111214,0.00745708,0,-0,0.0225586,35,32,0,0,0,30.6099,0,0,0,-0.160225
3062,3.29892,0,-0.00532648,-0.0563965,0,0.111214,0.00745708,0,-0,0.0225586,35,32,0,0,0,30.6199,0,0,0,-0.16024
3063,3.29892,0,0.00745708,-0.0563965,0,0.111214,0.0149142,0,-0,0.0225586,35,32,0,0,0,30.6299,0,0,0,-0.160256
3064,3.29892,0,-0.0213059,-0.0338379,0,0.111214,-0.039416,0,-0,-0.0676758,35,32,0,0,0,30.6399,0,0,0,-0.160207
3065,3.29892,0,0.0127836,0.0225586,0,0.111214,-0.00532648,0,-0,-0.0676758,35,32,0,0,0,30.6499,0,0,0,-0.160261
3066,3.29892,0,-0.00213059,0.0451172,0,0.111214,-0.0383507,0,-0,0.0112793,35,32,0,0,0,30.6599,0,0,0,-0.160274
3067,3.29892,0,9.78459e-19,-0.0451172,0,0.111214,0.0159795,0,-0,-0.0676758,35,32,0,0,0,30.6699,0,0,0,-0.160292
3068,3.29892,0,0.00319589,-0.0451172,0,0.111214,-0.0319589,0,-0,-0.0676758,35,32,0,0,0,30.6799,0,0,0,-0.160277
3069,3.29892,0,0.00958767,0.0338379,0,0.111214,0.0117183,0,-0,-0.0676758,35,32,0,0,0,30.6899,0,0,0,-0.160269
3070,3.29892,0,-0.00639178,0,0,0.111214,0.00319589,0,-0,-0.0676758,35,32,0,0,0,30.6999,0,0,0,-0.160278
3071,3.29892,0,0.00213059,0.0225586,0,0.111214,0.0266324,0,-0,-0.0676758,35,32,0,0,0,30.7099,0,0,0,-0.160268
3072,3.29892,0,0.0223712,0,0,0.111214,-0.00639178,0,-0,-0.0676758,35,32,0,0,0,30.7199,0,0,0,-0.160268
3073,3.29892,0,0.0117183,-0.0451172,0,0.111214,0.028763,0,-0,0.0338379,35,32,0,0,0,30.7299,0,0,0,-0.160239
3074,3.29892,0,0.0138489,0,0,0.111214,-0.0117183,0,-0,0.0338379,35,32,0,0,0,30.7399,0,0,0,-0.160246
3075,3.29892,0,-0.0117183,0,0,0.111214,0.0117183,0,-0,0.0451172,35,32,0,0,0,30.7499,0,0,0,-0.160262
3076,3.29892,0,0.0362201,0.0225586,0,0.111214,0.00852238,0,-0,0.0225586,35,32,0,0,0,30.7599,0,0,0,-0.160295
3077,3.29892,0,0.0191753,0,0,0.111214,0.0298283,0,-0,0.0338379,35,32,0,0,0,30.7699,0,0,0,-0.160261
3078,3.29892,0,0.00213059,0,0,0.111214,-0.0213059,0,-0,0.0338379,35,32,0,0,0,30.7799,0,0,0,-0.160282
3079,3.29892,0,-0.00532648,0.0225586,0,0.111214,-0.0127836,0,-0,0.0225586,35,32,0,0,0,30.7899,0,0,0,-0.160259
3080,3.29892,0,-0.00426119,0,0,0.111214,0.0138489,0,-0,0.0338379,35,32,0,0,0,30.7999,0,0,0,-0.160276
3081,3.29892,0,0.00639178,0,0,0.111214,0.0117183,0,-0,0.0225586,35,32,0,0,0,30.8099,0,0,0,-0.160241
3082,3.29892,0,0.00958767,0.0451172,0,0.111214,-0.00958767,0,-0,0.0112793,35,32,0,0,0,30.8199,0,0,0,-0.160276
3083,3.29892,0,0.00213059,0,0,0.111214,-1.30461e-19,0,-0,0.0338379,35,32,0,0,0,30.8299,0,0,0,-0.160277
3084,3.29892,0,-0.0202406,0,0,0.111214,0.0127836,0,-0,-0.0676758,35,32,0,0,0,30.8399,0,0,0,-0.160295
3085,3.29892,0,0.0010653,0,0,0.111214,-0.00958767,0,-0,0.0112793,35,32,0,0,0,30.8499,0,0,0,-0.160273
3086,3.29892,0,0.0234365,-0.0563965,0,0.111214,0.0127836,0,-0,0.0225586,35,32,0,0,0,30.8599,0,0,0,-0.160322
3087,3.29892,0,-0.0159795,0,0,0.111214,-0.01811,0,-0,0.0338379,35,32,0,0,0,30.8699,0,0,0,-0.160283
3088,3.29892,0,-0.0010653,0,0,0.111214,-0.010653,0,-0,-0,35,32,0,0,0,30.8799,0,0,0,-0.160296
3089,3.29892,0,-0.0117183,0,0,0.111214,-0.0159795,0,-0,0.0112793,35,32,0,0,0,30.8899,0,0,0,-0.16031
3090,3.29892,0,-0.0010653,-0.0451172,0,0.111214,0.0362201,0,-0,0.0112793,35,32,0,0,0,30.8999,0,0,0,-0.160335
3091,3.29892,0,0.00532648,0,0,0.111214,-0.0276977,0,-0,0.0225586,35,32,0,0,0,30.9099,0,0,0,-0.160351
3092,3.29892,0,-0.00532648,0,0,0.111214,0.0234365,0,-0,0.0112793,35,32,0,0,0,30.9199,0,0,0,-0.160355
3093,3.29892,0,0.00639178,-0.0338379,0,0.111214,0.0010653,0,-0,0.0225586,35,32,0,0,0,30.9299,0,0,0,-0.160331
3094,3.29892,0,-0.0010653,0.0338379,0,0.111214,0.00639178,0,-0,0.0112793,35,32,0,0,0,30.9399,0,0,0,-0.160318
3095,3.29892,0,0.00745708,-0.0563965,0,0.111214,0.00319589,0,-0,-0.0676758,35,32,0,0,0,30.9499,0,0,0,-0.160312
3096,3.29892,0,-0.0159795,0.0451172,0,0.111214,-0.00426119,0,-0,-0.0676758,35,32,0,0,0,30.9599,0,0,0,-0.160306
3097,3.29892,0,0.010653,-0.0451172,0,0.111214,-0.0117183,0,-0,-0.0676758,35,32,0,0,0,30.9699,0,0,0,-0.160351
3098,3.29892,0,0.00745708,0.0451172,0,0.111214,0.0255671,0,-0,-0.0676758,35,32,0,0,0,30.9799,0,0,0,-0.160314
3099,3.29892,0,-0.00426119,0,0,0.111214,-0.0202406,0,-0,-0.0676758,35,32,0,0,0,30.9899,0,0,0,-0.160307
3100,3.29892,0,9.78459e-19,0,0,0.111214,0.0159795,0,-0,-0.0676758,35,32,0,0,0,30.9999,0,0,0,-0.160304
3101,3.29892,0,0.010653,0.0451172,0,0.111214,0.0010653,0,-0,0.0225586,35,32,0,0,0,31.0099,0,0,0,-0.160344
3102,3.29892,0,-0.0170448,-0.0563965,0,0.111214,0.0234365,0,-0,0.0112793,35,32,0,0,0,31.0199,0,0,0,-0.160275
3103,3.29892,0,0.00319589,0,0,0.111214,-0.00852238,0,-0,-0.0676758,35,32,0,0,0,31.0299,0,0,0,-0.160307
3104,3.29892,0,0.0127836,0.0451172,0,0.111214,0.00852238,0,-0,0.0225586,35,32,0,0,0,31.0399,0,0,0,-0.160266
3105,3.29892,0,0.0170448,0.0225586,0,0.111214,-0.0010653,0,-0,0.0338379,35,32,0,0,0,31.0499,0,0,0,-0.160281
3106,3.29892,0,0.00319589,0.0338379,0,0.111214,-1.95692e-19,0,-0,0.0338379,35,32,0,0,0,31.0599,0,0,0,-0.160281
3107,3.29892,0,-0.010653,0.0225586,0,0.111214,0.00319589,0,-0,0.0338379,35,32,0,0,0,31.0699,0,0,0,-0.16027
3108,3.29892,0,-9.13229e-19,0,0,0.111214,-0.0149142,0,-0,0.0338379,35,32,0,0,0,31.0799,0,0,0,-0.160248
3109,3.29892,0,-0.00852238,0.0451172,0,0.111214,5.21845e-19,0,-0,0.0225586,35,32,0,0,0,31.0899,0,0,0,-0.160277
3110,3.29892,0,0.00532648,0,0,0.111214,0.0149142,0,-0,0.0338379,35,32,0,0,0,31.0999,0,0,0,-0.160262
3111,3.29892,0,0.0010653,0,0,0.111214,0.0117183,0,-0,0.0112793,35,32,0,0,0,31.1099,0,0,0,-0.160291
3112,3.29892,0,-0.0159795,0,0,0.111214,-0.0202406,0,-0,0.0225586,35,32,0,0,0,31.1199,0,0,0,-0.160267
3113,3.29892,0,-0.00745708,0,0,0.111214,0.010653,0,-0,0.0225586,35,32,0,0,0,31.1299,0,0,0,-0.160285
3114,3.29892,0,-0.00426119,0.0112793,0,0.111214,-0.0170448,0,-0,0.0225586,35,32,0,0,0,31.1399,0,0,0,-0.160302
3115,3.29892,0,-0.00639178,-0.0451172,0,0.111214,0.0117183,0,-0,0.0225586,35,32,0,0,0,31.1499,0,0,0,-0.160318
3116,3.29892,0,0.00426119,0.0451172,0,0.111214,-0.0149142,0,-0,0.0112793,35,32,0,0,0,31.1599,0,0,0,-0.160303
3117,3.29892,0,-0.00532648,-0.0338379,0,0.111214,0.0223712,0,-0,0.0112793,35,32,0,0,0,31.1699,0,0,0,-0.160283
3118,3.29892,0,0.00426119,0.0451172,0,0.111214,-0.0170448,0,-0,0.0225586,35,32,0,0,0,31.1799,0,0,0,-0.160289
3119,3.29892,0,-0.00319589,0.0451172,0,0.111214,-0.00852238,0,-0,0.0338379,35,32,0,0,0,31.1899,0,0,0,-0.160263
3120,3.29892,0,-0.0127836,-0.0451172,0,0.111214,-0.00745708,0,-0,0.0112793,35,32,0,0,0,31.1999,0,0,0,-0.160281
3121,3.29892,0,-0.0223712,-0.0451172,0,0.111214,0.00745708,0,-0,0.0225586,35,32,0,0,0,31.2099,0,0,0,-0.160265
3122,3.29892,0,0.00852238,-0.0338379,0,0.111214,-0.0340895,0,-0,0.0225586,35,32,0,0,0,31.2199,0,0,0,-0.160264
3123,3.29892,0,-0.00213059,-0.0451172,0,0.111214,0.0266324,0,-0,0.0225586,35,32,0,0,0,31.2299,0,0,0,-0.160243
3124,3.29892,0,0.00852238,-0.0451172,0,0.111214,-0.0255671,0,-0,0.0112793,35,32,0,0,0,31.2399,0,0,0,-0.160296
3125,3.29892,0,-0.0202406,-0.0338379,0,0.111214,0.010653,0,-0,0.0225586,35,32,0,0,0,31.2499,0,0,0,-0.16025
3126,3.29892,0,0.0298283,-0.0451172,0,0.111214,-0.01811,0,-0,-0.0676758,35,32,0,0,0,31.2599,0,0,0,-0.16026
3127,3.29892,0,-0.00745708,0.0225586,0,0.111214,-0.0117183,0,-0,-0.0676758,35,32,0,0,0,31.2699,0,0,0,-0.160233
3128,3.29892,0,0.0149142,0.0451172,0,0.111214,-0.0276977,0,-0,-0.0676758,35,32,0,0,0,31.2799,0,0,0,-0.160288
3129,3.29892,0,0.00319589,0.0451172,0,0.111214,-0.00639178,0,-0,-0.0676758,35,32,0,0,0,31.2899,0,0,0,-0.160241
3130,3.29892,0,0.0159795,0.0338379,0,0.111214,-0.0117183,0,-0,-0.0676758,35,32,0,0,0,31.2999,0,0,0,-0.16026
3131,3.29892,0,0.00745708,0.0451172,0,0.111214,0.00745708,0,-0,0.0451172,35,32,0,0,0,31.3099,0,0,0,-0.160243
3132,3.29892,0,-0.00426119,0.0338379,0,0.111214,-0.00426119,0,-0,-0.0451172,35,32,0,0,0,31.3199,0,0,0,-0.160264
3133,3.29892,0,-0.0170448,0.0338379,0,0.111214,-0.0010653,0,-0,0.0338379,35,32,0,0,0,31.3299,0,0,0,-0.160254
3134,3.29892,0,0.0191753,0.0338379,0,0.111214,0.0202406,0,-0,0.0338379,35,32,0,0,0,31.3399,0,0,0,-0.160237
3135,3.29892,0,-0.00319589,0.0451172,0,0.111214,-0.0340895,0,-0,0.0338379,35,32,0,0,0,31.3499,0,0,0,-0.16024
3136,3.29892,0,0.00532648,0.0451172,0,0.111214,0.00213059,0,-0,0.0338379,35,32,0,0,0,31.3599,0,0,0,-0.1602
3137,3.29892,0,0.0149142,-0.0338379,0,0.111214,-0.00852238,0,-0,0.0338379,35,32,0,0,0,31.3699,0,0,0,-0.160243
3138,3.29892,0,-0.0245018,0,0,0.111214,0.00532648,0,-0,0.0338379,35,32,0,0,0,31.3799,0,0,0,-0.160224
3139,3.29892,0,-0.0298283,0,0,0.111214,-0.0245018,0,-0,0.0225586,35,32,0,0,0,31.3899,0,0,0,-0.160244
3140,3.29892,0,-0.00532648,0,0,0.111214,0.0127836,0,-0,0.0112793,35,32,0,0,0,31.3999,0,0,0,-0.160242
3141,3.29892,0,-0.00426119,0,0,0.111214,-0.0159795,0,-0,0.0112793,35,32,0,0,0,31.4099,0,0,0,-0.16022
3142,3.29892,0,0.010653,0.0112793,0,0.111214,0.0191753,0,-0,0.0225586,35,32,0,0,0,31.4199,0,0,0,-0.160246
3143,3.29892,0,0.00213059,0.0225586,0,0.111214,-0.0170448,0,-0,0.0225586,35,32,0,0,0,31.4299,0,0,0,-0.160186
3144,3.29892,0,0.00213059,0,0,0.111214,-0.0117183,0,-0,0.0225586,35,32,0,0,0,31.4399,0,0,0,-0.160162
3145,3.29892,0,0.00532648,-0.0451172,0,0.111214,-0.0138489,0,-0,0.0112793,35,32,0,0,0,31.4499,0,0,0,-0.160167
3146,3.29892,0,0.0117183,0,0,0.111214,0.0117183,0,-0,0.0225586,35,32,0,0,0,31.4599,0,0,0,-0.160135
3147,3.29892,0,0.00532648,0,0,0.111214,-0.00639178,0,-0,0.0112793,35,32,0,0,0,31.4699,0,0,0,-0.160151
3148,3.29892,0,0.00426119,0,0,0.111214,0.00958767,0,-0,0.0225586,35,32,0,0,0,31.4799,0,0,0,-0.160115
3149,3.29892,0,-0.00426119,-0.0451172,0,0.111214,-0.00426119,0,-0,0.0112793,35,32,0,0,0,31.4899,0,0,0,-0.160158
3150,3.29892,0,0.00958767,-0.0451172,0,0.111214,0.0138489,0,-0,0.0338379,35,32,0,0,0,31.4999,0,0,0,-0.16012
3151,3.29892,0,-0.00426119,-0.0451172,0,0.111214,-0.00213059,0,-0,0.0225586,35,32,0,0,0,31.5099,0,0,0,-0.160154
3152,3.29892,0,-0.0170448,-0.0451172,0,0.111214,-0.00852238,0,-0,0.0112793,35,32,0,0,0,31.5199,0,0,0,-0.160158
3153,3.29892,0,0.00639178,-0.0451172,0,0.111214,-3.91384e-19,0,-0,-0.0676758,35,32,0,0,0,31.5299,0,0,0,-0.160165
3154,3.29892,0,0.00319589,0,0,0.111214,-0.00213059,0,-0,-0.0676758,35,32,0,0,0,31.5399,0,0,0,-0.160102
3155,3.29892,0,-0.0010653,0.0451172,0,0.111214,-0.0117183,0,-0,-0.0676758,35,32,0,0,0,31.5499,0,0,0,-0.160174
3156,3.29892,0,-0.0202406,0.0338379,0,0.111214,-0.00852238,0,-0,-0.0676758,35,32,0,0,0,31.5599,0,0,0,-0.1601
3157,3.29892,0,-0.0010653,0.0451172,0,0.111214,6.52306e-20,0,-0,-0.0676758,35,32,0,0,0,31.5699,0,0,0,-0.160143
3158,3.29892,0,0.0149142,0.0451172,0,0.111214,-0.00532648,0,-0,-0.0676758,35,32,0,0,0,31.5799,0,0,0,-0.160113
3159,3.29892,0,-0.00426119,0.0338379,0,0.111214,0.00213059,0,-0,0.0338379,35,32,0,0,0,31.5899,0,0,0,-0.160139
3160,3.29892,0,-0.00213059,0.0451172,0,0.111214,-0.0191753,0,-0,0.0112793,35,32,0,0,0,31.5999,0,0,0,-0.160099
3161,3.29892,0,0.010653,0.0451172,0,0.111214,0.0191753,0,-0,-0.0676758,35,32,0,0,0,31.6099,0,0,0,-0.160111
3162,3.29892,0,0.0266324,0,0,0.111214,-0.00426119,0,-0,-0.0676758,35,32,0,0,0,31.6199,0,0,0,-0.160103
3163,3.29892,0,0.0127836,0,0,0.111214,0.0319589,0,-0,0.0225586,35,32,0,0,0,31.6299,0,0,0,-0.160112
3164,3.29892,0,-0.00532648,0,0,0.111214,-0.0255671,0,-0,0.0225586,35,32,0,0,0,31.6399,0,0,0,-0.160118
3165,3.29892,0,0.00319589,0,0,0.111214,-0.0010653,0,-0,0.0112793,35,32,0,0,0,31.6499,0,0,0,-0.160104
3166,3.29892,0,0.00532648,0,0,0.111214,-0.0170448,0,-0,0.0338379,35,32,0,0,0,31.6599,0,0,0,-0.16014
3167,3.29892,0,-0.00852238,0,0,0.111214,0.0234365,0,-0,0.0338379,35,32,0,0,0,31.6699,0,0,0,-0.160117
3168,3.29892,0,-5.87076e-19,0,0,0.111214,-0.00958767,0,-0,0.0225586,35,32,0,0,0,31.6799,0,0,0,-0.160139
3169,3.29892,0,-3.91384e-19,0.0225586,0,0.111214,-0.00639178,0,-0,0.0112793,35,32,0,0,0,31.6899,0,0,0,-0.160096
3170,3.29892,0,0.0149142,0.0338379,0,0.111214,-0.0149142,0,-0,0.0225586,35,32,0,0,0,31.6999,0,0,0,-0.160147
3171,3.29892,0,0.00426119,0,0,0.111214,-0.00213059,0,-0,0.0225586,35,32,0,0,0,31.7099,0,0,0,-0.160117
3172,3.29892,0,0.00639178,-0.0451172,0,0.111214,0.00213059,0,-0,0.0225586,35,32,0,0,0,31.7199,0,0,0,-0.160165
3173,3.29892,0,-0.0010653,0,0,0.111214,0.0117183,0,-0,0.0225586,35,32,0,0,0,31.7299,0,0,0,-0.160124
3174,3.29892,0,0.0010653,0,0,0.111214,-0.0010653,0,-0,0.0112793,35,32,0,0,0,31.7399,0,0,0,-0.160153
3175,3.29892,0,-0.00639178,0,0,0.111214,0.00319589,0,-0,0.0112793,35,32,0,0,0,31.7499,0,0,0,-0.160127
3176,3.29892,0,0.00426119,0,0,0.111214,0.010653,0,-0,0.0112793,35,32,0,0,0,31.7599,0,0,0,-0.160186
3177,3.29892,0,0.00319589,0,0,0.111214,0.00852238,0,-0,0.0225586,35,32,0,0,0,31.7699,0,0,0,-0.160131
3178,3.29892,0,0.00852238,0,0,0.111214,-0.0223712,0,-0,0.0225586,35,32,0,0,0,31.7799,0,0,0,-0.16015
3179,3.29892,0,0.00426119,0.0451172,0,0.111214,0.0127836,0,-0,0.0225586,35,32,0,0,0,31.7899,0,0,0,-0.160143
3180,3.29892,0,-0.00213059,0,0,0.111214,-0.0234365,0,-0,-0.0676758,35,32,0,0,0,31.7999,0,0,0,-0.160176
3181,3.29892,0,0.010653,0.0451172,0,0.111214,-0.0213059,0,-0,0.0112793,35,32,0,0,0,31.8099,0,0,0,-0.16009
3182,3.29892,0,0.0010653,0.0451172,0,0.111214,-0.00426119,0,-0,0.0225586,35,32,0,0,0,31.8199,0,0,0,-0.160126
3183,3.29892,0,0.0213059,-0.0451172,0,0.111214,-0.0330242,0,-0,0.0225586,35,32,0,0,0,31.8299,0,0,0,-0.160098
3184,3.29892,0,0,0.0338379,0,0.111214,0,0,-0,0.0225586,35,32,0,0,0,31.8399,0,0,0,-0.160132
3185,3.29892,0,0.00745708,-0.0451172,0,0.111214,-0.0117183,0,-0,0.0112793,35,32,0,0,0,31.8499,0,0,0,-0.16008
3186,3.29892,0,0.00426119,-0.0451172,0,0.111214,0.0138489,0,-0,0.0225586,35,32,0,0,0,31.8599,0,0,0,-0.160113
3187,3.29892,0,-0.010653,0,0,0.111214,0.0149142,0,-0,0.0112793,35,32,0,0,0,31.8699,0,0,0,-0.160061
3188,3.29892,0,0.0149142,0,0,0.111214,0.01811,0,-0,-0.0676758,35,32,0,0,0,31.8799,0,0,0,-0.16011
3189,3.29892,0,-3.91384e-19,0.0338379,0,0.111214,-0.00639178,0,-0,-0,35,32,0,0,0,31.8899,0,0,0,-0.160102
3190,3.29892,0,0.0138489,0,0,0.111214,-8.47998e-19,0,-0,-0.0676758,35,32,0,0,0,31.8999,0,0,0,-0.160076
3191,3.29892,0,0.00426119,0,0,0.111214,0.010653,0,-0,-0.0676758,35,32,0,0,0,31.9099,0,0,0,-0.160086
3192,3.29892,0,-0.00532648,0.0338379,0,0.111214,-0.00852238,0,-0,0.0225586,35,32,0,0,0,31.9199,0,0,0,-0.1601
3193,3.29892,0,-0.0191753,0,0,0.111214,-0.010653,0,-0,-0.0676758,35,32,0,0,0,31.9299,0,0,0,-0.160121
3194,3.29892,0,-0.0010653,0,0,0.111214,-0.00213059,0,-0,0.0338379,35,32,0,0,0,31.9399,0,0,0,-0.160085
3195,3.29892,0,-0.00639178,0.0451172,0,0.111214,-0.00319589,0,-0,0.0338379,35,32,0,0,0,31.9499,0,0,0,-0.160134
3196,3.29892,0,-0.00213059,0.0225586,0,0.111214,0.0213059,0,-0,0.0338379,35,32,0,0,0,31.9599,0,0,0,-0.160089
3197,3.29892,0,-0.00319589,0,0,0.111214,-0.0117183,0,-0,0.0338379,35,32,0,0,0,31.9699,0,0,0,-0.160104
3198,3.29892,0,-0.00958767,0,0,0.111214,-0.00213059,0,-0,0.0338379,35,32,0,0,0,31.9799,0,0,0,-0.160054
3199,3.29892,0,0.0127836,0,0,0.111214,-0.00958767,0,-0,0.0225586,35,32,0,0,0,31.9899,0,0,0,-0.160102
3200,3.29892,0,0.00213059,0,0,0.111214,0.0159795,0,-0,0.0338379,35,32,0,0,0,31.9999,0,0,0,-0.16004
3201,3.29892,0,-0.00532648,0,0,0.111214,-0.0234365,0,-0,0.0338379,35,32,0,0,0,32.0099,0,0,0,-0.16007
3202,3.29892,0,-0.00639178,0,0,0.111214,0.0127836,0,-0,0.0225586,35,32,0,0,0,32.0199,0,0,0,-0.160065
3203,3.29892,0,0.00532648,0,0,0.111214,0.0223712,0,-0,0.0225586,35,32,0,0,0,32.0299,0,0,0,-0.160086
3204,3.29892,0,0.0191753,0,0,0.111214,0.00639178,0,-0,0.0225586,35,32,0,0,0,32.0399,0,0,0,-0.16007
3205,3.29892,0,-0.00532648,0,0,0.111214,0.00852238,0,-0,0.0338379,35,32,0,0,0,32.0499,0,0,0,-0.160073
3206,3.29892,0,0.01811,0,0,0.111214,0.0159795,0,-0,0.0225586,35,32,0,0,0,32.0599,0,0,0,-0.1601
3207,3.29892,0,0.0191753,0,0,0.111214,0.00639178,0,-0,0.0112793,35,32,0,0,0,32.0699,0,0,0,-0.160076
3208,3.29892,0,0.0159795,0.0338379,0,0.111214,-0.0138489,0,-0,0.0225586,35,32,0,0,0,32.0799,0,0,0,-0.160044
3209,3.29892,0,0.0010653,-0.0563965,0,0.111214,0.0234365,0,-0,0.0112793,35,32,0,0,0,32.0899,0,0,0,-0.160081
3210,3.29892,0,0.00852238,-0.0563965,0,0.111214,0.00745708,0,-0,0.0338379,35,32,0,0,0,32.0999,0,0,0,-0.160072
3211,3.29892,0,0.0127836,-0.0338379,0,0.111214,0.00852238,0,-0,0.0225586,35,32,0,0,0,32.1099,0,0,0,-0.16008
3212,3.29892,0,-0.0159795,0,0,0.111214,-0.0383507,0,-0,0.0112793,35,32,0,0,0,32.1199,0,0,0,-0.160052
3213,3.29892,0,-0.0159795,0,0,0.111214,-0.00426119,0,-0,0.0338379,35,32,0,0,0,32.1299,0,0,0,-0.16004
3214,3.29892,0,-0.0138489,-0.0451172,0,0.111214,-0.00639178,0,-0,0.0112793,35,32,0,0,0,32.1399,0,0,0,-0.160053
3215,3.29892,0,-0.010653,0.0338379,0,0.111214,0.00852238,0,-0,-0.0676758,35,32,0,0,0,32.1499,0,0,0,-0.160038
3216,3.29892,0,0.0138489,-0.0563965,0,0.111214,-0.00745708,0,-0,-0.0676758,35,32,0,0,0,32.1599,0,0,0,-0.160067
3217,3.29892,0,0.00745708,0,0,0.111214,0.00213059,0,-0,-0.0676758,35,32,0,0,0,32.1699,0,0,0,-0.160051
3218,3.29892,0,0.0010653,0.0225586,0,0.111214,-0.00319589,0,-0,-0.0676758,35,32,0,0,0,32.1799,0,0,0,-0.160012
3219,3.29892,0,0.0010653,0.0451172,0,0.111214,0.0202406,0,-0,0.0225586,35,32,0,0,0,32.1899,0,0,0,-0.159977
3220,3.29892,0,0.0170448,0.0451172,0,0.111214,-0.0149142,0,-0,-0.0451172,35,32,0,0,0,32.1999,0,0,0,-0.159999
3221,3.29892,0,0.0010653,0,0,0.111214,0.0149142,0,-0,0.0338379,35,32,0,0,0,32.2099,0,0,0,-0.15998
3222,3.29892,0,-0.00958767,0,0,0.111214,0.00532648,0,-0,0.0338379,35,32,0,0,0,32.2199,0,0,0,-0.160026
3223,3.29892,0,-0.00958767,0.0451172,0,0.111214,0.0127836,0,-0,0.0338379,35,32,0,0,0,32.2299,0,0,0,-0.159999
3224,3.29892,0,-0.00426119,0.0338379,0,0.111214,-0.0319589,0,-0,0.0338379,35,32,0,0,0,32.2399,0,0,0,-0.160011
3225,3.29892,0,0.00745708,0.0451172,0,0.111214,-0.00426119,0,-0,0.0225586,35,32,0,0,0,32.2499,0,0,0,-0.159993
3226,3.29892,0,0.0223712,0,0,0.111214,0.0117183,0,-0,0.0225586,35,32,0,0,0,32.2599,0,0,0,-0.160055
3227,3.29892,0,-0.00213059,0.0112793,0,0.111214,-0.0245018,0,-0,0.0225586,35,32,0,0,0,32.2699,0,0,0,-0.160013
3228,3.29892,0,0.0223712,0.0451172,0,0.111214,0.0298283,0,-0,0.0338379,35,32,0,0,0,32.2799,0,0,0,-0.160036
3229,3.29892,0,0.00639178,0,0,0.111214,0.00319589,0,-0,0.0225586,35,32,0,0,0,32.2899,0,0,0,-0.160016
3230,3.29892,0,-0.00852238,0,0,0.111214,-0.0117183,0,-0,0.0225586,35,32,0,0,0,32.2999,0,0,0,-0.159987
3231,3.29892,0,-0.00426119,0,0,0.111214,-0.00745708,0,-0,0.0225586,35,32,0,0,0,32.3099,0,0,0,-0.159979
3232,3.29892,0,0.0010653,0,0,0.111214,0.00745708,0,-0,0.0112793,35,32,0,0,0,32.3199,0,0,0,-0.160017
3233,3.29892,0,0.0213059,0,0,0.111214,-0.00532648,0,-0,0.0225586,35,32,0,0,0,32.3299,0,0,0,-0.159992
3234,3.29892,0,0.00319589,0,0,0.111214,0.00852238,0,-0,-0.0676758,35,32,0,0,0,32.3399,0,0,0,-0.160009
3235,3.29892,0,-0.00319589,0.0112793,0,0.111214,-0.00852238,0,-0,0.0225586,35,32,0,0,0,32.3499,0,0,0,-0.159992
3236,3.29892,0,0.00532648,-0.0563965,0,0.111214,0.0319589,0,-0,0.0225586,35,32,0,0,0,32.3599,0,0,0,-0.160019
3237,3.29892,0,-0.0127836,0,0,0.111214,-0.00745708,0,-0,0.0112793,35,32,0,0,0,32.3699,0,0,0,-0.160008
3238,3.29892,0,0.00958767,-0.0451172,0,0.111214,-0.00532648,0,-0,0.0225586,35,32,0,0,0,32.3799,0,0,0,-0.159992
3239,3.29892,0,0.0159795,-0.0451172,0,0.111214,-0.0191753,0,-0,0.0338379,35,32,0,0,0,32.3899,0,0,0,-0.160013
3240,3.29892,0,0.010653,-0.0563965,0,0.111214,0.0138489,0,-0,0.0112793,35,32,0,0,0,32.3999,0,0,0,-0.160001
3241,3.29892,0,0.00639178,-0.0451172,0,0.111214,0.00745708,0,-0,0.0112793,35,32,0,0,0,32.4099,0,0,0,-0.160007
3242,3.29892,0,-0.00639178,-0.0451172,0,0.111214,0.0117183,0,-0,0.0225586,35,32,0,0,0,32.4199,0,0,0,-0.159979
3243,3.29892,0,0.00426119,-0.0338379,0,0.111214,-0.0213059,0,-0,0.0225586,35,32,0,0,0,32.4299,0,0,0,-0.160024
3244,3.29892,0,0.010653,0.0451172,0,0.111214,0.0266324,0,-0,-0.0676758,35,32,0,0,0,32.4399,0,0,0,-0.160005
3245,3.29892,0,0.0191753,-0.0451172,0,0.111214,-0.0138489,0,-0,0.0112793,35,32,0,0,0,32.4499,0,0,0,-0.160043
3246,3.29892,0,0.0138489,0,0,0.111214,0.0202406,0,-0,-0.0676758,35,32,0,0,0,32.4599,0,0,0,-0.160025
3247,3.29892,0,0.0159795,0.0451172,0,0.111214,-0.0010653,0,-0,-0.0676758,35,32,0,0,0,32.4699,0,0,0,-0.160027
3248,3.29892,0,0.0213059,0,0,0.111214,0.00852238,0,-0,-0.0676758,35,32,0,0,0,32.4799,0,0,0,-0.160021
3249,3.29892,0,0.00532648,0.0338379,0,0.111214,-0.00745708,0,-0,-0.0676758,35,32,0,0,0,32.4899,0,0,0,-0.160035
3250,3.29892,0,-0.0117183,0.0338379,0,0.111214,0.00319589,0,-0,-0.0676758,35,32,0,0,0,32.4999,0,0,0,-0.160017
3251,3.29892,0,-0.00426119,0.0338379,0,0.111214,0.00319589,0,-0,-0,35,32,0,0,0,32.5099,0,0,0,-0.160037
3252,3.29892,0,0.00745708,0.0451172,0,0.111214,0.00532648,0,-0,-0.0676758,35,32,0,0,0,32.5199,0,0,0,-0.160006
3253,3.29892,0,0.0138489,0,0,0.111214,0.0213059,0,-0,0.0225586,35,32,0,0,0,32.5299,0,0,0,-0.160031
3254,3.29892,0,0.0117183,0,0,0.111214,0.00639178,0,-0,0.0225586,35,32,0,0,0,32.5399,0,0,0,-0.160018
3255,3.29892,0,-0.0170448,0.0225586,0,0.111214,0.0138489,0,-0,0.0225586,35,32,0,0,0,32.5499,0,0,0,-0.160012
3256,3.29892,0,0.0138489,0.0338379,0,0.111214,-0.0127836,0,-0,0.0225586,35,32,0,0,0,32.5599,0,0,0,-0.159989
3257,3.29892,0,0.00639178,0,0,0.111214,-0.010653,0,-0,0.0225586,35,32,0,0,0,32.5699,0,0,0,-0.160021
3258,3.29892,0,0.0149142,0,0,0.111214,-0.0149142,0,-0,0.0338379,35,32,0,0,0,32.5799,0,0,0,-0.159998
3259,3.29892,0,0.00958767,0.0112793,0,0.111214,-0.00426119,0,-0,0.0338379,35,32,0,0,0,32.5899,0,0,0,-0.160033
3260,3.29892,0,-0.00639178,0,0,0.111214,-0.0127836,0,-0,0.0338379,35,32,0,0,0,32.5999,0,0,0,-0.159991
3261,3.29892,0,0.0234365,0,0,0.111214,0.0202406,0,-0,0.0225586,35,32,0,0,0,32.6099,0,0,0,-0.160005
3262,3.29892,0,0.0127836,0,0,0.111214,-0.0191753,0,-0,-0.0225586,35,32,0,0,0,32.6199,0,0,0,-0.159994
3263,3.29892,0,0.0138489,0.0451172,0,0.111214,0.0245018,0,-0,0.0338379,35,32,0,0,0,32.6299,0,0,0,-0.159982
3264,3.29892,0,0.00213059,0,0,0.111214,-0.0245018,0,-0,0.0112793,35,32,0,0,0,32.6399,0,0,0,-0.159992
3265,3.29892,0,-0.0159795,0,0,0.111214,0.0170448,0,-0,-0,35,32,0,0,0,32.6499,0,0,0,-0.16
3266,3.29892,0,-0.010653,0,0,0.111214,-0.00852238,0,-0,0.0112793,35,32,0,0,0,32.6599,0,0,0,-0.15999
3267,3.29892,0,0.00958767,0.0112793,0,0.111214,0.0149142,0,-0,0.0338379,35,32,0,0,0,32.6699,0,0,0,-0.159966
3268,3.29892,0,0.00852238,0,0,0.111214,-0.00639178,0,-0,0.0112793,35,32,0,0,0,32.6799,0,0,0,-0.160008
3269,3.29892,0,0.0191753,0,0,0.111214,0.00745708,0,-0,0.0225586,35,32,0,0,0,32.6899,0,0,0,-0.160002
3270,3.29892,0,-0.00532648,0,0,0.111214,-0.0276977,0,-0,0.0225586,35,32,0,0,0,32.6999,0,0,0,-0.159994
3271,3.29892,0,0.00319589,-0.0563965,0,0.111214,0.0149142,0,-0,0.0112793,35,32,0,0,0,32.7099,0,0,0,-0.159978
3272,3.29892,0,-0.0170448,0.0338379,0,0.111214,-0.0330242,0,-0,0.0225586,35,32,0,0,0,32.7199,0,0,0,-0.160011
3273,3.29892,0,-0.00426119,-0.0338379,0,0.111214,-0.010653,0,-0,0.0225586,35,32,0,0,0,32.7299,0,0,0,-0.159994
3274,3.29892,0,0.00852238,-0.0451172,0,0.111214,-0.0117183,0,-0,-0.0676758,35,32,0,0,0,32.74,0,0,0,-0.160001
3275,3.29892,0,-0.00319589,0.0451172,0,0.111214,-0.00213059,0,-0,-0.0676758,35,32,0,0,0,32.7499,0,0,0,-0.159987
3276,3.29892,0,0.00852238,0.0451172,0,0.111214,-0.0138489,0,-0,-0.0676758,35,32,0,0,0,32.7599,0,0,0,-0.160017
3277,3.29892,0,0.00532648,0.0338379,0,0.111214,-0.00958767,0,-0,-0.0676758,35,32,0,0,0,32.7699,0,0,0,-0.15998
3278,3.29892,0,0.00745708,-0.0563965,0,0.111214,0.00426119,0,-0,-0.0676758,35,32,0,0,0,32.7799,0,0,0,-0.160018
3279,3.29892,0,0.00319589,0.0225586,0,0.111214,0.0245018,0,-0,0.0225586,35,32,0,0,0,32.7899,0,0,0,-0.159989
3280,3.29892,0,-0.0010653,0.0451172,0,0.111214,-0.0138489,0,-0,0.0338379,35,32,0,0,0,32.7999,0,0,0,-0.160007
3281,3.29892,0,0.010653,0,0,0.111214,-0.00958767,0,-0,-0.0676758,35,32,0,0,0,32.8099,0,0,0,-0.159975
3282,3.29892,0,0.00213059,0,0,0.111214,0.0213059,0,-0,0.0225586,35,32,0,0,0,32.8199,0,0,0,-0.160024
3283,3.29892,0,0.00213059,0,0,0.111214,-0.0010653,0,-0,-0.0676758,35,32,0,0,0,32.8299,0,0,0,-0.160027
3284,3.29892,0,0.00319589,0.0451172,0,0.111214,0.00319589,0,-0,0.0225586,35,32,0,0,0,32.8399,0,0,0,-0.160022
3285,3.29892,0,0.00745708,0,0,0.111214,0.00852238,0,-0,0.0225586,35,32,0,0,0,32.8499,0,0,0,-0.160038
3286,3.29892,0,0.0170448,0,0,0.111214,0.0117183,0,-0,0.0225586,35,32,0,0,0,32.8599,0,0,0,-0.160057
3287,3.29892,0,-0.00426119,0.0451172,0,0.111214,-0.00852238,0,-0,0.0338379,35,32,0,0,0,32.8699,0,0,0,-0.160027
3288,3.29892,0,-0.00958767,0,0,0.111214,0.0127836,0,-0,0.0338379,35,32,0,0,0,32.8799,0,0,0,-0.160071
3289,3.29892,0,0.0127836,0.0451172,0,0.111214,-0.0223712,0,-0,0.0112793,35,32,0,0,0,32.8899,0,0,0,-0.160038
3290,3.29892,0,0.010653,0,0,0.111214,0.00745708,0,-0,0.0225586,35,32,0,0,0,32.8999,0,0,0,-0.160027
3291,3.29892,0,-5.87076e-19,0,0,0.111214,-0.00958767,0,-0,0.0225586,35,32,0,0,0,32.9099,0,0,0,-0.160016
3292,3.29892,0,-0.00319589,0.0225586,0,0.111214,-0.00213059,0,-0,0.0225586,35,32,0,0,0,32.9199,0,0,0,-0.160002
3293,3.29892,0,0.00426119,0,0,0.111214,-0.0319589,0,-0,0.0225586,35,32,0,0,0,32.9299,0,0,0,-0.160026
3294,3.29892,0,0.0159795,0.0225586,0,0.111214,0.0127836,0,-0,0.0225586,35,32,0,0,0,32.9399,0,0,0,-0.160049
3295,3.29892,0,-1.04369e-18,0,0,0.111214,-0.0170448,0,-0,0.0225586,35,32,0,0,0,32.9499,0,0,0,-0.160037
3296,3.29892,0,-0.0117183,0,0,0.111214,7.17537e-19,0,-0,0.0225586,35,32,0,0,0,32.9599,0,0,0,-0.160023
3297,3.29892,0,-0.00639178,0.0338379,0,0.111214,-0.0191753,0,-0,0.0112793,35,32,0,0,0,32.9699,0,0,0,-0.160055
3298,3.29892,0,0.0117183,0.0225586,0,0.111214,-7.17537e-19,0,-0,0.0225586,35,32,0,0,0,32.9799,0,0,0,-0.160056
3299,3.29892,0,-0.0010653,0,0,0.111214,0.00958767,0,-0,0.0112793,35,32,0,0,0,32.9899,0,0,0,-0.160065
3300,3.29892,0,-0.0138489,-0.0451172,0,0.111214,0.00532648,0,-0,-0.0676758,35,32,0,0,0,32.9999,0,0,0,-0.160016
3301,3.29892,0,0.0159795,-0.0563965,0,0.111214,-0.00319589,0,-0,0.0338379,35,32,0,0,0,33.0099,0,0,0,-0.160046
3302,3.29892,0,0.0010653,-0.0338379,0,0.111214,-0.0127836,0,-0,-0.0676758,35,32,0,0,0,33.0199,0,0,0,-0.160025
3303,3.29892,0,0.0010653,-0.0563965,0,0.111214,-6.52306e-20,0,-0,-0.0676758,35,32,0,0,0,33.0299,0,0,0,-0.160037
3304,3.29892,0,-0.0010653,-0.0451172,0,0.111214,-0.00745708,0,-0,-0.0676758,35,32,0,0,0,33.0399,0,0,0,-0.16004
3305,3.29892,0,-0.00852238,-0.0451172,0,0.111214,0.0245018,0,-0,-0.0676758,35,32,0,0,0,33.0499,0,0,0,-0.160072
3306,3.29892,0,0.010653,0,0,0.111214,-0.00852238,0,-0,-0.0676758,35,32,0,0,0,33.0599,0,0,0,-0.160034
3307,3.29892,0,-0.00426119,0.0338379,0,0.111214,0.0308936,0,-0,-0.0676758,35,32,0,0,0,33.0699,0,0,0,-0.160072
3308,3.29892,0,0.0010653,0.0451172,0,0.111214,-0.0213059,0,-0,-0.0676758,35,32,0,0,0,33.0799,0,0,0,-0.160073
3309,3.29892,0,-0.00213059,0.0338379,0,0.111214,0.0138489,0,-0,-0.0676758,35,32,0,0,0,33.0899,0,0,0,-0.160054
3310,3.29892,0,-0.0127836,-0.0451172,0,0.111214,0.00213059,0,-0,-0.0676758,35,32,0,0,0,33.0999,0,0,0,-0.160083
3311,3.29892,0,0.00532648,0,0,0.111214,0.0340895,0,-0,-0.0676758,35,32,0,0,0,33.1099,0,0,0,-0.160067
3312,3.29892,0,0.0138489,0,0,0.111214,-0.0138489,0,-0,-0.0676758,35,32,0,0,0,33.1199,0,0,0,-0.160048
3313,3.29892,0,-0.0213059,0,0,0.111214,0.00319589,0,-0,-0.0676758,35,32,0,0,0,33.1299,0,0,0,-0.160056
3314,3.29892,0,-0.0010653,0,0,0.111214,-0.0138489,0,-0,0.0225586,35,32,0,0,0,33.1399,0,0,0,-0.160067
3315,3.29892,0,0.00958767,0,0,0.111214,0.00426119,0,-0,0.0112793,35,32,0,0,0,33.1499,0,0,0,-0.160073
3316,3.29892,0,-0.00639178,0,0,0.111214,0.00213059,0,-0,0.0225586,35,32,0,0,0,33.1599,0,0,0,-0.160078
3317,3.29892,0,0.00639178,0.0225586,0,0.111214,0.0117183,0,-0,0.0338379,35,32,0,0,0,33.1699,0,0,0,-0.160063
3318,3.29892,0,-0.00426119,0,0,0.111214,-0.01811,0,-0,0.0225586,35,32,0,0,0,33.1799,0,0,0,-0.160132
3319,3.29892,0,0.01811,0,0,0.111214,0.010653,0,-0,0.0225586,35,32,0,0,0,33.1899,0,0,0,-0.160064
3320,3.29892,0,0.00319589,0,0,0.111214,-0.010653,0,-0,0.0338379,35,32,0,0,0,33.1999,0,0,0,-0.160122
3321,3.29892,0,-0.0149142,0,0,0.111214,0.00639178,0,-0,0.0225586,35,32,0,0,0,33.2099,0,0,0,-0.160117
3322,3.29892,0,-0.00639178,0,0,0.111214,-0.00745708,0,-0,0.0225586,35,32,0,0,0,33.2199,0,0,0,-0.160099
3323,3.29892,0,0.00213059,-0.0451172,0,0.111214,0.00213059,0,-0,0.0112793,35,32,0,0,0,33.2299,0,0,0,-0.160066
3324,3.29892,0,0.010653,0.0338379,0,0.111214,0.0202406,0,-0,0.0338379,35,32,0,0,0,33.2399,0,0,0,-0.160099
3325,3.29892,0,0.0010653,0,0,0.111214,0.01811,0,-0,0.0112793,35,32,0,0,0,33.2499,0,0,0,-0.160079
3326,3.29892,0,0.0010653,0,0,0.111214,0.00213059,0,-0,0.0225586,35,32,0,0,0,33.2599,0,0,0,-0.160084
3327,3.29892,0,0.00745708,0,0,0.111214,-0.00745708,0,-0,0.0225586,35,32,0,0,0,33.2699,0,0,0,-0.160085
3328,3.29892,0,0.010653,-0.0451172,0,0.111214,-0.00745708,0,-0,0.0112793,35,32,0,0,0,33.2799,0,0,0,-0.160145
3329,3.29892,0,-0.00958767,0,0,0.111214,-0.00958767,0,-0,0.0338379,35,32,0,0,0,33.2899,0,0,0,-0.160106
3330,3.29892,0,-0.00958767,0,0,0.111214,0.00958767,0,-0,0.0225586,35,32,0,0,0,33.2999,0,0,0,-0.160116
3331,3.29892,0,-0.0117183,0.0225586,0,0.111214,-0.0170448,0,-0,-0.0676758,35,32,0,0,0,33.3099,0,0,0,-0.160146
3332,3.29892,0,0.00639178,-0.0563965,0,0.111214,0.0255671,0,-0,0.0225586,35,32,0,0,0,33.3199,0,0,0,-0.160148
3333,3.29892,0,0.00319589,0,0,0.111214,-0.00745708,0,-0,0.0112793,35,32,0,0,0,33.3299,0,0,0,-0.160144
3334,3.29892,0,0.00852238,-0.0451172,0,0.111214,-0.0117183,0,-0,0.0112793,35,32,0,0,0,33.3399,0,0,0,-0.160139
3335,3.29892,0,0.00319589,-0.0563965,0,0.111214,-0.010653,0,-0,-0.0676758,35,32,0,0,0,33.3499,0,0,0,-0.160116
3336,3.29892,0,0.00745708,-0.0451172,0,0.111214,0.010653,0,-0,-0.0676758,35,32,0,0,0,33.3599,0,0,0,-0.160154
3337,3.29892,0,-0.0138489,0.0451172,0,0.111214,-0.0319589,0,-0,-0.0676758,35,32,0,0,0,33.3699,0,0,0,-0.160137
3338,3.29892,0,9.78459e-19,-0.0338379,0,0.111214,0.0159795,0,-0,-0.0676758,35,32,0,0,0,33.3799,0,0,0,-0.160127
3339,3.29892,0,-0.01811,-0.0451172,0,0.111214,-0.00319589,0,-0,-0.0676758,35,32,0,0,0,33.3899,0,0,0,-0.16015
3340,3.29892,0,0.00639178,0.0451172,0,0.111214,0.0255671,0,-0,-0.0676758,35,32,0,0,0,33.3999,0,0,0,-0.160135
3341,3.29892,0,-0.0127836,0,0,0.111214,-0.0010653,0,-0,0.0338379,35,32,0,0,0,33.4099,0,0,0,-0.160125
3342,3.29892,0,0.00532648,0,0,0.111214,0.00532648,0,-0,0.0225586,35,32,0,0,0,33.4199,0,0,0,-0.160134
3343,3.29892,0,0.01811,0.0451172,0,0.111214,-0.0330242,0,-0,0.0225586,35,32,0,0,0,33.4299,0,0,0,-0.160141
3344,3.29892,0,-0.0127836,0,0,0.111214,-0.00213059,0,-0,0.0112793,35,32,0,0,0,33.4399,0,0,0,-0.160138
3345,3.29892,0,-0.0117183,0.0451172,0,0.111214,-0.0191753,0,-0,0.0225586,35,32,0,0,0,33.4499,0,0,0,-0.160169
3346,3.29892,0,-0.010653,0,0,0.111214,0.010653,0,-0,0.0225586,35,32,0,0,0,33.4599,0,0,0,-0.160117
3347,3.29892,0,-0.00319589,0,0,0.111214,-0.0213059,0,-0,0.0112793,35,32,0,0,0,33.4699,0,0,0,-0.160155
3348,3.29892,0,0.00213059,-0.0451172,0,0.111214,-1.30461e-19,0,-0,0.0225586,35,32,0,0,0,33.4799,0,0,0,-0.160113
3349,3.29892,0,0.0276977,0,0,0.111214,-0.00639178,0,-0,0.0225586,35,32,0,0,0,33.4899,0,0,0,-0.160148
3350,3.29892,0,-0.0170448,0,0,0.111214,0.00426119,0,-0,0.0225586,35,32,0,0,0,33.4999,0,0,0,-0.160125
3351,3.29892,0,-0.00745708,0,0,0.111214,-0.00319589,0,-0,0.0225586,35,32,0,0,0,33.5099,0,0,0,-0.160163
3352,3.29892,0,-0.00426119,0,0,0.111214,-0.00426119,0,-0,0.0338379,35,32,0,0,0,33.5199,0,0,0,-0.16012
3353,3.29892,0,0.00852238,0,0,0.111214,0.00958767,0,-0,0.0225586,35,32,0,0,0,33.5299,0,0,0,-0.160139
3354,3.29892,0,0.0010653,0,0,0.111214,-0.0159795,0,-0,-0,35,32,0,0,0,33.5399,0,0,0,-0.160128
3355,3.29892,0,-0.00958767,0,0,0.111214,0.0340895,0,-0,0.0225586,35,32,0,0,0,33.5499,0,0,0,-0.16015
3356,3.29892,0,0.0117183,0,0,0.111214,-0.00426119,0,-0,0.0225586,35,32,0,0,0,33.5599,0,0,0,-0.160158
3357,3.29892,0,-0.00319589,0,0,0.111214,-0.0010653,0,-0,0.0225586,35,32,0,0,0,33.5699,0,0,0,-0.1601
3358,3.29892,0,0.0127836,0,0,0.111214,0.00852238,0,-0,0.0225586,35,32,0,0,0,33.5799,0,0,0,-0.16013
3359,3.29892,0,-0.00426119,0,0,0.111214,0.0138489,0,-0,0.0112793,35,32,0,0,0,33.5899,0,0,0,-0.160149
3360,3.29892,0,-0.0138489,0.0451172,0,0.111214,0.00852238,0,-0,0.0225586,35,32,0,0,0,33.5999,0,0,0,-0.160166
3361,3.29892,0,-0.00852238,-0.0563965,0,0.111214,0.00745708,0,-0,0.0112793,35,32,0,0,0,33.6099,0,0,0,-0.160146
3362,3.29892,0,0.00213059,-0.0451172,0,0.111214,-0.00745708,0,-0,0.0112793,35,32,0,0,0,33.6199,0,0,0,-0.160204
3363,3.29892,0,0.00426119,-0.0451172,0,0.111214,0.00958767,0,-0,-0.0789551,35,32,0,0,0,33.6299,0,0,0,-0.160163
3364,3.29892,0,-0.00213059,-0.0338379,0,0.111214,0.00319589,0,-0,0.0112793,35,32,0,0,0,33.6399,0,0,0,-0.16017
3365,3.29892,0,0.0010653,0,0,0.111214,-0.00639178,0,-0,-0,35,32,0,0,0,33.6499,0,0,0,-0.160142
3366,3.29892,0,-0.0149142,-0.0451172,0,0.111214,0.00426119,0,-0,-0.0676758,35,32,0,0,0,33.6599,0,0,0,-0.160124
3367,3.29892,0,0.00213059,0.0338379,0,0.111214,0.0255671,0,-0,-0.0676758,35,32,0,0,0,33.6699,0,0,0,-0.160163
3368,3.29892,0,-0.00426119,-0.0563965,0,0.111214,-0.0127836,0,-0,-0.0676758,35,32,0,0,0,33.6799,0,0,0,-0.160149
3369,3.29892,0,-0.00532648,0,0,0.111214,0.0223712,0,-0,-0.0676758,35,32,0,0,0,33.6899,0,0,0,-0.160133
3370,3.29892,0,0.00319589,0.0451172,0,0.111214,-0.0117183,0,-0,-0.0676758,35,32,0,0,0,33.6999,0,0,0,-0.160177
3371,3.29892,0,0.00852238,0.0451172,0,0.111214,0.0159795,0,-0,-0.0676758,35,32,0,0,0,33.7099,0,0,0,-0.160137
3372,3.29892,0,0.0170448,0.0451172,0,0.111214,-0.00426119,0,-0,0.0112793,35,32,0,0,0,33.7199,0,0,0,-0.160186
3373,3.29892,0,-0.0223712,0,0,0.111214,-0.0138489,0,-0,-0.0676758,35,32,0,0,0,33.7299,0,0,0,-0.160162
3374,3.29892,0,0.010653,0,0,0.111214,-0.00745708,0,-0,0.0338379,35,32,0,0,0,33.7399,0,0,0,-0.160204
3375,3.29892,0,-0.0213059,0.0112793,0,0.111214,-0.01811,0,-0,0.0338379,35,32,0,0,0,33.7499,0,0,0,-0.160204
3376,3.29892,0,0.00745708,0,0,0.111214,-0.00958767,0,-0,0.0225586,35,32,0,0,0,33.7599,0,0,0,-0.160241
3377,3.29892,0,0.00319589,0.0451172,0,0.111214,-0.00958767,0,-0,-0.0451172,35,32,0,0,0,33.7699,0,0,0,-0.160245
3378,3.29892,0,0.00213059,0,0,0.111214,0.0138489,0,-0,0.0225586,35,32,0,0,0,33.7799,0,0,0,-0.160257
3379,3.29892,0,0.00852238,0.0225586,0,0.111214,0.00213059,0,-0,0.0225586,35,32,0,0,0,33.7899,0,0,0,-0.16021
3380,3.29892,0,0.00213059,0.0225586,0,0.111214,0.0127836,0,-0,-0,35,32,0,0,0,33.7999,0,0,0,-0.160271
3381,3.29892,0,0.010653,-0.0112793,0,0.111214,-0.0213059,0,-0,0.0225586,35,32,0,0,0,33.8099,0,0,0,-0.160237
3382,3.29892,0,-0.00639178,-0.0451172,0,0.111214,0.0276977,0,-0,0.0225586,35,32,0,0,0,33.8199,0,0,0,-0.160228
3383,3.29892,0,-0.0138489,-0.0563965,0,0.111214,-0.0170448,0,-0,0.0225586,35,32,0,0,0,33.8299,0,0,0,-0.160271
3384,3.29892,0,0.0127836,0.0225586,0,0.111214,0.01811,0,-0,0.0225586,35,32,0,0,0,33.8399,0,0,0,-0.16023
3385,3.29892,0,-0.010653,0.0112793,0,0.111214,-0.028763,0,-0,0.0112793,35,32,0,0,0,33.8499,0,0,0,-0.160221
3386,3.29892,0,0.00426119,-0.0451172,0,0.111214,0.0170448,0,-0,0.0225586,35,32,0,0,0,33.8599,0,0,0,-0.16022
3387,3.29892,0,-0.0127836,-0.0338379,0,0.111214,-0.010653,0,-0,0.0225586,35,32,0,0,0,33.8699,0,0,0,-0.160258
3388,3.29892,0,0.00426119,0,0,0.111214,0.00958767,0,-0,0.0225586,35,32,0,0,0,33.8799,0,0,0,-0.160252
3389,3.29892,0,-0.00532648,0,0,0.111214,-0.0362201,0,-0,0.0112793,35,32,0,0,0,33.8899,0,0,0,-0.160251
3390,3.29892,0,0.0276977,0,0,0.111214,0.0127836,0,-0,-0.0676758,35,32,0,0,0,33.8999,0,0,0,-0.160214
3391,3.29892,0,0.0010653,-0.0563965,0,0.111214,-0.0117183,0,-0,-0.0676758,35,32,0,0,0,33.9099,0,0,0,-0.160236
3392,3.29892,0,0.0276977,0.0451172,0,0.111214,0.0010653,0,-0,0.0225586,35,32,0,0,0,33.9199,0,0,0,-0.160203
3393,3.29892,0,-0.0010653,-0.0338379,0,0.111214,-0.0223712,0,-0,-0.0676758,35,32,0,0,0,33.9299,0,0,0,-0.160245
3394,3.29892,0,-0.00532648,0.0338379,0,0.111214,0.0010653,0,-0,-0.0676758,35,32,0,0,0,33.9399,0,0,0,-0.16022
3395,3.29892,0,-0.00639178,0,0,0.111214,-0.01811,0,-0,-0.0676758,35,32,0,0,0,33.9499,0,0,0,-0.160246
3396,3.29892,0,0.00213059,-0.0563965,0,0.111214,0.0266324,0,-0,-0.0676758,35,32,0,0,0,33.9599,0,0,0,-0.160237
3397,3.29892,0,-0.00213059,0.0451172,0,0.111214,-0.00745708,0,-0,-0.0676758,35,32,0,0,0,33.9699,0,0,0,-0.160258
3398,3.29892,0,-0.0010653,0.0338379,0,0.111214,-0.0266324,0,-0,-0.0676758,35,32,0,0,0,33.9799,0,0,0,-0.160195
3399,3.29892,0,0.00745708,0,0,0.111214,0.010653,0,-0,0.0225586,35,32,0,0,0,33.9899,0,0,0,-0.160256
3400,3.29892,0,-0.00213059,0.0451172,0,0.111214,0.00319589,0,-0,-0.0676758,35,32,0,0,0,33.9999,0,0,0,-0.160231
3401,3.29892,0,-0.0159795,0.0451172,0,0.111214,0.0149142,0,-0,-0.0676758,35,32,0,0,0,34.0099,0,0,0,-0.160241
3402,3.29892,0,0.00319589,0.0451172,0,0.111214,0.00639178,0,-0,-0.0676758,35,32,0,0,0,34.0199,0,0,0,-0.160218
3403,3.29892,0,-0.0127836,0.0451172,0,0.111214,0.0223712,0,-0,0.0225586,35,32,0,0,0,34.0299,0,0,0,-0.160258
3404,3.29892,0,0.01811,0.0451172,0,0.111214,-0.0319589,0,-0,0.0338379,35,32,0,0,0,34.0399,0,0,0,-0.160242
3405,3.29892,0,-0.0138489,0,0,0.111214,0.028763,0,-0,0.0338379,35,32,0,0,0,34.0499,0,0,0,-0.160244
3406,3.29892,0,0.010653,0,0,0.111214,-0.00639178,0,-0,0.0225586,35,32,0,0,0,34.0599,0,0,0,-0.160238
3407,3.29892,0,0.010653,0,0,0.111214,0.01811,0,-0,0.0225586,35,32,0,0,0,34.0699,0,0,0,-0.160215
3408,3.29892,0,0.0117183,0.0225586,0,0.111214,-0.00852238,0,-0,0.0225586,35,32,0,0,0,34.0799,0,0,0,-0.160212
3409,3.29892,0,0.0138489,0.0225586,0,0.111214,0.00852238,0,-0,0.0338379,35,32,0,0,0,34.0899,0,0,0,-0.160251
3410,3.29892,0,-0.00426119,0.0451172,0,0.111214,-0.00958767,0,-0,0.0338379,35,32,0,0,0,34.0999,0,0,0,-0.160235
3411,3.29892,0,0.0276977,0,0,0.111214,0.039416,0,-0,-0.0225586,35,32,0,0,0,34.1099,0,0,0,-0.160207
3412,3.29892,0,0.00319589,0,0,0.111214,-0.00852238,0,-0,0.0225586,35,32,0,0,0,34.1199,0,0,0,-0.160206
3413,3.29892,0,-0.00958767,0,0,0.111214,0.0159795,0,-0,0.0225586,35,32,0,0,0,34.1299,0,0,0,-0.160192
3414,3.29892,0,0.0266324,0,0,0.111214,-0.0362201,0,-0,0.0225586,35,32,0,0,0,34.1399,0,0,0,-0.160231
3415,3.29892,0,-0.00426119,0,0,0.111214,0.00532648,0,-0,0.0225586,35,32,0,0,0,34.1499,0,0,0,-0.160194
3416,3.29892,0,-0.0127836,0,0,0.111214,-0.0149142,0,-0,0.0112793,35,32,0,0,0,34.1599,0,0,0,-0.16019
3417,3.29892,0,0.0138489,-0.0563965,0,0.111214,0.00852238,0,-0,0.0112793,35,32,0,0,0,34.1699,0,0,0,-0.160179
3418,3.29892,0,-0.00745708,0.0112793,0,0.111214,0.0117183,0,-0,0.0225586,35,32,0,0,0,34.1799,0,0,0,-0.1602
3419,3.29892,0,1.5003e-18,0,0,0.111214,0.0245018,0,-0,0.0225586,35,32,0,0,0,34.1899,0,0,0,-0.160153
3420,3.29892,0,0.00745708,-0.0451172,0,0.111214,0.00958767,0,-0,0.0225586,35,32,0,0,0,34.1999,0,0,0,-0.160165
3421,3.29892,0,-0.00426119,0,0,0.111214,-0.00213059,0,-0,0.0112793,35,32,0,0,0,34.2099,0,0,0,-0.160175
3422,3.29892,0,0.00213059,0,0,0.111214,0.0127836,0,-0,-0.0676758,35,32,0,0,0,34.2199,0,0,0,-0.16022
3423,3.29892,0,-0.00213059,0.0338379,0,0.111214,0.010653,0,-0,0.0112793,35,32,0,0,0,34.2299,0,0,0,-0.160183
3424,3.29892,0,0.00745708,0,0,0.111214,-0.0127836,0,-0,0.0225586,35,32,0,0,0,34.2399,0,0,0,-0.160209
3425,3.29892,0,0.00532648,-0.0451172,0,0.111214,-0.0159795,0,-0,0.0225586,35,32,0,0,0,34.2499,0,0,0,-0.160168
3426,3.29892,0,0.00852238,-0.0563965,0,0.111214,-0.00426119,0,-0,-0.0676758,35,32,0,0,0,34.2599,0,0,0,-0.160204
3427,3.29892,0,-0.00532648,-0.0563965,0,0.111214,-0.0170448,0,-0,-0.0676758,35,32,0,0,0,34.2699,0,0,0,-0.160198
3428,3.29892,0,0.00958767,0.0338379,0,0.111214,0.00639178,0,-0,-0.0676758,35,32,0,0,0,34.2799,0,0,0,-0.160202
3429,3.29892,0,0.00213059,0.0338379,0,0.111214,-0.0213059,0,-0,-0.0676758,35,32,0,0,0,34.2899,0,0,0,-0.160213
3430,3.29892,0,0.00426119,0.0451172,0,0.111214,0.0117183,0,-0,-0.0676758,35,32,0,0,0,34.2999,0,0,0,-0.160193
3431,3.29892,0,0.0127836,-0.0112793,0,0.111214,-0.0351548,0,-0,0.0112793,35,32,0,0,0,34.3099,0,0,0,-0.160176
3432,3.29892,0,0.00958767,0,0,0.111214,0.00319589,0,-0,0.0338379,35,32,0,0,0,34.3199,0,0,0,-0.160172
3433,3.29892,0,0.00319589,0.0225586,0,0.111214,-0.0117183,0,-0,0.0338379,35,32,0,0,0,34.3299,0,0,0,-0.160197
3434,3.29892,0,-0.010653,0,0,0.111214,0.0159795,0,-0,0.0338379,35,32,0,0,0,34.3399,0,0,0,-0.160209
3435,3.29892,0,0.00958767,0,0,0.111214,-0.00639178,0,-0,0.0338379,35,32,0,0,0,34.3499,0,0,0,-0.16017
3436,3.29892,0,0.00213059,0,0,0.111214,0.0159795,0,-0,0.0338379,35,32,0,0,0,34.3599,0,0,0,-0.160181
3437,3.29892,0,0.0127836,0.0225586,0,0.111214,-0.0117183,0,-0,0.0338379,35,32,0,0,0,34.3699,0,0,0,-0.160191
3438,3.29892,0,-0.00639178,-0.0112793,0,0.111214,-0.0138489,0,-0,0.0338379,35,32,0,0,0,34.3799,0,0,0,-0.160183
3439,3.29892,0,0.0255671,0,0,0.111214,-0.0191753,0,-0,0.0338379,35,32,0,0,0,34.3899,0,0,0,-0.160221
3440,3.29892,0,0.00426119,0,0,0.111214,0.0010653,0,-0,0.0112793,35,32,0,0,0,34.3999,0,0,0,-0.160192
3441,3.29892,0,0.0127836,0.0225586,0,0.111214,0.00745708,0,-0,0.0225586,35,32,0,0,0,34.4099,0,0,0,-0.160239
3442,3.29892,0,-0.00213059,0,0,0.111214,0.0159795,0,-0,0.0112793,35,32,0,0,0,34.4199,0,0,0,-0.160195
3443,3.29892,0,0.0138489,0,0,0.111214,0.0127836,0,-0,0.0225586,35,32,0,0,0,34.4299,0,0,0,-0.160216
3444,3.29892,0,-0.0138489,-0.0563965,0,0.111214,-0.0010653,0,-0,-0.0676758,35,32,0,0,0,34.4399,0,0,0,-0.16017
3445,3.29892,0,-0.00532648,0,0,0.111214,0.00532648,0,-0,0.0225586,35,32,0,0,0,34.4499,0,0,0,-0.160214
3446,3.29892,0,-0.0010653,0,0,0.111214,-0.01811,0,-0,-0,35,32,0,0,0,34.4599,0,0,0,-0.16018
3447,3.29892,0,-6.52306e-20,-0.0563965,0,0.111214,-0.0010653,0,-0,0.0338379,35,32,0,0,0,34.4699,0,0,0,-0.160247
3448,3.29892,0,0.00213059,0.0112793,0,0.111214,-0.010653,0,-0,0.0112793,35,32,0,0,0,34.4799,0,0,0,-0.160206
3449,3.29892,0,-0.00639178,0,0,0.111214,0.0319589,0,-0,0.0112793,35,32,0,0,0,34.4899,0,0,0,-0.160261
3450,3.29892,0,-0.0138489,0,0,0.111214,0.01811,0,-0,0.0112793,35,32,0,0,0,34.4999,0,0,0,-0.160237
3451,3.29892,0,0.00958767,-0.0451172,0,0.111214,-0.010653,0,-0,-0,35,32,0,0,0,34.5099,0,0,0,-0.160275
3452,3.29892,0,-0.0149142,-0.0451172,0,0.111214,-0.0245018,0,-0,0.0112793,35,32,0,0,0,34.5199,0,0,0,-0.160267
3453,3.29892,0,0.0159795,-0.0451172,0,0.111214,0.0362201,0,-0,0.0112793,35,32,0,0,0,34.5299,0,0,0,-0.160289
3454,3.29892,0,0.0138489,-0.0338379,0,0.111214,-0.0010653,0,-0,0.0225586,35,32,0,0,0,34.5399,0,0,0,-0.160258
3455,3.29892,0,0.00426119,-0.0451172,0,0.111214,0.00745708,0,-0,-0.0676758,35,32,0,0,0,34.5499,0,0,0,-0.160279
3456,3.29892,0,0.0010653,-0.0451172,0,0.111214,-0.00852238,0,-0,-0.0676758,35,32,0,0,0,34.5599,0,0,0,-0.160276
3457,3.29892,0,-0.00426119,-0.0563965,0,0.111214,-0.0010653,0,-0,-0.0676758,35,32,0,0,0,34.5699,0,0,0,-0.16023
3458,3.29892,0,0.0010653,0,0,0.111214,0.00426119,0,-0,-0.0676758,35,32,0,0,0,34.5799,0,0,0,-0.160228
3459,3.29892,0,-0.0010653,0.0225586,0,0.111214,0.0127836,0,-0,0.0451172,35,32,0,0,0,34.5899,0,0,0,-0.160204
3460,3.29892,0,0.00852238,-0.0451172,0,0.111214,-0.0351548,0,-0,-0.0676758,35,32,0,0,0,34.5999,0,0,0,-0.16022
3461,3.29892,0,0.0127836,0,0,0.111214,0.00213059,0,-0,-0.0676758,35,32,0,0,0,34.6099,0,0,0,-0.160216
3462,3.29892,0,0.010653,0,0,0.111214,-0.0202406,0,-0,0.0225586,35,32,0,0,0,34.6199,0,0,0,-0.160259
3463,3.29892,0,-0.010653,0.0451172,0,0.111214,0.0117183,0,-0,0.0338379,35,32,0,0,0,34.6299,0,0,0,-0.160278
3464,3.29892,0,-0.0127836,0.0338379,0,0.111214,-0.00213059,0,-0,0.0225586,35,32,0,0,0,34.6399,0,0,0,-0.160284
3465,3.29892,0,0.0010653,0.0338379,0,0.111214,0.00532648,0,-0,0.0338379,35,32,0,0,0,34.6499,0,0,0,-0.160267
3466,3.29892,0,-0.010653,0.0225586,0,0.111214,-0.00745708,0,-0,0.0338379,35,32,0,0,0,34.6599,0,0,0,-0.160305
3467,3.29892,0,0.00426119,0,0,0.111214,0.00745708,0,-0,-0,35,32,0,0,0,34.6699,0,0,0,-0.160305
3468,3.29892,0,0.0245018,0,0,0.111214,-1.5003e-18,0,-0,0.0338379,35,32,0,0,0,34.6799,0,0,0,-0.16033
3469,3.29892,0,-0.00319589,0,0,0.111214,-0.00426119,0,-0,0.0451172,35,32,0,0,0,34.6899,0,0,0,-0.160289
3470,3.29892,0,0.0010653,0,0,0.111214,-0.00745708,0,-0,0.0338379,35,32,0,0,0,34.6999,0,0,0,-0.160337
3471,3.29892,0,-0.00532648,0,0,0.111214,-0.0117183,0,-0,0.0225586,35,32,0,0,0,34.7099,0,0,0,-0.16028
3472,3.29892,0,0.00532648,0,0,0.111214,0.0266324,0,-0,0.0225586,35,32,0,0,0,34.7199,0,0,0,-0.160307
3473,3.29892,0,0.00958767,0,0,0.111214,-0.00532648,0,-0,0.0225586,35,32,0,0,0,34.7299,0,0,0,-0.160314
3474,3.29892,0,-0.00852238,0.0338379,0,0.111214,0.0415466,0,-0,0.0112793,35,32,0,0,0,34.7399,0,0,0,-0.160324
3475,3.29892,0,0.0010653,-0.0451172,0,0.111214,0.00639178,0,-0,0.0112793,35,32,0,0,0,34.7499,0,0,0,-0.160306
3476,3.29892,0,-0.010653,0.0338379,0,0.111214,0.0383507,0,-0,0.0225586,35,32,0,0,0,34.7599,0,0,0,-0.160323
3477,3.29892,0,0.00532648,0,0,0.111214,-0.0255671,0,-0,-0,35,32,0,0,0,34.7699,0,0,0,-0.160307
3478,3.29892,0,-0.00745708,0,0,0.111214,-0.00532648,0,-0,0.0225586,35,32,0,0,0,34.7799,0,0,0,-0.160333
3479,3.29892,0,0.00213059,-0.0563965,0,0.111214,-0.00958767,0,-0,-0,35,32,0,0,0,34.7899,0,0,0,-0.16037
3480,3.29892,0,-0.0149142,-0.0451172,0,0.111214,0.0223712,0,-0,0.0225586,35,32,0,0,0,34.7999,0,0,0,-0.160371
3481,3.29892,0,-0.00958767,-0.0451172,0,0.111214,-0.0276977,0,-0,0.0112793,35,32,0,0,0,34.8099,0,0,0,-0.160374
3482,3.29892,0,0.00213059,0.0338379,0,0.111214,0.028763,0,-0,-0.0676758,35,32,0,0,0,34.8199,0,0,0,-0.16038
3483,3.29892,0,0.010653,-0.0563965,0,0.111214,-0.0159795,0,-0,-0.0676758,35,32,0,0,0,34.8299,0,0,0,-0.160394
3484,3.29892,0,-3.26153e-19,0.0451172,0,0.111214,-0.00532648,0,-0,0.0112793,35,32,0,0,0,34.8399,0,0,0,-0.16036
3485,3.29892,0,-0.0117183,-0.0451172,0,0.111214,-0.010653,0,-0,0.0225586,35,32,0,0,0,34.8499,0,0,0,-0.160386
3486,3.29892,0,0.0149142,0,0,0.111214,0.01811,0,-0,0.0338379,35,32,0,0,0,34.8599,0,0,0,-0.160339
3487,3.29892,0,-1.30461e-19,0.0451172,0,0.111214,-0.00213059,0,-0,-0.0676758,35,32,0,0,0,34.8699,0,0,0,-0.160365
3488,3.29892,0,0.00213059,0.0451172,0,0.111214,0.0298283,0,-0,-0.0676758,35,32,0,0,0,34.8799,0,0,0,-0.160404
3489,3.29892,0,0.00745708,0,0,0.111214,-0.0191753,0,-0,-0.0676758,35,32,0,0,0,34.8899,0,0,0,-0.1604
3490,3.29892,0,-0.0170448,0.0338379,0,0.111214,0.0319589,0,-0,-0.0676758,35,32,0,0,0,34.8999,0,0,0,-0.1604
3491,3.29892,0,0.0159795,0,0,0.111214,-0.00958767,0,-0,0.0338379,35,32,0,0,0,34.9099,0,0,0,-0.160419
3492,3.29892,0,-0.00958767,-0.0563965,0,0.111214,0.00532648,0,-0,0.0338379,35,32,0,0,0,34.9199,0,0,0,-0.160427
3493,3.29892,0,0.00532648,0.0338379,0,0.111214,0.00426119,0,-0,0.0338379,35,32,0,0,0,34.9299,0,0,0,-0.160465
3494,3.29892,0,0.00319589,0,0,0.111214,0.0266324,0,-0,0.0451172,35,32,0,0,0,34.9399,0,0,0,-0.160425
3495,3.29892,0,-0.00426119,0.0451172,0,0.111214,0.0010653,0,-0,0.0338379,35,32,0,0,0,34.9499,0,0,0,-0.160435
3496,3.29892,0,0.00213059,0.0451172,0,0.111214,-0.0223712,0,-0,0.0225586,35,32,0,0,0,34.9599,0,0,0,-0.160425
3497,3.29892,0,0.00639178,0.0451172,0,0.111214,0.00852238,0,-0,0.0112793,35,32,0,0,0,34.9699,0,0,0,-0.160423
3498,3.29892,0,0.0245018,0.0225586,0,0.111214,-0.00852238,0,-0,0.0225586,35,32,0,0,0,34.9799,0,0,0,-0.160398
3499,3.29892,0,-0.00639178,0,0,0.111214,0.00639178,0,-0,0.0451172,35,32,0,0,0,34.9899,0,0,0,-0.160413
3500,3.29892,0,0.0138489,0.0225586,0,0.111214,-0.010653,0,-0,0.0225586,35,32,0,0,0,34.9999,0,0,0,-0.160356
3501,3.29892,0,-0.00639178,0,0,0.111214,-0.00745708,0,-0,0.0225586,35,32,0,0,0,35.0099,0,0,0,-0.160387
3502,3.29892,0,0.00852238,0,0,0.111214,-0.0127836,0,-0,0.0225586,35,32,0,0,0,35.0199,0,0,0,-0.160378
3503,3.29892,0,-0.00532648,0,0,0.111214,0.010653,0,-0,0.0338379,35,32,0,0,0,35.0299,0,0,0,-0.160371
3504,3.29892,0,0.0010653,0,0,0.111214,-0.0255671,0,-0,0.0225586,35,32,0,0,0,35.0399,0,0,0,-0.160355
3505,3.29892,0,0.00852238,0,0,0.111214,0.00532648,0,-0,0.0112793,35,32,0,0,0,35.0499,0,0,0,-0.160351
3506,3.29892,0,0.00852238,0,0,0.111214,-0.0213059,0,-0,0.0112793,35,32,0,0,0,35.0599,0,0,0,-0.160362
3507,3.29892,0,0.00639178,0,0,0.111214,0.0127836,0,-0,0.0338379,35,32,0,0,0,35.0699,0,0,0,-0.16033
3508,3.29892,0,0.0138489,0,0,0.111214,-0.0117183,0,-0,0.0112793,35,32,0,0,0,35.0799,0,0,0,-0.160316
3509,3.29892,0,0.0010653,0,0,0.111214,0.00319589,0,-0,0.0338379,35,32,0,0,0,35.0899,0,0,0,-0.160315
3510,3.29892,0,-3.26153e-19,-0.0451172,0,0.111214,-0.00532648,0,-0,0.0225586,35,32,0,0,0,35.0999,0,0,0,-0.16034
3511,3.29892,0,0.00958767,0,0,0.111214,0.0010653,0,-0,0.0112793,35,32,0,0,0,35.1099,0,0,0,-0.16033
3512,3.29892,0,0.0149142,-0.0451172,0,0.111214,0.0010653,0,-0,0.0112793,35,32,0,0,0,35.1199,0,0,0,-0.160342
3513,3.29892,0,-0.00532648,-0.0451172,0,0.111214,0.00213059,0,-0,0.0225586,35,32,0,0,0,35.1299,0,0,0,-0.160304
3514,3.29892,0,-0.00319589,0.0338379,0,0.111214,-0.0010653,0,-0,0.0225586,35,32,0,0,0,35.1399,0,0,0,-0.160323
3515,3.29892,0,0.010653,0.0338379,0,0.111214,0.0191753,0,-0,-0.0676758,35,32,0,0,0,35.1499,0,0,0,-0.160304
3516,3.29892,0,-0.00958767,0.0338379,0,0.111214,-0.0149142,0,-0,-0.0676758,35,32,0,0,0,35.1599,0,0,0,-0.160324
3517,3.29892,0,0.00958767,0.0225586,0,0.111214,0.00745708,0,-0,-0.0676758,35,32,0,0,0,35.1699,0,0,0,-0.160294
3518,3.29892,0,-0.0149142,0.0225586,0,0.111214,0.0127836,0,-0,-0.0676758,35,32,0,0,0,35.1799,0,0,0,-0.160317
3519,3.29892,0,0.0170448,0.0451172,0,0.111214,-0.01811,0,-0,0.0338379,35,32,0,0,0,35.1899,0,0,0,-0.160319
3520,3.29892,0,-0.00319589,0,0,0.111214,-0.00852238,0,-0,0.0338379,35,32,0,0,0,35.1999,0,0,0,-0.160351
3521,3.29892,0,-0.00745708,0.0338379,0,0.111214,-0.010653,0,-0,0.0338379,35,32,0,0,0,35.2099,0,0,0,-0.160321
3522,3.29892,0,-6.52306e-20,0.0451172,0,0.111214,-0.0010653,0,-0,0.0451172,35,32,0,0,0,35.2199,0,0,0,-0.160349
3523,3.29892,0,0.00426119,0,0,0.111214,-0.0159795,0,-0,0.0451172,35,32,0,0,0,35.2299,0,0,0,-0.160324
3524,3.29892,0,0.00639178,0.0225586,0,0.111214,0.0223712,0,-0,0.0451172,35,32,0,0,0,35.2399,0,0,0,-0.160373
3525,3.29892,0,-0.010653,0.0225586,0,0.111214,-0.00532648,0,-0,0.0338379,35,32,0,0,0,35.2499,0,0,0,-0.160365
3526,3.29892,0,-0.0149142,0.0112793,0,0.111214,0.0010653,0,-0,0.0225586,35,32,0,0,0,35.2599,0,0,0,-0.160409
3527,3.29892,0,-0.0117183,0.0451172,0,0.111214,-0.0191753,0,-0,0.0112793,35,32,0,0,0,35.2699,0,0,0,-0.160405
3528,3.29892,0,0.00213059,0.0225586,0,0.111214,0.0245018,0,-0,0.0338379,35,32,0,0,0,35.2799,0,0,0,-0.160414
3529,3.29892,0,-0.00426119,0,0,0.111214,-0.0202406,0,-0,0.0338379,35,32,0,0,0,35.2899,0,0,0,-0.160407
3530,3.29892,0,-0.00958767,0,0,0.111214,0.0138489,0,-0,-0,35,32,0,0,0,35.2999,0,0,0,-0.160401
3531,3.29892,0,0.00532648,0,0,0.111214,-0.0010653,0,-0,0.0225586,35,32,0,0,0,35.3099,0,0,0,-0.160413
3532,3.29892,0,-0.00745708,0,0,0.111214,0.0213059,0,-0,0.0225586,35,32,0,0,0,35.3199,0,0,0,-0.160366
3533,3.29892,0,0.00213059,0,0,0.111214,-0.0138489,0,-0,0.0225586,35,32,0,0,0,35.3299,0,0,0,-0.160396
3534,3.29892,0,-0.00213059,-0.0563965,0,0.111214,0.0159795,0,-0,0.0225586,35,32,0,0,0,35.3399,0,0,0,-0.160413
3535,3.29892,0,-0.0138489,0,0,0.111214,-0.0415466,0,-0,0.0338379,35,32,0,0,0,35.3499,0,0,0,-0.160406
3536,3.29892,0,0.00319589,0,0,0.111214,0.0223712,0,-0,0.0225586,35,32,0,0,0,35.3599,0,0,0,-0.160413
3537,3.29892,0,0.00319589,-0.0563965,0,0.111214,0.0010653,0,-0,0.0225586,35,32,0,0,0,35.3699,0,0,0,-0.160413
3538,3.29892,0,0.00745708,0.0451172,0,0.111214,0.0372854,0,-0,0.0225586,35,32,0,0,0,35.3799,0,0,0,-0.160373
3539,3.29892,0,0.00532648,0,0,0.111214,-0.0298283,0,-0,0.0225586,35,32,0,0,0,35.3899,0,0,0,-0.160385
3540,3.29892,0,0.00852238,-0.0563965,0,0.111214,0.00639178,0,-0,-0.0676758,35,32,0,0,0,35.3999,0,0,0,-0.160332
3541,3.29892,0,-0.00532648,0,0,0.111214,-0.0138489,0,-0,0.0112793,35,32,0,0,0,35.4099,0,0,0,-0.160376
3542,3.29892,0,0.00958767,0,0,0.111214,0.0170448,0,-0,0.0338379,35,32,0,0,0,35.4199,0,0,0,-0.160339
3543,3.29892,0,-0.00213059,0.0451172,0,0.111214,-0.0362201,0,-0,-0.0676758,35,32,0,0,0,35.4299,0,0,0,-0.160357
3544,3.29892,0,0.00958767,-0.0451172,0,0.111214,0.0127836,0,-0,0.0338379,35,32,0,0,0,35.4399,0,0,0,-0.160347
3545,3.29892,0,9.13229e-19,-0.0451172,0,0.111214,0.0149142,0,-0,-0.0676758,35,32,0,0,0,35.4499,0,0,0,-0.160379
3546,3.29892,0,0.01811,-0.0451172,0,0.111214,0.00426119,0,-0,-0.0676758,35,32,0,0,0,35.4599,0,0,0,-0.160361
3547,3.29892,0,-0.0159795,0.0451172,0,0.111214,0.0159795,0,-0,-0.0676758,35,32,0,0,0,35.4699,0,0,0,-0.160397
3548,3.29892,0,-0.00532648,0.0338379,0,0.111214,-0.00426119,0,-0,-0.0676758,35,32,0,0,0,35.4799,0,0,0,-0.160371
3549,3.29892,0,0.00319589,-0.0451172,0,0.111214,-1.95692e-19,0,-0,-0.0676758,35,32,0,0,0,35.4899,0,0,0,-0.160389
3550,3.29892,0,0.0010653,-0.0563965,0,0.111214,-0.00745708,0,-0,-0.0676758,35,32,0,0,0,35.4999,0,0,0,-0.160379
3551,3.29892,0,-0.00639178,0,0,0.111214,-0.00213059,0,-0,0.0451172,35,32,0,0,0,35.5099,0,0,0,-0.160387
3552,3.29892,0,-0.00639178,0,0,0.111214,-0.0138489,0,-0,0.0112793,35,32,0,0,0,35.5199,0,0,0,-0.160374
3553,3.29892,0,-0.00745708,0.0451172,0,0.111214,0.0127836,0,-0,-0.0676758,35,32,0,0,0,35.5299,0,0,0,-0.160377
3554,3.29892,0,0.00852238,0.0451172,0,0.111214,-0.0170448,0,-0,0.0451172,35,32,0,0,0,35.5399,0,0,0,-0.160356
3555,3.29892,0,0.00639178,0.0451172,0,0.111214,0.0117183,0,-0,0.0338379,35,32,0,0,0,35.5499,0,0,0,-0.160362
3556,3.29892,0,0.01811,0,0,0.111214,-0.0276977,0,-0,0.0338379,35,32,0,0,0,35.5599,0,0,0,-0.160358
3557,3.29892,0,-0.00319589,0,0,0.111214,0.0213059,0,-0,0.0225586,35,32,0,0,0,35.5699,0,0,0,-0.160361
3558,3.29892,0,0.00745708,0,0,0.111214,-0.00958767,0,-0,0.0338379,35,32,0,0,0,35.5799,0,0,0,-0.160363
3559,3.29892,0,0.010653,0.0451172,0,0.111214,-0.010653,0,-0,0.0225586,35,32,0,0,0,35.5899,0,0,0,-0.160369
3560,3.29892,0,-0.0138489,0.0225586,0,0.111214,-0.0255671,0,-0,0.0225586,35,32,0,0,0,35.5999,0,0,0,-0.160346
3561,3.29892,0,0.00745708,0,0,0.111214,0.0372854,0,-0,0.0225586,35,32,0,0,0,35.6099,0,0,0,-0.160347
3562,3.29892,0,-0.00852238,0,0,0.111214,0.00319589,0,-0,0.0225586,35,32,0,0,0,35.6199,0,0,0,-0.160388
3563,3.29892,0,0.00532648,0,0,0.111214,-0.0479384,0,-0,0.0225586,35,32,0,0,0,35.6299,0,0,0,-0.160331
3564,3.29892,0,0.0245018,0,0,0.111214,-0.00852238,0,-0,0.0225586,35,32,0,0,0,35.6399,0,0,0,-0.160345
3565,3.29892,0,0.0010653,0,0,0.111214,-0.0266324,0,-0,0.0112793,35,32,0,0,0,35.6499,0,0,0,-0.160318
3566,3.29892,0,-0.00426119,-0.0451172,0,0.111214,0.00426119,0,-0,0.0112793,35,32,0,0,0,35.6599,0,0,0,-0.16036
3567,3.29892,0,0.00958767,0,0,0.111214,-0.00852238,0,-0,0.0225586,35,32,0,0,0,35.6699,0,0,0,-0.160297
3568,3.29892,0,-0.0010653,0,0,0.111214,0.00426119,0,-0,-0,35,32,0,0,0,35.6799,0,0,0,-0.160319
3569,3.29892,0,-0.010653,-0.0451172,0,0.111214,-0.0149142,0,-0,0.0112793,35,32,0,0,0,35.6899,0,0,0,-0.160301
3570,3.29892,0,0.0170448,-0.0563965,0,0.111214,0.0010653,0,-0,-0.0676758,35,32,0,0,0,35.6999,0,0,0,-0.160324
3571,3.29892,0,-0.00852238,0,0,0.111214,-0.0127836,0,-0,0.0112793,35,32,0,0,0,35.7099,0,0,0,-0.160278
3572,3.29892,0,0.00319589,0,0,0.111214,0.00852238,0,-0,0.0225586,35,32,0,0,0,35.7199,0,0,0,-0.160312
3573,3.29892,0,0.010653,0,0,0.111214,-0.010653,0,-0,0.0225586,35,32,0,0,0,35.7299,0,0,0,-0.160293
3574,3.29892,0,0.00532648,-0.0451172,0,0.111214,0.0127836,0,-0,-0,35,32,0,0,0,35.7399,0,0,0,-0.160306
3575,3.29892,0,0.0117183,-0.0563965,0,0.111214,-0.0149142,0,-0,0.0112793,35,32,0,0,0,35.7499,0,0,0,-0.160267
3576,3.29892,0,0.00532648,-0.0451172,0,0.111214,0.0308936,0,-0,-0.0676758,35,32,0,0,0,35.7599,0,0,0,-0.160267
3577,3.29892,0,-0.0010653,-0.0563965,0,0.111214,-0.00426119,0,-0,-0.0676758,35,32,0,0,0,35.7699,0,0,0,-0.16027
3578,3.29892,0,-0.010653,0,0,0.111214,0.0319589,0,-0,-0.0676758,35,32,0,0,0,35.7799,0,0,0,-0.160304
3579,3.29892,0,0.00319589,0.0451172,0,0.111214,-0.0213059,0,-0,-0.0676758,35,32,0,0,0,35.7899,0,0,0,-0.160325
3580,3.29892,0,0.0127836,0.0451172,0,0.111214,0.0213059,0,-0,-0.0676758,35,32,0,0,0,35.7999,0,0,0,-0.160309
3581,3.29892,0,-0.00213059,0.0338379,0,0.111214,-0.0255671,0,-0,-0.0676758,35,32,0,0,0,35.8099,0,0,0,-0.160299
3582,3.29892,0,0.0010653,-0.0451172,0,0.111214,0.00213059,0,-0,0.0338379,35,32,0,0,0,35.8199,0,0,0,-0.160315
3583,3.29892,0,0.0010653,0.0451172,0,0.111214,0.00745708,0,-0,0.0225586,35,32,0,0,0,35.8299,0,0,0,-0.160324
3584,3.29892,0,0.00958767,0.0451172,0,0.111214,0.0202406,0,-0,0.0338379,35,32,0,0,0,35.8399,0,0,0,-0.160307
3585,3.29892,0,-0.00532648,0.0451172,0,0.111214,-0.0223712,0,-0,0.0338379,35,32,0,0,0,35.8499,0,0,0,-0.160321
3586,3.29892,0,-0.00213059,0.0451172,0,0.111214,0.0415466,0,-0,-0,35,32,0,0,0,35.8599,0,0,0,-0.160358
3587,3.29892,0,-0.0191753,0.0225586,0,0.111214,-0.0234365,0,-0,0.0225586,35,32,0,0,0,35.8699,0,0,0,-0.160349
3588,3.29892,0,0.00532648,0,0,0.111214,0.00213059,0,-0,0.0225586,35,32,0,0,0,35.8799,0,0,0,-0.160327
3589,3.29892,0,0.0127836,0,0,0.111214,-0.0202406,0,-0,0.0225586,35,32,0,0,0,35.8899,0,0,0,-0.160359
3590,3.29892,0,-0.0138489,0,0,0.111214,0.00213059,0,-0,0.0225586,35,32,0,0,0,35.8999,0,0,0,-0.160374
3591,3.29892,0,0.00745708,-0.0451172,0,0.111214,-0.0149142,0,-0,-0,35,32,0,0,0,35.9099,0,0,0,-0.160372
3592,3.29892,0,0.010653,0,0,0.111214,0.00852238,0,-0,0.0112793,35,32,0,0,0,35.9199,0,0,0,-0.160348
3593,3.29892,0,0.010653,0.0338379,0,0.111214,0.00319589,0,-0,0.0112793,35,32,0,0,0,35.9299,0,0,0,-0.160374
3594,3.29892,0,-0.00426119,0,0,0.111214,-0.00958767,0,-0,0.0112793,35,32,0,0,0,35.9399,0,0,0,-0.160347
3595,3.29892,0,1.17415e-18,0,0,0.111214,0.0191753,0,-0,0.0112793,35,32,0,0,0,35.9499,0,0,0,-0.160394
3596,3.29892,0,-0.00639178,0,0,0.111214,-0.0213059,0,-0,0.0338379,35,32,0,0,0,35.9599,0,0,0,-0.160408
3597,3.29892,0,0.0149142,-0.0563965,0,0.111214,0.0191753,0,-0,0.0112793,35,32,0,0,0,35.9699,0,0,0,-0.160417
3598,3.29892,0,0.0010653,-0.0451172,0,0.111214,-0.0127836,0,-0,0.0338379,35,32,0,0,0,35.9799,0,0,0,-0.160389
3599,3.29892,0,0.00532648,-0.0451172,0,0.111214,0.00958767,0,-0,0.0112793,35,32,0,0,0,35.9899,0,0,0,-0.160418
3600,3.29892,0,-0.00958767,0,0,0.111214,-0.0308936,0,-0,0.0225586,35,32,0,0,0,35.9999,0,0,0,-0.160402
3601,3.29892,0,-0.00319589,-0.0563965,0,0.111214,0.0213059,0,-0,0.0338379,35,32,0,0,0,36.0099,0,0,0,-0.160394
3602,3.29892,0,0.00426119,0.0225586,0,0.111214,0.0149142,0,-0,-0.0225586,35,32,0,0,0,36.0199,0,0,0,-0.1604
3603,3.29892,0,0.00213059,-0.0451172,0,0.111214,-0.0149142,0,-0,-0.0676758,35,32,0,0,0,36.0299,0,0,0,-0.160359
3604,3.29892,0,-0.00426119,-0.0563965,0,0.111214,-0.0213059,0,-0,0.0225586,35,32,0,0,0,36.0399,0,0,0,-0.160344
3605,3.29892,0,0.0159795,-0.0338379,0,0.111214,0.0138489,0,-0,-0.0676758,35,32,0,0,0,36.0499,0,0,0,-0.160346
3606,3.29892,0,0.00745708,-0.0563965,0,0.111214,-0.0010653,0,-0,0.0112793,35,32,0,0,0,36.0599,0,0,0,-0.160382
3607,3.29892,0,-0.00532648,-0.0563965,0,0.111214,-0.00213059,0,-0,-0.0676758,35,32,0,0,0,36.0699,0,0,0,-0.160344
3608,3.29892,0,0.0117183,-0.0451172,0,0.111214,-7.17537e-19,0,-0,-0.0676758,35,32,0,0,0,36.0799,0,0,0,-0.160395
3609,3.29892,0,-0.00426119,0,0,0.111214,0.00958767,0,-0,0.0225586,35,32,0,0,0,36.0899,0,0,0,-0.160361
3610,3.29892,0,1.10892e-18,0,0,0.111214,0.01811,0,-0,0.0338379,35,32,0,0,0,36.0999,0,0,0,-0.160395
3611,3.29892,0,0.00532648,0.0338379,0,0.111214,0.0117183,0,-0,0.0225586,35,32,0,0,0,36.1099,0,0,0,-0.160378
3612,3.29892,0,-0.00958767,0.0451172,0,0.111214,-0.00426119,0,-0,0.0225586,35,32,0,0,0,36.1199,0,0,0,-0.16039
3613,3.29892,0,-0.00532648,0,0,0.111214,0.010653,0,-0,0.0112793,35,32,0,0,0,36.1299,0,0,0,-0.16036
3614,3.29892,0,0.00319589,0.0451172,0,0.111214,0.0330242,0,-0,0.0112793,35,32,0,0,0,36.1399,0,0,0,-0.1604
3615,3.29892,0,0.00426119,0.0338379,0,0.111214,0.0010653,0,-0,0.0225586,35,32,0,0,0,36.1499,0,0,0,-0.160353
3616,3.29892,0,-0.01811,0.0451172,0,0.111214,-0.00852238,0,-0,0.0225586,35,32,0,0,0,36.1599,0,0,0,-0.160412
3617,3.29892,0,0.010653,0,0,0.111214,-0.00319589,0,-0,0.0225586,35,32,0,0,0,36.1699,0,0,0,-0.160387
3618,3.29892,0,0.0191753,0,0,0.111214,0.0159795,0,-0,0.0338379,35,32,0,0,0,36.1799,0,0,0,-0.160406
3619,3.29892,0,-0.0255671,-0.0451172,0,0.111214,0.01811,0,-0,0.0338379,35,32,0,0,0,36.1899,0,0,0,-0.160401
3620,3.29892,0,-0.0149142,0,0,0.111214,0.010653,0,-0,0.0225586,35,32,0,0,0,36.1999,0,0,0,-0.160414
3621,3.29892,0,-0.00852238,0.0225586,0,0.111214,-0.00852238,0,-0,-0,35,32,0,0,0,36.2099,0,0,0,-0.160402
3622,3.29892,0,-0.00958767,0,0,0.111214,0.0149142,0,-0,0.0225586,35,32,0,0,0,36.2199,0,0,0,-0.160412
3623,3.29892,0,0.0149142,0.0225586,0,0.111214,-0.010653,0,-0,0.0112793,35,32,0,0,0,36.2299,0,0,0,-0.160373
3624,3.29892,0,-0.010653,0.0225586,0,0.111214,0.00426119,0,-0,0.0112793,35,32,0,0,0,36.2399,0,0,0,-0.160389
3625,3.29892,0,0.0127836,0,0,0.111214,0.0127836,0,-0,0.0225586,35,32,0,0,0,36.2499,0,0,0,-0.160398
3626,3.29892,0,-0.00213059,0,0,0.111214,0.00852238,0,-0,0.0225586,35,32,0,0,0,36.2599,0,0,0,-0.160378
3627,3.29892,0,0.0213059,-0.0338379,0,0.111214,-0.0010653,0,-0,0.0225586,35,32,0,0,0,36.2699,0,0,0,-0.160353
3628,3.29892,0,-0.0223712,-0.0451172,0,0.111214,0.00319589,0,-0,0.0112793,35,32,0,0,0,36.2799,0,0,0,-0.160329
3629,3.29892,0,-0.00958767,0,0,0.111214,-0.00745708,0,-0,0.0225586,35,32,0,0,0,36.2899,0,0,0,-0.160328
3630,3.29892,0,0.010653,0,0,0.111214,0.0255671,0,-0,0.0225586,35,32,0,0,0,36.2999,0,0,0,-0.160356
3631,3.29892,0,-0.0202406,0,0,0.111214,0.00958767,0,-0,0.0112793,35,32,0,0,0,36.3099,0,0,0,-0.160342
3632,3.29892,0,-0.0117183,-0.0451172,0,0.111214,-0.00426119,0,-0,-0.0676758,35,32,0,0,0,36.3199,0,0,0,-0.160312
3633,3.29892,0,-0.00532648,-0.0563965,0,0.111214,-0.010653,0,-0,-0.0676758,35,32,0,0,0,36.3299,0,0,0,-0.160328
3634,3.29892,0,-0.010653,0,0,0.111214,0.0159795,0,-0,0.0225586,35,32,0,0,0,36.3399,0,0,0,-0.16032
3635,3.29892,0,0.00958767,0,0,0.111214,-0.0223712,0,-0,0.0225586,35,32,0,0,0,36.3499,0,0,0,-0.16039
3636,3.29892,0,0.00639178,0,0,0.111214,0.0138489,0,-0,-0.0676758,35,32,0,0,0,36.3599,0,0,0,-0.160336
3637,3.29892,0,-0.0010653,-0.0451172,0,0.111214,-0.0266324,0,-0,-0.0676758,35,32,0,0,0,36.3699,0,0,0,-0.160347
3638,3.29892,0,-0.0138489,0.0451172,0,0.111214,-0.0117183,0,-0,-0.0676758,35,32,0,0,0,36.3799,0,0,0,-0.160315
3639,3.29892,0,-0.00426119,0.0451172,0,0.111214,-0.010653,0,-0,-0.0676758,35,32,0,0,0,36.3899,0,0,0,-0.160348
3640,3.29892,0,-0.00532648,0.0451172,0,0.111214,-0.010653,0,-0,-0.0676758,35,32,0,0,0,36.3999,0,0,0,-0.160335
3641,3.29892,0,0.010653,0.0451172,0,0.111214,0.0117183,0,-0,0.0338379,35,32,0,0,0,36.4099,0,0,0,-0.160381
3642,3.29892,0,0.0170448,0,0,0.111214,-0.00213059,0,-0,0.0338379,35,32,0,0,0,36.4199,0,0,0,-0.160328
3643,3.29892,0,0.0117183,0.0451172,0,0.111214,0.00639178,0,-0,-0,35,32,0,0,0,36.4299,0,0,0,-0.160369
3644,3.29892,0,0.00852238,0.0451172,0,0.111214,-0.00319589,0,-0,0.0338379,35,32,0,0,0,36.4399,0,0,0,-0.160348
3645,3.29892,0,0.00319589,0,0,0.111214,-0.00319589,0,-0,0.0338379,35,32,0,0,0,36.4499,0,0,0,-0.16037
3646,3.29892,0,0.00532648,0,0,0.111214,-0.0149142,0,-0,0.0338379,35,32,0,0,0,36.4599,0,0,0,-0.160338
3647,3.29892,0,0.0223712,0.0451172,0,0.111214,0.00639178,0,-0,0.0338379,35,32,0,0,0,36.4699,0,0,0,-0.160374
3648,3.29892,0,-0.00639178,0.0451172,0,0.111214,-0.0117183,0,-0,0.0338379,35,32,0,0,0,36.4799,0,0,0,-0.160348
3649,3.29892,0,-0.00319589,0.0451172,0,0.111214,-0.0117183,0,-0,0.0225586,35,32,0,0,0,36.4899,0,0,0,-0.160335
3650,3.29892,0,-0.0010653,0.0225586,0,0.111214,0.00745708,0,-0,-0,35,32,0,0,0,36.4999,0,0,0,-0.160352
3651,3.29892,0,0.010653,0.0338379,0,0.111214,0.0266324,0,-0,0.0225586,35,32,0,0,0,36.5099,0,0,0,-0.160364
3652,3.29892,0,0.0213059,0.0225586,0,0.111214,0.00532648,0,-0,0.0225586,35,32,0,0,0,36.5199,0,0,0,-0.160372
3653,3.29892,0,0.00426119,0,0,0.111214,-0.00213059,0,-0,0.0112793,35,32,0,0,0,36.5299,0,0,0,-0.160338
3654,3.29892,0,0.00532648,-0.0451172,0,0.111214,-0.00532648,0,-0,0.0112793,35,32,0,0,0,36.5399,0,0,0,-0.16036
3655,3.29892,0,0.00319589,0,0,0.111214,-1.95692e-19,0,-0,0.0225586,35,32,0,0,0,36.5499,0,0,0,-0.16035
3656,3.29892,0,-7.82767e-19,0,0,0.111214,-0.0127836,0,-0,-0,35,32,0,0,0,36.5599,0,0,0,-0.160371
3657,3.29892,0,-0.00745708,0,0,0.111214,0.0298283,0,-0,0.0225586,35,32,0,0,0,36.5699,0,0,0,-0.16031
3658,3.29892,0,-0.0010653,0,0,0.111214,-0.00852238,0,-0,0.0225586,35,32,0,0,0,36.5799,0,0,0,-0.160348
3659,3.29892,0,-0.0117183,0,0,0.111214,-0.010653,0,-0,0.0225586,35,32,0,0,0,36.5899,0,0,0,-0.160339
3660,3.29892,0,0.00639178,0,0,0.111214,0.0127836,0,-0,0.0225586,35,32,0,0,0,36.5999,0,0,0,-0.160365
3661,3.29892,0,0.00213059,-0.0338379,0,0.111214,-0.0213059,0,-0,-0.0451172,35,32,0,0,0,36.6099,0,0,0,-0.160323
3662,3.29892,0,0.00639178,0,0,0.111214,-3.91384e-19,0,-0,0.0112793,35,32,0,0,0,36.6199,0,0,0,-0.160349
3663,3.29892,0,-0.010653,-0.0563965,0,0.111214,0.00532648,0,-0,0.0112793,35,32,0,0,0,36.6299,0,0,0,-0.160347
3664,3.29892,0,-0.00852238,-0.0451172,0,0.111214,-0.00958767,0,-0,-0.0676758,35,32,0,0,0,36.6399,0,0,0,-0.160337
3665,3.29892,0,0.00213059,-0.0451172,0,0.111214,0.00319589,0,-0,-0.0676758,35,32,0,0,0,36.6499,0,0,0,-0.160322
3666,3.29892,0,0.00745708,-0.0451172,0,0.111214,-4.56614e-19,0,-0,-0.0676758,35,32,0,0,0,36.6599,0,0,0,-0.160359
3667,3.29892,0,-0.00532648,-0.0563965,0,0.111214,0.010653,0,-0,-0.0676758,35,32,0,0,0,36.6699,0,0,0,-0.160351
3668,3.29892,0,0.0117183,-0.0451172,0,0.111214,-0.00213059,0,-0,-0.0676758,35,32,0,0,0,36.6799,0,0,0,-0.160377
3669,3.29892,0,-0.0010653,0,0,0.111214,0.00532648,0,-0,0.0112793,35,32,0,0,0,36.6899,0,0,0,-0.160307
3670,3.29892,0,-0.0191753,0.0451172,0,0.111214,-0.00852238,0,-0,-0.0676758,35,32,0,0,0,36.6999,0,0,0,-0.160348
3671,3.29892,0,-0.0159795,-0.0563965,0,0.111214,-0.00958767,0,-0,-0.0451172,35,32,0,0,0,36.7099,0,0,0,-0.160327
3672,3.29892,0,0.00639178,0.0451172,0,0.111214,0.0170448,0,-0,-0.0676758,35,32,0,0,0,36.7199,0,0,0,-0.160291
3673,3.29892,0,-0.00958767,-0.0563965,0,0.111214,-0.0245018,0,-0,-0.0451172,35,32,0,0,0,36.7299,0,0,0,-0.16032
3674,3.29892,0,1.5003e-18,0,0,0.111214,0.0245018,0,-0,0.0225586,35,32,0,0,0,36.7399,0,0,0,-0.160345
3675,3.29892,0,-2.73969e-18,0.0338379,0,0.111214,-0.0447425,0,-0,0.0225586,35,32,0,0,0,36.7499,0,0,0,-0.160311
3676,3.29892,0,-0.00745708,0,0,0.111214,0.00852238,0,-0,0.0225586,35,32,0,0,0,36.7599,0,0,0,-0.16033
3677,3.29892,0,0.0245018,0,0,0.111214,-0.0223712,0,-0,0.0338379,35,32,0,0,0,36.7699,0,0,0,-0.160348
3678,3.29892,0,0.0117183,0.0225586,0,0.111214,0.0340895,0,-0,-0,35,32,0,0,0,36.7799,0,0,0,-0.160354
3679,3.29892,0,0.00426119,0.0225586,0,0.111214,-0.00426119,0,-0,0.0112793,35,32,0,0,0,36.7899,0,0,0,-0.160341
3680,3.29892,0,-0.00532648,-0.0451172,0,0.111214,0.00958767,0,-0,0.0225586,35,32,0,0,0,36.7999,0,0,0,-0.160327
3681,3.29892,0,-0.00426119,0,0,0.111214,-0.0276977,0,-0,-0,35,32,0,0,0,36.8099,0,0,0,-0.160327
3682,3.29892,0,0.010653,0,0,0.111214,0.010653,0,-0,0.0225586,35,32,0,0,0,36.8199,0,0,0,-0.160316
3683,3.29892,0,-0.0138489,0,0,0.111214,-0.0127836,0,-0,0.0225586,35,32,0,0,0,36.8299,0,0,0,-0.160353
3684,3.29892,0,0.0010653,0,0,0.111214,0.0330242,0,-0,0.0112793,35,32,0,0,0,36.8399,0,0,0,-0.160334
3685,3.29892,0,0.00319589,-0.0563965,0,0.111214,-0.00745708,0,-0,0.0112793,35,32,0,0,0,36.8499,0,0,0,-0.16036
3686,3.29892,0,0.0202406,-0.0451172,0,0.111214,0.0127836,0,-0,-0,35,32,0,0,0,36.8599,0,0,0,-0.16034
3687,3.29892,0,0.00639178,0,0,0.111214,0.00319589,0,-0,0.0225586,35,32,0,0,0,36.8699,0,0,0,-0.160395
3688,3.29892,0,0.00213059,0,0,0.111214,0.01811,0,-0,0.0225586,35,32,0,0,0,36.8799,0,0,0,-0.160377
3689,3.29892,0,0.0245018,0.0225586,0,0.111214,-0.0170448,0,-0,0.0112793,35,32,0,0,0,36.8899,0,0,0,-0.160378
3690,3.29892,0,0.0117183,-0.0451172,0,0.111214,-7.17537e-19,0,-0,0.0338379,35,32,0,0,0,36.8999,0,0,0,-0.160371
3691,3.29892,0,0.00958767,-0.0563965,0,0.111214,-5.87076e-19,0,-0,0.0112793,35,32,0,0,0,36.9099,0,0,0,-0.160398
3692,3.29892,0,-0.00213059,-0.0451172,0,0.111214,-0.0010653,0,-0,0.0225586,35,32,0,0,0,36.9199,0,0,0,-0.160394
3693,3.29892,0,0.010653,0,0,0.111214,-0.00639178,0,-0,0.0112793,35,32,0,0,0,36.9299,0,0,0,-0.160461
3694,3.29892,0,0.00745708,-0.0451172,0,0.111214,-0.010653,0,-0,0.0112793,35,32,0,0,0,36.9399,0,0,0,-0.160435
3695,3.29892,0,0.010653,-0.0451172,0,0.111214,-6.52306e-19,0,-0,0.0225586,35,32,0,0,0,36.9499,0,0,0,-0.160448
3696,3.29892,0,-0.0149142,-0.0451172,0,0.111214,-0.01811,0,-0,-0.0676758,35,32,0,0,0,36.9599,0,0,0,-0.160409
3697,3.29892,0,0.00852238,-0.0451172,0,0.111214,0.01811,0,-0,-0.0676758,35,32,0,0,0,36.9699,0,0,0,-0.160423
3698,3.29892,0,-0.00213059,0.0112793,0,0.111214,-0.0234365,0,-0,-0.0676758,35,32,0,0,0,36.9799,0,0,0,-0.160408
3699,3.29892,0,0.01811,0.0451172,0,0.111214,0.0223712,0,-0,0.0338379,35,32,0,0,0,36.9899,0,0,0,-0.160437
