index,/gimbal/yaw/angle,/gimbal/yaw/velocity,/gimbal/yaw/velocity_imu,/gimbal/yaw/torque,/gimbal/yaw/control_torque,/gimbal/pitch/angle,/gimbal/pitch/velocity_imu,/gimbal/pitch/control_torque,/gimbal/pitch/velocity,/gimbal/pitch/torque,/gimbal/pitch/temperature,/gimbal/yaw/temperature,/yaw_experiment/state,/yaw_experiment/fault,/yaw_experiment/completed,/yaw_experiment/time_s,/yaw_experiment/excitation,/yaw_experiment/pitch_target,/yaw_experiment/pitch_torque_unlimited,/yaw_experiment/pitch_world,/yaw_experiment/yaw_target_offset,/yaw_experiment/yaw_error,/yaw_experiment/yaw_feedforward,/yaw_experiment/tracking_frequency_hz
0,2.55274,0,0.0138489,0,0,3.08848,0.010653,0,-0,-0,0,0,0,0,0,0,0,0,0,-0.165971,0,0,0,0
1,2.40289,0,-0.00958767,0,0,0.060784,0.00319589,0,-0,0.0338379,36,33,0,0,0,0.00991203,0,0,0,-0.165932,0,0,0,0
2,2.40289,0,0.00639178,-0.0338379,0,0.060784,-0.00426119,0,-0,-0.146631,36,33,0,0,0,0.0199054,0,0,0,-0.165727,0,0,0,0
3,2.40289,0,0.0117183,0,0,0.060784,-0.0127836,0,-0,-0.146631,36,33,0,0,0,0.029906,0,0,0,-0.165631,0,0,0,0
4,2.40289,0,0.0010653,-0.0338379,0,0.060784,0.0276977,0,-0,0.0338379,36,33,0,0,0,0.0399055,0,0,0,-0.16555,0,0,0,0
5,2.40289,0,0.00532648,-0.0225586,0,0.060784,-0.0117183,0,-0,0.0563965,36,33,0,0,0,0.0499057,0,0,0,-0.165522,0,0,0,0
6,2.40289,0,0.0245018,0,0,0.060784,0.00639178,0,-0,-0.101514,36,33,0,0,0,0.0599058,0,0,0,-0.16521,0,0,0,0
7,2.40289,0,-0.00319589,0.0338379,0,0.060784,0.00213059,0,-0,0.0338379,36,33,0,0,0,0.0699055,0,0,0,-0.165261,0,0,0,0
8,2.40289,0,-0.010653,-0.0451172,0,0.060784,-0.00213059,0,-0,0.0338379,36,33,0,0,0,0.0799055,0,0,0,-0.165098,0,0,0,0
9,2.40289,0,-0.00745708,-0.0338379,0,0.060784,0.00532648,0,-0,0.0676758,36,33,0,0,0,0.0899057,0,0,0,-0.165084,0,0,0,0
10,2.40289,0,0.010653,0.0225586,0,0.060784,0.0213059,0,-0,0.0338379,36,33,0,0,0,0.0999087,0,0,0,-0.164868,0,0,0,0
11,2.40289,0,0.0159795,0.0338379,0,0.060784,0.00319589,0,-0,0.0563965,36,33,0,0,0,0.109906,0,0,0,-0.164711,0,0,0,0
12,2.40289,0,0.0159795,-0.0338379,0,0.060784,-0.00745708,0,-0,-0.0225586,36,33,0,0,0,0.119906,0,0,0,-0.164574,0,0,0,0
13,2.40289,0,-0.01811,0.0338379,0,0.060784,-0.0010653,0,-0,0.0563965,36,33,0,0,0,0.129906,0,0,0,-0.164511,0,0,0,0
14,2.40289,0,-0.0149142,0.0451172,0,0.060784,-0.00532648,0,-0,0.0563965,36,33,0,0,0,0.139906,0,0,0,-0.16453,0,0,0,0
15,2.40289,0,0.010653,-0.0225586,0,0.060784,0.00213059,0,-0,0.0563965,36,33,0,0,0,0.149906,0,0,0,-0.164494,0,0,0,0
16,2.40289,0,0.0010653,0.0338379,0,0.060784,0.0117183,0,-0,0.0563965,36,33,0,0,0,0.159906,0,0,0,-0.164537,0,0,0,0
17,2.40289,0,0.00532648,0.0112793,0,0.060784,-0.0159795,0,-0,0.0338379,36,33,0,0,0,0.169906,0,0,0,-0.164353,0,0,0,0
18,2.40289,0,0.00745708,0.0225586,0,0.060784,-4.56614e-19,0,-0,0.0563965,36,33,0,0,0,0.179906,0,0,0,-0.164441,0,0,0,0
19,2.40289,0,-0.00745708,0.0225586,0,0.060784,-0.00639178,0,-0,0.0563965,36,33,0,0,0,0.189906,0,0,0,-0.164242,0,0,0,0
20,2.40289,0,0.00213059,0.0338379,0,0.060784,0.00532648,0,-0,0.0563965,36,33,0,0,0,0.199906,0,0,0,-0.164261,0,0,0,0
21,2.40289,0,0.0149142,-0.0225586,0,0.060784,0.00958767,0,-0,0.0563965,36,33,0,0,0,0.209906,0,0,0,-0.164131,0,0,0,0
22,2.40289,0,-0.00958767,0.0112793,0,0.060784,0.010653,0,-0,0.0338379,36,33,0,0,0,0.219905,0,0,0,-0.164118,0,0,0,0
23,2.40289,0,-0.0010653,0,0,0.060784,-0.00852238,0,-0,0.0338379,36,33,0,0,0,0.229905,0,0,0,-0.164007,0,0,0,0
24,2.40289,0,0.00319589,0,0,0.060784,0.00213059,0,-0,0.0338379,36,33,0,0,0,0.239905,0,0,0,-0.164022,0,0,0,0
25,2.40289,0,0.00319589,0,0,0.060784,-0.00745708,0,-0,0.0338379,36,33,0,0,0,0.249906,0,0,0,-0.164063,0,0,0,0
26,2.40289,0,0.00532648,0,0,0.060784,-0.00745708,0,-0,0.0338379,36,33,0,0,0,0.259906,0,0,0,-0.164084,0,0,0,0
27,2.40289,0,-0.00852238,0,0,0.060784,0.00639178,0,-0,0.0563965,36,33,0,0,0,0.269906,0,0,0,-0.164065,0,0,0,0
28,2.40289,0,0.00319589,0.0112793,0,0.060784,-0.00319589,0,-0,-0.0112793,36,33,0,0,0,0.279905,0,0,0,-0.164051,0,0,0,0
29,2.40289,0,0.00958767,0.0112793,0,0.060784,0.00213059,0,-0,0.0563965,36,33,0,0,0,0.289905,0,0,0,-0.164081,0,0,0,0
30,2.40289,0,0.0117183,0.0225586,0,0.060784,-0.0010653,0,-0,0.0338379,36,33,0,0,0,0.299906,0,0,0,-0.164091,0,0,0,0
31,2.40289,0,-0.0117183,0.0112793,0,0.060784,-0.0202406,0,-0,0.0563965,36,33,0,0,0,0.309906,0,0,0,-0.164056,0,0,0,0
32,2.40289,0,-0.00639178,-0.0225586,0,0.060784,0.0010653,0,-0,0.0338379,36,33,0,0,0,0.319906,0,0,0,-0.164058,0,0,0,0
33,2.40289,0,0.0170448,-0.0225586,0,0.060784,0.00852238,0,-0,0.0338379,36,33,0,0,0,0.329905,0,0,0,-0.164068,0,0,0,0
34,2.40289,0,-0.0117183,0,0,0.060784,-0.00852238,0,-0,0.0338379,36,33,0,0,0,0.339906,0,0,0,-0.163993,0,0,0,0
35,2.40289,0,-0.0138489,0,0,0.060784,0.00639178,0,-0,-0.0676758,36,33,0,0,0,0.349906,0,0,0,-0.163966,0,0,0,0
36,2.40289,0,0.00532648,0.0112793,0,0.060784,-0.010653,0,-0,0.0563965,36,33,0,0,0,0.359906,0,0,0,-0.163971,0,0,0,0
37,2.40289,0,0.00213059,0,0,0.060784,0.0010653,0,-0,-0.124072,36,33,0,0,0,0.369906,0,0,0,-0.163987,0,0,0,0
38,2.40289,0,-0.0149142,0,0,0.060784,0.00426119,0,-0,-0.0902344,36,33,0,0,0,0.379906,0,0,0,-0.164024,0,0,0,0
39,2.40289,0,-0.00639178,0,0,0.060784,-0.00639178,0,-0,-0.146631,36,33,0,0,0,0.389906,0,0,0,-0.163975,0,0,0,0
40,2.40289,0,0.00319589,-0.0338379,0,0.060784,0.0127836,0,-0,-0.146631,36,33,0,0,0,0.399906,0,0,0,-0.164052,0,0,0,0
41,2.40289,0,-0.0170448,-0.0338379,0,0.060784,-0.00852238,0,-0,-0.101514,36,33,0,0,0,0.409905,0,0,0,-0.163999,0,0,0,0
42,2.40289,0,-0.00745708,-0.0338379,0,0.060784,0.00319589,0,-0,-0.0902344,36,33,0,0,0,0.419905,0,0,0,-0.164069,0,0,0,0
43,2.40289,0,0.0149142,0.0112793,0,0.060784,0.010653,0,-0,-0.101514,36,33,0,0,0,0.429906,0,0,0,-0.164066,0,0,0,0
44,2.40289,0,0.01811,0.0112793,0,0.060784,0.00532648,0,-0,-0,36,33,0,0,0,0.439906,0,0,0,-0.164066,0,0,0,0
45,2.40289,0,-0.00319589,0,0,0.060784,-0.0234365,0,-0,-0.0902344,36,33,0,0,0,0.449905,0,0,0,-0.164062,0,0,0,0
46,2.40289,0,0.0170448,0.0112793,0,0.060784,-0.0138489,0,-0,-0.0902344,36,33,0,0,0,0.459906,0,0,0,-0.16405,0,0,0,0
47,2.40289,0,0.0149142,-0.0338379,0,0.060784,-0.0202406,0,-0,-0.101514,36,33,0,0,0,0.469906,0,0,0,-0.164029,0,0,0,0
48,2.40289,0,9.13229e-19,-0.0225586,0,0.060784,0.0149142,0,-0,-0.146631,36,33,0,0,0,0.479906,0,0,0,-0.164051,0,0,0,0
49,2.40289,0,-0.01811,-0.0225586,0,0.060784,0.00532648,0,-0,0.0563965,36,33,0,0,0,0.489906,0,0,0,-0.16401,0,0,0,0
50,2.40289,0,0.010653,0.0338379,0,0.060784,-0.0138489,0,-0,0.0563965,36,33,0,0,0,0.499906,0,0,0,-0.164056,0,0,0,0
51,2.40289,0,-0.0159795,0.0338379,0,0.060784,-0.0138489,0,-0,0.0563965,36,33,0,0,0,0.509906,0,0,0,-0.164032,0,0,0,0
52,2.40289,0,0.00319589,0,0,0.060784,0.00532648,0,-0,0.0563965,36,33,0,0,0,0.519905,0,0,0,-0.164021,0,0,0,0
53,2.40289,0,-0.0117183,0.0112793,0,0.060784,0.0117183,0,-0,0.0563965,36,33,0,0,0,0.529906,0,0,0,-0.164056,0,0,0,0
54,2.40289,0,0.00213059,0.0225586,0,0.060784,0.00213059,0,-0,0.0563965,36,33,0,0,0,0.539906,0,0,0,-0.163981,0,0,0,0
55,2.40289,0,0.00319589,-0.0338379,0,0.060784,0.00639178,0,-0,0.0789551,36,33,0,0,0,0.549905,0,0,0,-0.164004,0,0,0,0
56,2.40289,0,0.0149142,0.0338379,0,0.060784,0.028763,0,-0,0.0563965,36,33,0,0,0,0.559906,0,0,0,-0.164022,0,0,0,0
57,2.40289,0,0.00213059,-0.0338379,0,0.060784,-0.00639178,0,-0,0.0563965,36,33,0,0,0,0.569906,0,0,0,-0.164045,0,0,0,0
58,2.40289,0,0.0149142,0.0112793,0,0.060784,-0.0117183,0,-0,0.0225586,36,33,0,0,0,0.579906,0,0,0,-0.164028,0,0,0,0
59,2.40289,0,-0.00426119,0.0225586,0,0.060784,-0.00745708,0,-0,0.0338379,36,33,0,0,0,0.589906,0,0,0,-0.164022,0,0,0,0
60,2.40289,0,0.0159795,0.0112793,0,0.060784,-0.0223712,0,-0,-0,36,33,0,0,0,0.599906,0,0,0,-0.163957,0,0,0,0
61,2.40289,0,0.0191753,0.0451172,0,0.060784,-0.0191753,0,-0,0.0338379,36,33,0,0,0,0.609906,0,0,0,-0.163936,0,0,0,0
62,2.40289,0,0.0138489,0.0338379,0,0.060784,0.00639178,0,-0,0.0225586,36,33,0,0,0,0.619906,0,0,0,-0.16393,0,0,0,0
63,2.40289,0,0.00213059,0,0,0.060784,0.00745708,0,-0,0.0338379,36,33,0,0,0,0.629906,0,0,0,-0.163929,0,0,0,0
64,2.40289,0,-0.00319589,0,0,0.060784,0.00213059,0,-0,0.0338379,36,33,0,0,0,0.639905,0,0,0,-0.16394,0,0,0,0
65,2.40289,0,-0.010653,0,0,0.060784,-0.00532648,0,-0,0.0225586,36,33,0,0,0,0.649906,0,0,0,-0.163929,0,0,0,0
66,2.40289,0,0.0010653,-0.0338379,0,0.060784,0.010653,0,-0,0.0338379,36,33,0,0,0,0.659906,0,0,0,-0.16391,0,0,0,0
67,2.40289,0,-7.17537e-19,0,0,0.060784,-0.0117183,0,-0,0.0225586,36,33,0,0,0,0.669905,0,0,0,-0.163898,0,0,0,0
68,2.40289,0,0.00532648,0,0,0.060784,0.010653,0,-0,0.0225586,36,33,0,0,0,0.679905,0,0,0,-0.163904,0,0,0,0
69,2.40289,0,-0.00319589,0.0112793,0,0.060784,-0.00958767,0,-0,0.0338379,36,33,0,0,0,0.689906,0,0,0,-0.163887,0,0,0,0
70,2.40289,0,0.028763,0.0112793,0,0.060784,0.0010653,0,-0,0.0225586,36,33,0,0,0,0.699906,0,0,0,-0.163898,0,0,0,0
71,2.40289,0,0.00426119,0,0,0.060784,-0.00426119,0,-0,-0.0112793,36,33,0,0,0,0.709905,0,0,0,-0.163854,0,0,0,0
72,2.40289,0,0.00639178,0,0,0.060784,-0.00639178,0,-0,0.0338379,36,33,0,0,0,0.719906,0,0,0,-0.163847,0,0,0,0
73,2.40289,0,-0.00852238,0.0112793,0,0.060784,-0.00958767,0,-0,0.0338379,36,33,0,0,0,0.729906,0,0,0,-0.163868,0,0,0,0
74,2.40289,0,-0.00639178,0.0112793,0,0.060784,0.00745708,0,-0,-0.101514,36,33,0,0,0,0.739906,0,0,0,-0.163887,0,0,0,0
75,2.40289,0,0.0127836,0,0,0.060784,-0.0276977,0,-0,-0.0902344,36,33,0,0,0,0.749906,0,0,0,-0.163881,0,0,0,0
76,2.40289,0,0.00852238,-0.0338379,0,0.060784,0.00852238,0,-0,0.0563965,36,33,0,0,0,0.759906,0,0,0,-0.163826,0,0,0,0
77,2.40289,0,0.0127836,0,0,0.060784,-0.00426119,0,-0,0.0563965,36,33,0,0,0,0.769905,0,0,0,-0.163867,0,0,0,0
78,2.40289,0,1.95692e-19,0,0,0.060784,0.00319589,0,-0,0.0225586,36,33,0,0,0,0.779906,0,0,0,-0.163833,0,0,0,0
79,2.40289,0,-0.00426119,0.0112793,0,0.060784,0.0117183,0,-0,0.0338379,36,33,0,0,0,0.789906,0,0,0,-0.163849,0,0,0,0
80,2.40289,0,0.0010653,-0.0225586,0,0.060784,-0.00213059,0,-0,-0.0902344,36,33,0,0,0,0.799905,0,0,0,-0.163816,0,0,0,0
81,2.40289,0,0.0159795,0.0112793,0,0.060784,0.0170448,0,-0,-0.146631,36,33,0,0,0,0.809906,0,0,0,-0.163833,0,0,0,0
82,2.40289,0,0.00532648,0.0112793,0,0.060784,-0.0127836,0,-0,-0.101514,36,33,0,0,0,0.819906,0,0,0,-0.163812,0,0,0,0
83,2.40289,0,0.00532648,0.0338379,0,0.060784,0.00745708,0,-0,-0.101514,36,33,0,0,0,0.829905,0,0,0,-0.163834,0,0,0,0
84,2.40289,0,0.0245018,0.0112793,0,0.060784,0.0127836,0,-0,-0.0676758,36,33,0,0,0,0.839905,0,0,0,-0.163803,0,0,0,0
85,2.40289,0,-0.0010653,-0.0225586,0,0.060784,0.0170448,0,-0,0.0676758,36,33,0,0,0,0.849906,0,0,0,-0.163811,0,0,0,0
86,2.40289,0,0.00319589,-0.0338379,0,0.060784,0.0276977,0,-0,-0.146631,36,33,0,0,0,0.859906,0,0,0,-0.163808,0,0,0,0
87,2.40289,0,0.0010653,-0.0338379,0,0.060784,-0.00958767,0,-0,-0.101514,36,33,0,0,0,0.869906,0,0,0,-0.163751,0,0,0,0
88,2.40289,0,-0.00745708,-0.0225586,0,0.060784,0.0138489,0,-0,-0.146631,36,33,0,0,0,0.879906,0,0,0,-0.163755,0,0,0,0
89,2.40289,0,0.0127836,0,0,0.060784,-0.00639178,0,-0,0.0338379,36,33,0,0,0,0.889906,0,0,0,-0.163754,0,0,0,0
90,2.40289,0,0.0117183,-0.0225586,0,0.060784,-7.17537e-19,0,-0,0.0563965,36,33,0,0,0,0.899906,0,0,0,-0.163754,0,0,0,0
91,2.40289,0,0.0127836,-0.0225586,0,0.060784,-0.0223712,0,-0,0.0563965,36,33,0,0,0,0.909906,0,0,0,-0.163739,0,0,0,0
92,2.40289,0,0.00213059,0.0338379,0,0.060784,0.0170448,0,-0,0.0563965,36,33,0,0,0,0.919906,0,0,0,-0.163744,0,0,0,0
93,2.40289,0,-0.00213059,-0.0225586,0,0.060784,-0.00745708,0,-0,0.0563965,36,33,0,0,0,0.929905,0,0,0,-0.163697,0,0,0,0
94,2.40289,0,-0.00213059,0.0225586,0,0.060784,0.00639178,0,-0,0.0563965,36,33,0,0,0,0.939905,0,0,0,-0.163697,0,0,0,0
95,2.40289,0,-0.00426119,0.0112793,0,0.060784,0.0213059,0,-0,0.0563965,36,33,0,0,0,0.949906,0,0,0,-0.163652,0,0,0,0
96,2.40289,0,-0.0245018,0.0112793,0,0.060784,0.00426119,0,-0,0.0563965,36,33,0,0,0,0.959906,0,0,0,-0.163707,0,0,0,0
97,2.40289,0,0.00852238,-0.0338379,0,0.060784,0.0191753,0,-0,0.0563965,36,33,0,0,0,0.969906,0,0,0,-0.163667,0,0,0,0
98,2.40289,0,0.00852238,0.0225586,0,0.060784,0.0127836,0,-0,0.0338379,36,33,0,0,0,0.979906,0,0,0,-0.163689,0,0,0,0
99,2.40289,0,-0.010653,0,0,0.060784,-0.010653,0,-0,0.0563965,36,33,0,0,0,0.989905,0,0,0,-0.16365,0,0,0,0
100,2.40289,0,-0.00213059,0.0112793,0,0.060784,0.00213059,0,-0,0.0563965,36,33,0,0,0,0.999906,0,0,0,-0.163682,0,0,0,0
101,2.40289,0,0.00745708,0.0338379,0,0.060784,-0.0319589,0,-0,-0.0112793,36,33,0,0,0,1.00991,0,0,0,-0.163663,0,0,0,0
102,2.40289,0,0.00958767,0.0338379,0,0.060784,-0.00958767,0,-0,0.0451172,36,33,0,0,0,1.0199,0,0,0,-0.163687,0,0,0,0
103,2.40289,0,0.00745708,0,0,0.060784,0.00426119,0,-0,0.0563965,36,33,0,0,0,1.02991,0,0,0,-0.163671,0,0,0,0
104,2.40289,0,0.00852238,0,0,0.060784,0.0010653,0,-0,0.0563965,36,33,0,0,0,1.0399,0,0,0,-0.163681,0,0,0,0
105,2.40289,0,-0.010653,0,0,0.060784,0.00852238,0,-0,0.0225586,36,33,0,0,0,1.04991,0,0,0,-0.16368,0,0,0,0
106,2.40289,0,-5.87076e-19,0,0,0.060784,-0.00958767,0,-0,0.0338379,36,33,0,0,0,1.05991,0,0,0,-0.163672,0,0,0,0
107,2.40289,0,-0.00532648,0,0,0.060784,0.00639178,0,-0,0.0338379,36,33,0,0,0,1.06991,0,0,0,-0.163677,0,0,0,0
108,2.40289,0,0.00745708,0.0112793,0,0.060784,-4.56614e-19,0,-0,0.0338379,36,33,0,0,0,1.07991,0,0,0,-0.163665,0,0,0,0
109,2.40289,0,0.00639178,0,0,0.060784,-0.00958767,0,-0,0.0338379,36,33,0,0,0,1.08991,0,0,0,-0.163606,0,0,0,0
110,2.40289,0,-0.00319589,0,0,0.060784,-0.0149142,0,-0,0.0563965,36,33,0,0,0,1.09991,0,0,0,-0.16359,0,0,0,0
111,2.40289,0,-0.00319589,0,0,0.060784,-0.00852238,0,-0,0.0225586,36,33,0,0,0,1.10991,0,0,0,-0.163594,0,0,0,0
112,2.40289,0,0.00852238,0,0,0.060784,-0.00852238,0,-0,0.0338379,36,33,0,0,0,1.11991,0,0,0,-0.163601,0,0,0,0
113,2.40289,0,-0.00426119,0,0,0.060784,-0.0010653,0,-0,0.0451172,36,33,0,0,0,1.12991,0,0,0,-0.163601,0,0,0,0
114,2.40289,0,-0.0149142,0,0,0.060784,-0.00532648,0,-0,0.0451172,36,33,0,0,0,1.13991,0,0,0,-0.16357,0,0,0,0
115,2.40289,0,0.0170448,0,0,0.060784,0.0351548,0,-0,0.0225586,36,33,0,0,0,1.14991,0,0,0,-0.163589,0,0,0,0
116,2.40289,0,0.00319589,0,0,0.060784,-1.95692e-19,0,-0,0.0338379,36,33,0,0,0,1.15991,0,0,0,-0.163539,0,0,0,0
117,2.40289,0,4.56614e-19,-0.0338379,0,0.060784,0.00745708,0,-0,0.0225586,36,33,0,0,0,1.16991,0,0,0,-0.163525,0,0,0,0
118,2.40289,0,0.00958767,0,0,0.060784,-0.0138489,0,-0,0.0338379,36,33,0,0,0,1.17991,0,0,0,-0.163499,0,0,0,0
119,2.40289,0,0.010653,0,0,0.060784,-0.0010653,0,-0,0.0338379,36,33,0,0,0,1.18991,0,0,0,-0.163507,0,0,0,0
120,2.40289,0,-0.00639178,0,0,0.060784,0.00958767,0,-0,-0,36,33,0,0,0,1.19991,0,0,0,-0.163519,0,0,0,0
121,2.40289,0,0.00745708,0.0112793,0,0.060784,-0.00639178,0,-0,0.0338379,36,33,0,0,0,1.20991,0,0,0,-0.163498,0,0,0,0
122,2.40289,0,0.0010653,-0.0338379,0,0.060784,-0.00319589,0,-0,-0.146631,36,33,0,0,0,1.21991,0,0,0,-0.163516,0,0,0,0
123,2.40289,0,-0.00745708,0,0,0.060784,0.00213059,0,-0,-0.0902344,36,33,0,0,0,1.22991,0,0,0,-0.16356,0,0,0,0
124,2.40289,0,0.0213059,0,0,0.060784,-0.00213059,0,-0,-0.0225586,36,33,0,0,0,1.23991,0,0,0,-0.163556,0,0,0,0
125,2.40289,0,0.00426119,0,0,0.060784,0.028763,0,-0,-0.101514,36,33,0,0,0,1.24991,0,0,0,-0.163591,0,0,0,0
126,2.40289,0,-0.0138489,-0.0225586,0,0.060784,-0.0149142,0,-0,0.0563965,36,33,0,0,0,1.25991,0,0,0,-0.16355,0,0,0,0
127,2.40289,0,-0.00958767,-0.0338379,0,0.060784,0.00213059,0,-0,0.0563965,36,33,0,0,0,1.26991,0,0,0,-0.163549,0,0,0,0
128,2.40289,0,0.0010653,0,0,0.060784,-6.52306e-20,0,-0,-0.101514,36,33,0,0,0,1.27991,0,0,0,-0.163553,0,0,0,0
129,2.40289,0,0.00213059,0.0112793,0,0.060784,-0.00958767,0,-0,-0.101514,36,33,0,0,0,1.28991,0,0,0,-0.163551,0,0,0,0
130,2.40289,0,-0.00532648,0.0338379,0,0.060784,0.0159795,0,-0,-0.101514,36,33,0,0,0,1.29991,0,0,0,-0.163562,0,0,0,0
131,2.40289,0,-0.00745708,-0.0225586,0,0.060784,0.00852238,0,-0,0.0563965,36,33,0,0,0,1.30991,0,0,0,-0.163542,0,0,0,0
132,2.40289,0,-0.0170448,-0.0225586,0,0.060784,0.00639178,0,-0,-0.146631,36,33,0,0,0,1.31991,0,0,0,-0.16355,0,0,0,0
133,2.40289,0,-0.010653,-0.0338379,0,0.060784,0.00958767,0,-0,0.0563965,36,33,0,0,0,1.32991,0,0,0,-0.163565,0,0,0,0
134,2.40289,0,-0.00213059,0,0,0.060784,0.00213059,0,-0,0.0563965,36,33,0,0,0,1.33991,0,0,0,-0.163544,0,0,0,0
135,2.40289,0,-0.0170448,-0.0338379,0,0.060784,-0.00852238,0,-0,0.0563965,36,33,0,0,0,1.34991,0,0,0,-0.163547,0,0,0,0
136,2.40289,0,0.00426119,-0.0225586,0,0.060784,-0.00213059,0,-0,0.0338379,36,33,0,0,0,1.35991,0,0,0,-0.163584,0,0,0,0
137,2.40289,0,0.0117183,-0.0338379,0,0.060784,0.0149142,0,-0,0.0563965,36,33,0,0,0,1.36991,0,0,0,-0.163557,0,0,0,0
138,2.40289,0,-0.00852238,-0.0225586,0,0.060784,0.0276977,0,-0,0.0563965,36,33,0,0,0,1.37991,0,0,0,-0.163577,0,0,0,0
139,2.40289,0,-0.00958767,0,0,0.060784,-0.010653,0,-0,-0,36,33,0,0,0,1.38991,0,0,0,-0.163573,0,0,0,0
140,2.40289,0,-0.00426119,0,0,0.060784,-0.00426119,0,-0,-0.0225586,36,33,0,0,0,1.39991,0,0,0,-0.163554,0,0,0,0
141,2.40289,0,-0.0234365,0.0338379,0,0.060784,0.0127836,0,-0,0.0563965,36,33,0,0,0,1.40991,0,0,0,-0.163589,0,0,0,0
142,2.40289,0,-0.0170448,-0.0338379,0,0.060784,0.00319589,0,-0,0.0225586,36,33,0,0,0,1.41991,0,0,0,-0.163529,0,0,0,0
143,2.40289,0,0.01811,0,0,0.060784,-0.00745708,0,-0,0.0338379,36,33,0,0,0,1.42991,0,0,0,-0.163536,0,0,0,0
144,2.40289,0,-0.00745708,0,0,0.060784,0.00745708,0,-0,0.0338379,36,33,0,0,0,1.43991,0,0,0,-0.163508,0,0,0,0
145,2.40289,0,0.00426119,0.0112793,0,0.060784,-2.60922e-19,0,-0,0.0563965,36,33,0,0,0,1.44991,0,0,0,-0.163494,0,0,0,0
146,2.40289,0,0.00213059,0.0338379,0,0.060784,-0.0149142,0,-0,0.0338379,36,33,0,0,0,1.45991,0,0,0,-0.163452,0,0,0,0
147,2.40289,0,0.00213059,0.0112793,0,0.060784,-0.00852238,0,-0,-0,36,33,0,0,0,1.46991,0,0,0,-0.163446,0,0,0,0
148,2.40289,0,-0.00745708,0,0,0.060784,-0.0010653,0,-0,-0.0789551,36,33,0,0,0,1.47991,0,0,0,-0.163408,0,0,0,0
149,2.40289,0,0.00639178,0.0225586,0,0.060784,-0.0191753,0,-0,-0,36,33,0,0,0,1.48991,0,0,0,-0.163408,0,0,0,0
150,2.40289,0,0.00639178,0,0,0.060784,0.00745708,0,-0,0.0338379,36,33,0,0,0,1.49991,0,0,0,-0.163424,0,0,0,0
151,2.40289,0,0.00213059,0.0112793,0,0.060784,0.00852238,0,-0,0.0338379,36,33,0,0,0,1.50991,0,0,0,-0.163405,0,0,0,0
152,2.40289,0,2.60922e-19,0,0,0.060784,0.00426119,0,-0,-0,36,33,0,0,0,1.51991,0,0,0,-0.163392,0,0,0,0
153,2.40289,0,0.0127836,0,0,0.060784,-0.00319589,0,-0,0.0338379,36,33,0,0,0,1.52991,0,0,0,-0.163389,0,0,0,0
154,2.40289,0,0.00958767,0.0112793,0,0.060784,0.0159795,0,-0,0.0563965,36,33,0,0,0,1.53991,0,0,0,-0.1634,0,0,0,0
155,2.40289,0,-0.0223712,0.0112793,0,0.060784,0.0127836,0,-0,-0.0225586,36,33,0,0,0,1.54991,0,0,0,-0.16337,0,0,0,0
156,2.40289,0,0.00426119,0,0,0.060784,0.00213059,0,-0,0.0225586,36,33,0,0,0,1.55991,0,0,0,-0.163378,0,0,0,0
157,2.40289,0,-0.00639178,-0.0225586,0,0.060784,0.0223712,0,-0,0.0338379,36,33,0,0,0,1.56991,0,0,0,-0.163371,0,0,0,0
158,2.40289,0,0.00426119,0,0,0.060784,0.00745708,0,-0,0.0563965,36,33,0,0,0,1.57991,0,0,0,-0.16336,0,0,0,0
159,2.40289,0,0.00426119,0,0,0.060784,-0.0170448,0,-0,0.0338379,36,33,0,0,0,1.58991,0,0,0,-0.163332,0,0,0,0
160,2.40289,0,0.0330242,0,0,0.060784,-0.00532648,0,-0,-0.0676758,36,33,0,0,0,1.59991,0,0,0,-0.163342,0,0,0,0
161,2.40289,0,0.00426119,0,0,0.060784,-0.0010653,0,-0,0.0563965,36,33,0,0,0,1.60991,0,0,0,-0.163336,0,0,0,0
162,2.40289,0,-1.95692e-19,0,0,0.060784,-0.00319589,0,-0,-0.146631,36,33,0,0,0,1.61991,0,0,0,-0.163321,0,0,0,0
163,2.40289,0,-0.00639178,0.0112793,0,0.060784,-0.0010653,0,-0,0.0225586,36,33,0,0,0,1.62991,0,0,0,-0.163322,0,0,0,0
164,2.40289,0,-0.00639178,0,0,0.060784,-0.0127836,0,-0,-0.101514,36,33,0,0,0,1.63991,0,0,0,-0.163331,0,0,0,0
165,2.40289,0,-0.00426119,0.0112793,0,0.060784,0.0170448,0,-0,-0.101514,36,33,0,0,0,1.64991,0,0,0,-0.163312,0,0,0,0
166,2.40289,0,0.00426119,-0.0225586,0,0.060784,-0.0202406,0,-0,-0.146631,36,33,0,0,0,1.65991,0,0,0,-0.163262,0,0,0,0
167,2.40289,0,0.00639178,-0.0338379,0,0.060784,-0.0170448,0,-0,-0.0902344,36,33,0,0,0,1.66991,0,0,0,-0.163226,0,0,0,0
168,2.40289,0,-0.0159795,0.0338379,0,0.060784,0.0138489,0,-0,-0.101514,36,33,0,0,0,1.67991,0,0,0,-0.163239,0,0,0,0
169,2.40289,0,-0.0010653,-0.0451172,0,0.060784,0.0138489,0,-0,0.0225586,36,33,0,0,0,1.68991,0,0,0,-0.163242,0,0,0,0
170,2.40289,0,0.0170448,0.0112793,0,0.060784,0.00426119,0,-0,-0.0676758,36,33,0,0,0,1.69991,0,0,0,-0.16319,0,0,0,0
171,2.40289,0,0.0010653,0,0,0.060784,0.010653,0,-0,0.0338379,36,33,0,0,0,1.70991,0,0,0,-0.163158,0,0,0,0
172,2.40289,0,-0.00426119,-0.0338379,0,0.060784,0.00426119,0,-0,0.0563965,36,33,0,0,0,1.71991,0,0,0,-0.163182,0,0,0,0
173,2.40289,0,0.0010653,0.0112793,0,0.060784,-0.00319589,0,-0,-0.0902344,36,33,0,0,0,1.72991,0,0,0,-0.163161,0,0,0,0
174,2.40289,0,0.00639178,-0.0338379,0,0.060784,0.0010653,0,-0,0.0563965,36,33,0,0,0,1.73991,0,0,0,-0.163142,0,0,0,0
175,2.40289,0,0.0010653,-0.0225586,0,0.060784,-0.0010653,0,-0,0.0338379,36,33,0,0,0,1.74991,0,0,0,-0.163131,0,0,0,0
176,2.40289,0,0.00213059,-0.0338379,0,0.060784,-0.0149142,0,-0,0.0563965,36,33,0,0,0,1.75991,0,0,0,-0.163154,0,0,0,0
177,2.40289,0,-0.00745708,0.0112793,0,0.060784,0.0117183,0,-0,0.0563965,36,33,0,0,0,1.76991,0,0,0,-0.163172,0,0,0,0
178,2.40289,0,0.00213059,0.0338379,0,0.060784,0.00745708,0,-0,0.0338379,36,33,0,0,0,1.77991,0,0,0,-0.163135,0,0,0,0
179,2.40289,0,-0.00958767,-0.0338379,0,0.060784,-0.0245018,0,-0,0.0563965,36,33,0,0,0,1.78991,0,0,0,-0.16317,0,0,0,0
180,2.40289,0,0.00319589,0.0338379,0,0.060784,-0.0159795,0,-0,0.0563965,36,33,0,0,0,1.79991,0,0,0,-0.16316,0,0,0,0
181,2.40289,0,0.00319589,0.0338379,0,0.060784,-0.00852238,0,-0,0.0225586,36,33,0,0,0,1.80991,0,0,0,-0.163173,0,0,0,0
182,2.40289,0,0.00426119,-0.0338379,0,0.060784,-0.0117183,0,-0,0.0563965,36,33,0,0,0,1.81991,0,0,0,-0.163166,0,0,0,0
183,2.40289,0,0.0245018,0.0451172,0,0.060784,0.00958767,0,-0,-0,36,33,0,0,0,1.82991,0,0,0,-0.163168,0,0,0,0
184,2.40289,0,0.00852238,0.0112793,0,0.060784,-0.00532648,0,-0,0.0563965,36,33,0,0,0,1.83991,0,0,0,-0.163119,0,0,0,0
185,2.40289,0,-0.00532648,0,0,0.060784,-0.010653,0,-0,0.0338379,36,33,0,0,0,1.84991,0,0,0,-0.163111,0,0,0,0
186,2.40289,0,0.01811,0,0,0.060784,-0.00319589,0,-0,-0,36,33,0,0,0,1.85991,0,0,0,-0.163106,0,0,0,0
187,2.40289,0,-0.0127836,0.0338379,0,0.060784,-0.0138489,0,-0,-0.0563965,36,33,0,0,0,1.86991,0,0,0,-0.16309,0,0,0,0
188,2.40289,0,0.0255671,0,0,0.060784,0.00852238,0,-0,0.0225586,36,33,0,0,0,1.87991,0,0,0,-0.163111,0,0,0,0
189,2.40289,0,0.00852238,0.0112793,0,0.060784,0.00852238,0,-0,0.0338379,36,33,0,0,0,1.88991,0,0,0,-0.163075,0,0,0,0
190,2.40289,0,0.0245018,0,0,0.060784,0.00745708,0,-0,0.0563965,36,33,0,0,0,1.89991,0,0,0,-0.163061,0,0,0,0
191,2.40289,0,0.0117183,0,0,0.060784,0.00213059,0,-0,0.0563965,36,33,0,0,0,1.90991,0,0,0,-0.163027,0,0,0,0
192,2.40289,0,0.00745708,0,0,0.060784,-0.00852238,0,-0,0.0112793,36,33,0,0,0,1.91991,0,0,0,-0.163002,0,0,0,0
193,2.40289,0,0.0159795,-0.0338379,0,0.060784,0.00213059,0,-0,0.0225586,36,33,0,0,0,1.92991,0,0,0,-0.163005,0,0,0,0
194,2.40289,0,0.0117183,0.0338379,0,0.060784,-0.00852238,0,-0,-0,36,33,0,0,0,1.93991,0,0,0,-0.162949,0,0,0,0
195,2.40289,0,0.028763,0.0112793,0,0.060784,-0.0202406,0,-0,0.0338379,36,33,0,0,0,1.94991,0,0,0,-0.162944,0,0,0,0
196,2.40289,0,-0.0213059,0,0,0.060784,1.30461e-18,0,-0,0.0225586,36,33,0,0,0,1.95991,0,0,0,-0.162976,0,0,0,0
197,2.40289,0,0.0149142,0.0112793,0,0.060784,-0.00319589,0,-0,-0.146631,36,33,0,0,0,1.96991,0,0,0,-0.162948,0,0,0,0
198,2.40289,0,-0.010653,0,0,0.060784,-0.00958767,0,-0,0.0338379,36,33,0,0,0,1.97991,0,0,0,-0.162951,0,0,0,0
199,2.40289,0,0.00213059,0.0112793,0,0.060784,0.00639178,0,-0,0.0563965,36,33,0,0,0,1.98991,0,0,0,-0.162972,0,0,0,0
200,2.40289,0,-0.0010653,0,0,0.060784,0.0138489,0,-0,0.0225586,36,33,0,0,0,1.99991,0,0,0,-0.162989,0,0,0,0
201,2.40289,0,0.00639178,0,0,0.060784,-0.00639178,0,-0,0.0338379,36,33,0,0,0,2.00991,0,0,0,-0.162962,0,0,0,0
202,2.40289,0,-0.00319589,0,0,0.060784,-0.00319589,0,-0,0.0225586,36,33,0,0,0,2.01991,0,0,0,-0.162943,0,0,0,0
203,2.40289,0,0.00319589,0.0338379,0,0.060784,-0.00958767,0,-0,0.0338379,36,33,0,0,0,2.02991,0,0,0,-0.162948,0,0,0,0
204,2.40289,0,-0.010653,0,0,0.060784,-0.0245018,0,-0,0.0338379,36,33,0,0,0,2.03991,0,0,0,-0.162952,0,0,0,0
205,2.40289,0,0.0202406,-0.0338379,0,0.060784,-0.00213059,0,-0,0.0563965,36,33,0,0,0,2.04991,0,0,0,-0.162971,0,0,0,0
206,2.40289,0,-0.0191753,0,0,0.060784,-0.010653,0,-0,-0.0902344,36,33,0,0,0,2.05991,0,0,0,-0.162925,0,0,0,0
207,2.40289,0,0.010653,0.0112793,0,0.060784,-0.00532648,0,-0,-0.101514,36,33,0,0,0,2.06991,0,0,0,-0.162939,0,0,0,0
208,2.40289,0,-0.0202406,-0.0225586,0,0.060784,0.0191753,0,-0,0.0338379,36,33,0,0,0,2.07991,0,0,0,-0.162908,0,0,0,0
209,2.40289,0,-0.0117183,0.0112793,0,0.060784,0.0117183,0,-0,-0.146631,36,33,0,0,0,2.08991,0,0,0,-0.162946,0,0,0,0
210,2.40289,0,0.00532648,0.0112793,0,0.060784,-0.00319589,0,-0,-0.146631,36,33,0,0,0,2.09991,0,0,0,-0.162942,0,0,0,0
211,2.40289,0,-0.0223712,-0.0338379,0,0.060784,0.0191753,0,-0,0.0563965,36,33,0,0,0,2.10991,0,0,0,-0.162977,0,0,0,0
212,2.40289,0,-0.00426119,0.0112793,0,0.060784,-0.00852238,0,-0,-0.146631,36,33,0,0,0,2.11991,0,0,0,-0.162965,0,0,0,0
213,2.40289,0,-0.00852238,-0.0225586,0,0.060784,0.0149142,0,-0,-0.101514,36,33,0,0,0,2.12991,0,0,0,-0.162991,0,0,0,0
214,2.40289,0,-0.00213059,0.0338379,0,0.060784,0.0202406,0,-0,-0.0902344,36,33,0,0,0,2.13991,0,0,0,-0.163003,0,0,0,0
215,2.40289,0,-0.0234365,-0.0338379,0,0.060784,-0.0127836,0,-0,-0.0902344,36,33,0,0,0,2.14991,0,0,0,-0.163013,0,0,0,0
216,2.40289,0,-0.00532648,-0.0338379,0,0.060784,3.26153e-19,0,-0,0.0563965,36,33,0,0,0,2.15991,0,0,0,-0.163023,0,0,0,0
217,2.40289,0,0.00532648,-0.0338379,0,0.060784,-0.010653,0,-0,-0.146631,36,33,0,0,0,2.16991,0,0,0,-0.163028,0,0,0,0
218,2.40289,0,0.00213059,-0.0225586,0,0.060784,-0.00213059,0,-0,0.0563965,36,33,0,0,0,2.17991,0,0,0,-0.163038,0,0,0,0
219,2.40289,0,-0.00745708,0.0338379,0,0.060784,0.0234365,0,-0,0.0338379,36,33,0,0,0,2.18991,0,0,0,-0.16303,0,0,0,0
220,2.40289,0,0.00319589,-0.0338379,0,0.060784,-0.00426119,0,-0,0.0563965,36,33,0,0,0,2.19991,0,0,0,-0.162994,0,0,0,0
221,2.40289,0,0.00426119,0.0225586,0,0.060784,0.00852238,0,-0,0.0563965,36,33,0,0,0,2.20991,0,0,0,-0.163005,0,0,0,0
222,2.40289,0,-0.00852238,-0.0338379,0,0.060784,0.0138489,0,-0,0.0338379,36,33,0,0,0,2.21991,0,0,0,-0.163004,0,0,0,0
223,2.40289,0,0.00532648,0.0225586,0,0.060784,-0.00213059,0,-0,0.0563965,36,33,0,0,0,2.22991,0,0,0,-0.162985,0,0,0,0
224,2.40289,0,-0.0010653,0,0,0.060784,0.0127836,0,-0,0.0338379,36,33,0,0,0,2.23991,0,0,0,-0.163006,0,0,0,0
225,2.40289,0,-0.0149142,0.0338379,0,0.060784,-0.0362201,0,-0,0.0563965,36,33,0,0,0,2.24991,0,0,0,-0.16299,0,0,0,0
226,2.40289,0,0.0191753,-0.0225586,0,0.060784,-0.00319589,0,-0,0.0338379,36,33,0,0,0,2.25991,0,0,0,-0.162966,0,0,0,0
227,2.40289,0,0.00745708,-0.0338379,0,0.060784,0.010653,0,-0,0.0338379,36,33,0,0,0,2.26991,0,0,0,-0.162911,0,0,0,0
228,2.40289,0,-0.00532648,0.0225586,0,0.060784,-0.00639178,0,-0,0.0338379,36,33,0,0,0,2.27991,0,0,0,-0.162919,0,0,0,0
229,2.40289,0,-0.00958767,-0.0225586,0,0.060784,0.00426119,0,-0,0.0563965,36,33,0,0,0,2.28991,0,0,0,-0.162906,0,0,0,0
230,2.40289,0,-0.00426119,0.0338379,0,0.060784,0.0202406,0,-0,0.0338379,36,33,0,0,0,2.29991,0,0,0,-0.162905,0,0,0,0
231,2.40289,0,0.0010653,0,0,0.060784,-0.00213059,0,-0,0.0563965,36,33,0,0,0,2.30991,0,0,0,-0.162894,0,0,0,0
232,2.40289,0,0.0170448,0.0112793,0,0.060784,-0.00639178,0,-0,0.0338379,36,33,0,0,0,2.31991,0,0,0,-0.16289,0,0,0,0
233,2.40289,0,-0.00639178,0,0,0.060784,-0.0127836,0,-0,0.0338379,36,33,0,0,0,2.32991,0,0,0,-0.162878,0,0,0,0
234,2.40289,0,-0.00852238,0,0,0.060784,-0.00639178,0,-0,0.0563965,36,33,0,0,0,2.33991,0,0,0,-0.162898,0,0,0,0
235,2.40289,0,0.00639178,0.0225586,0,0.060784,-0.00639178,0,-0,0.0563965,36,33,0,0,0,2.34991,0,0,0,-0.162885,0,0,0,0
236,2.40289,0,-0.010653,0.0112793,0,0.060784,0.00213059,0,-0,0.0338379,36,33,0,0,0,2.3599,0,0,0,-0.162878,0,0,0,0
237,2.40289,0,-0.00745708,0,0,0.060784,0.00213059,0,-0,-0,36,33,0,0,0,2.36991,0,0,0,-0.162884,0,0,0,0
238,2.40289,0,-0.0319589,0,0,0.060784,-0.00958767,0,-0,0.0338379,36,33,0,0,0,2.37991,0,0,0,-0.162892,0,0,0,0
239,2.40289,0,-0.00532648,0.0112793,0,0.060784,-0.0266324,0,-0,0.0338379,36,33,0,0,0,2.38991,0,0,0,-0.162867,0,0,0,0
240,2.40289,0,0.010653,-0.0112793,0,0.060784,0.00532648,0,-0,0.0338379,36,33,0,0,0,2.39991,0,0,0,-0.162852,0,0,0,0
241,2.40289,0,0.0170448,0.0112793,0,0.060784,-1.04369e-18,0,-0,0.0338379,36,33,0,0,0,2.40991,0,0,0,-0.162833,0,0,0,0
242,2.40289,0,0.0127836,0,0,0.060784,-0.00745708,0,-0,0.0338379,36,33,0,0,0,2.41991,0,0,0,-0.162812,0,0,0,0
243,2.40289,0,0.010653,0.0112793,0,0.060784,0.0149142,0,-0,-0.146631,36,33,0,0,0,2.42991,0,0,0,-0.162808,0,0,0,0
244,2.40289,0,-0.0223712,-0.0225586,0,0.060784,0.00745708,0,-0,-0.101514,36,33,0,0,0,2.43991,0,0,0,-0.162805,0,0,0,0
245,2.40289,0,-0.0170448,0,0,0.060784,0.010653,0,-0,0.0338379,36,33,0,0,0,2.44991,0,0,0,-0.16281,0,0,0,0
246,2.40289,0,0.0010653,0.0112793,0,0.060784,-0.0010653,0,-0,-0.146631,36,33,0,0,0,2.45991,0,0,0,-0.162794,0,0,0,0
247,2.40289,0,-0.00745708,0,0,0.060784,-0.0149142,0,-0,-0.146631,36,33,0,0,0,2.46991,0,0,0,-0.162793,0,0,0,0
248,2.40289,0,0.00745708,0,0,0.060784,0.0308936,0,-0,-0.146631,36,33,0,0,0,2.47991,0,0,0,-0.162828,0,0,0,0
249,2.40289,0,0.00213059,0.0112793,0,0.060784,-1.30461e-19,0,-0,-0.101514,36,33,0,0,0,2.48991,0,0,0,-0.1628,0,0,0,0
250,2.40289,0,0.00319589,-0.0225586,0,0.060784,-0.0010653,0,-0,0.0338379,36,33,0,0,0,2.49991,0,0,0,-0.162812,0,0,0,0
251,2.40289,0,0.0170448,0,0,0.060784,0.00213059,0,-0,0.0563965,36,33,0,0,0,2.50991,0,0,0,-0.16277,0,0,0,0
252,2.40289,0,-0.00639178,0.0112793,0,0.060784,-0.00319589,0,-0,-0.146631,36,33,0,0,0,2.51991,0,0,0,-0.162769,0,0,0,0
253,2.40289,0,0.00213059,0.0112793,0,0.060784,0.0127836,0,-0,-0.0789551,36,33,0,0,0,2.52991,0,0,0,-0.162775,0,0,0,0
254,2.40289,0,0.00532648,0.0112793,0,0.060784,-0.0191753,0,-0,0.0563965,36,33,0,0,0,2.53991,0,0,0,-0.16279,0,0,0,0
255,2.40289,0,-0.00213059,0,0,0.060784,-0.00532648,0,-0,-0.146631,36,33,0,0,0,2.54991,0,0,0,-0.16279,0,0,0,0
256,2.40289,0,0.00532648,-0.0225586,0,0.060784,0.00319589,0,-0,0.0338379,36,33,0,0,0,2.55991,0,0,0,-0.162773,0,0,0,0
257,2.40289,0,0.00319589,-0.0338379,0,0.060784,-0.00639178,0,-0,-0.0902344,36,33,0,0,0,2.56991,0,0,0,-0.162782,0,0,0,0
258,2.40289,0,0.00426119,-0.0225586,0,0.060784,0.0010653,0,-0,0.0563965,36,33,0,0,0,2.57991,0,0,0,-0.162757,0,0,0,0
259,2.40289,0,0.00745708,-0.0338379,0,0.060784,0.0010653,0,-0,0.0563965,36,33,0,0,0,2.58991,0,0,0,-0.162755,0,0,0,0
260,2.40289,0,-0.010653,0,0,0.060784,0.00852238,0,-0,0.0789551,36,33,0,0,0,2.59991,0,0,0,-0.162778,0,0,0,0
261,2.40289,0,-0.0117183,0.0338379,0,0.060784,0.010653,0,-0,0.0789551,36,33,0,0,0,2.60991,0,0,0,-0.162781,0,0,0,0
262,2.40289,0,0.0138489,0,0,0.060784,0.00745708,0,-0,0.0563965,36,33,0,0,0,2.61991,0,0,0,-0.162764,0,0,0,0
263,2.40289,0,0.0159795,-0.0338379,0,0.060784,0.0149142,0,-0,0.0338379,36,33,0,0,0,2.62991,0,0,0,-0.162794,0,0,0,0
264,2.40289,0,0.0170448,-0.0225586,0,0.060784,-0.00319589,0,-0,0.0563965,36,33,0,0,0,2.63991,0,0,0,-0.162769,0,0,0,0
265,2.40289,0,-0.00426119,-0.0225586,0,0.060784,-0.0117183,0,-0,0.0789551,36,33,0,0,0,2.64991,0,0,0,-0.162732,0,0,0,0
266,2.40289,0,-0.00426119,0.0338379,0,0.060784,-0.00426119,0,-0,0.0563965,36,33,0,0,0,2.65991,0,0,0,-0.162765,0,0,0,0
267,2.40289,0,-0.0010653,0.0112793,0,0.060784,0.0159795,0,-0,0.0225586,36,33,0,0,0,2.66991,0,0,0,-0.162785,0,0,0,0
268,2.40289,0,-0.00532648,0.0338379,0,0.060784,0.0234365,0,-0,0.0338379,36,33,0,0,0,2.67991,0,0,0,-0.162772,0,0,0,0
269,2.40289,0,-0.00532648,0,0,0.060784,-0.0127836,0,-0,0.0338379,36,33,0,0,0,2.68991,0,0,0,-0.162783,0,0,0,0
270,2.40289,0,0.0149142,0.0112793,0,0.060784,-0.00958767,0,-0,-0,36,33,0,0,0,2.69991,0,0,0,-0.162725,0,0,0,0
271,2.40289,0,-0.0010653,0,0,0.060784,0.00426119,0,-0,0.0338379,36,33,0,0,0,2.70991,0,0,0,-0.162775,0,0,0,0
272,2.40289,0,1.30461e-19,0.0112793,0,0.060784,0.00213059,0,-0,0.0563965,36,33,0,0,0,2.71991,0,0,0,-0.162781,0,0,0,0
273,2.40289,0,0.0191753,0,0,0.060784,0.010653,0,-0,0.0338379,36,33,0,0,0,2.72991,0,0,0,-0.162805,0,0,0,0
274,2.40289,0,-0.00958767,0,0,0.060784,0.0010653,0,-0,0.0338379,36,33,0,0,0,2.73991,0,0,0,-0.162797,0,0,0,0
275,2.40289,0,-0.010653,0,0,0.060784,-0.0117183,0,-0,0.0563965,36,33,0,0,0,2.74991,0,0,0,-0.162781,0,0,0,0
276,2.40289,0,-0.00745708,0,0,0.060784,-0.00958767,0,-0,0.0338379,36,33,0,0,0,2.75991,0,0,0,-0.162785,0,0,0,0
277,2.40289,0,0.00745708,0.0112793,0,0.060784,-0.00745708,0,-0,0.0338379,36,33,0,0,0,2.76991,0,0,0,-0.16278,0,0,0,0
278,2.40289,0,-1.95692e-19,-0.0225586,0,0.060784,-0.00319589,0,-0,0.0338379,36,33,0,0,0,2.77991,0,0,0,-0.162792,0,0,0,0
279,2.40289,0,-0.0117183,0.0112793,0,0.060784,-0.0213059,0,-0,0.0338379,36,33,0,0,0,2.7899,0,0,0,-0.162783,0,0,0,0
280,2.40289,0,0.0159795,0.0112793,0,0.060784,0.00426119,0,-0,-0.146631,36,33,0,0,0,2.79991,0,0,0,-0.162786,0,0,0,0
281,2.40289,0,0.00319589,0.0112793,0,0.060784,0.0117183,0,-0,-0.146631,36,33,0,0,0,2.80991,0,0,0,-0.162797,0,0,0,0
282,2.40289,0,0.00852238,0,0,0.060784,0.0127836,0,-0,0.0338379,36,33,0,0,0,2.81991,0,0,0,-0.162779,0,0,0,0
283,2.40289,0,0.00745708,0,0,0.060784,-0.00319589,0,-0,-0.0902344,36,33,0,0,0,2.82991,0,0,0,-0.162767,0,0,0,0
284,2.40289,0,-6.52306e-20,0,0,0.060784,-0.0010653,0,-0,-0.146631,36,33,0,0,0,2.83991,0,0,0,-0.162755,0,0,0,0
285,2.40289,0,-0.0308936,0.0112793,0,0.060784,-0.0159795,0,-0,-0.146631,36,33,0,0,0,2.84991,0,0,0,-0.16275,0,0,0,0
286,2.40289,0,-0.0010653,0,0,0.060784,-0.00852238,0,-0,0.0338379,36,33,0,0,0,2.85991,0,0,0,-0.162729,0,0,0,0
287,2.40289,0,-0.00745708,-0.0225586,0,0.060784,-0.0159795,0,-0,-0.146631,36,33,0,0,0,2.86991,0,0,0,-0.162765,0,0,0,0
288,2.40289,0,-0.010653,0.0112793,0,0.060784,-0.0191753,0,-0,-0.101514,36,33,0,0,0,2.87991,0,0,0,-0.162742,0,0,0,0
289,2.40289,0,-0.00319589,0.0112793,0,0.060784,0.0010653,0,-0,0.0563965,36,33,0,0,0,2.88991,0,0,0,-0.16271,0,0,0,0
290,2.40289,0,-6.52306e-19,0.0112793,0,0.060784,-0.010653,0,-0,-0.146631,36,33,0,0,0,2.89991,0,0,0,-0.162678,0,0,0,0
291,2.40289,0,-0.01811,0.0112793,0,0.060784,-0.0159795,0,-0,-0.146631,36,33,0,0,0,2.90991,0,0,0,-0.16267,0,0,0,0
292,2.40289,0,0.00745708,0.0112793,0,0.060784,-0.00852238,0,-0,-0.146631,36,33,0,0,0,2.91991,0,0,0,-0.162688,0,0,0,0
293,2.40289,0,-0.00958767,-0.0338379,0,0.060784,-0.0223712,0,-0,0.0338379,36,33,0,0,0,2.92991,0,0,0,-0.162694,0,0,0,0
294,2.40289,0,0.0138489,-0.0225586,0,0.060784,-0.00213059,0,-0,0.0225586,36,33,0,0,0,2.93991,0,0,0,-0.162665,0,0,0,0
295,2.40289,0,-0.0117183,0,0,0.060784,-0.00958767,0,-0,0.0563965,36,33,0,0,0,2.94991,0,0,0,-0.162693,0,0,0,0
296,2.40289,0,0.00532648,-0.0451172,0,0.060784,0.00319589,0,-0,-0.146631,36,33,0,0,0,2.95991,0,0,0,-0.162679,0,0,0,0
297,2.40289,0,0.00532648,0.0112793,0,0.060784,0.0149142,0,-0,-0.146631,36,33,0,0,0,2.96991,0,0,0,-0.162683,0,0,0,0
298,2.40289,0,-0.0010653,-0.0225586,0,0.060784,0.00958767,0,-0,0.0338379,36,33,0,0,0,2.97991,0,0,0,-0.162679,0,0,0,0
299,2.40289,0,0.00213059,0,0,0.060784,0.0234365,0,-0,0.0563965,36,33,0,0,0,2.98991,0,0,0,-0.162686,0,0,0,0
300,2.40289,0,0.00426119,-0.0338379,0,0.060784,0.00852238,0,-0,0.0563965,36,33,0,0,0,2.99991,0,0,0,-0.162692,0,0,0,0
301,2.40289,0,-0.00639178,-0.0338379,0,0.060784,0.00639178,0,-0,0.0338379,36,33,0,0,0,3.00991,0,0,0,-0.162658,0,0,0,0
302,2.40289,0,0.00639178,0.0338379,0,0.060784,-0.0319589,0,-0,0.0563965,36,33,0,0,0,3.01991,0,0,0,-0.162653,0,0,0,0
303,2.40289,0,0.00213059,0,0,0.060784,0.00532648,0,-0,0.0902344,36,33,0,0,0,3.02991,0,0,0,-0.162677,0,0,0,0
304,2.40289,0,0.00958767,0.0225586,0,0.060784,-0.00213059,0,-0,0.0563965,36,33,0,0,0,3.03991,0,0,0,-0.162678,0,0,0,0
305,2.40289,0,0.00426119,-0.0338379,0,0.060784,0.00745708,0,-0,0.0563965,36,33,0,0,0,3.04991,0,0,0,-0.162691,0,0,0,0
306,2.40289,0,0.010653,-0.0338379,0,0.060784,0.00852238,0,-0,0.0563965,36,33,0,0,0,3.05991,0,0,0,-0.162671,0,0,0,0
307,2.40289,0,0.00852238,0.0225586,0,0.060784,-0.00639178,0,-0,0.0789551,36,33,0,0,0,3.06991,0,0,0,-0.162652,0,0,0,0
308,2.40289,0,0.0117183,0.0112793,0,0.060784,-0.00213059,0,-0,0.0338379,36,33,0,0,0,3.07991,0,0,0,-0.162666,0,0,0,0
309,2.40289,0,0.00639178,0,0,0.060784,-0.00426119,0,-0,0.0563965,36,33,0,0,0,3.08991,0,0,0,-0.162622,0,0,0,0
310,2.40289,0,0.0149142,0.0338379,0,0.060784,-0.00745708,0,-0,0.0338379,36,33,0,0,0,3.09991,0,0,0,-0.162616,0,0,0,0
311,2.40289,0,0.00852238,0.0338379,0,0.060784,-0.00745708,0,-0,0.0338379,36,33,0,0,0,3.10991,0,0,0,-0.162626,0,0,0,0
312,2.40289,0,0.00426119,0,0,0.060784,-0.0159795,0,-0,0.0338379,36,33,0,0,0,3.11991,0,0,0,-0.1626,0,0,0,0
313,2.40289,0,0.0149142,0.0112793,0,0.060784,0.00639178,0,-0,0.0338379,36,33,0,0,0,3.12991,0,0,0,-0.162602,0,0,0,0
314,2.40289,0,7.82767e-19,0.0338379,0,0.060784,0.0127836,0,-0,0.0563965,36,33,0,0,0,3.13991,0,0,0,-0.162611,0,0,0,0
315,2.40289,0,-0.0149142,0.0225586,0,0.060784,-0.0202406,0,-0,0.0338379,36,33,0,0,0,3.14991,0,0,0,-0.162568,0,0,0,0
316,2.40289,0,-0.00426119,0,0,0.060784,-0.00852238,0,-0,0.0338379,36,33,0,0,0,3.15991,0,0,0,-0.162575,0,0,0,0
317,2.40289,0,0.0117183,0.0225586,0,0.060784,0.0149142,0,-0,0.0225586,36,33,0,0,0,3.16991,0,0,0,-0.162576,0,0,0,0
318,2.40289,0,0.0138489,0.0225586,0,0.060784,0.0127836,0,-0,0.0338379,36,33,0,0,0,3.17991,0,0,0,-0.16257,0,0,0,0
319,2.40289,0,0.0010653,0,0,0.060784,-0.0117183,0,-0,0.0225586,36,33,0,0,0,3.18991,0,0,0,-0.162565,0,0,0,0
320,2.40289,0,-5.21845e-19,0,0,0.060784,-0.00852238,0,-0,0.0225586,36,33,0,0,0,3.19991,0,0,0,-0.162529,0,0,0,0
321,2.40289,0,0.00532648,0.0112793,0,0.060784,0.00958767,0,-0,0.0225586,36,33,0,0,0,3.20991,0,0,0,-0.162544,0,0,0,0
322,2.40289,0,0.00639178,0,0,0.060784,-3.91384e-19,0,-0,-0,36,33,0,0,0,3.21991,0,0,0,-0.162519,0,0,0,0
323,2.40289,0,0.00532648,0,0,0.060784,-0.00532648,0,-0,0.0338379,36,33,0,0,0,3.22991,0,0,0,-0.162549,0,0,0,0
324,2.40289,0,0.00639178,0,0,0.060784,0.0213059,0,-0,0.0563965,36,33,0,0,0,3.23991,0,0,0,-0.162555,0,0,0,0
325,2.40289,0,-0.00745708,0,0,0.060784,-0.00852238,0,-0,-0.146631,36,33,0,0,0,3.24991,0,0,0,-0.16252,0,0,0,0
326,2.40289,0,0.00213059,0.0112793,0,0.060784,-0.0127836,0,-0,-0.101514,36,33,0,0,0,3.25991,0,0,0,-0.16251,0,0,0,0
327,2.40289,0,0.0234365,0,0,0.060784,-0.0138489,0,-0,0.0338379,36,33,0,0,0,3.26991,0,0,0,-0.162478,0,0,0,0
328,2.40289,0,0.00745708,0.0338379,0,0.060784,-4.56614e-19,0,-0,-0.0902344,36,33,0,0,0,3.27991,0,0,0,-0.162465,0,0,0,0
329,2.40289,0,0.00426119,0,0,0.060784,0.0213059,0,-0,-0,36,33,0,0,0,3.28991,0,0,0,-0.162469,0,0,0,0
330,2.40289,0,0.0138489,-0.0338379,0,0.060784,0.00958767,0,-0,0.0338379,36,33,0,0,0,3.29991,0,0,0,-0.162465,0,0,0,0
331,2.40289,0,-0.0234365,0.0112793,0,0.060784,0.00639178,0,-0,0.0563965,36,33,0,0,0,3.30991,0,0,0,-0.162443,0,0,0,0
332,2.40289,0,-0.0010653,0,0,0.060784,-0.010653,0,-0,-0.146631,36,33,0,0,0,3.31991,0,0,0,-0.162473,0,0,0,0
333,2.40289,0,-0.00745708,0.0112793,0,0.060784,-0.0138489,0,-0,-0.146631,36,33,0,0,0,3.32991,0,0,0,-0.162498,0,0,0,0
334,2.40289,0,0.00639178,0.0112793,0,0.060784,-0.0319589,0,-0,-0.101514,36,33,0,0,0,3.33991,0,0,0,-0.162511,0,0,0,0
335,2.40289,0,-1.10892e-18,-0.0225586,0,0.060784,-0.01811,0,-0,-0.101514,36,33,0,0,0,3.34991,0,0,0,-0.162499,0,0,0,0
336,2.40289,0,-0.0223712,-0.0225586,0,0.060784,-0.0234365,0,-0,-0.101514,36,33,0,0,0,3.35991,0,0,0,-0.162517,0,0,0,0
337,2.40289,0,-0.010653,0,0,0.060784,-0.00958767,0,-0,-0.0902344,36,33,0,0,0,3.36991,0,0,0,-0.162532,0,0,0,0
338,2.40289,0,-0.0170448,0,0,0.060784,-0.00958767,0,-0,-0.124072,36,33,0,0,0,3.37991,0,0,0,-0.162533,0,0,0,0
339,2.40289,0,-0.0245018,-0.0338379,0,0.060784,-0.0223712,0,-0,-0.146631,36,33,0,0,0,3.38991,0,0,0,-0.162563,0,0,0,0
340,2.40289,0,-0.00213059,-0.0225586,0,0.060784,-0.00213059,0,-0,0.0563965,36,33,0,0,0,3.39991,0,0,0,-0.162562,0,0,0,0
341,2.40289,0,0.0127836,-0.0451172,0,0.060784,-0.00213059,0,-0,0.0563965,36,33,0,0,0,3.40991,0,0,0,-0.162521,0,0,0,0
342,2.40289,0,6.52306e-20,-0.0338379,0,0.060784,0.0010653,0,-0,0.0338379,36,33,0,0,0,3.41991,0,0,0,-0.162527,0,0,0,0
343,2.40289,0,0.010653,0.0112793,0,0.060784,-0.0298283,0,-0,0.0338379,36,33,0,0,0,3.42991,0,0,0,-0.162538,0,0,0,0
344,2.40289,0,0.0010653,0,0,0.060784,0.0170448,0,-0,0.0338379,36,33,0,0,0,3.43991,0,0,0,-0.162523,0,0,0,0
345,2.40289,0,0.0202406,-0.0338379,0,0.060784,-0.0223712,0,-0,0.0563965,36,33,0,0,0,3.44991,0,0,0,-0.162508,0,0,0,0
346,2.40289,0,0.00852238,0.0112793,0,0.060784,0.0149142,0,-0,0.0563965,36,33,0,0,0,3.45991,0,0,0,-0.162515,0,0,0,0
347,2.40289,0,0.00958767,0,0,0.060784,-0.00426119,0,-0,0.0338379,36,33,0,0,0,3.46991,0,0,0,-0.162503,0,0,0,0
348,2.40289,0,0.0149142,-0.0338379,0,0.060784,-0.00639178,0,-0,0.0563965,36,33,0,0,0,3.47991,0,0,0,-0.162523,0,0,0,0
349,2.40289,0,0.0159795,-0.0225586,0,0.060784,-0.00213059,0,-0,0.0563965,36,33,0,0,0,3.48991,0,0,0,-0.162488,0,0,0,0
350,2.40289,0,-0.00745708,0,0,0.060784,0.00958767,0,-0,0.0338379,36,33,0,0,0,3.49991,0,0,0,-0.162499,0,0,0,0
351,2.40289,0,-6.52306e-19,0,0,0.060784,-0.010653,0,-0,0.0338379,36,33,0,0,0,3.50991,0,0,0,-0.162479,0,0,0,0
352,2.40289,0,0.0159795,-0.0225586,0,0.060784,-0.0117183,0,-0,0.0338379,36,33,0,0,0,3.51991,0,0,0,-0.162498,0,0,0,0
353,2.40289,0,-0.0159795,0,0,0.060784,0.0170448,0,-0,0.0338379,36,33,0,0,0,3.52991,0,0,0,-0.16247,0,0,0,0
354,2.40289,0,-0.010653,0,0,0.060784,-0.0223712,0,-0,0.0338379,36,33,0,0,0,3.53991,0,0,0,-0.162482,0,0,0,0
355,2.40289,0,0.0138489,0.0225586,0,0.060784,-0.00213059,0,-0,0.0338379,36,33,0,0,0,3.54991,0,0,0,-0.162495,0,0,0,0
356,2.40289,0,1.95692e-19,0,0,0.060784,0.00319589,0,-0,0.0338379,36,33,0,0,0,3.55991,0,0,0,-0.162474,0,0,0,0
357,2.40289,0,0.00745708,0.0338379,0,0.060784,0.00532648,0,-0,0.0563965,36,33,0,0,0,3.56991,0,0,0,-0.16247,0,0,0,0
358,2.40289,0,-0.00319589,0.0112793,0,0.060784,-0.010653,0,-0,0.0563965,36,33,0,0,0,3.57991,0,0,0,-0.162492,0,0,0,0
359,2.40289,0,0.0159795,0.0225586,0,0.060784,0.00213059,0,-0,0.0338379,36,33,0,0,0,3.58991,0,0,0,-0.162494,0,0,0,0
360,2.40289,0,0.0117183,0.0112793,0,0.060784,-0.00532648,0,-0,0.0338379,36,33,0,0,0,3.59991,0,0,0,-0.162503,0,0,0,0
361,2.40289,0,0.0010653,0,0,0.060784,-0.00852238,0,-0,0.0338379,36,33,0,0,0,3.60991,0,0,0,-0.162491,0,0,0,0
362,2.40289,0,0.010653,0,0,0.060784,0.00958767,0,-0,0.0338379,36,33,0,0,0,3.61991,0,0,0,-0.162495,0,0,0,0
363,2.40289,0,-0.00958767,0,0,0.060784,0.00532648,0,-0,-0.0112793,36,33,0,0,0,3.62991,0,0,0,-0.162513,0,0,0,0
364,2.40289,0,-0.0245018,0.0112793,0,0.060784,0.010653,0,-0,0.0338379,36,33,0,0,0,3.63991,0,0,0,-0.162511,0,0,0,0
365,2.40289,0,-0.0159795,-0.0338379,0,0.060784,-0.00852238,0,-0,0.0338379,36,33,0,0,0,3.64991,0,0,0,-0.162499,0,0,0,0
366,2.40289,0,-0.0404813,0,0,0.060784,0.00426119,0,-0,0.0225586,36,33,0,0,0,3.65991,0,0,0,-0.162457,0,0,0,0
367,2.40289,0,0.00639178,0.0112793,0,0.060784,-0.0202406,0,-0,0.0338379,36,33,0,0,0,3.66991,0,0,0,-0.162471,0,0,0,0
368,2.40289,0,-0.00639178,0,0,0.060784,-0.0010653,0,-0,-0,36,33,0,0,0,3.67991,0,0,0,-0.162415,0,0,0,0
369,2.40289,0,-0.00426119,0,0,0.060784,2.60922e-19,0,-0,-0.101514,36,33,0,0,0,3.68991,0,0,0,-0.162408,0,0,0,0
370,2.40289,0,0.010653,0,0,0.060784,-0.0117183,0,-0,0.0225586,36,33,0,0,0,3.69991,0,0,0,-0.16244,0,0,0,0
371,2.40289,0,0.0202406,0.0112793,0,0.060784,-0.00319589,0,-0,-0.146631,36,33,0,0,0,3.70991,0,0,0,-0.162445,0,0,0,0
372,2.40289,0,0.0234365,0.0112793,0,0.060784,0.0149142,0,-0,-0.146631,36,33,0,0,0,3.71989,0,0,0,-0.162461,0,0,0,0
373,2.40289,0,-0.00213059,0.0112793,0,0.060784,-0.00426119,0,-0,-0.146631,36,33,0,0,0,3.72991,0,0,0,-0.162424,0,0,0,0
374,2.40289,0,0.0117183,0,0,0.060784,0.00958767,0,-0,-0.146631,36,33,0,0,0,3.73991,0,0,0,-0.162389,0,0,0,0
375,2.40289,0,0.00532648,-0.0338379,0,0.060784,-0.00532648,0,-0,-0.0902344,36,33,0,0,0,3.74991,0,0,0,-0.162389,0,0,0,0
376,2.40289,0,0.010653,-0.0225586,0,0.060784,0.0117183,0,-0,-0.0789551,36,33,0,0,0,3.75991,0,0,0,-0.162369,0,0,0,0
377,2.40289,0,0.01811,-0.0338379,0,0.060784,-0.00319589,0,-0,0.0563965,36,33,0,0,0,3.76991,0,0,0,-0.16235,0,0,0,0
378,2.40289,0,0.00639178,-0.0338379,0,0.060784,0.00213059,0,-0,-0.101514,36,33,0,0,0,3.77991,0,0,0,-0.162381,0,0,0,0
379,2.40289,0,0.0010653,0,0,0.060784,-0.01811,0,-0,-0.101514,36,33,0,0,0,3.78991,0,0,0,-0.162365,0,0,0,0
380,2.40289,0,-0.00639178,-0.0451172,0,0.060784,-0.00426119,0,-0,0.0338379,36,33,0,0,0,3.79991,0,0,0,-0.162384,0,0,0,0
381,2.40289,0,-0.00639178,-0.0225586,0,0.060784,-0.0202406,0,-0,0.0563965,36,33,0,0,0,3.80991,0,0,0,-0.162394,0,0,0,0
382,2.40289,0,0.0170448,-0.0338379,0,0.060784,-0.0010653,0,-0,0.0563965,36,33,0,0,0,3.81991,0,0,0,-0.162401,0,0,0,0
383,2.40289,0,0.00639178,0,0,0.060784,0.0149142,0,-0,-0,36,33,0,0,0,3.82991,0,0,0,-0.1624,0,0,0,0
384,2.40289,0,-0.00426119,-0.0225586,0,0.060784,0.0127836,0,-0,0.0338379,36,33,0,0,0,3.83991,0,0,0,-0.162387,0,0,0,0
385,2.40289,0,-0.00852238,-0.0338379,0,0.060784,-0.00213059,0,-0,0.0563965,36,33,0,0,0,3.84991,0,0,0,-0.162358,0,0,0,0
386,2.40289,0,-0.0138489,0.0338379,0,0.060784,-0.0170448,0,-0,0.0563965,36,33,0,0,0,3.85991,0,0,0,-0.162381,0,0,0,0
387,2.40289,0,0.00426119,-0.0338379,0,0.060784,-0.0127836,0,-0,0.0563965,36,33,0,0,0,3.86991,0,0,0,-0.16238,0,0,0,0
388,2.40289,0,0.0149142,0.0112793,0,0.060784,0.0010653,0,-0,0.0563965,36,33,0,0,0,3.87991,0,0,0,-0.162365,0,0,0,0
389,2.40289,0,0.00213059,-0.0338379,0,0.060784,-0.0010653,0,-0,0.0338379,36,33,0,0,0,3.88991,0,0,0,-0.162331,0,0,0,0
390,2.40289,0,0.00745708,-0.0225586,0,0.060784,-0.00213059,0,-0,0.0338379,36,33,0,0,0,3.89991,0,0,0,-0.162347,0,0,0,0
391,2.40289,0,0.0308936,-0.0225586,0,0.060784,-0.0138489,0,-0,0.0563965,36,33,0,0,0,3.90991,0,0,0,-0.162346,0,0,0,0
392,2.40289,0,-0.00319589,0,0,0.060784,-0.00745708,0,-0,-0.146631,36,33,0,0,0,3.91991,0,0,0,-0.162358,0,0,0,0
393,2.40289,0,-0.00213059,0.0225586,0,0.060784,-0.00958767,0,-0,0.0563965,36,33,0,0,0,3.92991,0,0,0,-0.162337,0,0,0,0
394,2.40289,0,0.0149142,0.0112793,0,0.060784,0.00958767,0,-0,0.0563965,36,33,0,0,0,3.93991,0,0,0,-0.162352,0,0,0,0
395,2.40289,0,0.0170448,0.0112793,0,0.060784,0.00852238,0,-0,0.0338379,36,33,0,0,0,3.94991,0,0,0,-0.162344,0,0,0,0
396,2.40289,0,0.00319589,0,0,0.060784,-0.0117183,0,-0,0.0225586,36,33,0,0,0,3.95991,0,0,0,-0.162313,0,0,0,0
397,2.40289,0,0.00958767,0.0112793,0,0.060784,0.0010653,0,-0,0.0338379,36,33,0,0,0,3.96991,0,0,0,-0.162308,0,0,0,0
398,2.40289,0,-0.00319589,0,0,0.060784,-0.0117183,0,-0,0.0338379,36,33,0,0,0,3.97991,0,0,0,-0.162273,0,0,0,0
399,2.40289,0,-0.0234365,0.0338379,0,0.060784,0.00639178,0,-0,0.0225586,36,33,0,0,0,3.98991,0,0,0,-0.162293,0,0,0,0
400,2.40289,0,0.00532648,0,0,0.060784,0.00319589,0,-0,0.0338379,36,33,0,0,0,3.99991,0,0,0,-0.162287,0,0,0,0
401,2.40289,0,-0.00532648,-0.0225586,0,0.060784,-0.0010653,0,-0,0.0338379,36,33,0,0,0,4.00991,0,0,0,-0.162301,0,0,0,0
402,2.40289,0,0.00958767,0.0112793,0,0.060784,0.00852238,0,-0,0.0338379,36,33,0,0,0,4.01991,0,0,0,-0.162269,0,0,0,0
403,2.40289,0,0.00319589,0.0225586,0,0.060784,0.00426119,0,-0,0.0225586,36,33,0,0,0,4.02991,0,0,0,-0.162259,0,0,0,0
404,2.40289,0,-0.0127836,0.0338379,0,0.060784,0.00532648,0,-0,0.0338379,36,33,0,0,0,4.03991,0,0,0,-0.162253,0,0,0,0
405,2.40289,0,-0.0117183,0.0112793,0,0.060784,-0.00852238,0,-0,0.0225586,36,33,0,0,0,4.04991,0,0,0,-0.162245,0,0,0,0
406,2.40289,0,-0.00213059,0,0,0.060784,0.00958767,0,-0,0.0338379,36,33,0,0,0,4.05991,0,0,0,-0.162258,0,0,0,0
407,2.40289,0,0.0149142,0,0,0.060784,-0.00532648,0,-0,0.0338379,36,33,0,0,0,4.06991,0,0,0,-0.162247,0,0,0,0
408,2.40289,0,0.00639178,0,0,0.060784,0.00213059,0,-0,0.0563965,36,33,0,0,0,4.07991,0,0,0,-0.162264,0,0,0,0
409,2.40289,0,-0.00426119,0,0,0.060784,-0.0255671,0,-0,0.0338379,36,33,0,0,0,4.08991,0,0,0,-0.162246,0,0,0,0
410,2.40289,0,0.0213059,-0.0225586,0,0.060784,-0.00426119,0,-0,0.0451172,36,33,0,0,0,4.09991,0,0,0,-0.162268,0,0,0,0
411,2.40289,0,0.01811,0.0112793,0,0.060784,-0.010653,0,-0,0.0563965,36,33,0,0,0,4.10991,0,0,0,-0.162234,0,0,0,0
412,2.40289,0,-0.00852238,0,0,0.060784,-0.0010653,0,-0,0.0225586,36,33,0,0,0,4.11991,0,0,0,-0.162214,0,0,0,0
413,2.40289,0,-0.0266324,0.0338379,0,0.060784,0.00426119,0,-0,0.0338379,36,33,0,0,0,4.12991,0,0,0,-0.162227,0,0,0,0
414,2.40289,0,0.00213059,0.0112793,0,0.060784,0.01811,0,-0,0.0338379,36,33,0,0,0,4.13991,0,0,0,-0.162219,0,0,0,0
415,2.40289,0,0.00319589,0.0112793,0,0.060784,-1.95692e-19,0,-0,0.0225586,36,33,0,0,0,4.14991,0,0,0,-0.162179,0,0,0,0
416,2.40289,0,-0.0127836,0,0,0.060784,0.00745708,0,-0,-0.0902344,36,33,0,0,0,4.15991,0,0,0,-0.162182,0,0,0,0
417,2.40289,0,0.00213059,0.0112793,0,0.060784,0.00426119,0,-0,-0.146631,36,33,0,0,0,4.16991,0,0,0,-0.162183,0,0,0,0
418,2.40289,0,-0.0213059,-0.0338379,0,0.060784,-0.0202406,0,-0,-0.146631,36,33,0,0,0,4.17991,0,0,0,-0.162185,0,0,0,0
419,2.40289,0,-0.010653,0.0338379,0,0.060784,0.028763,0,-0,-0.146631,36,33,0,0,0,4.18991,0,0,0,-0.162171,0,0,0,0
420,2.40289,0,-0.0149142,0,0,0.060784,-0.00532648,0,-0,-0.101514,36,33,0,0,0,4.19991,0,0,0,-0.162186,0,0,0,0
421,2.40289,0,0.0138489,0,0,0.060784,0.0010653,0,-0,-0.101514,36,33,0,0,0,4.20991,0,0,0,-0.162223,0,0,0,0
422,2.40289,0,0.00745708,-0.0225586,0,0.060784,-0.00958767,0,-0,-0,36,33,0,0,0,4.21991,0,0,0,-0.162204,0,0,0,0
423,2.40289,0,-0.00213059,-0.0225586,0,0.060784,-0.00319589,0,-0,-0.0902344,36,33,0,0,0,4.22991,0,0,0,-0.162171,0,0,0,0
424,2.40289,0,0.01811,-0.0338379,0,0.060784,0.0234365,0,-0,-0.146631,36,33,0,0,0,4.23991,0,0,0,-0.162191,0,0,0,0
425,2.40289,0,0.00213059,-0.0451172,0,0.060784,0.00319589,0,-0,-0.0902344,36,33,0,0,0,4.24991,0,0,0,-0.162196,0,0,0,0
426,2.40289,0,0.0010653,-0.0338379,0,0.060784,0.0159795,0,-0,0.0563965,36,33,0,0,0,4.25991,0,0,0,-0.162192,0,0,0,0
427,2.40289,0,-0.0010653,-0.0338379,0,0.060784,0.0138489,0,-0,0.0563965,36,33,0,0,0,4.26991,0,0,0,-0.162208,0,0,0,0
428,2.40289,0,-0.00639178,0,0,0.060784,0.0010653,0,-0,0.0563965,36,33,0,0,0,4.27991,0,0,0,-0.162193,0,0,0,0
429,2.40289,0,0.0149142,-0.0338379,0,0.060784,0.00532648,0,-0,0.0563965,36,33,0,0,0,4.28991,0,0,0,-0.162213,0,0,0,0
430,2.40289,0,-0.0117183,0.0112793,0,0.060784,-0.00426119,0,-0,0.0563965,36,33,0,0,0,4.29991,0,0,0,-0.162203,0,0,0,0
431,2.40289,0,-0.0127836,0.0225586,0,0.060784,0.00213059,0,-0,-0.146631,36,33,0,0,0,4.30991,0,0,0,-0.162207,0,0,0,0
432,2.40289,0,-0.00745708,-0.0338379,0,0.060784,-0.028763,0,-0,0.0563965,36,33,0,0,0,4.31991,0,0,0,-0.162178,0,0,0,0
433,2.40289,0,0.010653,0.0112793,0,0.060784,0.0276977,0,-0,0.0563965,36,33,0,0,0,4.32991,0,0,0,-0.162178,0,0,0,0
434,2.40289,0,0.00639178,0.0112793,0,0.060784,0.00639178,0,-0,0.0338379,36,33,0,0,0,4.33991,0,0,0,-0.162186,0,0,0,0
435,2.40289,0,0.0138489,0.0112793,0,0.060784,0.0138489,0,-0,0.0563965,36,33,0,0,0,4.34991,0,0,0,-0.162179,0,0,0,0
436,2.40289,0,0.0138489,0.0338379,0,0.060784,0.01811,0,-0,0.0563965,36,33,0,0,0,4.35991,0,0,0,-0.162192,0,0,0,0
437,2.40289,0,-0.0010653,0.0112793,0,0.060784,-0.00319589,0,-0,0.0338379,36,33,0,0,0,4.36991,0,0,0,-0.162167,0,0,0,0
438,2.40289,0,-0.00426119,-0.0338379,0,0.060784,0.00426119,0,-0,0.0563965,36,33,0,0,0,4.37991,0,0,0,-0.162192,0,0,0,0
439,2.40289,0,0.0010653,0,0,0.060784,0.0010653,0,-0,0.0563965,36,33,0,0,0,4.38991,0,0,0,-0.16216,0,0,0,0
440,2.40289,0,0.0159795,0,0,0.060784,-0.0010653,0,-0,0.0338379,36,33,0,0,0,4.39991,0,0,0,-0.162197,0,0,0,0
441,2.40289,0,0.0191753,0.0225586,0,0.060784,-0.010653,0,-0,0.0338379,36,33,0,0,0,4.40991,0,0,0,-0.162205,0,0,0,0
442,2.40289,0,-0.00532648,0.0112793,0,0.060784,0.0127836,0,-0,0.0338379,36,33,0,0,0,4.41991,0,0,0,-0.16223,0,0,0,0
443,2.40289,0,-0.00958767,0.0338379,0,0.060784,0.00639178,0,-0,0.0338379,36,33,0,0,0,4.42991,0,0,0,-0.162187,0,0,0,0
444,2.40289,0,-0.0010653,0,0,0.060784,-0.00213059,0,-0,0.0338379,36,33,0,0,0,4.43991,0,0,0,-0.162211,0,0,0,0
445,2.40289,0,-0.00319589,0.0112793,0,0.060784,0.00426119,0,-0,0.0338379,36,33,0,0,0,4.44991,0,0,0,-0.162216,0,0,0,0
446,2.40289,0,-0.00213059,0.0225586,0,0.060784,0.00532648,0,-0,0.0338379,36,33,0,0,0,4.45991,0,0,0,-0.162213,0,0,0,0
447,2.40289,0,-0.00852238,0,0,0.060784,-0.00639178,0,-0,0.0225586,36,33,0,0,0,4.46991,0,0,0,-0.162217,0,0,0,0
448,2.40289,0,-0.00213059,0,0,0.060784,0.01811,0,-0,0.0563965,36,33,0,0,0,4.47991,0,0,0,-0.162229,0,0,0,0
449,2.40289,0,-0.0266324,0,0,0.060784,-0.0117183,0,-0,0.0338379,36,33,0,0,0,4.48991,0,0,0,-0.162215,0,0,0,0
450,2.40289,0,0.00426119,0,0,0.060784,-0.00958767,0,-0,0.0338379,36,33,0,0,0,4.49991,0,0,0,-0.162213,0,0,0,0
451,2.40289,0,0.0010653,0,0,0.060784,0.00745708,0,-0,-0.0902344,36,33,0,0,0,4.50991,0,0,0,-0.162205,0,0,0,0
452,2.40289,0,-2.60922e-19,0.0112793,0,0.060784,-0.00426119,0,-0,-0.0789551,36,33,0,0,0,4.51991,0,0,0,-0.162214,0,0,0,0
453,2.40289,0,-0.00745708,0.0112793,0,0.060784,0.00745708,0,-0,-0.146631,36,33,0,0,0,4.52991,0,0,0,-0.162243,0,0,0,0
454,2.40289,0,0.00852238,0,0,0.060784,0.00639178,0,-0,0.0225586,36,33,0,0,0,4.53991,0,0,0,-0.162242,0,0,0,0
455,2.40289,0,0.0010653,0,0,0.060784,-0.0138489,0,-0,0.0563965,36,33,0,0,0,4.54991,0,0,0,-0.162225,0,0,0,0
456,2.40289,0,-0.0010653,0.0112793,0,0.060784,0.0255671,0,-0,-0.0676758,36,33,0,0,0,4.55991,0,0,0,-0.16219,0,0,0,0
457,2.40289,0,-0.0170448,0.0112793,0,0.060784,-0.00319589,0,-0,-0.0789551,36,33,0,0,0,4.56991,0,0,0,-0.162163,0,0,0,0
458,2.40289,0,-0.00213059,-0.0338379,0,0.060784,-0.0255671,0,-0,-0.146631,36,33,0,0,0,4.57991,0,0,0,-0.162175,0,0,0,0
459,2.40289,0,0.0202406,0,0,0.060784,0.00852238,0,-0,-0.0789551,36,33,0,0,0,4.58991,0,0,0,-0.162173,0,0,0,0
460,2.40289,0,-0.00745708,0,0,0.060784,0.0117183,0,-0,-0.146631,36,33,0,0,0,4.59991,0,0,0,-0.162156,0,0,0,0
461,2.40289,0,-0.0127836,0,0,0.060784,0.0202406,0,-0,0.0563965,36,33,0,0,0,4.60991,0,0,0,-0.162173,0,0,0,0
462,2.40289,0,-0.00745708,0,0,0.060784,0.00319589,0,-0,-0.0789551,36,33,0,0,0,4.61991,0,0,0,-0.162194,0,0,0,0
463,2.40289,0,0.00319589,-0.0225586,0,0.060784,0.00639178,0,-0,-0.146631,36,33,0,0,0,4.62991,0,0,0,-0.162206,0,0,0,0
464,2.40289,0,0.0010653,-0.0225586,0,0.060784,-0.00319589,0,-0,-0.0902344,36,33,0,0,0,4.63991,0,0,0,-0.1622,0,0,0,0
465,2.40289,0,-0.00319589,0.0225586,0,0.060784,-0.010653,0,-0,0.0225586,36,33,0,0,0,4.64991,0,0,0,-0.162215,0,0,0,0
466,2.40289,0,-5.87076e-19,-0.0338379,0,0.060784,-0.00958767,0,-0,-0.0789551,36,33,0,0,0,4.65991,0,0,0,-0.162187,0,0,0,0
467,2.40289,0,-9.13229e-19,0.0112793,0,0.060784,-0.0149142,0,-0,0.0338379,36,33,0,0,0,4.66991,0,0,0,-0.162195,0,0,0,0
468,2.40289,0,0.0127836,-0.0225586,0,0.060784,-0.00639178,0,-0,0.0563965,36,33,0,0,0,4.67991,0,0,0,-0.162212,0,0,0,0
469,2.40289,0,0.00319589,-0.0338379,0,0.060784,-0.0127836,0,-0,0.0563965,36,33,0,0,0,4.68991,0,0,0,-0.162204,0,0,0,0
470,2.40289,0,-0.0117183,0.0112793,0,0.060784,-0.01811,0,-0,0.0563965,36,33,0,0,0,4.69991,0,0,0,-0.162189,0,0,0,0
471,2.40289,0,0.0149142,0.0225586,0,0.060784,0.0138489,0,-0,0.0563965,36,33,0,0,0,4.70991,0,0,0,-0.162189,0,0,0,0
472,2.40289,0,0.00852238,0,0,0.060784,-0.0202406,0,-0,0.0563965,36,33,0,0,0,4.71991,0,0,0,-0.162174,0,0,0,0
473,2.40289,0,0.00213059,-0.0225586,0,0.060784,-0.0191753,0,-0,0.0563965,36,33,0,0,0,4.72991,0,0,0,-0.1622,0,0,0,0
474,2.40289,0,-0.00213059,0.0225586,0,0.060784,0.00532648,0,-0,0.0563965,36,33,0,0,0,4.73991,0,0,0,-0.162185,0,0,0,0
475,2.40289,0,-0.00639178,0.0112793,0,0.060784,0.0266324,0,-0,0.0563965,36,33,0,0,0,4.74991,0,0,0,-0.162166,0,0,0,0
476,2.40289,0,0.00639178,0.0338379,0,0.060784,-0.00213059,0,-0,0.0338379,36,33,0,0,0,4.75991,0,0,0,-0.162161,0,0,0,0
477,2.40289,0,-0.0010653,0.0225586,0,0.060784,0.00639178,0,-0,0.0563965,36,33,0,0,0,4.76991,0,0,0,-0.162166,0,0,0,0
478,2.40289,0,0.00958767,0.0112793,0,0.060784,-0.01811,0,-0,-0,36,33,0,0,0,4.77991,0,0,0,-0.162145,0,0,0,0
479,2.40289,0,0.00213059,0.0225586,0,0.060784,-0.00213059,0,-0,0.0338379,36,33,0,0,0,4.78991,0,0,0,-0.162142,0,0,0,0
480,2.40289,0,-0.00213059,0.0225586,0,0.060784,-0.0191753,0,-0,0.0338379,36,33,0,0,0,4.79991,0,0,0,-0.16216,0,0,0,0
481,2.40289,0,0.0149142,0.0112793,0,0.060784,-0.0010653,0,-0,0.0338379,36,33,0,0,0,4.80991,0,0,0,-0.162132,0,0,0,0
482,2.40289,0,0.0117183,0.0225586,0,0.060784,-0.0010653,0,-0,0.0225586,36,33,0,0,0,4.81991,0,0,0,-0.162113,0,0,0,0
483,2.40289,0,0.00852238,0.0112793,0,0.060784,0.00852238,0,-0,0.0225586,36,33,0,0,0,4.82991,0,0,0,-0.162121,0,0,0,0
484,2.40289,0,-0.0127836,0,0,0.060784,0.0149142,0,-0,0.0338379,36,33,0,0,0,4.83991,0,0,0,-0.162136,0,0,0,0
485,2.40289,0,0.00319589,0.0225586,0,0.060784,0.00852238,0,-0,0.0225586,36,33,0,0,0,4.84991,0,0,0,-0.162136,0,0,0,0
486,2.40289,0,0.00639178,0,0,0.060784,-0.0170448,0,-0,0.0338379,36,33,0,0,0,4.85991,0,0,0,-0.162089,0,0,0,0
487,2.40289,0,0.00426119,0.0112793,0,0.060784,-0.0170448,0,-0,0.0563965,36,33,0,0,0,4.86991,0,0,0,-0.162088,0,0,0,0
488,2.40289,0,0.0010653,0.0338379,0,0.060784,-0.0223712,0,-0,0.0338379,36,33,0,0,0,4.87991,0,0,0,-0.162071,0,0,0,0
489,2.40289,0,-0.00532648,0.0112793,0,0.060784,-0.00958767,0,-0,0.0338379,36,33,0,0,0,4.88991,0,0,0,-0.162067,0,0,0,0
490,2.40289,0,-0.00426119,0,0,0.060784,-0.0223712,0,-0,0.0225586,36,33,0,0,0,4.89991,0,0,0,-0.162081,0,0,0,0
491,2.40289,0,-0.00532648,0.0338379,0,0.060784,-0.00532648,0,-0,0.0225586,36,33,0,0,0,4.90991,0,0,0,-0.162058,0,0,0,0
492,2.40289,0,0.0213059,0,0,0.060784,0.00639178,0,-0,0.0338379,36,33,0,0,0,4.91991,0,0,0,-0.162042,0,0,0,0
493,2.40289,0,-0.0138489,0,0,0.060784,-0.0223712,0,-0,0.0338379,36,33,0,0,0,4.92991,0,0,0,-0.162044,0,0,0,0
494,2.40289,0,-7.17537e-19,0,0,0.060784,-0.0117183,0,-0,0.0338379,36,33,0,0,0,4.93991,0,0,0,-0.162025,0,0,0,0
495,2.40289,0,-0.0159795,0.0112793,0,0.060784,0.0213059,0,-0,-0,36,33,0,0,0,4.94991,0,0,0,-0.162046,0,0,0,0
496,2.40289,0,0.00852238,0.0112793,0,0.060784,0.0170448,0,-0,0.0338379,36,33,0,0,0,4.95991,0,0,0,-0.162084,0,0,0,0
497,2.40289,0,1.30461e-18,0.0112793,0,0.060784,0.0213059,0,-0,-0.146631,36,33,0,0,0,4.96991,0,0,0,-0.162041,0,0,0,0
498,2.40289,0,0.0170448,0.0112793,0,0.060784,0.0170448,0,-0,-0.101514,36,33,0,0,0,4.97991,0,0,0,-0.162023,0,0,0,0
499,2.40289,0,0.0010653,0.0112793,0,0.060784,0.0010653,0,-0,-0.0902344,36,33,0,0,0,4.98991,0,0,0,-0.16205,0,0,0,0
500,2.40289,0,0.0010653,0.0225586,0,0.060784,0.0127836,0,-0,0.0563965,36,33,0,0,0,4.99991,0,0,0,-0.162034,0,0,0,0
501,2.40289,0,-0.010653,0,0,0.060784,0.00639178,0,-0,-0.146631,36,33,0,0,0,5.00991,0,0,0,-0.162046,0,0,0,0
502,2.40289,0,0.010653,0.0112793,0,0.060784,0.00426119,0,-0,-0.0789551,36,33,0,0,0,5.01991,0,0,0,-0.162054,0,0,0,0
503,2.40289,0,-1.30461e-19,-0.0338379,0,0.060784,-0.00213059,0,-0,0.0338379,36,33,0,0,0,5.02991,0,0,0,-0.162048,0,0,0,0
504,2.40289,0,0.0191753,-0.0338379,0,0.060784,-0.010653,0,-0,-0.0902344,36,33,0,0,0,5.03991,0,0,0,-0.162039,0,0,0,0
505,2.40289,0,0.00532648,-0.0225586,0,0.060784,0.0159795,0,-0,0.0563965,36,33,0,0,0,5.04991,0,0,0,-0.162039,0,0,0,0
506,2.40289,0,0.00532648,0,0,0.060784,-0.0213059,0,-0,0.0563965,36,33,0,0,0,5.05991,0,0,0,-0.162047,0,0,0,0
507,2.40289,0,0.0149142,-0.0338379,0,0.060784,-0.0159795,0,-0,0.0225586,36,33,0,0,0,5.06991,0,0,0,-0.162038,0,0,0,0
508,2.40289,0,0.00319589,0,0,0.060784,-0.00213059,0,-0,-0.0902344,36,33,0,0,0,5.07991,0,0,0,-0.162065,0,0,0,0
509,2.40289,0,-0.0010653,0,0,0.060784,6.52306e-20,0,-0,-0.0902344,36,33,0,0,0,5.08991,0,0,0,-0.162059,0,0,0,0
510,2.40289,0,0.00639178,-0.0338379,0,0.060784,0.00426119,0,-0,0.0563965,36,33,0,0,0,5.09991,0,0,0,-0.162043,0,0,0,0
511,2.40289,0,0.00426119,-0.0225586,0,0.060784,-0.0010653,0,-0,0.0338379,36,33,0,0,0,5.10991,0,0,0,-0.16204,0,0,0,0
512,2.40289,0,-0.00745708,-0.0225586,0,0.060784,-0.0127836,0,-0,-0.101514,36,33,0,0,0,5.11991,0,0,0,-0.162027,0,0,0,0
513,2.40289,0,0.00532648,-0.0338379,0,0.060784,-0.00852238,0,-0,0.0338379,36,33,0,0,0,5.12991,0,0,0,-0.162001,0,0,0,0
514,2.40289,0,0.0127836,-0.0338379,0,0.060784,0.0138489,0,-0,0.0338379,36,33,0,0,0,5.13991,0,0,0,-0.16202,0,0,0,0
515,2.40289,0,0.00532648,0,0,0.060784,0.0191753,0,-0,0.0338379,36,33,0,0,0,5.14991,0,0,0,-0.16202,0,0,0,0
516,2.40289,0,-0.00639178,0.0112793,0,0.060784,0.0276977,0,-0,0.0563965,36,33,0,0,0,5.15991,0,0,0,-0.162029,0,0,0,0
517,2.40289,0,0.00426119,0.0225586,0,0.060784,-0.00639178,0,-0,0.0563965,36,33,0,0,0,5.16991,0,0,0,-0.162014,0,0,0,0
518,2.40289,0,0.00958767,0.0112793,0,0.060784,-0.00958767,0,-0,0.0563965,36,33,0,0,0,5.17991,0,0,0,-0.162005,0,0,0,0
519,2.40289,0,0.00639178,0.0112793,0,0.060784,0.00958767,0,-0,0.0225586,36,33,0,0,0,5.1899,0,0,0,-0.162015,0,0,0,0
520,2.40289,0,0.0170448,0.0112793,0,0.060784,0.00852238,0,-0,0.0338379,36,33,0,0,0,5.19991,0,0,0,-0.161994,0,0,0,0
521,2.40289,0,-0.0191753,0.0338379,0,0.060784,-0.00745708,0,-0,0.0338379,36,33,0,0,0,5.20991,0,0,0,-0.161988,0,0,0,0
522,2.40289,0,0.01811,0.0338379,0,0.060784,0.00319589,0,-0,0.0225586,36,33,0,0,0,5.21991,0,0,0,-0.162006,0,0,0,0
523,2.40289,0,-0.00958767,-0.0225586,0,0.060784,0.00426119,0,-0,0.0338379,36,33,0,0,0,5.22991,0,0,0,-0.161995,0,0,0,0
524,2.40289,0,-0.00532648,0.0225586,0,0.060784,-0.00213059,0,-0,-0.146631,36,33,0,0,0,5.23991,0,0,0,-0.161982,0,0,0,0
525,2.40289,0,-0.0202406,0.0225586,0,0.060784,-0.0010653,0,-0,0.0338379,36,33,0,0,0,5.24991,0,0,0,-0.162006,0,0,0,0
526,2.40289,0,0.0127836,0.0225586,0,0.060784,0.00319589,0,-0,0.0338379,36,33,0,0,0,5.25991,0,0,0,-0.162003,0,0,0,0
527,2.40289,0,-0.00319589,0,0,0.060784,0.0127836,0,-0,0.0225586,36,33,0,0,0,5.26991,0,0,0,-0.162009,0,0,0,0
528,2.40289,0,-0.010653,0.0112793,0,0.060784,-0.00532648,0,-0,0.0338379,36,33,0,0,0,5.27991,0,0,0,-0.162008,0,0,0,0
529,2.40289,0,0.00532648,0,0,0.060784,-0.0149142,0,-0,0.0338379,36,33,0,0,0,5.28991,0,0,0,-0.161995,0,0,0,0
530,2.40289,0,0.00213059,-0.0338379,0,0.060784,0.0266324,0,-0,0.0338379,36,33,0,0,0,5.29991,0,0,0,-0.161996,0,0,0,0
531,2.40289,0,-0.00852238,0.0112793,0,0.060784,-0.00213059,0,-0,0.0338379,36,33,0,0,0,5.30991,0,0,0,-0.162009,0,0,0,0
532,2.40289,0,-0.00319589,0,0,0.060784,0.0149142,0,-0,0.0338379,36,33,0,0,0,5.31991,0,0,0,-0.162002,0,0,0,0
533,2.40289,0,-0.0127836,0,0,0.060784,0.0138489,0,-0,0.0225586,36,33,0,0,0,5.32991,0,0,0,-0.161989,0,0,0,0
534,2.40289,0,0.00745708,0,0,0.060784,0.00213059,0,-0,0.0338379,36,33,0,0,0,5.33991,0,0,0,-0.161996,0,0,0,0
535,2.40289,0,-0.00958767,0.0112793,0,0.060784,-0.0010653,0,-0,0.0225586,36,33,0,0,0,5.34991,0,0,0,-0.162,0,0,0,0
536,2.40289,0,-0.00213059,0,0,0.060784,0.0127836,0,-0,0.0563965,36,33,0,0,0,5.35991,0,0,0,-0.161996,0,0,0,0
537,2.40289,0,-0.00426119,0.0112793,0,0.060784,0.00426119,0,-0,0.0225586,36,33,0,0,0,5.36991,0,0,0,-0.16201,0,0,0,0
538,2.40289,0,0.0010653,-0.0338379,0,0.060784,-0.0340895,0,-0,0.0225586,36,33,0,0,0,5.37991,0,0,0,-0.161983,0,0,0,0
539,2.40289,0,0.01811,0,0,0.060784,-0.0117183,0,-0,0.0338379,36,33,0,0,0,5.38991,0,0,0,-0.161947,0,0,0,0
540,2.40289,0,0.00319589,0.0112793,0,0.060784,0.010653,0,-0,-0.146631,36,33,0,0,0,5.39991,0,0,0,-0.161971,0,0,0,0
541,2.40289,0,0.00639178,0.0112793,0,0.060784,0.0223712,0,-0,-0.146631,36,33,0,0,0,5.40991,0,0,0,-0.161972,0,0,0,0
542,2.40289,0,-0.0127836,0,0,0.060784,-0.0010653,0,-0,-0.146631,36,33,0,0,0,5.41991,0,0,0,-0.161973,0,0,0,0
543,2.40289,0,0.00745708,0,0,0.060784,-0.00958767,0,-0,-0.101514,36,33,0,0,0,5.42991,0,0,0,-0.161948,0,0,0,0
544,2.40289,0,0.0138489,0,0,0.060784,-0.00745708,0,-0,-0.101514,36,33,0,0,0,5.43991,0,0,0,-0.16196,0,0,0,0
545,2.40289,0,0.00639178,0.0112793,0,0.060784,-0.0138489,0,-0,-0.0902344,36,33,0,0,0,5.44991,0,0,0,-0.161957,0,0,0,0
546,2.40289,0,1.95692e-19,-0.0225586,0,0.060784,0.00319589,0,-0,-0.101514,36,33,0,0,0,5.45991,0,0,0,-0.161949,0,0,0,0
547,2.40289,0,-0.00319589,0.0225586,0,0.060784,-0.0159795,0,-0,-0.146631,36,33,0,0,0,5.46991,0,0,0,-0.161961,0,0,0,0
548,2.40289,0,0.00852238,-0.0338379,0,0.060784,-0.0117183,0,-0,-0.0902344,36,33,0,0,0,5.47991,0,0,0,-0.161917,0,0,0,0
549,2.40289,0,0.0127836,-0.0225586,0,0.060784,-0.0138489,0,-0,0.0563965,36,33,0,0,0,5.48991,0,0,0,-0.161923,0,0,0,0
550,2.40289,0,-0.0127836,-0.0338379,0,0.060784,-0.00745708,0,-0,0.0563965,36,33,0,0,0,5.49991,0,0,0,-0.161902,0,0,0,0
551,2.40289,0,0.0159795,-0.0451172,0,0.060784,0.00213059,0,-0,0.0563965,36,33,0,0,0,5.50991,0,0,0,-0.16193,0,0,0,0
552,2.40289,0,0.0117183,-0.0338379,0,0.060784,-0.010653,0,-0,0.0563965,36,33,0,0,0,5.51991,0,0,0,-0.161906,0,0,0,0
553,2.40289,0,-0.010653,0.0338379,0,0.060784,0.0159795,0,-0,0.0563965,36,33,0,0,0,5.52991,0,0,0,-0.161903,0,0,0,0
554,2.40289,0,-0.0191753,-0.0225586,0,0.060784,1.17415e-18,0,-0,0.0338379,36,33,0,0,0,5.53991,0,0,0,-0.161886,0,0,0,0
555,2.40289,0,-0.0149142,0,0,0.060784,-0.00639178,0,-0,0.0563965,36,33,0,0,0,5.54991,0,0,0,-0.161892,0,0,0,0
556,2.40289,0,-0.0149142,-0.0338379,0,0.060784,9.13229e-19,0,-0,0.0676758,36,33,0,0,0,5.55991,0,0,0,-0.161896,0,0,0,0
557,2.40289,0,0.00852238,0,0,0.060784,0.0245018,0,-0,0.0563965,36,33,0,0,0,5.56991,0,0,0,-0.161898,0,0,0,0
558,2.40289,0,0.0138489,-0.0225586,0,0.060784,-0.0138489,0,-0,0.0338379,36,33,0,0,0,5.57991,0,0,0,-0.161922,0,0,0,0
559,2.40289,0,-0.0117183,0,0,0.060784,-0.0149142,0,-0,0.0563965,36,33,0,0,0,5.58991,0,0,0,-0.161907,0,0,0,0
560,2.40289,0,0.00426119,0.0112793,0,0.060784,-0.00319589,0,-0,0.0338379,36,33,0,0,0,5.59991,0,0,0,-0.161907,0,0,0,0
561,2.40289,0,-0.00213059,-0.0338379,0,0.060784,-0.0127836,0,-0,0.0225586,36,33,0,0,0,5.60991,0,0,0,-0.161915,0,0,0,0
562,2.40289,0,0.0117183,0.0338379,0,0.060784,-0.00639178,0,-0,0.0563965,36,33,0,0,0,5.61991,0,0,0,-0.161934,0,0,0,0
563,2.40289,0,1.04369e-18,0.0112793,0,0.060784,0.0170448,0,-0,0.0338379,36,33,0,0,0,5.62991,0,0,0,-0.161904,0,0,0,0
564,2.40289,0,0.0170448,0.0338379,0,0.060784,-0.0117183,0,-0,0.0338379,36,33,0,0,0,5.63991,0,0,0,-0.161916,0,0,0,0
565,2.40289,0,-0.0149142,0.0225586,0,0.060784,-0.00745708,0,-0,0.0225586,36,33,0,0,0,5.64991,0,0,0,-0.161935,0,0,0,0
566,2.40289,0,-0.00319589,0,0,0.060784,-0.00639178,0,-0,0.0338379,36,33,0,0,0,5.65991,0,0,0,-0.161952,0,0,0,0
567,2.40289,0,0.00213059,0,0,0.060784,0.00852238,0,-0,0.0338379,36,33,0,0,0,5.66991,0,0,0,-0.161919,0,0,0,0
568,2.40289,0,-0.00213059,0,0,0.060784,0.00958767,0,-0,0.0338379,36,33,0,0,0,5.67991,0,0,0,-0.161929,0,0,0,0
569,2.40289,0,0.0138489,0.0112793,0,0.060784,0.0149142,0,-0,-0.101514,36,33,0,0,0,5.68991,0,0,0,-0.161932,0,0,0,0
570,2.40289,0,0.0127836,0,0,0.060784,-0.00213059,0,-0,0.0563965,36,33,0,0,0,5.69991,0,0,0,-0.161949,0,0,0,0
571,2.40289,0,0.010653,0,0,0.060784,0.0127836,0,-0,0.0338379,36,33,0,0,0,5.70991,0,0,0,-0.161921,0,0,0,0
572,2.40289,0,0.00532648,0,0,0.060784,0.00426119,0,-0,0.0563965,36,33,0,0,0,5.71991,0,0,0,-0.161911,0,0,0,0
573,2.40289,0,-0.00532648,-0.0225586,0,0.060784,0.0117183,0,-0,0.0225586,36,33,0,0,0,5.72991,0,0,0,-0.161979,0,0,0,0
574,2.40289,0,0.00852238,-0.0338379,0,0.060784,0.0191753,0,-0,0.0338379,36,33,0,0,0,5.73991,0,0,0,-0.161952,0,0,0,0
575,2.40289,0,0.0010653,0,0,0.060784,-0.0117183,0,-0,0.0338379,36,33,0,0,0,5.74991,0,0,0,-0.161962,0,0,0,0
576,2.40289,0,0.0213059,0,0,0.060784,0.0351548,0,-0,0.0338379,36,33,0,0,0,5.75991,0,0,0,-0.161952,0,0,0,0
577,2.40289,0,0.00319589,0.0112793,0,0.060784,-0.00213059,0,-0,-0.101514,36,33,0,0,0,5.76991,0,0,0,-0.161948,0,0,0,0
578,2.40289,0,0.010653,0.0112793,0,0.060784,-6.52306e-19,0,-0,-0.146631,36,33,0,0,0,5.77991,0,0,0,-0.161947,0,0,0,0
579,2.40289,0,-0.00639178,0,0,0.060784,0.0351548,0,-0,-0,36,33,0,0,0,5.78991,0,0,0,-0.161941,0,0,0,0
580,2.40289,0,0.00532648,0,0,0.060784,0.0234365,0,-0,-0.146631,36,33,0,0,0,5.79991,0,0,0,-0.16193,0,0,0,0
581,2.40289,0,0.00639178,0.0112793,0,0.060784,-0.0117183,0,-0,-0.146631,36,33,0,0,0,5.80991,0,0,0,-0.161929,0,0,0,0
582,2.40289,0,-0.00852238,-0.0225586,0,0.060784,0.00213059,0,-0,-0.112793,36,33,0,0,0,5.81991,0,0,0,-0.161917,0,0,0,0
583,2.40289,0,-0.00852238,-0.0225586,0,0.060784,0.00319589,0,-0,-0.101514,36,33,0,0,0,5.82991,0,0,0,-0.161921,0,0,0,0
584,2.40289,0,0.010653,0.0112793,0,0.060784,0.00958767,0,-0,-0.146631,36,33,0,0,0,5.83991,0,0,0,-0.161921,0,0,0,0
585,2.40289,0,-0.00745708,-0.0338379,0,0.060784,-0.0010653,0,-0,0.0563965,36,33,0,0,0,5.84991,0,0,0,-0.161902,0,0,0,0
586,2.40289,0,0.00532648,0.0112793,0,0.060784,0.0138489,0,-0,-0.146631,36,33,0,0,0,5.85991,0,0,0,-0.161894,0,0,0,0
587,2.40289,0,-0.0010653,-0.0338379,0,0.060784,-0.0276977,0,-0,-0.101514,36,33,0,0,0,5.86991,0,0,0,-0.161868,0,0,0,0
588,2.40289,0,0.0170448,-0.0338379,0,0.060784,-0.0159795,0,-0,0.0563965,36,33,0,0,0,5.87991,0,0,0,-0.161874,0,0,0,0
589,2.40289,0,-0.010653,-0.0225586,0,0.060784,-0.0127836,0,-0,0.0563965,36,33,0,0,0,5.88991,0,0,0,-0.16185,0,0,0,0
590,2.40289,0,-0.00426119,0.0112793,0,0.060784,-0.00958767,0,-0,0.0563965,36,33,0,0,0,5.89991,0,0,0,-0.161866,0,0,0,0
591,2.40289,0,0.00213059,0.0338379,0,0.060784,0.0362201,0,-0,0.0225586,36,33,0,0,0,5.90991,0,0,0,-0.161863,0,0,0,0
592,2.40289,0,0.0117183,0,0,0.060784,0.010653,0,-0,0.0563965,36,33,0,0,0,5.91991,0,0,0,-0.161854,0,0,0,0
593,2.40289,0,0.00319589,0.0338379,0,0.060784,0.00213059,0,-0,0.0338379,36,33,0,0,0,5.92991,0,0,0,-0.161825,0,0,0,0
594,2.40289,0,-0.00639178,-0.0225586,0,0.060784,-0.00213059,0,-0,0.0563965,36,33,0,0,0,5.93991,0,0,0,-0.16183,0,0,0,0
595,2.40289,0,0.00426119,-0.0225586,0,0.060784,-0.00319589,0,-0,0.0563965,36,33,0,0,0,5.94991,0,0,0,-0.161844,0,0,0,0
596,2.40289,0,0.00958767,-0.0338379,0,0.060784,-0.00958767,0,-0,0.0563965,36,33,0,0,0,5.95991,0,0,0,-0.161855,0,0,0,0
597,2.40289,0,-0.0127836,0.0225586,0,0.060784,0.00213059,0,-0,0.0338379,36,33,0,0,0,5.96991,0,0,0,-0.161857,0,0,0,0
598,2.40289,0,0.0149142,0.0112793,0,0.060784,-0.00213059,0,-0,0.0563965,36,33,0,0,0,5.97991,0,0,0,-0.161841,0,0,0,0
599,2.40289,0,0.010653,0.0112793,0,0.060784,-0.00745708,0,-0,0.0225586,36,33,0,0,0,5.98991,0,0,0,-0.161829,0,0,0,0
600,2.40289,0,0.00745708,-0.0338379,0,0.060784,-0.0298283,0,-0,0.0338379,36,33,0,0,0,5.99991,0,0,0,-0.161821,0,0,0,0
601,2.40289,0,0.00213059,0.0338379,0,0.060784,0.0223712,0,-0,0.0338379,36,33,0,0,0,6.00991,0,0,0,-0.161807,0,0,0,0
602,2.40289,0,0.00958767,0,0,0.060784,-0.0202406,0,-0,0.0225586,36,33,0,0,0,6.01991,0,0,0,-0.161787,0,0,0,0
603,2.40289,0,0.00213059,0,0,0.060784,0.0138489,0,-0,0.0563965,36,33,0,0,0,6.02991,0,0,0,-0.16178,0,0,0,0
604,2.40289,0,-0.00958767,0.0338379,0,0.060784,-0.00958767,0,-0,0.0338379,36,33,0,0,0,6.03991,0,0,0,-0.16179,0,0,0,0
605,2.40289,0,-0.0010653,0.0225586,0,0.060784,-0.0149142,0,-0,0.0338379,36,33,0,0,0,6.04991,0,0,0,-0.161798,0,0,0,0
606,2.40289,0,-0.00852238,0,0,0.060784,-0.0149142,0,-0,0.0112793,36,33,0,0,0,6.05991,0,0,0,-0.161796,0,0,0,0
607,2.40289,0,0.00639178,0,0,0.060784,-0.00213059,0,-0,-0.0225586,36,33,0,0,0,6.06991,0,0,0,-0.161808,0,0,0,0
608,2.40289,0,-0.00213059,0,0,0.060784,-0.0010653,0,-0,0.0563965,36,33,0,0,0,6.07991,0,0,0,-0.161772,0,0,0,0
609,2.40289,0,4.56614e-19,0.0112793,0,0.060784,0.00745708,0,-0,0.0563965,36,33,0,0,0,6.08991,0,0,0,-0.16179,0,0,0,0
610,2.40289,0,9.13229e-19,0,0,0.060784,0.0149142,0,-0,0.0338379,36,33,0,0,0,6.09991,0,0,0,-0.161768,0,0,0,0
611,2.40289,0,0.00426119,0,0,0.060784,-2.60922e-19,0,-0,0.0225586,36,33,0,0,0,6.10991,0,0,0,-0.161769,0,0,0,0
612,2.40289,0,-0.0149142,0.0112793,0,0.060784,0.0213059,0,-0,0.0225586,36,33,0,0,0,6.11991,0,0,0,-0.161745,0,0,0,0
613,2.40289,0,0.00532648,0.0112793,0,0.060784,0.00532648,0,-0,-0.146631,36,33,0,0,0,6.12991,0,0,0,-0.161732,0,0,0,0
614,2.40289,0,-0.0127836,0,0,0.060784,0.0159795,0,-0,0.0225586,36,33,0,0,0,6.13991,0,0,0,-0.161704,0,0,0,0
615,2.40289,0,-0.0010653,0.0112793,0,0.060784,0.010653,0,-0,-0.0789551,36,33,0,0,0,6.14991,0,0,0,-0.1617,0,0,0,0
616,2.40289,0,0.0159795,0.0338379,0,0.060784,0.0127836,0,-0,-0.146631,36,33,0,0,0,6.15991,0,0,0,-0.161698,0,0,0,0
617,2.40289,0,-0.00639178,0.0112793,0,0.060784,-0.0191753,0,-0,-0.101514,36,33,0,0,0,6.16991,0,0,0,-0.161679,0,0,0,0
618,2.40289,0,0.0127836,-0.0225586,0,0.060784,-0.00745708,0,-0,-0.146631,36,33,0,0,0,6.17991,0,0,0,-0.161713,0,0,0,0
619,2.40289,0,0.010653,0,0,0.060784,0.0191753,0,-0,-0.146631,36,33,0,0,0,6.18991,0,0,0,-0.16166,0,0,0,0
620,2.40289,0,0.0266324,-0.0338379,0,0.060784,0.00532648,0,-0,-0.146631,36,33,0,0,0,6.19991,0,0,0,-0.161657,0,0,0,0
621,2.40289,0,0.0159795,-0.0338379,0,0.060784,0.00745708,0,-0,-0.101514,36,33,0,0,0,6.20991,0,0,0,-0.161674,0,0,0,0
622,2.40289,0,0.00852238,0.0112793,0,0.060784,-0.00426119,0,-0,-0.0902344,36,33,0,0,0,6.21991,0,0,0,-0.161697,0,0,0,0
623,2.40289,0,-0.0191753,0.0112793,0,0.060784,0.00426119,0,-0,0.0338379,36,33,0,0,0,6.22991,0,0,0,-0.16169,0,0,0,0
624,2.40289,0,0.01811,0.0112793,0,0.060784,-0.0117183,0,-0,0.0563965,36,33,0,0,0,6.23991,0,0,0,-0.16166,0,0,0,0
625,2.40289,0,0.00745708,0.0225586,0,0.060784,0.00639178,0,-0,0.0338379,36,33,0,0,0,6.24991,0,0,0,-0.161655,0,0,0,0
626,2.40289,0,0.00958767,0,0,0.060784,-5.87076e-19,0,-0,0.0338379,36,33,0,0,0,6.25991,0,0,0,-0.16165,0,0,0,0
627,2.40289,0,0.0191753,-0.0338379,0,0.060784,0.00319589,0,-0,0.0338379,36,33,0,0,0,6.26991,0,0,0,-0.161687,0,0,0,0
628,2.40289,0,0.0117183,-0.0225586,0,0.060784,0.01811,0,-0,0.0563965,36,33,0,0,0,6.27991,0,0,0,-0.161626,0,0,0,0
629,2.40289,0,0.00639178,-0.0451172,0,0.060784,0.0266324,0,-0,0.0563965,36,33,0,0,0,6.28991,0,0,0,-0.161657,0,0,0,0
630,2.40289,0,0.00958767,-0.0338379,0,0.060784,-0.0213059,0,-0,0.0789551,36,33,0,0,0,6.29991,0,0,0,-0.161649,0,0,0,0
631,2.40289,0,0.00958767,0.0225586,0,0.060784,-0.0010653,0,-0,0.0563965,36,33,0,0,0,6.30991,0,0,0,-0.161662,0,0,0,0
632,2.40289,0,-6.52306e-20,0,0,0.060784,-0.0010653,0,-0,0.0338379,36,33,0,0,0,6.31991,0,0,0,-0.161614,0,0,0,0
633,2.40289,0,0.00213059,0,0,0.060784,0.0170448,0,-0,0.0225586,36,33,0,0,0,6.32991,0,0,0,-0.161655,0,0,0,0
634,2.40289,0,0.00532648,0.0338379,0,0.060784,-0.0117183,0,-0,0.0338379,36,33,0,0,0,6.33991,0,0,0,-0.161647,0,0,0,0
635,2.40289,0,0.0117183,0.0338379,0,0.060784,0.0010653,0,-0,0.0225586,36,33,0,0,0,6.34991,0,0,0,-0.161627,0,0,0,0
636,2.40289,0,-0.0191753,0,0,0.060784,-0.00319589,0,-0,0.0563965,36,33,0,0,0,6.35991,0,0,0,-0.161622,0,0,0,0
637,2.40289,0,0.010653,0.0225586,0,0.060784,0.0149142,0,-0,-0,36,33,0,0,0,6.36991,0,0,0,-0.161595,0,0,0,0
638,2.40289,0,-0.0138489,0.0225586,0,0.060784,0.010653,0,-0,0.0338379,36,33,0,0,0,6.37991,0,0,0,-0.161619,0,0,0,0
639,2.40289,0,0.0010653,0.0225586,0,0.060784,-0.0223712,0,-0,0.0338379,36,33,0,0,0,6.38991,0,0,0,-0.161615,0,0,0,0
640,2.40289,0,0.00319589,0.0112793,0,0.060784,-0.0010653,0,-0,0.0338379,36,33,0,0,0,6.39991,0,0,0,-0.161619,0,0,0,0
641,2.40289,0,0.00213059,0.0338379,0,0.060784,-0.0170448,0,-0,0.0225586,36,33,0,0,0,6.40991,0,0,0,-0.16161,0,0,0,0
642,2.40289,0,0.00745708,0,0,0.060784,-0.00319589,0,-0,0.0338379,36,33,0,0,0,6.41991,0,0,0,-0.161614,0,0,0,0
643,2.40289,0,-0.00958767,0.0112793,0,0.060784,-0.0191753,0,-0,0.0338379,36,33,0,0,0,6.42991,0,0,0,-0.161607,0,0,0,0
644,2.40289,0,0.00532648,0,0,0.060784,-0.0223712,0,-0,0.0225586,36,33,0,0,0,6.4399,0,0,0,-0.16157,0,0,0,0
645,2.40289,0,-0.00426119,0,0,0.060784,-0.00852238,0,-0,0.0338379,36,33,0,0,0,6.44991,0,0,0,-0.161631,0,0,0,0
646,2.40289,0,-0.0010653,0,0,0.060784,-0.028763,0,-0,-0,36,33,0,0,0,6.45991,0,0,0,-0.161622,0,0,0,0
647,2.40289,0,-0.0138489,0,0,0.060784,0.0149142,0,-0,0.0338379,36,33,0,0,0,6.46991,0,0,0,-0.161598,0,0,0,0
648,2.40289,0,0.0213059,0.0112793,0,0.060784,0.0159795,0,-0,-0.101514,36,33,0,0,0,6.47991,0,0,0,-0.16162,0,0,0,0
649,2.40289,0,-0.00532648,0,0,0.060784,-0.00213059,0,-0,0.0338379,36,33,0,0,0,6.48991,0,0,0,-0.161621,0,0,0,0
650,2.40289,0,0.0170448,0,0,0.060784,-0.00532648,0,-0,-0.124072,36,33,0,0,0,6.49991,0,0,0,-0.161626,0,0,0,0
651,2.40289,0,-0.00426119,0.0112793,0,0.060784,0.00319589,0,-0,-0.146631,36,33,0,0,0,6.50991,0,0,0,-0.161627,0,0,0,0
652,2.40289,0,0.0202406,-0.0225586,0,0.060784,0.00532648,0,-0,-0.101514,36,33,0,0,0,6.51991,0,0,0,-0.161623,0,0,0,0
653,2.40289,0,-0.00213059,0.0112793,0,0.060784,0.0138489,0,-0,-0.146631,36,33,0,0,0,6.52991,0,0,0,-0.161611,0,0,0,0
654,2.40289,0,-1.30461e-18,-0.0338379,0,0.060784,-0.0213059,0,-0,-0.146631,36,33,0,0,0,6.53991,0,0,0,-0.161572,0,0,0,0
655,2.40289,0,0.00745708,0.0112793,0,0.060784,-0.0159795,0,-0,-0.146631,36,33,0,0,0,6.54991,0,0,0,-0.16158,0,0,0,0
656,2.40289,0,0.01811,-0.0338379,0,0.060784,-0.00745708,0,-0,0.0563965,36,33,0,0,0,6.55991,0,0,0,-0.161555,0,0,0,0
657,2.40289,0,-0.00958767,-0.0338379,0,0.060784,0.00745708,0,-0,0.0563965,36,33,0,0,0,6.56991,0,0,0,-0.161577,0,0,0,0
658,2.40289,0,0.0170448,0,0,0.060784,0.0010653,0,-0,0.0789551,36,33,0,0,0,6.57991,0,0,0,-0.161558,0,0,0,0
659,2.40289,0,-0.0149142,-0.0225586,0,0.060784,-0.00532648,0,-0,0.0563965,36,33,0,0,0,6.58991,0,0,0,-0.161563,0,0,0,0
660,2.40289,0,-0.00213059,0.0112793,0,0.060784,-0.0138489,0,-0,0.0563965,36,33,0,0,0,6.59991,0,0,0,-0.161544,0,0,0,0
661,2.40289,0,0.00532648,-0.0338379,0,0.060784,0.00852238,0,-0,0.0338379,36,33,0,0,0,6.60991,0,0,0,-0.161555,0,0,0,0
662,2.40289,0,0.00745708,-0.0338379,0,0.060784,0.00639178,0,-0,0.0563965,36,33,0,0,0,6.61991,0,0,0,-0.161558,0,0,0,0
663,2.40289,0,-0.0117183,0.0225586,0,0.060784,-0.0234365,0,-0,0.0563965,36,33,0,0,0,6.62991,0,0,0,-0.161527,0,0,0,0
664,2.40289,0,0.01811,0,0,0.060784,0.0298283,0,-0,-0,36,33,0,0,0,6.63992,0,0,0,-0.161557,0,0,0,0
665,2.40289,0,-0.00319589,0.0112793,0,0.060784,0.00532648,0,-0,0.0563965,36,33,0,0,0,6.64991,0,0,0,-0.161529,0,0,0,0
666,2.40289,0,0.00958767,0.0112793,0,0.060784,-0.00852238,0,-0,0.0338379,36,33,0,0,0,6.6599,0,0,0,-0.161529,0,0,0,0
667,2.40289,0,0.0276977,0.0112793,0,0.060784,0.00745708,0,-0,0.0225586,36,33,0,0,0,6.66991,0,0,0,-0.161508,0,0,0,0
668,2.40289,0,-0.0117183,0.0112793,0,0.060784,0.00319589,0,-0,0.0338379,36,33,0,0,0,6.6799,0,0,0,-0.161511,0,0,0,0
669,2.40289,0,3.26153e-19,0.0112793,0,0.060784,0.00532648,0,-0,0.0338379,36,33,0,0,0,6.68991,0,0,0,-0.1615,0,0,0,0
670,2.40289,0,-0.0223712,0.0338379,0,0.060784,-0.0330242,0,-0,0.0225586,36,33,0,0,0,6.69991,0,0,0,-0.161493,0,0,0,0
671,2.40289,0,0.0127836,-0.0225586,0,0.060784,0.00639178,0,-0,0.0563965,36,33,0,0,0,6.7099,0,0,0,-0.161459,0,0,0,0
672,2.40289,0,0.00745708,0,0,0.060784,0.0170448,0,-0,0.0338379,36,33,0,0,0,6.71991,0,0,0,-0.161487,0,0,0,0
673,2.40289,0,-0.0223712,0,0,0.060784,-0.00745708,0,-0,0.0338379,36,33,0,0,0,6.72991,0,0,0,-0.161488,0,0,0,0
674,2.40289,0,-0.00532648,0,0,0.060784,0.0010653,0,-0,0.0338379,36,33,0,0,0,6.73991,0,0,0,-0.16152,0,0,0,0
675,2.40289,0,-0.0149142,-0.0338379,0,0.060784,-0.01811,0,-0,0.0225586,36,33,0,0,0,6.74992,0,0,0,-0.161473,0,0,0,0
676,2.40289,0,-0.00639178,0,0,0.060784,0.0010653,0,-0,-0.146631,36,33,0,0,0,6.75991,0,0,0,-0.161465,0,0,0,0
677,2.40289,0,0.010653,0.0112793,0,0.060784,-0.00426119,0,-0,0.0112793,36,33,0,0,0,6.76991,0,0,0,-0.161499,0,0,0,0
678,2.40289,0,0.00532648,0,0,0.060784,0.0010653,0,-0,-0.101514,36,33,0,0,0,6.77991,0,0,0,-0.161504,0,0,0,0
679,2.40289,0,0.0010653,0,0,0.060784,0.010653,0,-0,0.0338379,36,33,0,0,0,6.78991,0,0,0,-0.1615,0,0,0,0
680,2.40289,0,-0.00213059,0,0,0.060784,-0.00745708,0,-0,-0.0902344,36,33,0,0,0,6.7999,0,0,0,-0.161489,0,0,0,0
681,2.40289,0,0.00639178,0,0,0.060784,-0.0010653,0,-0,0.0338379,36,33,0,0,0,6.8099,0,0,0,-0.161505,0,0,0,0
682,2.40289,0,-0.00213059,0,0,0.060784,0.00639178,0,-0,0.0338379,36,33,0,0,0,6.81991,0,0,0,-0.161521,0,0,0,0
683,2.40289,0,0.00319589,0,0,0.060784,0.00958767,0,-0,-0.0676758,36,33,0,0,0,6.82991,0,0,0,-0.161498,0,0,0,0
684,2.40289,0,-0.00852238,-0.0338379,0,0.060784,0.0010653,0,-0,0.0563965,36,33,0,0,0,6.83991,0,0,0,-0.161491,0,0,0,0
685,2.40289,0,0.00426119,0.0112793,0,0.060784,0.00639178,0,-0,-0.146631,36,33,0,0,0,6.8499,0,0,0,-0.161477,0,0,0,0
686,2.40289,0,-0.00319589,0,0,0.060784,-0.00958767,0,-0,-0.135352,36,33,0,0,0,6.85991,0,0,0,-0.161459,0,0,0,0
687,2.40289,0,5.87076e-19,0.0112793,0,0.060784,0.00958767,0,-0,-0.0902344,36,33,0,0,0,6.86991,0,0,0,-0.161481,0,0,0,0
688,2.40289,0,0.00426119,0,0,0.060784,-0.0117183,0,-0,-0.101514,36,33,0,0,0,6.8799,0,0,0,-0.161479,0,0,0,0
689,2.40289,0,-0.0010653,0,0,0.060784,-0.00319589,0,-0,-0.101514,36,33,0,0,0,6.8899,0,0,0,-0.161492,0,0,0,0
690,2.40289,0,-0.00532648,-0.0338379,0,0.060784,0.00319589,0,-0,-0.146631,36,33,0,0,0,6.89991,0,0,0,-0.16151,0,0,0,0
691,2.40289,0,0.0223712,0.0225586,0,0.060784,0.00213059,0,-0,-0.146631,36,33,0,0,0,6.9099,0,0,0,-0.161516,0,0,0,0
692,2.40289,0,0.00426119,0.0112793,0,0.060784,0.00958767,0,-0,0.0563965,36,33,0,0,0,6.9199,0,0,0,-0.161502,0,0,0,0
693,2.40289,0,0.00426119,0.0112793,0,0.060784,0.00745708,0,-0,0.0338379,36,33,0,0,0,6.92991,0,0,0,-0.161494,0,0,0,0
694,2.40289,0,0.0138489,0.0338379,0,0.060784,-0.0010653,0,-0,0.0563965,36,33,0,0,0,6.93991,0,0,0,-0.161452,0,0,0,0
695,2.40289,0,0.00852238,0,0,0.060784,-0.00213059,0,-0,0.0225586,36,33,0,0,0,6.94991,0,0,0,-0.161471,0,0,0,0
696,2.40289,0,0.010653,-0.0225586,0,0.060784,-0.00958767,0,-0,-0,36,33,0,0,0,6.95991,0,0,0,-0.161475,0,0,0,0
697,2.40289,0,-0.00852238,0.0225586,0,0.060784,-0.0010653,0,-0,0.0338379,36,33,0,0,0,6.96991,0,0,0,-0.161458,0,0,0,0
698,2.40289,0,0.010653,-0.0225586,0,0.060784,0.00639178,0,-0,-0,36,33,0,0,0,6.9799,0,0,0,-0.161472,0,0,0,0
699,2.40289,0,-0.0159795,0,0,0.060784,0.00213059,0,-0,-0.0225586,36,33,0,0,0,6.98991,0,0,0,-0.161467,0,0,0,0
700,2.40289,0,-0.00213059,-0.0338379,0,0.060784,1.30461e-19,0,-0,0.0338379,36,33,0,0,0,6.99991,0,0,0,-0.16146,0,0,0,0
701,2.40289,0,0.0138489,0,0,0.060784,0.0319589,0,-0,0.0338379,36,33,0,0,0,7.00991,0,0,0,-0.161467,0,0,0,0
702,2.40289,0,0.00426119,0.0112793,0,0.060784,0.00319589,0,-0,0.0338379,36,33,0,0,0,7.01991,0,0,0,-0.161447,0,0,0,0
703,2.40289,0,0.00319589,-0.0451172,0,0.060784,-0.00852238,0,-0,0.0338379,36,33,0,0,0,7.02991,0,0,0,-0.161452,0,0,0,0
704,2.40289,0,-0.0138489,-0.0338379,0,0.060784,-0.0223712,0,-0,-0.0789551,36,33,0,0,0,7.03991,0,0,0,-0.161446,0,0,0,0
705,2.40289,0,-0.0159795,-0.0338379,0,0.060784,-0.00639178,0,-0,0.0338379,36,33,0,0,0,7.0499,0,0,0,-0.161451,0,0,0,0
706,2.40289,0,-0.0170448,-0.0338379,0,0.060784,0.00958767,0,-0,-0.146631,36,33,0,0,0,7.0599,0,0,0,-0.161447,0,0,0,0
707,2.40289,0,-0.00532648,-0.0225586,0,0.060784,-0.010653,0,-0,-0.101514,36,33,0,0,0,7.06991,0,0,0,-0.16142,0,0,0,0
708,2.40289,0,0.0202406,-0.0225586,0,0.060784,-0.010653,0,-0,0.0338379,36,33,0,0,0,7.0799,0,0,0,-0.161436,0,0,0,0
709,2.40289,0,-0.0138489,0.0112793,0,0.060784,0.00745708,0,-0,-0.146631,36,33,0,0,0,7.08991,0,0,0,-0.161429,0,0,0,0
710,2.40289,0,0.00213059,0,0,0.060784,-1.30461e-19,0,-0,-0.0902344,36,33,0,0,0,7.09991,0,0,0,-0.161423,0,0,0,0
711,2.40289,0,0.0191753,0.0112793,0,0.060784,0.0127836,0,-0,-0.146631,36,33,0,0,0,7.10991,0,0,0,-0.161429,0,0,0,0
712,2.40289,0,0.0010653,0.0338379,0,0.060784,0.0149142,0,-0,-0.146631,36,33,0,0,0,7.11991,0,0,0,-0.161432,0,0,0,0
713,2.40289,0,0.00639178,-0.0338379,0,0.060784,0.0010653,0,-0,-0.146631,36,33,0,0,0,7.12991,0,0,0,-0.161404,0,0,0,0
714,2.40289,0,0.00639178,0.0225586,0,0.060784,0.0010653,0,-0,-0.146631,36,33,0,0,0,7.13994,0,0,0,-0.161385,0,0,0,0
715,2.40289,0,0.010653,0.0112793,0,0.060784,0.0245018,0,-0,0.0789551,36,33,0,0,0,7.14991,0,0,0,-0.161422,0,0,0,0
716,2.40289,0,-0.00426119,0.0225586,0,0.060784,0.0117183,0,-0,0.0563965,36,33,0,0,0,7.15991,0,0,0,-0.161412,0,0,0,0
717,2.40289,0,-0.00319589,0,0,0.060784,0.010653,0,-0,-0.101514,36,33,0,0,0,7.16993,0,0,0,-0.161393,0,0,0,0
718,2.40289,0,-0.00319589,0,0,0.060784,-0.01811,0,-0,0.0563965,36,33,0,0,0,7.17991,0,0,0,-0.161369,0,0,0,0
719,2.40289,0,0.0255671,0.0112793,0,0.060784,0.00852238,0,-0,-0.101514,36,33,0,0,0,7.18991,0,0,0,-0.161374,0,0,0,0
720,2.40289,0,0.00745708,-0.0338379,0,0.060784,-0.010653,0,-0,0.0563965,36,33,0,0,0,7.19991,0,0,0,-0.161372,0,0,0,0
721,2.40289,0,-0.00213059,-0.0225586,0,0.060784,0.00213059,0,-0,0.0563965,36,33,0,0,0,7.20991,0,0,0,-0.161374,0,0,0,0
722,2.40289,0,0.0159795,-0.0225586,0,0.060784,-0.00319589,0,-0,0.0563965,36,33,0,0,0,7.21991,0,0,0,-0.161364,0,0,0,0
723,2.40289,0,-0.00639178,-0.0225586,0,0.060784,-0.00213059,0,-0,0.0338379,36,33,0,0,0,7.2299,0,0,0,-0.161365,0,0,0,0
724,2.40289,0,-0.0223712,0,0,0.060784,0.0223712,0,-0,0.0563965,36,33,0,0,0,7.2399,0,0,0,-0.161369,0,0,0,0
725,2.40289,0,0.0010653,-0.0225586,0,0.060784,-0.00958767,0,-0,0.0225586,36,33,0,0,0,7.24991,0,0,0,-0.161354,0,0,0,0
726,2.40289,0,0.0010653,0,0,0.060784,-0.0117183,0,-0,0.0563965,36,33,0,0,0,7.25991,0,0,0,-0.161331,0,0,0,0
727,2.40289,0,0.0117183,0,0,0.060784,0.0127836,0,-0,0.0563965,36,33,0,0,0,7.26991,0,0,0,-0.161313,0,0,0,0
728,2.40289,0,-0.0010653,0.0225586,0,0.060784,-0.00852238,0,-0,0.0563965,36,33,0,0,0,7.27991,0,0,0,-0.161304,0,0,0,0
729,2.40289,0,0.0010653,0,0,0.060784,0.00213059,0,-0,0.0338379,36,33,0,0,0,7.2899,0,0,0,-0.161316,0,0,0,0
730,2.40289,0,0.0202406,0.0338379,0,0.060784,-0.00745708,0,-0,0.0225586,36,33,0,0,0,7.2999,0,0,0,-0.161313,0,0,0,0
731,2.40289,0,0.0191753,0.0112793,0,0.060784,0.00852238,0,-0,0.0563965,36,33,0,0,0,7.30991,0,0,0,-0.161354,0,0,0,0
732,2.40289,0,0.0234365,0.0338379,0,0.060784,0.00958767,0,-0,0.0225586,36,33,0,0,0,7.31991,0,0,0,-0.161333,0,0,0,0
733,2.40289,0,-0.00426119,0.0225586,0,0.060784,-0.028763,0,-0,0.0338379,36,33,0,0,0,7.32991,0,0,0,-0.161299,0,0,0,0
734,2.40289,0,-0.01811,0.0112793,0,0.060784,-0.00532648,0,-0,0.0338379,36,33,0,0,0,7.33991,0,0,0,-0.161297,0,0,0,0
735,2.40289,0,0.00319589,0,0,0.060784,-0.0191753,0,-0,0.0338379,36,33,0,0,0,7.34991,0,0,0,-0.161284,0,0,0,0
736,2.40289,0,0.00745708,-0.0225586,0,0.060784,-0.0202406,0,-0,0.0338379,36,33,0,0,0,7.35991,0,0,0,-0.161302,0,0,0,0
737,2.40289,0,-0.00319589,0.0338379,0,0.060784,-0.0202406,0,-0,0.0563965,36,33,0,0,0,7.36991,0,0,0,-0.161279,0,0,0,0
738,2.40289,0,-0.0159795,-0.0225586,0,0.060784,0.00213059,0,-0,-0.146631,36,33,0,0,0,7.3799,0,0,0,-0.161266,0,0,0,0
739,2.40289,0,-0.00532648,0.0112793,0,0.060784,-0.0010653,0,-0,0.0338379,36,33,0,0,0,7.38991,0,0,0,-0.161239,0,0,0,0
740,2.40289,0,0.00532648,0.0112793,0,0.060784,0.0138489,0,-0,0.0225586,36,33,0,0,0,7.3999,0,0,0,-0.161272,0,0,0,0
741,2.40289,0,0.00852238,0,0,0.060784,0.00639178,0,-0,0.0225586,36,33,0,0,0,7.40991,0,0,0,-0.161255,0,0,0,0
742,2.40289,0,0.00532648,0,0,0.060784,0.00852238,0,-0,0.0338379,36,33,0,0,0,7.4199,0,0,0,-0.161262,0,0,0,0
743,2.40289,0,-0.00319589,0.0112793,0,0.060784,-0.0159795,0,-0,0.0225586,36,33,0,0,0,7.42991,0,0,0,-0.161259,0,0,0,0
744,2.40289,0,-0.0010653,0.0225586,0,0.060784,-0.010653,0,-0,-0.146631,36,33,0,0,0,7.4399,0,0,0,-0.161253,0,0,0,0
745,2.40289,0,0.0117183,0.0112793,0,0.060784,0.00426119,0,-0,-0.146631,36,33,0,0,0,7.44991,0,0,0,-0.161234,0,0,0,0
746,2.40289,0,-0.00319589,0,0,0.060784,-0.01811,0,-0,-0.146631,36,33,0,0,0,7.45991,0,0,0,-0.161197,0,0,0,0
747,2.40289,0,0.00319589,0,0,0.060784,-1.95692e-19,0,-0,-0.0902344,36,33,0,0,0,7.46991,0,0,0,-0.161181,0,0,0,0
748,2.40289,0,-0.00745708,0,0,0.060784,-0.0127836,0,-0,0.0338379,36,33,0,0,0,7.47991,0,0,0,-0.161197,0,0,0,0
749,2.40289,0,0.00852238,0,0,0.060784,-0.0010653,0,-0,-0.0676758,36,33,0,0,0,7.4899,0,0,0,-0.161179,0,0,0,0
750,2.40289,0,0.0170448,0,0,0.060784,-0.00958767,0,-0,-0.101514,36,33,0,0,0,7.49991,0,0,0,-0.16116,0,0,0,0
751,2.40289,0,-0.00319589,0,0,0.060784,0.00213059,0,-0,-0.0902344,36,33,0,0,0,7.5099,0,0,0,-0.161171,0,0,0,0
752,2.40289,0,0.0010653,-0.0225586,0,0.060784,-0.00639178,0,-0,-0.146631,36,33,0,0,0,7.51991,0,0,0,-0.161155,0,0,0,0
753,2.40289,0,0.00958767,0.0338379,0,0.060784,0.0255671,0,-0,-0.101514,36,33,0,0,0,7.52991,0,0,0,-0.16118,0,0,0,0
754,2.40289,0,0.00532648,0.0112793,0,0.060784,-0.00852238,0,-0,-0.146631,36,33,0,0,0,7.53991,0,0,0,-0.161181,0,0,0,0
755,2.40289,0,0.0138489,-0.0338379,0,0.060784,-0.00213059,0,-0,0.0338379,36,33,0,0,0,7.54991,0,0,0,-0.161193,0,0,0,0
756,2.40289,0,-0.0234365,-0.0338379,0,0.060784,-0.00958767,0,-0,0.0563965,36,33,0,0,0,7.55991,0,0,0,-0.1612,0,0,0,0
757,2.40289,0,0.0127836,-0.0225586,0,0.060784,-0.0010653,0,-0,-0.146631,36,33,0,0,0,7.5699,0,0,0,-0.161212,0,0,0,0
758,2.40289,0,-0.00639178,-0.0338379,0,0.060784,0.0010653,0,-0,-0.101514,36,33,0,0,0,7.5799,0,0,0,-0.161201,0,0,0,0
759,2.40289,0,0.0010653,-0.0225586,0,0.060784,-0.010653,0,-0,0.0338379,36,33,0,0,0,7.5899,0,0,0,-0.161194,0,0,0,0
760,2.40289,0,-0.0138489,0,0,0.060784,0.00745708,0,-0,0.0563965,36,33,0,0,0,7.5999,0,0,0,-0.161217,0,0,0,0
761,2.40289,0,-8.47998e-19,-0.0225586,0,0.060784,-0.0138489,0,-0,0.0789551,36,33,0,0,0,7.60991,0,0,0,-0.161216,0,0,0,0
762,2.40289,0,9.13229e-19,0.0112793,0,0.060784,0.0149142,0,-0,0.0789551,36,33,0,0,0,7.6199,0,0,0,-0.161231,0,0,0,0
763,2.40289,0,-0.00639178,-0.0338379,0,0.060784,-0.0159795,0,-0,0.0563965,36,33,0,0,0,7.6299,0,0,0,-0.161224,0,0,0,0
764,2.40289,0,0.00639178,-0.0451172,0,0.060784,0.00745708,0,-0,0.0563965,36,33,0,0,0,7.6399,0,0,0,-0.161255,0,0,0,0
765,2.40289,0,-0.0149142,-0.0338379,0,0.060784,0.0010653,0,-0,0.0225586,36,33,0,0,0,7.6499,0,0,0,-0.161242,0,0,0,0
766,2.40289,0,0.010653,-0.0338379,0,0.060784,0.0010653,0,-0,0.0563965,36,33,0,0,0,7.6599,0,0,0,-0.161255,0,0,0,0
767,2.40289,0,-0.00639178,-0.0225586,0,0.060784,-0.0266324,0,-0,0.0563965,36,33,0,0,0,7.6699,0,0,0,-0.161226,0,0,0,0
768,2.40289,0,-0.00958767,-0.0338379,0,0.060784,-0.0159795,0,-0,-0.146631,36,33,0,0,0,7.67992,0,0,0,-0.161223,0,0,0,0
769,2.40289,0,0.0127836,0.0338379,0,0.060784,-0.00213059,0,-0,0.0338379,36,33,0,0,0,7.68992,0,0,0,-0.161231,0,0,0,0
770,2.40289,0,-0.00852238,0.0338379,0,0.060784,0.0298283,0,-0,0.0563965,36,33,0,0,0,7.6999,0,0,0,-0.161246,0,0,0,0
771,2.40289,0,-0.010653,0,0,0.060784,-0.00213059,0,-0,0.0225586,36,33,0,0,0,7.7099,0,0,0,-0.161197,0,0,0,0
772,2.40289,0,0.0234365,0,0,0.060784,0.0159795,0,-0,-0,36,33,0,0,0,7.7199,0,0,0,-0.161238,0,0,0,0
773,2.40289,0,0.01811,0.0112793,0,0.060784,-0.00213059,0,-0,0.0338379,36,33,0,0,0,7.7299,0,0,0,-0.161212,0,0,0,0
774,2.40289,0,-0.00639178,0,0,0.060784,-0.00213059,0,-0,0.0338379,36,33,0,0,0,7.73991,0,0,0,-0.161222,0,0,0,0
775,2.40289,0,-0.00852238,0.0338379,0,0.060784,0.0138489,0,-0,0.0338379,36,33,0,0,0,7.7499,0,0,0,-0.161241,0,0,0,0
776,2.40289,0,0.0010653,0.0112793,0,0.060784,-0.00532648,0,-0,0.0563965,36,33,0,0,0,7.7599,0,0,0,-0.161216,0,0,0,0
777,2.40289,0,-0.00852238,0.0112793,0,0.060784,-0.00958767,0,-0,0.0225586,36,33,0,0,0,7.7699,0,0,0,-0.161191,0,0,0,0
778,2.40289,0,0.0010653,0,0,0.060784,-0.0191753,0,-0,0.0338379,36,33,0,0,0,7.7799,0,0,0,-0.161176,0,0,0,0
779,2.40289,0,0.010653,0,0,0.060784,0.00532648,0,-0,0.0338379,36,33,0,0,0,7.7899,0,0,0,-0.161168,0,0,0,0
780,2.40289,0,0.0149142,0.0338379,0,0.060784,-0.010653,0,-0,-0.146631,36,33,0,0,0,7.7999,0,0,0,-0.161147,0,0,0,0
781,2.40289,0,-0.0213059,0.0225586,0,0.060784,0.00426119,0,-0,0.0563965,36,33,0,0,0,7.8099,0,0,0,-0.16117,0,0,0,0
782,2.40289,0,0.00532648,0,0,0.060784,0.00852238,0,-0,0.0225586,36,33,0,0,0,7.8199,0,0,0,-0.161159,0,0,0,0
783,2.40289,0,0.00213059,0,0,0.060784,-0.00319589,0,-0,0.0338379,36,33,0,0,0,7.8299,0,0,0,-0.161156,0,0,0,0
784,2.40289,0,-0.00639178,0,0,0.060784,-0.00426119,0,-0,0.0338379,36,33,0,0,0,7.83991,0,0,0,-0.161163,0,0,0,0
785,2.40289,0,-0.00532648,0,0,0.060784,0.0340895,0,-0,0.0338379,36,33,0,0,0,7.8499,0,0,0,-0.161181,0,0,0,0
786,2.40289,0,0.0159795,0,0,0.060784,-0.0213059,0,-0,-0.146631,36,33,0,0,0,7.8599,0,0,0,-0.161158,0,0,0,0
787,2.40289,0,-0.01811,0,0,0.060784,-0.00639178,0,-0,0.0338379,36,33,0,0,0,7.8699,0,0,0,-0.161176,0,0,0,0
788,2.40289,0,-1.23938e-18,0,0,0.060784,-0.0202406,0,-0,0.0563965,36,33,0,0,0,7.8799,0,0,0,-0.161158,0,0,0,0
789,2.40289,0,0.00213059,0.0225586,0,0.060784,0.0010653,0,-0,0.0225586,36,33,0,0,0,7.88991,0,0,0,-0.161164,0,0,0,0
790,2.40289,0,0.0138489,0,0,0.060784,0.00319589,0,-0,0.0225586,36,33,0,0,0,7.8999,0,0,0,-0.161149,0,0,0,0
791,2.40289,0,-0.00532648,0.0112793,0,0.060784,-0.00426119,0,-0,-0.101514,36,33,0,0,0,7.9099,0,0,0,-0.161163,0,0,0,0
792,2.40289,0,-0.0372854,-0.0225586,0,0.060784,-0.00532648,0,-0,0.0338379,36,33,0,0,0,7.9199,0,0,0,-0.161186,0,0,0,0
793,2.40289,0,-0.0010653,0,0,0.060784,0.00319589,0,-0,-0.0789551,36,33,0,0,0,7.9299,0,0,0,-0.161196,0,0,0,0
794,2.40289,0,0.00532648,-0.0338379,0,0.060784,-0.0170448,0,-0,-0.0902344,36,33,0,0,0,7.9399,0,0,0,-0.161165,0,0,0,0
795,2.40289,0,0.00958767,0,0,0.060784,0.00745708,0,-0,-0.146631,36,33,0,0,0,7.94991,0,0,0,-0.161191,0,0,0,0
796,2.40289,0,-0.00426119,-0.0338379,0,0.060784,-0.0127836,0,-0,-0.101514,36,33,0,0,0,7.95991,0,0,0,-0.161166,0,0,0,0
797,2.40289,0,0.00213059,0.0225586,0,0.060784,0.0234365,0,-0,-0.146631,36,33,0,0,0,7.9699,0,0,0,-0.161184,0,0,0,0
798,2.40289,0,0.00319589,0.0112793,0,0.060784,-0.00532648,0,-0,0.0338379,36,33,0,0,0,7.9799,0,0,0,-0.161184,0,0,0,0
799,2.40289,0,-0.00213059,-0.0338379,0,0.060784,0.0266324,0,-0,-0.146631,36,33,0,0,0,7.98991,0,0,0,-0.16119,0,0,0,0
800,2.40289,0,-0.0010653,-0.0225586,0,0.060784,0.00213059,0,-0,0.0563965,36,33,0,0,0,7.9999,0,0,0,-0.161139,0,0,0,0
801,2.40289,0,0.00745708,-0.0225586,0,0.060784,0.0191753,0,-0,0.0789551,36,33,0,0,0,8.00991,0,0,0,-0.161158,0,0,0,0
802,2.40289,0,-0.00426119,0,0,0.060784,0.0266324,0,-0,0.0563965,36,33,0,0,0,8.0199,0,0,0,-0.161148,0,0,0,0
803,2.40289,0,0.00213059,-0.0225586,0,0.060784,-0.0223712,0,-0,0.0563965,36,33,0,0,0,8.02991,0,0,0,-0.161136,0,0,0,0
804,2.40289,0,-0.0010653,-0.0225586,0,0.060784,0.0127836,0,-0,0.0563965,36,33,0,0,0,8.03991,0,0,0,-0.161147,0,0,0,0
805,2.40289,0,-0.0117183,-0.0338379,0,0.060784,-0.0127836,0,-0,0.0902344,36,33,0,0,0,8.0499,0,0,0,-0.16114,0,0,0,0
806,2.40289,0,-0.00958767,-0.0225586,0,0.060784,-0.00532648,0,-0,0.0225586,36,33,0,0,0,8.05991,0,0,0,-0.16112,0,0,0,0
807,2.40289,0,0.0010653,0,0,0.060784,0.0149142,0,-0,0.0338379,36,33,0,0,0,8.06991,0,0,0,-0.161137,0,0,0,0
808,2.40289,0,0.0191753,-0.0338379,0,0.060784,-0.00213059,0,-0,0.0338379,36,33,0,0,0,8.07991,0,0,0,-0.161134,0,0,0,0
809,2.40289,0,1.17415e-18,-0.0225586,0,0.060784,0.0191753,0,-0,0.0563965,36,33,0,0,0,8.08991,0,0,0,-0.161122,0,0,0,0
810,2.40289,0,-0.00745708,-0.0338379,0,0.060784,-0.0223712,0,-0,0.0338379,36,33,0,0,0,8.0999,0,0,0,-0.161089,0,0,0,0
811,2.40289,0,0.0170448,0,0,0.060784,-0.0010653,0,-0,0.0563965,36,33,0,0,0,8.10991,0,0,0,-0.161084,0,0,0,0
812,2.40289,0,-0.0234365,0.0225586,0,0.060784,-0.00426119,0,-0,0.0563965,36,33,0,0,0,8.11991,0,0,0,-0.16109,0,0,0,0
813,2.40289,0,0.0117183,0,0,0.060784,-0.0149142,0,-0,0.0789551,36,33,0,0,0,8.12991,0,0,0,-0.161073,0,0,0,0
814,2.40289,0,-0.010653,0,0,0.060784,0.0223712,0,-0,-0,36,33,0,0,0,8.13991,0,0,0,-0.161087,0,0,0,0
815,2.40289,0,0.0138489,0.0225586,0,0.060784,0.00213059,0,-0,-0,36,33,0,0,0,8.1499,0,0,0,-0.161079,0,0,0,0
816,2.40289,0,-0.0138489,-0.0338379,0,0.060784,-0.00958767,0,-0,0.0338379,36,33,0,0,0,8.1599,0,0,0,-0.161065,0,0,0,0
817,2.40289,0,-0.0010653,0.0112793,0,0.060784,-0.00213059,0,-0,0.0225586,36,33,0,0,0,8.16991,0,0,0,-0.161085,0,0,0,0
818,2.40289,0,0.00532648,0,0,0.060784,0.00852238,0,-0,0.0563965,36,33,0,0,0,8.17991,0,0,0,-0.161068,0,0,0,0
819,2.40289,0,0.00745708,-0.0225586,0,0.060784,-0.00319589,0,-0,0.0225586,36,33,0,0,0,8.18991,0,0,0,-0.161073,0,0,0,0
820,2.40289,0,-0.00958767,0.0338379,0,0.060784,-0.00745708,0,-0,0.0338379,36,33,0,0,0,8.19991,0,0,0,-0.161046,0,0,0,0
821,2.40289,0,-0.00958767,0,0,0.060784,0.0191753,0,-0,0.0338379,36,33,0,0,0,8.20991,0,0,0,-0.161073,0,0,0,0
822,2.40289,0,-7.17537e-19,0.0112793,0,0.060784,-0.0117183,0,-0,-0,36,33,0,0,0,8.21991,0,0,0,-0.161068,0,0,0,0
823,2.40289,0,0.00532648,0,0,0.060784,-0.01811,0,-0,0.0225586,36,33,0,0,0,8.2299,0,0,0,-0.161092,0,0,0,0
824,2.40289,0,0.00532648,0,0,0.060784,-0.00745708,0,-0,0.0338379,36,33,0,0,0,8.2399,0,0,0,-0.161118,0,0,0,0
825,2.40289,0,0.00319589,0,0,0.060784,0.00213059,0,-0,0.0338379,36,33,0,0,0,8.24991,0,0,0,-0.161098,0,0,0,0
826,2.40289,0,0.00532648,0,0,0.060784,-0.0170448,0,-0,0.0563965,36,33,0,0,0,8.25991,0,0,0,-0.161092,0,0,0,0
827,2.40289,0,0.0149142,0.0112793,0,0.060784,0.01811,0,-0,0.0225586,36,33,0,0,0,8.2699,0,0,0,-0.16111,0,0,0,0
828,2.40289,0,0.010653,0,0,0.060784,0.0149142,0,-0,-0.101514,36,33,0,0,0,8.27991,0,0,0,-0.161102,0,0,0,0
829,2.40289,0,0.00426119,0,0,0.060784,-0.00213059,0,-0,0.0338379,36,33,0,0,0,8.28991,0,0,0,-0.161085,0,0,0,0
830,2.40289,0,0.00532648,0,0,0.060784,-0.00852238,0,-0,-0.146631,36,33,0,0,0,8.29991,0,0,0,-0.16107,0,0,0,0
831,2.40289,0,-0.00319589,0,0,0.060784,-0.028763,0,-0,-0.101514,36,33,0,0,0,8.3099,0,0,0,-0.161084,0,0,0,0
832,2.40289,0,0.0127836,0,0,0.060784,0.0117183,0,-0,-0.101514,36,33,0,0,0,8.31993,0,0,0,-0.161084,0,0,0,0
833,2.40289,0,0.00639178,0,0,0.060784,0.00319589,0,-0,-0.146631,36,33,0,0,0,8.3299,0,0,0,-0.161069,0,0,0,0
834,2.40289,0,-0.0170448,0,0,0.060784,0.00745708,0,-0,-0.146631,36,33,0,0,0,8.33991,0,0,0,-0.161072,0,0,0,0
835,2.40289,0,-0.00745708,0.0112793,0,0.060784,-0.00426119,0,-0,-0.101514,36,33,0,0,0,8.3499,0,0,0,-0.16107,0,0,0,0
836,2.40289,0,0.01811,-0.0225586,0,0.060784,0.0234365,0,-0,-0.0902344,36,33,0,0,0,8.35991,0,0,0,-0.161057,0,0,0,0
837,2.40289,0,-0.010653,-0.0225586,0,0.060784,-0.00426119,0,-0,-0.0902344,36,33,0,0,0,8.36991,0,0,0,-0.161052,0,0,0,0
838,2.40289,0,-0.0010653,0,0,0.060784,0.00319589,0,-0,-0.0902344,36,33,0,0,0,8.37991,0,0,0,-0.161062,0,0,0,0
839,2.40289,0,-0.0010653,0.0112793,0,0.060784,0.00213059,0,-0,0.0225586,36,33,0,0,0,8.38991,0,0,0,-0.161079,0,0,0,0
840,2.40289,0,-0.00319589,-0.0338379,0,0.060784,0.00532648,0,-0,0.0563965,36,33,0,0,0,8.39991,0,0,0,-0.161056,0,0,0,0
841,2.40289,0,0.0127836,-0.0225586,0,0.060784,-0.0245018,0,-0,0.0563965,36,33,0,0,0,8.40991,0,0,0,-0.161074,0,0,0,0
842,2.40289,0,0.0138489,-0.0225586,0,0.060784,-0.0159795,0,-0,-0.146631,36,33,0,0,0,8.4199,0,0,0,-0.161077,0,0,0,0
843,2.40289,0,0.0159795,0,0,0.060784,0.0127836,0,-0,0.0338379,36,33,0,0,0,8.42991,0,0,0,-0.161094,0,0,0,0
844,2.40289,0,0.00319589,-0.0225586,0,0.060784,-0.0170448,0,-0,0.0563965,36,33,0,0,0,8.43991,0,0,0,-0.161062,0,0,0,0
845,2.40289,0,0.0276977,-0.0338379,0,0.060784,-0.0010653,0,-0,0.0338379,36,33,0,0,0,8.4499,0,0,0,-0.16108,0,0,0,0
846,2.40289,0,0.0170448,-0.0338379,0,0.060784,0.00532648,0,-0,0.0563965,36,33,0,0,0,8.45991,0,0,0,-0.161065,0,0,0,0
847,2.40289,0,-0.00639178,-0.0225586,0,0.060784,-0.00958767,0,-0,0.0563965,36,33,0,0,0,8.46991,0,0,0,-0.16108,0,0,0,0
848,2.40289,0,0.00426119,-0.0225586,0,0.060784,-0.00213059,0,-0,0.0563965,36,33,0,0,0,8.47991,0,0,0,-0.16105,0,0,0,0
849,2.40289,0,0.00852238,0.0451172,0,0.060784,0.0127836,0,-0,0.0338379,36,33,0,0,0,8.48991,0,0,0,-0.161078,0,0,0,0
850,2.40289,0,0.00852238,-0.0338379,0,0.060784,0.00426119,0,-0,0.0225586,36,33,0,0,0,8.49991,0,0,0,-0.161063,0,0,0,0
851,2.40289,0,0.00639178,0,0,0.060784,-0.010653,0,-0,0.0338379,36,33,0,0,0,8.50991,0,0,0,-0.161084,0,0,0,0
852,2.40289,0,0.00745708,-0.0338379,0,0.060784,-0.0149142,0,-0,0.0338379,36,33,0,0,0,8.51991,0,0,0,-0.161063,0,0,0,0
853,2.40289,0,-4.56614e-19,-0.0338379,0,0.060784,-0.00745708,0,-0,0.0563965,36,33,0,0,0,8.5299,0,0,0,-0.161084,0,0,0,0
854,2.40289,0,0.0010653,0.0112793,0,0.060784,-0.00532648,0,-0,0.0225586,36,33,0,0,0,8.53991,0,0,0,-0.161069,0,0,0,0
855,2.40289,0,0.0234365,0.0338379,0,0.060784,-0.0191753,0,-0,0.0338379,36,33,0,0,0,8.54991,0,0,0,-0.161061,0,0,0,0
856,2.40289,0,0.00639178,0.0112793,0,0.060784,-0.0191753,0,-0,0.0563965,36,33,0,0,0,8.55991,0,0,0,-0.161034,0,0,0,0
857,2.40289,0,0.00745708,0.0338379,0,0.060784,0.00958767,0,-0,0.0338379,36,33,0,0,0,8.56991,0,0,0,-0.161013,0,0,0,0
858,2.40289,0,0.0159795,0.0225586,0,0.060784,-0.00958767,0,-0,0.0563965,36,33,0,0,0,8.57991,0,0,0,-0.161002,0,0,0,0
859,2.40289,0,-0.00852238,0.0112793,0,0.060784,-0.0298283,0,-0,0.0338379,36,33,0,0,0,8.5899,0,0,0,-0.160995,0,0,0,0
860,2.40289,0,-0.00213059,0.0338379,0,0.060784,-0.0127836,0,-0,0.0225586,36,33,0,0,0,8.5999,0,0,0,-0.161029,0,0,0,0
861,2.40289,0,-0.01811,-0.0338379,0,0.060784,0.00852238,0,-0,0.0563965,36,33,0,0,0,8.60991,0,0,0,-0.161022,0,0,0,0
862,2.40289,0,0.00639178,-0.0225586,0,0.060784,-0.00745708,0,-0,0.0338379,36,33,0,0,0,8.6199,0,0,0,-0.160992,0,0,0,0
863,2.40289,0,0.0010653,0,0,0.060784,0.0245018,0,-0,0.0225586,36,33,0,0,0,8.62991,0,0,0,-0.161022,0,0,0,0
864,2.40289,0,0.00319589,0.0112793,0,0.060784,0.0138489,0,-0,-0.146631,36,33,0,0,0,8.6399,0,0,0,-0.160978,0,0,0,0
865,2.40289,0,0.00958767,0.0112793,0,0.060784,-5.87076e-19,0,-0,0.0338379,36,33,0,0,0,8.64991,0,0,0,-0.161002,0,0,0,0
866,2.40289,0,-0.00319589,0,0,0.060784,-0.010653,0,-0,0.0563965,36,33,0,0,0,8.65991,0,0,0,-0.161016,0,0,0,0
867,2.40289,0,0.0213059,0,0,0.060784,0.0010653,0,-0,-0.146631,36,33,0,0,0,8.6699,0,0,0,-0.16099,0,0,0,0
868,2.40289,0,-0.0159795,0,0,0.060784,-0.010653,0,-0,0.0338379,36,33,0,0,0,8.67991,0,0,0,-0.160978,0,0,0,0
869,2.40289,0,0.0149142,0,0,0.060784,0.00532648,0,-0,-0.146631,36,33,0,0,0,8.68991,0,0,0,-0.160967,0,0,0,0
870,2.40289,0,-0.0149142,0,0,0.060784,0.0213059,0,-0,-0.0902344,36,33,0,0,0,8.69991,0,0,0,-0.160958,0,0,0,0
871,2.40289,0,0.00213059,0,0,0.060784,-0.00958767,0,-0,0.0225586,36,33,0,0,0,8.70991,0,0,0,-0.160968,0,0,0,0
872,2.40289,0,0.0010653,0,0,0.060784,0.00426119,0,-0,-0.146631,36,33,0,0,0,8.71991,0,0,0,-0.160966,0,0,0,0
873,2.40289,0,-0.0202406,0,0,0.060784,-0.00852238,0,-0,-0.0902344,36,33,0,0,0,8.72991,0,0,0,-0.160986,0,0,0,0
874,2.40289,0,0.00319589,0,0,0.060784,0.00958767,0,-0,-0.146631,36,33,0,0,0,8.7399,0,0,0,-0.160976,0,0,0,0
875,2.40289,0,-0.0010653,0.0112793,0,0.060784,-0.00532648,0,-0,-0.101514,36,33,0,0,0,8.74991,0,0,0,-0.160956,0,0,0,0
876,2.40289,0,-0.00958767,0,0,0.060784,-0.0351548,0,-0,0.0338379,36,33,0,0,0,8.7599,0,0,0,-0.160981,0,0,0,0
877,2.40289,0,0.0127836,0,0,0.060784,0.00958767,0,-0,-0.146631,36,33,0,0,0,8.76991,0,0,0,-0.160991,0,0,0,0
878,2.40289,0,0.0149142,0.0225586,0,0.060784,0.00958767,0,-0,-0.146631,36,33,0,0,0,8.77991,0,0,0,-0.160974,0,0,0,0
879,2.40289,0,-0.0138489,0,0,0.060784,0.00532648,0,-0,-0.101514,36,33,0,0,0,8.78991,0,0,0,-0.160994,0,0,0,0
880,2.40289,0,-0.00852238,0.0338379,0,0.060784,-0.00745708,0,-0,-0.0902344,36,33,0,0,0,8.79991,0,0,0,-0.160988,0,0,0,0
881,2.40289,0,-0.00319589,0.0112793,0,0.060784,0.0170448,0,-0,-0.101514,36,33,0,0,0,8.80991,0,0,0,-0.160971,0,0,0,0
882,2.40289,0,0.0117183,-0.0225586,0,0.060784,-0.0138489,0,-0,0.0563965,36,33,0,0,0,8.8199,0,0,0,-0.160988,0,0,0,0
883,2.40289,0,-0.00639178,-0.0225586,0,0.060784,-0.00319589,0,-0,-0.146631,36,33,0,0,0,8.82991,0,0,0,-0.160935,0,0,0,0
884,2.40289,0,0.0117183,-0.0338379,0,0.060784,0.00532648,0,-0,0.0338379,36,33,0,0,0,8.83991,0,0,0,-0.160931,0,0,0,0
885,2.40289,0,0.00319589,-0.0338379,0,0.060784,-0.010653,0,-0,0.0563965,36,33,0,0,0,8.84991,0,0,0,-0.160916,0,0,0,0
886,2.40289,0,0.0117183,-0.0338379,0,0.060784,-0.00639178,0,-0,0.0563965,36,33,0,0,0,8.85991,0,0,0,-0.160941,0,0,0,0
887,2.40289,0,0.00852238,0.0112793,0,0.060784,0.00852238,0,-0,0.0563965,36,33,0,0,0,8.86991,0,0,0,-0.160915,0,0,0,0
888,2.40289,0,-0.00532648,0.0225586,0,0.060784,3.26153e-19,0,-0,0.0563965,36,33,0,0,0,8.87991,0,0,0,-0.1609,0,0,0,0
889,2.40289,0,-0.00426119,0.0112793,0,0.060784,0.00213059,0,-0,0.0563965,36,33,0,0,0,8.8899,0,0,0,-0.160891,0,0,0,0
890,2.40289,0,0.010653,-0.0451172,0,0.060784,0.00958767,0,-0,0.0338379,36,33,0,0,0,8.89991,0,0,0,-0.160925,0,0,0,0
891,2.40289,0,-0.00958767,-0.0338379,0,0.060784,-0.00213059,0,-0,0.0225586,36,33,0,0,0,8.90991,0,0,0,-0.160942,0,0,0,0
892,2.40289,0,-0.00852238,-0.0225586,0,0.060784,0.00852238,0,-0,0.0338379,36,33,0,0,0,8.91991,0,0,0,-0.160916,0,0,0,0
893,2.40289,0,-0.00426119,0.0225586,0,0.060784,0.028763,0,-0,0.0338379,36,33,0,0,0,8.92991,0,0,0,-0.160964,0,0,0,0
894,2.40289,0,0.0170448,0.0112793,0,0.060784,0.0127836,0,-0,-0.101514,36,33,0,0,0,8.9399,0,0,0,-0.160944,0,0,0,0
895,2.40289,0,0.0159795,0,0,0.060784,-0.00639178,0,-0,0.0338379,36,33,0,0,0,8.94991,0,0,0,-0.160911,0,0,0,0
896,2.40289,0,0.0010653,0.0225586,0,0.060784,0.00852238,0,-0,0.0338379,36,33,0,0,0,8.95991,0,0,0,-0.160933,0,0,0,0
897,2.40289,0,0.0127836,0.0338379,0,0.060784,0.00639178,0,-0,0.0338379,36,33,0,0,0,8.96991,0,0,0,-0.160902,0,0,0,0
898,2.40289,0,0.00319589,0.0112793,0,0.060784,0.0117183,0,-0,0.0338379,36,33,0,0,0,8.97991,0,0,0,-0.160899,0,0,0,0
899,2.40289,0,0.0010653,0,0,0.060784,-0.00958767,0,-0,0.0338379,36,33,0,0,0,8.98991,0,0,0,-0.160875,0,0,0,0
900,2.40289,0,0.00639178,0.0112793,0,0.060784,-0.0138489,0,-0,0.0225586,36,33,0,0,0,8.99991,0,0,0,-0.160914,0,0,0,0
901,2.40289,0,-0.00958767,0.0338379,0,0.060784,-0.00958767,0,-0,-0,36,33,0,0,0,9.00991,0,0,0,-0.160884,0,0,0,0
902,2.40289,0,0.00532648,0.0112793,0,0.060784,-0.00319589,0,-0,0.0338379,36,33,0,0,0,9.01991,0,0,0,-0.160861,0,0,0,0
903,2.40289,0,-0.00426119,0.0338379,0,0.060784,-0.0159795,0,-0,0.0338379,36,33,0,0,0,9.02991,0,0,0,-0.160862,0,0,0,0
904,2.40289,0,-0.00532648,0.0338379,0,0.060784,0.0202406,0,-0,0.0225586,36,33,0,0,0,9.03991,0,0,0,-0.160874,0,0,0,0
905,2.40289,0,0.0127836,0.0338379,0,0.060784,-0.010653,0,-0,0.0338379,36,33,0,0,0,9.04991,0,0,0,-0.160904,0,0,0,0
906,2.40289,0,0.00958767,0.0112793,0,0.060784,0.00319589,0,-0,0.0789551,36,33,0,0,0,9.05991,0,0,0,-0.160878,0,0,0,0
907,2.40289,0,0.0117183,0.0112793,0,0.060784,-0.0170448,0,-0,0.0563965,36,33,0,0,0,9.06991,0,0,0,-0.160864,0,0,0,0
908,2.40289,0,0.010653,0.0112793,0,0.060784,0.0149142,0,-0,0.0338379,36,33,0,0,0,9.07991,0,0,0,-0.160881,0,0,0,0
909,2.40289,0,-0.00426119,-0.0225586,0,0.060784,-0.0010653,0,-0,0.0563965,36,33,0,0,0,9.0899,0,0,0,-0.160874,0,0,0,0
910,2.40289,0,0.00532648,0.0112793,0,0.060784,-0.00852238,0,-0,-0.146631,36,33,0,0,0,9.0999,0,0,0,-0.160906,0,0,0,0
911,2.40289,0,-0.0149142,0,0,0.060784,-0.0010653,0,-0,-0.101514,36,33,0,0,0,9.10991,0,0,0,-0.160903,0,0,0,0
912,2.40289,0,-0.00745708,0,0,0.060784,0.0159795,0,-0,0.0225586,36,33,0,0,0,9.1199,0,0,0,-0.16089,0,0,0,0
913,2.40289,0,-0.0010653,0.0112793,0,0.060784,0.01811,0,-0,-0.101514,36,33,0,0,0,9.12991,0,0,0,-0.160881,0,0,0,0
914,2.40289,0,-0.0010653,0,0,0.060784,0.00319589,0,-0,-0.101514,36,33,0,0,0,9.1399,0,0,0,-0.160903,0,0,0,0
915,2.40289,0,-0.00213059,0,0,0.060784,-0.010653,0,-0,-0.101514,36,33,0,0,0,9.14991,0,0,0,-0.16088,0,0,0,0
916,2.40289,0,0.0170448,-0.0225586,0,0.060784,0.00213059,0,-0,0.0563965,36,33,0,0,0,9.1599,0,0,0,-0.160924,0,0,0,0
917,2.40289,0,0.0149142,0,0,0.060784,0.00532648,0,-0,-0.101514,36,33,0,0,0,9.16991,0,0,0,-0.160928,0,0,0,0
918,2.40289,0,0.00639178,-0.0112793,0,0.060784,-0.00532648,0,-0,-0.0902344,36,33,0,0,0,9.17991,0,0,0,-0.160944,0,0,0,0
919,2.40289,0,-0.00319589,0.0112793,0,0.060784,0.00745708,0,-0,0.0338379,36,33,0,0,0,9.1899,0,0,0,-0.160937,0,0,0,0
920,2.40289,0,-0.0127836,0,0,0.060784,0.0010653,0,-0,-0.101514,36,33,0,0,0,9.19991,0,0,0,-0.160974,0,0,0,0
921,2.40289,0,-0.0127836,0.0112793,0,0.060784,0.0234365,0,-0,-0.101514,36,33,0,0,0,9.20991,0,0,0,-0.160963,0,0,0,0
922,2.40289,0,0.00532648,-0.0338379,0,0.060784,0.00852238,0,-0,-0.146631,36,33,0,0,0,9.21991,0,0,0,-0.160977,0,0,0,0
923,2.40289,0,0.0170448,0.0112793,0,0.060784,0.0149142,0,-0,0.0563965,36,33,0,0,0,9.22991,0,0,0,-0.160961,0,0,0,0
924,2.40289,0,0.0010653,0,0,0.060784,-0.0127836,0,-0,-0.146631,36,33,0,0,0,9.2399,0,0,0,-0.16095,0,0,0,0
925,2.40289,0,0.0127836,0.0112793,0,0.060784,0.00319589,0,-0,-0.101514,36,33,0,0,0,9.24991,0,0,0,-0.160955,0,0,0,0
926,2.40289,0,-0.00319589,0,0,0.060784,0.00852238,0,-0,-0.101514,36,33,0,0,0,9.2599,0,0,0,-0.160971,0,0,0,0
927,2.40289,0,0.0010653,-0.0225586,0,0.060784,-0.00426119,0,-0,0.0338379,36,33,0,0,0,9.26991,0,0,0,-0.160963,0,0,0,0
928,2.40289,0,0.0255671,-0.0338379,0,0.060784,0.0234365,0,-0,0.0563965,36,33,0,0,0,9.27991,0,0,0,-0.160921,0,0,0,0
929,2.40289,0,0.00852238,0.0112793,0,0.060784,0.0255671,0,-0,0.0338379,36,33,0,0,0,9.28991,0,0,0,-0.160905,0,0,0,0
930,2.40289,0,-0.00639178,0.0112793,0,0.060784,-0.0234365,0,-0,0.0676758,36,33,0,0,0,9.2999,0,0,0,-0.160901,0,0,0,0
931,2.40289,0,-0.0149142,-0.0225586,0,0.060784,9.13229e-19,0,-0,0.0563965,36,33,0,0,0,9.3099,0,0,0,-0.160909,0,0,0,0
932,2.40289,0,-0.00745708,-0.0225586,0,0.060784,0.0276977,0,-0,0.0563965,36,33,0,0,0,9.31991,0,0,0,-0.160885,0,0,0,0
933,2.40289,0,0.00745708,0.0338379,0,0.060784,0.0202406,0,-0,0.0338379,36,33,0,0,0,9.32991,0,0,0,-0.160852,0,0,0,0
934,2.40289,0,0.0170448,0.0112793,0,0.060784,-0.00532648,0,-0,0.0563965,36,33,0,0,0,9.33991,0,0,0,-0.160838,0,0,0,0
935,2.40289,0,-0.0138489,0.0225586,0,0.060784,0.00319589,0,-0,0.0338379,36,33,0,0,0,9.34991,0,0,0,-0.160807,0,0,0,0
936,2.40289,0,-9.78459e-19,0,0,0.060784,-0.0159795,0,-0,0.0338379,36,33,0,0,0,9.35991,0,0,0,-0.160799,0,0,0,0
937,2.40289,0,0.00319589,0,0,0.060784,0.0117183,0,-0,0.0225586,36,33,0,0,0,9.36991,0,0,0,-0.16082,0,0,0,0
938,2.40289,0,-0.0010653,0,0,0.060784,6.52306e-20,0,-0,0.0338379,36,33,0,0,0,9.37991,0,0,0,-0.16078,0,0,0,0
939,2.40289,0,0.0010653,0.0225586,0,0.060784,-0.00426119,0,-0,-0.101514,36,33,0,0,0,9.3899,0,0,0,-0.160783,0,0,0,0
940,2.40289,0,0.0010653,0.0112793,0,0.060784,0.0149142,0,-0,0.0338379,36,33,0,0,0,9.3999,0,0,0,-0.160784,0,0,0,0
941,2.40289,0,-0.0149142,0.0112793,0,0.060784,-0.0202406,0,-0,0.0338379,36,33,0,0,0,9.40991,0,0,0,-0.160808,0,0,0,0
942,2.40289,0,0.00213059,0,0,0.060784,0.0138489,0,-0,0.0338379,36,33,0,0,0,9.4199,0,0,0,-0.160792,0,0,0,0
943,2.40289,0,-0.00852238,-0.0225586,0,0.060784,0.00426119,0,-0,0.0225586,36,33,0,0,0,9.42991,0,0,0,-0.160796,0,0,0,0
944,2.40289,0,-0.00745708,0,0,0.060784,0.0234365,0,-0,0.0338379,36,33,0,0,0,9.43991,0,0,0,-0.160768,0,0,0,0
945,2.40289,0,0.00213059,0,0,0.060784,0.00319589,0,-0,0.0338379,36,33,0,0,0,9.44991,0,0,0,-0.160773,0,0,0,0
946,2.40289,0,-0.0159795,0,0,0.060784,-0.00958767,0,-0,-0,36,33,0,0,0,9.45991,0,0,0,-0.160729,0,0,0,0
947,2.40289,0,-0.00958767,0,0,0.060784,-0.0010653,0,-0,0.0338379,36,33,0,0,0,9.4699,0,0,0,-0.160735,0,0,0,0
948,2.40289,0,0.0010653,0.0112793,0,0.060784,-0.00319589,0,-0,0.0338379,36,33,0,0,0,9.4799,0,0,0,-0.160713,0,0,0,0
949,2.40289,0,0.00532648,0,0,0.060784,-0.010653,0,-0,-0,36,33,0,0,0,9.48991,0,0,0,-0.160732,0,0,0,0
950,2.40289,0,0,0,0,0.060784,0,0,-0,0.0563965,36,33,0,0,0,9.4999,0,0,0,-0.160724,0,0,0,0
951,2.40289,0,0.00213059,0,0,0.060784,-0.00745708,0,-0,-0.0902344,36,33,0,0,0,9.50991,0,0,0,-0.160718,0,0,0,0
952,2.40289,0,-0.00745708,0.0338379,0,0.060784,0.00852238,0,-0,0.0338379,36,33,0,0,0,9.51993,0,0,0,-0.160737,0,0,0,0
953,2.40289,0,-0.0245018,0,0,0.060784,0.0149142,0,-0,0.0338379,36,33,0,0,0,9.52991,0,0,0,-0.160701,0,0,0,0
954,2.40289,0,-0.0138489,0,0,0.060784,-0.00426119,0,-0,-0.112793,36,33,0,0,0,9.53991,0,0,0,-0.160676,0,0,0,0
955,2.40289,0,-0.00639178,0.0112793,0,0.060784,-0.00426119,0,-0,0.0563965,36,33,0,0,0,9.54994,0,0,0,-0.160672,0,0,0,0
956,2.40289,0,-0.0149142,0,0,0.060784,0.00532648,0,-0,-0.112793,36,33,0,0,0,9.5599,0,0,0,-0.160704,0,0,0,0
957,2.40289,0,-1.95692e-19,0,0,0.060784,-0.00319589,0,-0,-0.146631,36,33,0,0,0,9.56991,0,0,0,-0.16071,0,0,0,0
958,2.40289,0,0.010653,0,0,0.060784,0.00213059,0,-0,-0.146631,36,33,0,0,0,9.57991,0,0,0,-0.160707,0,0,0,0
959,2.40289,0,0.0138489,0,0,0.060784,0.010653,0,-0,0.0338379,36,33,0,0,0,9.58991,0,0,0,-0.160703,0,0,0,0
960,2.40289,0,-0.00958767,0,0,0.060784,0.0117183,0,-0,-0.146631,36,33,0,0,0,9.59991,0,0,0,-0.160735,0,0,0,0
961,2.40289,0,0.01811,0,0,0.060784,-0.0245018,0,-0,0.0563965,36,33,0,0,0,9.6099,0,0,0,-0.160714,0,0,0,0
962,2.40289,0,0.00319589,0,0,0.060784,-0.0245018,0,-0,0.0563965,36,33,0,0,0,9.6199,0,0,0,-0.160711,0,0,0,0
963,2.40289,0,0.00319589,0,0,0.060784,-0.0127836,0,-0,0.0789551,36,33,0,0,0,9.6299,0,0,0,-0.160704,0,0,0,0
964,2.40289,0,0.00745708,0,0,0.060784,-0.0202406,0,-0,0.0563965,36,33,0,0,0,9.63991,0,0,0,-0.160698,0,0,0,0
965,2.40289,0,-0.0010653,0,0,0.060784,0.0276977,0,-0,-0.146631,36,33,0,0,0,9.6499,0,0,0,-0.160718,0,0,0,0
966,2.40289,0,0.00745708,-0.0225586,0,0.060784,-0.00852238,0,-0,0.0563965,36,33,0,0,0,9.65991,0,0,0,-0.160703,0,0,0,0
967,2.40289,0,0.00426119,0.0112793,0,0.060784,0.00426119,0,-0,0.0338379,36,33,0,0,0,9.6699,0,0,0,-0.16066,0,0,0,0
968,2.40289,0,0.00958767,-0.0225586,0,0.060784,-0.00426119,0,-0,0.0338379,36,33,0,0,0,9.67991,0,0,0,-0.160692,0,0,0,0
969,2.40289,0,0.00852238,-0.0225586,0,0.060784,0.00532648,0,-0,0.0563965,36,33,0,0,0,9.6899,0,0,0,-0.160677,0,0,0,0
970,2.40289,0,-0.00213059,0,0,0.060784,-0.0138489,0,-0,0.0563965,36,33,0,0,0,9.69991,0,0,0,-0.160656,0,0,0,0
971,2.40289,0,-0.00213059,0.0112793,0,0.060784,-0.01811,0,-0,0.0563965,36,33,0,0,0,9.7099,0,0,0,-0.160631,0,0,0,0
972,2.40289,0,-0.0010653,-0.0225586,0,0.060784,0.0319589,0,-0,0.0563965,36,33,0,0,0,9.71991,0,0,0,-0.160662,0,0,0,0
973,2.40289,0,0.0191753,-0.0338379,0,0.060784,-0.0159795,0,-0,0.0563965,36,33,0,0,0,9.72991,0,0,0,-0.160654,0,0,0,0
974,2.40289,0,0.0191753,-0.0225586,0,0.060784,0.0213059,0,-0,-0,36,33,0,0,0,9.7399,0,0,0,-0.160656,0,0,0,0
975,2.40289,0,-0.00852238,-0.0225586,0,0.060784,-0.00852238,0,-0,0.0563965,36,33,0,0,0,9.74991,0,0,0,-0.16067,0,0,0,0
976,2.40289,0,-0.00426119,-0.0225586,0,0.060784,0.0255671,0,-0,0.0338379,36,33,0,0,0,9.7599,0,0,0,-0.160632,0,0,0,0
977,2.40289,0,-0.00958767,-0.0225586,0,0.060784,0.0191753,0,-0,0.0225586,36,33,0,0,0,9.7699,0,0,0,-0.160639,0,0,0,0
978,2.40289,0,0.00639178,0,0,0.060784,-0.00852238,0,-0,0.0563965,36,33,0,0,0,9.7799,0,0,0,-0.160637,0,0,0,0
979,2.40289,0,-0.0127836,-0.0338379,0,0.060784,-0.0010653,0,-0,-0,36,33,0,0,0,9.78991,0,0,0,-0.160624,0,0,0,0
980,2.40289,0,0.0255671,0.0338379,0,0.060784,-0.0170448,0,-0,0.0338379,36,33,0,0,0,9.7999,0,0,0,-0.16061,0,0,0,0
981,2.40289,0,-0.00745708,0,0,0.060784,0.00319589,0,-0,0.0338379,36,33,0,0,0,9.80991,0,0,0,-0.160621,0,0,0,0
982,2.40289,0,0.00532648,0,0,0.060784,0.0298283,0,-0,0.0338379,36,33,0,0,0,9.81991,0,0,0,-0.160596,0,0,0,0
983,2.40289,0,9.13229e-19,0.0225586,0,0.060784,0.0149142,0,-0,0.0338379,36,33,0,0,0,9.82991,0,0,0,-0.160565,0,0,0,0
984,2.40289,0,-0.0202406,0.0225586,0,0.060784,-0.00852238,0,-0,0.0338379,36,33,0,0,0,9.83991,0,0,0,-0.160551,0,0,0,0
985,2.40289,0,0.00745708,0.0338379,0,0.060784,-0.0255671,0,-0,0.0338379,36,33,0,0,0,9.84991,0,0,0,-0.160555,0,0,0,0
986,2.40289,0,0.0127836,0,0,0.060784,-0.0191753,0,-0,0.0338379,36,33,0,0,0,9.85991,0,0,0,-0.160511,0,0,0,0
987,2.40289,0,0.0127836,0,0,0.060784,-0.0202406,0,-0,0.0563965,36,33,0,0,0,9.86991,0,0,0,-0.160494,0,0,0,0
988,2.40289,0,0.0127836,-0.0338379,0,0.060784,-0.01811,0,-0,-0,36,33,0,0,0,9.87991,0,0,0,-0.16052,0,0,0,0
989,2.40289,0,-0.0010653,-0.0225586,0,0.060784,-0.0234365,0,-0,0.0338379,36,33,0,0,0,9.8899,0,0,0,-0.160515,0,0,0,0
990,2.40289,0,-0.00639178,0,0,0.060784,-0.00958767,0,-0,0.0563965,36,33,0,0,0,9.89991,0,0,0,-0.160523,0,0,0,0
991,2.40289,0,-0.00319589,0.0112793,0,0.060784,-0.00745708,0,-0,0.0338379,36,33,0,0,0,9.90991,0,0,0,-0.160535,0,0,0,0
992,2.40289,0,-0.00319589,0,0,0.060784,-0.0170448,0,-0,0.0338379,36,33,0,0,0,9.91991,0,0,0,-0.160493,0,0,0,0
993,2.40289,0,0.0170448,0,0,0.060784,0.00745708,0,-0,0.0338379,36,33,0,0,0,9.92991,0,0,0,-0.160518,0,0,0,0
994,2.40289,0,-0.00745708,0,0,0.060784,0.0138489,0,-0,-0.0112793,36,33,0,0,0,9.9399,0,0,0,-0.160545,0,0,0,0
995,2.40289,0,-0.010653,0,0,0.060784,0.00639178,0,-0,-0.0902344,36,33,0,0,0,9.9499,0,0,0,-0.16054,0,0,0,0
996,2.40289,0,0.0298283,0,0,0.060784,0.0159795,0,-0,-0.146631,36,33,0,0,0,9.95991,0,0,0,-0.16054,0,0,0,0
997,2.40289,0,-0.00745708,0.0112793,0,0.060784,-0.0191753,0,-0,-0.124072,36,33,0,0,0,9.96991,0,0,0,-0.160513,0,0,0,0
998,2.40289,0,0.00852238,0,0,0.060784,0.00213059,0,-0,0.0225586,36,33,0,0,0,9.97991,0,0,0,-0.16051,0,0,0,0
999,2.40289,0,0.00745708,0,0,0.060784,-0.0202406,0,-0,-0.146631,36,33,0,0,0,9.98991,0,0,0,-0.160501,0,0,0,0
1000,2.40289,0,0.00745708,0,0,0.060784,-0.0010653,0,-0,-0,36,33,0,0,0,9.9999,0,0,0,-0.16052,0,0,0,0
1001,2.40289,0,-0.00319589,0,0,0.060784,-0.00319589,0,-0,-0.0902344,36,33,0,0,0,10.0099,0,0,0,-0.160519,0,0,0,0
1002,2.40289,0,-0.00745708,0,0,0.060784,0.00532648,0,-0,0.0563965,36,33,0,0,0,10.0199,0,0,0,-0.160543,0,0,0,0
1003,2.40289,0,0.0223712,-0.0338379,0,0.060784,0.00426119,0,-0,-0.101514,36,33,0,0,0,10.0299,0,0,0,-0.160504,0,0,0,0
1004,2.40289,0,-0.00213059,0,0,0.060784,-0.00532648,0,-0,0.0338379,36,33,0,0,0,10.0399,0,0,0,-0.160527,0,0,0,0
1005,2.40289,0,0.0138489,0.0338379,0,0.060784,0.00639178,0,-0,-0.101514,36,33,0,0,0,10.0499,0,0,0,-0.160501,0,0,0,0
1006,2.40289,0,-0.0298283,-0.0225586,0,0.060784,-0.0138489,0,-0,-0.101514,36,33,0,0,0,10.0599,0,0,0,-0.160497,0,0,0,0
1007,2.40289,0,-0.010653,-0.0225586,0,0.060784,0.0330242,0,-0,0.0563965,36,33,0,0,0,10.0699,0,0,0,-0.160526,0,0,0,0
1008,2.40289,0,0.0202406,-0.0225586,0,0.060784,-0.00745708,0,-0,0.0563965,36,33,0,0,0,10.0799,0,0,0,-0.16049,0,0,0,0
1009,2.40289,0,0.0149142,0,0,0.060784,0.0191753,0,-0,0.0563965,36,33,0,0,0,10.0899,0,0,0,-0.160527,0,0,0,0
1010,2.40289,0,0.010653,-0.0338379,0,0.060784,-0.00958767,0,-0,0.0338379,36,33,0,0,0,10.0999,0,0,0,-0.160504,0,0,0,0
1011,2.40289,0,-0.0127836,-0.0225586,0,0.060784,-0.0117183,0,-0,0.0563965,36,33,0,0,0,10.1099,0,0,0,-0.160477,0,0,0,0
1012,2.40289,0,0.00319589,-0.0338379,0,0.060784,0.00639178,0,-0,0.0563965,36,33,0,0,0,10.1199,0,0,0,-0.160463,0,0,0,0
1013,2.40289,0,1.30461e-19,-0.0338379,0,0.060784,0.00213059,0,-0,0.0563965,36,33,0,0,0,10.1299,0,0,0,-0.160465,0,0,0,0
1014,2.40289,0,1.30461e-19,0.0112793,0,0.060784,0.00213059,0,-0,0.0338379,36,33,0,0,0,10.1399,0,0,0,-0.160463,0,0,0,0
1015,2.40289,0,0.00639178,-0.0338379,0,0.060784,0.0138489,0,-0,-0,36,33,0,0,0,10.15,0,0,0,-0.160494,0,0,0,0
1016,2.40289,0,0.0170448,0.0225586,0,0.060784,0.00852238,0,-0,0.0563965,36,33,0,0,0,10.1599,0,0,0,-0.160461,0,0,0,0
1017,2.40289,0,-0.00852238,0.0338379,0,0.060784,0.0149142,0,-0,0.0338379,36,33,0,0,0,10.1699,0,0,0,-0.160458,0,0,0,0
1018,2.40289,0,0.00426119,-0.0225586,0,0.060784,-0.00426119,0,-0,0.0338379,36,33,0,0,0,10.1799,0,0,0,-0.160434,0,0,0,0
1019,2.40289,0,0.00319589,-0.0338379,0,0.060784,0.00852238,0,-0,0.0563965,36,33,0,0,0,10.1899,0,0,0,-0.160434,0,0,0,0
1020,2.40289,0,-0.00213059,0.0225586,0,0.060784,0.00426119,0,-0,-0,36,33,0,0,0,10.1999,0,0,0,-0.160443,0,0,0,0
1021,2.40289,0,-0.00745708,0,0,0.060784,0.00958767,0,-0,-0.146631,36,33,0,0,0,10.2099,0,0,0,-0.160431,0,0,0,0
1022,2.40289,0,0.00639178,-0.0225586,0,0.060784,0.00532648,0,-0,0.0225586,36,33,0,0,0,10.2199,0,0,0,-0.160437,0,0,0,0
1023,2.40289,0,-0.00426119,0,0,0.060784,0.0010653,0,-0,0.0225586,36,33,0,0,0,10.2299,0,0,0,-0.160446,0,0,0,0
1024,2.40289,0,0.01811,0.0112793,0,0.060784,-0.00319589,0,-0,-0.146631,36,33,0,0,0,10.2399,0,0,0,-0.160438,0,0,0,0
1025,2.40289,0,-0.00426119,0.0112793,0,0.060784,0.00958767,0,-0,-0.101514,36,33,0,0,0,10.2499,0,0,0,-0.160462,0,0,0,0
1026,2.40289,0,-3.91384e-19,0.0112793,0,0.060784,-0.00639178,0,-0,0.0225586,36,33,0,0,0,10.2599,0,0,0,-0.160433,0,0,0,0
1027,2.40289,0,0.00213059,0,0,0.060784,-0.0117183,0,-0,0.0225586,36,33,0,0,0,10.2699,0,0,0,-0.160453,0,0,0,0
1028,2.40289,0,0.010653,0.0338379,0,0.060784,-0.00639178,0,-0,0.0338379,36,33,0,0,0,10.2799,0,0,0,-0.160447,0,0,0,0
1029,2.40289,0,0.0117183,0.0225586,0,0.060784,-0.00852238,0,-0,0.0338379,36,33,0,0,0,10.2899,0,0,0,-0.160432,0,0,0,0
1030,2.40289,0,-0.00426119,-0.0225586,0,0.060784,0.0010653,0,-0,-0,36,33,0,0,0,10.2999,0,0,0,-0.160461,0,0,0,0
1031,2.40289,0,7.17537e-19,0.0112793,0,0.060784,0.0117183,0,-0,0.0338379,36,33,0,0,0,10.3099,0,0,0,-0.160424,0,0,0,0
1032,2.40289,0,0.0138489,0,0,0.060784,0.0149142,0,-0,0.0338379,36,33,0,0,0,10.3199,0,0,0,-0.160452,0,0,0,0
1033,2.40289,0,0.0117183,0,0,0.060784,0.0010653,0,-0,0.0225586,36,33,0,0,0,10.3299,0,0,0,-0.16043,0,0,0,0
1034,2.40289,0,0.00958767,0,0,0.060784,0.00532648,0,-0,-0,36,33,0,0,0,10.3399,0,0,0,-0.160452,0,0,0,0
1035,2.40289,0,-0.0159795,0,0,0.060784,-0.00639178,0,-0,0.0338379,36,33,0,0,0,10.3499,0,0,0,-0.160412,0,0,0,0
1036,2.40289,0,-0.0138489,0,0,0.060784,-0.00745708,0,-0,0.0225586,36,33,0,0,0,10.3599,0,0,0,-0.160411,0,0,0,0
1037,2.40289,0,-0.010653,0,0,0.060784,0.00532648,0,-0,-0.146631,36,33,0,0,0,10.3699,0,0,0,-0.160429,0,0,0,0
1038,2.40289,0,0.0138489,-0.0451172,0,0.060784,-0.00852238,0,-0,0.0338379,36,33,0,0,0,10.3799,0,0,0,-0.160397,0,0,0,0
1039,2.40289,0,0.0266324,-0.0225586,0,0.060784,-0.0127836,0,-0,-0.101514,36,33,0,0,0,10.3899,0,0,0,-0.160389,0,0,0,0
1040,2.40289,0,-0.0010653,0.0112793,0,0.060784,0.0010653,0,-0,-0.101514,36,33,0,0,0,10.3999,0,0,0,-0.160391,0,0,0,0
1041,2.40289,0,-0.0127836,0.0112793,0,0.060784,-0.0234365,0,-0,-0.146631,36,33,0,0,0,10.4099,0,0,0,-0.160379,0,0,0,0
1042,2.40289,0,0.0010653,0,0,0.060784,0.0170448,0,-0,-0.101514,36,33,0,0,0,10.4199,0,0,0,-0.160437,0,0,0,0
1043,2.40289,0,0.00532648,0.0112793,0,0.060784,0.0010653,0,-0,-0.101514,36,33,0,0,0,10.4299,0,0,0,-0.16042,0,0,0,0
1044,2.40289,0,-0.00319589,0,0,0.060784,-0.0149142,0,-0,-0.135352,36,33,0,0,0,10.4399,0,0,0,-0.160399,0,0,0,0
1045,2.40289,0,-0.00745708,0.0112793,0,0.060784,-0.00213059,0,-0,-0.146631,36,33,0,0,0,10.4499,0,0,0,-0.16038,0,0,0,0
1046,2.40289,0,0.0170448,0,0,0.060784,0.00745708,0,-0,-0.0902344,36,33,0,0,0,10.4599,0,0,0,-0.160413,0,0,0,0
1047,2.40289,0,-2.60922e-19,0.0112793,0,0.060784,-0.00426119,0,-0,0.0563965,36,33,0,0,0,10.4699,0,0,0,-0.160399,0,0,0,0
1048,2.40289,0,0.00639178,0,0,0.060784,0.0223712,0,-0,-0.146631,36,33,0,0,0,10.4799,0,0,0,-0.160419,0,0,0,0
1049,2.40289,0,0.00958767,0,0,0.060784,-0.010653,0,-0,0.0563965,36,33,0,0,0,10.4899,0,0,0,-0.160375,0,0,0,0
1050,2.40289,0,-0.01811,-0.0338379,0,0.060784,-0.010653,0,-0,0.0563965,36,33,0,0,0,10.4999,0,0,0,-0.160371,0,0,0,0
1051,2.40289,0,-0.00213059,-0.0225586,0,0.060784,0.00639178,0,-0,0.0563965,36,33,0,0,0,10.5099,0,0,0,-0.16037,0,0,0,0
1052,2.40289,0,-0.010653,0.0225586,0,0.060784,0.010653,0,-0,0.0338379,36,33,0,0,0,10.5199,0,0,0,-0.160363,0,0,0,0
1053,2.40289,0,-0.0149142,-0.0338379,0,0.060784,-0.00958767,0,-0,0.0563965,36,33,0,0,0,10.5299,0,0,0,-0.160361,0,0,0,0
1054,2.40289,0,-8.47998e-19,-0.0225586,0,0.060784,-0.0138489,0,-0,0.0563965,36,33,0,0,0,10.5399,0,0,0,-0.160353,0,0,0,0
1055,2.40289,0,0.0117183,-0.0338379,0,0.060784,-0.0149142,0,-0,0.0338379,36,33,0,0,0,10.5499,0,0,0,-0.160354,0,0,0,0
1056,2.40289,0,0.0010653,0,0,0.060784,0.00532648,0,-0,0.0338379,36,33,0,0,0,10.5599,0,0,0,-0.160381,0,0,0,0
1057,2.40289,0,0.0159795,-0.0338379,0,0.060784,-0.00639178,0,-0,0.0676758,36,33,0,0,0,10.5699,0,0,0,-0.16039,0,0,0,0
1058,2.40289,0,-0.00532648,-0.0338379,0,0.060784,-0.0266324,0,-0,0.0451172,36,33,0,0,0,10.5799,0,0,0,-0.160339,0,0,0,0
1059,2.40289,0,-0.00852238,0.0225586,0,0.060784,0.00532648,0,-0,0.0338379,36,33,0,0,0,10.5899,0,0,0,-0.160347,0,0,0,0
1060,2.40289,0,0.00745708,0.0338379,0,0.060784,0.00426119,0,-0,-0,36,33,0,0,0,10.5999,0,0,0,-0.160335,0,0,0,0
1061,2.40289,0,0.00745708,0,0,0.060784,0.00639178,0,-0,0.0338379,36,33,0,0,0,10.6099,0,0,0,-0.160354,0,0,0,0
1062,2.40289,0,0.00745708,0.0225586,0,0.060784,0.00426119,0,-0,-0,36,33,0,0,0,10.6199,0,0,0,-0.160338,0,0,0,0
1063,2.40289,0,0.0138489,0.0112793,0,0.060784,-0.01811,0,-0,0.0563965,36,33,0,0,0,10.6299,0,0,0,-0.160345,0,0,0,0
1064,2.40289,0,0.028763,-0.0338379,0,0.060784,0.0127836,0,-0,-0,36,33,0,0,0,10.6399,0,0,0,-0.160357,0,0,0,0
1065,2.40289,0,0.01811,0.0225586,0,0.060784,-0.0170448,0,-0,0.0225586,36,33,0,0,0,10.6499,0,0,0,-0.160361,0,0,0,0
1066,2.40289,0,-0.0170448,0.0225586,0,0.060784,-0.0149142,0,-0,0.0563965,36,33,0,0,0,10.6599,0,0,0,-0.16036,0,0,0,0
1067,2.40289,0,-0.00213059,0.0338379,0,0.060784,0.00852238,0,-0,0.0338379,36,33,0,0,0,10.6699,0,0,0,-0.160346,0,0,0,0
1068,2.40289,0,0.00426119,0.0338379,0,0.060784,0.00639178,0,-0,0.0338379,36,33,0,0,0,10.6799,0,0,0,-0.16033,0,0,0,0
1069,2.40289,0,-0.01811,0,0,0.060784,0.01811,0,-0,0.0563965,36,33,0,0,0,10.6899,0,0,0,-0.160355,0,0,0,0
1070,2.40289,0,0.0010653,0.0112793,0,0.060784,-0.0170448,0,-0,0.0338379,36,33,0,0,0,10.6999,0,0,0,-0.160288,0,0,0,0
1071,2.40289,0,0.00639178,0.0112793,0,0.060784,-0.0149142,0,-0,0.0225586,36,33,0,0,0,10.7099,0,0,0,-0.160292,0,0,0,0
1072,2.40289,0,0.00426119,0.0112793,0,0.060784,-0.0213059,0,-0,0.0338379,36,33,0,0,0,10.7199,0,0,0,-0.160282,0,0,0,0
1073,2.40289,0,0.0170448,0,0,0.060784,0.0213059,0,-0,0.0563965,36,33,0,0,0,10.7299,0,0,0,-0.160271,0,0,0,0
1074,2.40289,0,-0.0117183,0,0,0.060784,0.00745708,0,-0,0.0338379,36,33,0,0,0,10.7399,0,0,0,-0.160274,0,0,0,0
1075,2.40289,0,0.00319589,0,0,0.060784,0.00213059,0,-0,-0.146631,36,33,0,0,0,10.7499,0,0,0,-0.160292,0,0,0,0
1076,2.40289,0,0.00745708,0,0,0.060784,-0.00213059,0,-0,-0.101514,36,33,0,0,0,10.7599,0,0,0,-0.160287,0,0,0,0
1077,2.40289,0,-0.0117183,0,0,0.060784,0.00319589,0,-0,0.0338379,36,33,0,0,0,10.7699,0,0,0,-0.160273,0,0,0,0
1078,2.40289,0,0.0010653,0,0,0.060784,0.0234365,0,-0,0.0225586,36,33,0,0,0,10.7799,0,0,0,-0.160281,0,0,0,0
1079,2.40289,0,0.00958767,0.0225586,0,0.060784,0.00958767,0,-0,-0.146631,36,33,0,0,0,10.7899,0,0,0,-0.160288,0,0,0,0
1080,2.40289,0,0.010653,0,0,0.060784,-0.00426119,0,-0,-0.101514,36,33,0,0,0,10.7999,0,0,0,-0.160263,0,0,0,0
1081,2.40289,0,0.0010653,-0.0225586,0,0.060784,0.0127836,0,-0,0.0338379,36,33,0,0,0,10.8099,0,0,0,-0.16028,0,0,0,0
1082,2.40289,0,0.01811,0.0112793,0,0.060784,-0.01811,0,-0,-0.146631,36,33,0,0,0,10.8199,0,0,0,-0.160256,0,0,0,0
1083,2.40289,0,0.00639178,0.0112793,0,0.060784,0.00213059,0,-0,-0.146631,36,33,0,0,0,10.8299,0,0,0,-0.160241,0,0,0,0
1084,2.40289,0,0.00213059,-0.0338379,0,0.060784,-0.0159795,0,-0,-0.101514,36,33,0,0,0,10.8399,0,0,0,-0.16025,0,0,0,0
1085,2.40289,0,0.00958767,-0.0338379,0,0.060784,-0.00213059,0,-0,-0.101514,36,33,0,0,0,10.8499,0,0,0,-0.160241,0,0,0,0
1086,2.40289,0,0.0191753,-0.0225586,0,0.060784,-0.01811,0,-0,0.0563965,36,33,0,0,0,10.8599,0,0,0,-0.16025,0,0,0,0
1087,2.40289,0,-0.00745708,0,0,0.060784,-0.01811,0,-0,0.0789551,36,33,0,0,0,10.8699,0,0,0,-0.160245,0,0,0,0
1088,2.40289,0,-0.00958767,0.0225586,0,0.060784,0.0010653,0,-0,-0.146631,36,33,0,0,0,10.8799,0,0,0,-0.160263,0,0,0,0
1089,2.40289,0,-0.00639178,0.0338379,0,0.060784,3.91384e-19,0,-0,0.0563965,36,33,0,0,0,10.8899,0,0,0,-0.16026,0,0,0,0
1090,2.40289,0,-0.0127836,0.0338379,0,0.060784,0.00213059,0,-0,0.0225586,36,33,0,0,0,10.8999,0,0,0,-0.160258,0,0,0,0
1091,2.40289,0,6.52306e-20,0.0112793,0,0.060784,0.0010653,0,-0,0.0338379,36,33,0,0,0,10.9099,0,0,0,-0.160278,0,0,0,0
1092,2.40289,0,0.00958767,0.0112793,0,0.060784,-0.01811,0,-0,-0.0902344,36,33,0,0,0,10.9199,0,0,0,-0.16026,0,0,0,0
1093,2.40289,0,-0.00213059,0.0112793,0,0.060784,-0.0276977,0,-0,0.0563965,36,33,0,0,0,10.9299,0,0,0,-0.16024,0,0,0,0
1094,2.40289,0,0.00852238,-0.0225586,0,0.060784,-0.00213059,0,-0,0.0563965,36,33,0,0,0,10.9399,0,0,0,-0.160237,0,0,0,0
1095,2.40289,0,0.00958767,-0.0338379,0,0.060784,-0.010653,0,-0,0.0563965,36,33,0,0,0,10.9499,0,0,0,-0.160206,0,0,0,0
1096,2.40289,0,0.0159795,0,0,0.060784,-0.00745708,0,-0,0.0563965,36,33,0,0,0,10.9599,0,0,0,-0.160198,0,0,0,0
1097,2.40289,0,0.00639178,0,0,0.060784,-0.0213059,0,-0,0.0789551,36,33,0,0,0,10.9699,0,0,0,-0.160205,0,0,0,0
1098,2.40289,0,-0.0138489,0,0,0.060784,8.47998e-19,0,-0,0.0563965,36,33,0,0,0,10.9799,0,0,0,-0.16022,0,0,0,0
1099,2.40289,0,-0.00639178,-0.0225586,0,0.060784,-0.00426119,0,-0,0.0563965,36,33,0,0,0,10.9899,0,0,0,-0.160192,0,0,0,0
1100,2.40289,0,0.0010653,0.0225586,0,0.060784,-0.0191753,0,-0,0.0563965,36,33,0,0,0,10.9999,0,0,0,-0.160192,0,0,0,0
1101,2.40289,0,0.0117183,-0.0338379,0,0.060784,0.0170448,0,-0,0.0563965,36,33,0,0,0,11.0099,0,0,0,-0.160208,0,0,0,0
1102,2.40289,0,-0.0223712,0.0112793,0,0.060784,0.00532648,0,-0,0.0563965,36,33,0,0,0,11.0199,0,0,0,-0.160249,0,0,0,0
1103,2.40289,0,-0.010653,-0.0338379,0,0.060784,-0.00426119,0,-0,0.0225586,36,33,0,0,0,11.0299,0,0,0,-0.160236,0,0,0,0
1104,2.40289,0,0.010653,0.0112793,0,0.060784,0.0010653,0,-0,0.0563965,36,33,0,0,0,11.0399,0,0,0,-0.160228,0,0,0,0
1105,2.40289,0,-0.0010653,-0.0338379,0,0.060784,-0.00639178,0,-0,0.0338379,36,33,0,0,0,11.0499,0,0,0,-0.160226,0,0,0,0
1106,2.40289,0,-0.0010653,0.0112793,0,0.060784,-0.00532648,0,-0,0.0338379,36,33,0,0,0,11.0599,0,0,0,-0.160157,0,0,0,0
1107,2.40289,0,-0.00958767,-0.0225586,0,0.060784,-0.00745708,0,-0,-0.0338379,36,33,0,0,0,11.0699,0,0,0,-0.160213,0,0,0,0
1108,2.40289,0,-3.91384e-19,0.0225586,0,0.060784,-0.00639178,0,-0,0.0225586,36,33,0,0,0,11.0799,0,0,0,-0.160192,0,0,0,0
1109,2.40289,0,-0.00852238,0.0112793,0,0.060784,-0.00639178,0,-0,0.0338379,36,33,0,0,0,11.0899,0,0,0,-0.160193,0,0,0,0
1110,2.40289,0,0.0010653,0.0338379,0,0.060784,-0.010653,0,-0,0.0338379,36,33,0,0,0,11.0999,0,0,0,-0.160214,0,0,0,0
1111,2.40289,0,0.00745708,0.0338379,0,0.060784,-4.56614e-19,0,-0,-0.146631,36,33,0,0,0,11.1099,0,0,0,-0.160192,0,0,0,0
1112,2.40289,0,-0.0149142,0,0,0.060784,-0.0127836,0,-0,-0.0225586,36,33,0,0,0,11.1199,0,0,0,-0.16018,0,0,0,0
1113,2.40289,0,0.00852238,0.0112793,0,0.060784,0.0191753,0,-0,0.0338379,36,33,0,0,0,11.1299,0,0,0,-0.160238,0,0,0,0
1114,2.40289,0,0.00426119,0,0,0.060784,-0.0117183,0,-0,0.0563965,36,33,0,0,0,11.1399,0,0,0,-0.160216,0,0,0,0
1115,2.40289,0,-0.0127836,-0.0338379,0,0.060784,0.00319589,0,-0,0.0225586,36,33,0,0,0,11.1499,0,0,0,-0.160235,0,0,0,0
1116,2.40289,0,-0.00426119,-0.0338379,0,0.060784,0.00745708,0,-0,0.0338379,36,33,0,0,0,11.1599,0,0,0,-0.160227,0,0,0,0
1117,2.40289,0,0.00319589,0,0,0.060784,0.00958767,0,-0,0.0338379,36,33,0,0,0,11.1699,0,0,0,-0.160222,0,0,0,0
1118,2.40289,0,-0.0010653,0,0,0.060784,0.00532648,0,-0,0.0338379,36,33,0,0,0,11.1799,0,0,0,-0.160245,0,0,0,0
1119,2.40289,0,0.00319589,0,0,0.060784,0.0245018,0,-0,-0.146631,36,33,0,0,0,11.1899,0,0,0,-0.160231,0,0,0,0
1120,2.40289,0,-0.00745708,0.0112793,0,0.060784,-0.00958767,0,-0,0.0338379,36,33,0,0,0,11.1999,0,0,0,-0.16024,0,0,0,0
1121,2.40289,0,0.0276977,0,0,0.060784,0.00319589,0,-0,-0.146631,36,33,0,0,0,11.2099,0,0,0,-0.160239,0,0,0,0
1122,2.40289,0,-0.00213059,0.0112793,0,0.060784,-0.0202406,0,-0,-0.146631,36,33,0,0,0,11.2199,0,0,0,-0.160206,0,0,0,0
1123,2.40289,0,0.00319589,0,0,0.060784,-0.00852238,0,-0,0.0563965,36,33,0,0,0,11.2299,0,0,0,-0.160217,0,0,0,0
1124,2.40289,0,-0.0117183,-0.0338379,0,0.060784,0.00745708,0,-0,-0.146631,36,33,0,0,0,11.2399,0,0,0,-0.160192,0,0,0,0
1125,2.40289,0,0.0127836,-0.0225586,0,0.060784,-0.00639178,0,-0,-0.101514,36,33,0,0,0,11.2499,0,0,0,-0.160153,0,0,0,0
1126,2.40289,0,0.0213059,0,0,0.060784,-0.01811,0,-0,-0.146631,36,33,0,0,0,11.2599,0,0,0,-0.160174,0,0,0,0
1127,2.40289,0,7.82767e-19,0.0112793,0,0.060784,0.0127836,0,-0,-0.146631,36,33,0,0,0,11.2699,0,0,0,-0.160187,0,0,0,0
1128,2.40289,0,0.0170448,0,0,0.060784,0.0117183,0,-0,-0.0902344,36,33,0,0,0,11.2799,0,0,0,-0.160202,0,0,0,0
1129,2.40289,0,0.00426119,0,0,0.060784,0.0191753,0,-0,0.0563965,36,33,0,0,0,11.2899,0,0,0,-0.160196,0,0,0,0
1130,2.40289,0,0.0159795,0.0112793,0,0.060784,-0.0191753,0,-0,-0.101514,36,33,0,0,0,11.2999,0,0,0,-0.160197,0,0,0,0
1131,2.40289,0,-0.0202406,0,0,0.060784,-0.0170448,0,-0,-0.0902344,36,33,0,0,0,11.3099,0,0,0,-0.160198,0,0,0,0
1132,2.40289,0,0.00319589,0,0,0.060784,0.00319589,0,-0,0.0338379,36,33,0,0,0,11.3199,0,0,0,-0.160207,0,0,0,0
1133,2.40289,0,0.0117183,0,0,0.060784,-0.00213059,0,-0,0.0563965,36,33,0,0,0,11.3299,0,0,0,-0.160202,0,0,0,0
1134,2.40289,0,-0.00426119,-0.0338379,0,0.060784,-0.0010653,0,-0,0.0563965,36,33,0,0,0,11.3399,0,0,0,-0.160178,0,0,0,0
1135,2.40289,0,0.00639178,0,0,0.060784,-0.0255671,0,-0,0.0338379,36,33,0,0,0,11.3499,0,0,0,-0.160146,0,0,0,0
1136,2.40289,0,0.00213059,-0.0451172,0,0.060784,-0.0149142,0,-0,0.0902344,36,33,0,0,0,11.3599,0,0,0,-0.160207,0,0,0,0
1137,2.40289,0,0.010653,0.0112793,0,0.060784,0.00426119,0,-0,0.0563965,36,33,0,0,0,11.3699,0,0,0,-0.160189,0,0,0,0
1138,2.40289,0,0.00852238,0,0,0.060784,0.00958767,0,-0,0.0563965,36,33,0,0,0,11.3799,0,0,0,-0.160225,0,0,0,0
1139,2.40289,0,0.0223712,-0.0225586,0,0.060784,0.0149142,0,-0,0.0563965,36,33,0,0,0,11.3899,0,0,0,-0.160253,0,0,0,0
1140,2.40289,0,0.0159795,-0.0338379,0,0.060784,0.0010653,0,-0,0.0563965,36,33,0,0,0,11.3999,0,0,0,-0.16024,0,0,0,0
1141,2.40289,0,0.00532648,-0.0338379,0,0.060784,0.00639178,0,-0,0.0338379,36,33,0,0,0,11.4099,0,0,0,-0.160235,0,0,0,0
1142,2.40289,0,-0.00426119,0,0,0.060784,-0.0191753,0,-0,0.0338379,36,33,0,0,0,11.4199,0,0,0,-0.160218,0,0,0,0
1143,2.40289,0,0.00319589,0,0,0.060784,-0.00319589,0,-0,0.0338379,36,33,0,0,0,11.4299,0,0,0,-0.160203,0,0,0,0
1144,2.40289,0,0.00639178,0,0,0.060784,-0.0159795,0,-0,-0,36,33,0,0,0,11.4399,0,0,0,-0.160203,0,0,0,0
1145,2.40289,0,0.01811,-0.0338379,0,0.060784,0.00319589,0,-0,0.0338379,36,33,0,0,0,11.4499,0,0,0,-0.160199,0,0,0,0
1146,2.40289,0,-1.30461e-19,-0.0338379,0,0.060784,-0.00213059,0,-0,0.0338379,36,33,0,0,0,11.4599,0,0,0,-0.160206,0,0,0,0
1147,2.40289,0,0.00958767,0.0112793,0,0.060784,0.0245018,0,-0,0.0338379,36,33,0,0,0,11.4699,0,0,0,-0.160236,0,0,0,0
1148,2.40289,0,-0.00852238,0.0225586,0,0.060784,-0.0117183,0,-0,0.0225586,36,33,0,0,0,11.4799,0,0,0,-0.160187,0,0,0,0
1149,2.40289,0,0.00213059,-0.0338379,0,0.060784,0.00958767,0,-0,0.0338379,36,33,0,0,0,11.4899,0,0,0,-0.160201,0,0,0,0
1150,2.40289,0,0.00213059,0.0225586,0,0.060784,0.0213059,0,-0,-0.0112793,36,33,0,0,0,11.4999,0,0,0,-0.160174,0,0,0,0
1151,2.40289,0,0.00213059,-0.0338379,0,0.060784,-0.0010653,0,-0,0.0225586,36,33,0,0,0,11.5099,0,0,0,-0.160188,0,0,0,0
1152,2.40289,0,0.0010653,0,0,0.060784,-0.00958767,0,-0,0.0338379,36,33,0,0,0,11.5199,0,0,0,-0.160198,0,0,0,0
1153,2.40289,0,0.00532648,0.0225586,0,0.060784,-0.0138489,-0.064042,-0,0.0338379,36,33,1,0,0,11.5299,0,0.160214,-3.31291,-0.160189,0,0,0,0
1154,2.40289,0,0.00319589,0.0225586,0,0.060784,0.00639178,-0.144003,-0.00174533,-0.0112793,36,33,1,0,0,11.5399,0,0.160214,-3.31032,-0.16018,0,0,0,0
1155,2.40289,0,0.00319589,0.0112793,0,0.0606881,0.00745708,-0.223995,-0,-0.0789551,36,33,1,0,0,11.5499,0,0.160214,-3.3084,-0.160157,0,0,0,0
1156,2.40289,0,0.0117183,0.0112793,0,0.0606881,0.0010653,-0.303999,-0,-0.101514,36,33,1,0,0,11.5599,0,0.160214,-3.29971,-0.160142,0,0,0,0
1157,2.40289,0,-0.0117183,0.0338379,0,0.0602087,0.0149142,-0.383974,-0.0558505,-0.293262,36,33,1,0,0,11.5699,0,0.160214,-3.29852,-0.160115,0,0,0,0
1158,2.40289,0,0.0138489,0,0,0.0595376,-0.0245018,-0.463999,-0.0715585,-0.349658,36,33,1,0,0,11.5799,0,0.160214,-3.28528,-0.160071,0,0,0,0
1159,2.40289,0,-0.0010653,0.0112793,0,0.0588665,-0.0362201,-0.543997,-0.0593412,-0.47373,36,33,1,0,0,11.5899,0,0.160214,-3.28163,-0.160061,0,0,0,0
1160,2.40289,0,-0.00532648,0.0338379,0,0.0582913,-0.00852238,-0.624,-0.0575959,-0.541406,36,33,1,0,0,11.5999,0,0.160214,-3.28805,-0.160035,0,0,0,0
1161,2.40289,0,0.0010653,0,0,0.0576202,-0.00639178,-0.703996,-0.0663225,-0.665479,36,33,1,0,0,11.6099,0,0.160214,-3.27966,-0.160009,0,0,0,0
1162,2.40289,0,0.00532648,0.0112793,0,0.0568532,-0.01811,-0.783995,-0.0994838,-0.721875,36,33,1,0,0,11.6199,0,0.160214,-3.28433,-0.159995,0,0,0,0
1163,2.40289,0,0.00639178,0,0,0.0554151,-0.00319589,-0.863996,-0.164061,-0.812109,36,33,1,0,0,11.6299,0,0.160214,-3.27501,-0.159951,0,0,0,0
1164,2.40289,0,0.0010653,0,0,0.0537852,0.0117183,-0.943995,-0.139626,-0.981299,36,33,1,0,0,11.6399,0,0.160214,-3.27198,-0.159892,0,0,0,0
1165,2.40289,0,0.00639178,-0.0225586,0,0.0529223,-0.00639178,-1.024,-0.0401426,-1.08281,36,33,1,0,0,11.6499,0,0.160214,-3.25822,-0.159813,0,0,0,0
1166,2.40289,-0.00872665,0.00852238,-0.0338379,0,0.0526347,0.00426119,-1.10397,-0.0139626,-1.13921,36,33,1,0,0,11.6599,0,0.160214,-3.26921,-0.159807,0,0,0,0
1167,2.40289,0,-0.00639178,0.0112793,0,0.0523471,0.0191753,-1.18405,-0.0488692,-1.18433,36,33,1,0,0,11.6699,0,0.160214,-3.27113,-0.159773,0,0,0,0
1168,2.40289,0,0.0117183,-0.0338379,0,0.0517719,0.00426119,-1.26397,-0.0610865,-1.28584,36,33,1,0,0,11.6799,0,0.160214,-3.27718,-0.159777,0,0,0,0
1169,2.40289,0,0.0149142,0,0,0.0511966,-0.0149142,-1.344,-0.0575959,-1.34224,36,33,1,0,0,11.6899,0,0.160214,-3.26258,-0.159746,0,0,0,0
1170,2.40289,0,-0.00745708,-0.0338379,0,0.0506214,-0.00745708,-1.424,-0.0558505,-1.38735,36,33,1,0,0,11.6999,0,0.160214,-3.26116,-0.159733,0,0,0,0
1171,2.40279,-0.00872665,0.00958767,-0.0338379,0,0.0499502,-0.0149142,-1.504,-0.0750492,-1.46631,36,33,1,0,0,11.7099,0,0.160214,-3.26787,-0.159716,0,9.58738e-05,0,0
1172,2.40279,0,1.30461e-19,0.0112793,0,0.0490874,0.00213059,-1.584,-0.0959931,-1.56782,36,33,1,0,0,11.7199,0,0.160214,-3.26336,-0.159671,0,9.58738e-05,0,0
1173,2.40279,0,-0.00319589,-0.0338379,0,0.0480328,-0.00958767,-1.66397,-0.106465,-1.65806,36,33,1,0,0,11.7299,0,0.160214,-3.23993,-0.159578,0,9.58738e-05,0,0
1174,2.40279,0,-0.00745708,0,0,0.0466905,0.0170448,-1.744,-0.136136,-1.69189,36,33,1,0,0,11.7399,0,0.160214,-3.22889,-0.159483,0,9.58738e-05,0,0
1175,2.40279,0,0.00319589,0.0112793,0,0.0455401,-0.0117183,-1.82397,-0.0977384,-1.74829,36,33,1,0,0,11.7499,0,0.160214,-3.20984,-0.159341,0,9.58738e-05,0,0
1176,2.40269,0,0.00426119,-0.0225586,0,0.0448689,0.0127836,-1.904,-0.0383972,-1.9062,36,33,1,0,0,11.7599,0,0.160214,-3.21067,-0.159249,0,0.000191748,0,0
1177,2.40269,0,-0.00852238,-0.0225586,0,0.0445813,0.00319589,-1.984,-0.0226893,-1.97388,36,33,1,0,0,11.7699,0,0.160214,-3.23216,-0.159273,0,0.000191748,0,0
1178,2.40269,0,0.0170448,-0.0338379,0,0.0441978,0.0159795,-2.06399,-0.0471239,-2.05283,36,33,1,0,0,11.7799,0,0.160214,-3.22525,-0.159246,0,0.000191748,0,0
1179,2.40269,0,0.0117183,0,0,0.0437185,-0.0010653,-2.144,-0.0610865,-2.14307,36,33,1,0,0,11.7899,0,0.160214,-3.21362,-0.159135,0,0.000191748,0,0
1180,2.40269,-0.00872665,0.00213059,0,0,0.0431432,-1.30461e-19,-2.22399,-0.0436332,-2.22202,36,33,1,0,0,11.7999,0,0.160214,-3.20828,-0.159087,0,0.000191748,0,0
1181,2.40269,0,-0.010653,-0.0338379,0,0.0427597,-0.00426119,-2.30398,-0.0471239,-2.31226,36,33,1,0,0,11.8099,0,0.160214,-3.20455,-0.159035,0,0.000191748,0,0
1182,2.40269,0,0.0010653,-0.0338379,0,0.0421845,-0.0138489,-2.38401,-0.0575959,-2.37993,36,33,1,0,0,11.8199,0,0.160214,-3.19276,-0.158959,0,0.000191748,0,0
1183,2.40269,0,0.010653,0.0112793,0,0.0415134,0.010653,-2.46397,-0.0593412,-2.35737,36,33,1,0,0,11.8299,0,0.160214,-3.18973,-0.158897,0,0.000191748,0,0
1184,2.40269,0,0.00319589,0.0338379,0,0.0409381,0.0010653,-2.54397,-0.0558505,-2.5604,36,33,1,0,0,11.8399,0,0.160214,-3.17234,-0.158784,0,0.000191748,0,0
1185,2.40269,0,-0.00426119,-0.0225586,0,0.0405546,-0.0138489,-2.62397,-0.0488692,-2.63936,36,33,1,0,0,11.8499,0,0.160214,-3.17763,-0.158736,0,0.000191748,0,0
1186,2.40269,0,-0.010653,-0.0338379,0,0.0399794,-0.00213059,-2.70397,-0.0593412,-2.71831,36,33,1,0,0,11.8599,0,0.160214,-3.17703,-0.158692,0,0.000191748,0,0
1187,2.40269,0,-0.00639178,-0.0225586,0,0.0392124,-0.01811,-2.78397,-0.0698132,-2.76343,36,33,1,0,0,11.8699,0,0.160214,-3.16596,-0.158609,0,0.000191748,0,0
1188,2.40269,0,0.00532648,0.0225586,0,0.038733,-0.028763,-2.86397,-0.0541052,-2.8311,36,33,1,0,0,11.8799,0,0.160214,-3.15299,-0.158505,0,0.000191748,0,0
1189,2.40269,0,0.0202406,0.0338379,0,0.0381578,0.00213059,-2.94397,-0.0488692,-2.9439,36,33,1,0,0,11.8899,0,0.160214,-3.15572,-0.158427,0,0.000191748,0,0
1190,2.40269,0,0.0276977,0.0225586,0,0.0376784,0.0138489,-3.02397,-0.0453786,-3.03413,36,33,1,0,0,11.8999,0,0.160214,-3.15706,-0.158405,0,0.000191748,0,0
1191,2.40269,0,0.00426119,-0.0338379,0,0.037199,0.0010653,-3.10402,-0.0401426,-3.09053,36,33,1,0,0,11.9099,0,0.160214,-3.1386,-0.158305,0,0.000191748,0,0
1192,2.40269,0,-0.00426119,0,0,0.0368155,-0.00426119,-3.14722,-0.0331613,-3.16948,36,33,1,0,0,11.9199,0,0.160214,-3.14722,-0.158275,0,0.000191748,0,0
1193,2.40269,0,-0.00852238,0.0112793,0,0.0366238,-0.00639178,-3.143,-0.00349066,-3.19204,36,33,1,0,0,11.9299,0,0.160192,-3.143,-0.158225,0,0.000191748,0,0
1194,2.40269,0,0.0010653,0.0338379,0,0.0365279,-0.0117183,-3.16231,-0,-3.18076,36,33,1,0,0,11.9399,0,0.16011,-3.16231,-0.158249,0,0.000191748,0,0
1195,2.40269,0,0.00532648,0.0112793,0,0.0365279,-0.00213059,-3.17183,-0.00872665,-3.2146,36,33,1,0,0,11.9499,0,0.159966,-3.17183,-0.15825,0,0.000191748,0,0
1196,2.40269,0,-0.00852238,0.0112793,0,0.036432,-0.0010653,-3.1815,-0.00349066,-3.18076,36,33,1,0,0,11.9599,0,0.159761,-3.1815,-0.158235,0,0.000191748,0,0
1197,2.40269,0,-0.0117183,0.0225586,0,0.036432,-0.00639178,-3.21352,-0,-3.2146,36,33,1,0,0,11.9699,0,0.159496,-3.21352,-0.158271,0,0.000191748,0,0
1198,2.40269,0,-0.0010653,0.0225586,0,0.0362403,0.0404813,-3.22347,-0.015708,-3.28228,36,33,1,0,0,11.9799,0,0.159169,-3.2334,-0.158247,0,0.000191748,0,0
1199,2.40269,0,-0.0245018,0.0112793,0,0.0361444,-0.0213059,-3.25499,-0.00872665,-3.25972,36,33,1,0,0,11.9899,0,0.158781,-3.25499,-0.15823,0,0.000191748,0,0
1200,2.40269,0,0.0010653,0,0,0.0359527,0.0127836,-3.28953,-0.0139626,-3.29355,36,33,1,0,0,11.9999,0,0.158332,-3.29109,-0.158231,0,0.000191748,0,0
1201,2.40269,0,0.00319589,0.0112793,0,0.0357609,-0.01811,-3.31022,-0.020944,-3.33867,36,33,1,0,0,12.0099,0,0.157822,-3.31022,-0.158177,0,0.000191748,0,0
1202,2.40269,0,0.0245018,0,0,0.0353774,-0.0255671,-3.32631,-0.0279253,-3.38379,36,33,1,0,0,12.0199,0,0.157251,-3.32631,-0.15809,0,0.000191748,0,0
1203,2.40269,0,0.010653,0,0,0.0350898,-0.01811,-3.38125,-0.0471239,-3.24844,36,33,1,0,0,12.0299,0,0.156619,-3.39012,-0.158093,0,0.000191748,0,0
1204,2.40269,0,-0.0298283,0,0,0.0346104,-0.0138489,-3.40115,-0.0558505,-3.41763,36,33,1,0,0,12.0399,0,0.155926,-3.40115,-0.157917,0,0.000191748,0,0
1205,2.40269,0,-0.00852238,0.0338379,0,0.0340352,-0.0117183,-3.41174,-0.0506145,-3.30483,36,33,1,0,0,12.0499,0,0.155171,-3.41258,-0.157678,0,0.000191748,0,0
1206,2.40269,0,0.0117183,0,0,0.0336517,-0.0660484,-3.38142,-0.0244346,-3.29355,36,33,1,0,0,12.0599,0,0.154355,-3.38142,-0.157245,0,0.000191748,0,0
1207,2.40269,0,0.010653,0,0,0.0332682,-0.0340895,-3.38845,-0.0401426,-3.28228,36,33,1,0,0,12.0699,0,0.153479,-3.38939,-0.156755,0,0.000191748,0,0
1208,2.40269,0,0.00213059,0,0,0.0327888,-0.0767014,-3.39826,-0.0558505,-3.44019,36,33,1,0,0,12.0799,0,0.152541,-3.39826,-0.156242,0,0.000191748,0,0
1209,2.40269,0,0.0191753,0,0,0.0322136,-0.0521996,-3.43735,-0.0698132,-3.31611,36,33,1,0,0,12.0899,0,0.151542,-3.43735,-0.15579,0,0.000191748,0,0
1210,2.40269,0,0.00852238,0.0112793,0,0.0315425,-0.0948114,-3.44542,-0.0645772,-3.34995,36,33,1,0,0,12.0999,0,0.150482,-3.44542,-0.155192,0,0.000191748,0,0
1211,2.40269,0,-0.00958767,0,0,0.0307755,-0.0649831,-3.44396,-0.0855211,-3.34995,36,33,1,0,0,12.1099,0,0.149362,-3.44396,-0.154472,0,0.000191748,0,0
1212,2.40269,0,0.0010653,0.0112793,0,0.0298168,-0.118248,-3.43688,-0.0942478,-3.36123,36,33,1,0,0,12.1199,0,0.148179,-3.43688,-0.153597,0,0.000191748,0,0
1213,2.40269,0,-0.00745708,-0.0225586,0,0.0290498,-0.0905502,-3.42469,-0.0820305,-3.44019,36,33,1,0,0,12.1299,0,0.146936,-3.42469,-0.15254,0,0.000191748,0,0
1214,2.40269,0,-0.0127836,0.0112793,0,0.028091,-0.0862891,-3.44586,-0.115192,-3.39507,36,33,1,0,0,12.1399,0,0.145632,-3.44586,-0.151557,0,0.000191748,0,0
1215,2.40269,0,-0.00213059,0,0,0.0269405,-0.101203,-3.47583,-0.115192,-3.45146,36,33,1,0,0,12.1499,0,0.144267,-3.47583,-0.150592,0,0.000191748,0,0
1216,2.40269,0,-0.010653,0.0112793,0,0.0257901,-0.0948114,-3.51946,-0.10821,-3.5417,36,33,1,0,0,12.1599,0,0.142841,-3.52213,-0.149682,0,0.000191748,0,0
1217,2.40269,0,0.00852238,-0.0225586,0,0.0248313,-0.109726,-3.53496,-0.0959931,-3.5417,36,33,1,0,0,12.1699,0,0.141354,-3.53496,-0.148599,0,0.000191748,0,0
1218,2.40269,0,0.0159795,0.0338379,0,0.0238726,-0.0692443,-3.5703,-0.0959931,-3.51914,36,33,1,0,0,12.1799,0,0.139804,-3.57579,-0.147542,0,0.000191748,0,0
1219,2.40269,0,-0.00532648,-0.0338379,0,0.0229138,-0.0948114,-3.62504,-0.101229,-3.58682,36,33,1,0,0,12.1899,0,0.138196,-3.63125,-0.146561,0,0.000191748,0,0
1220,2.40269,0,0.00532648,0,0,0.0217634,-0.0649831,-3.68507,-0.10821,-3.64321,36,33,1,0,0,12.1999,0,0.136524,-3.7004,-0.145661,0,0.000191748,0,0
1221,2.40269,0,-0.00852238,0.0112793,0,0.0206129,-0.119313,-3.74506,-0.137881,-3.68833,36,33,1,0,0,12.2099,0,0.134792,-3.74713,-0.144667,0,0.000191748,0,0
1222,2.40269,0,-0.00958767,0.0225586,0,0.0186954,-0.113987,-3.78007,-0.249582,-3.72217,36,33,1,0,0,12.2199,0,0.133021,-3.78007,-0.143562,0,0.000191748,0,0
1223,2.40269,0,-0.0159795,0.0112793,0,0.0163944,-0.218386,-3.72596,-0.181514,-3.73345,36,33,1,0,0,12.2299,0,0.131197,-3.72596,-0.141952,0,0.000191748,0,0
1224,2.40269,0,0.00958767,-0.0451172,0,0.0153398,-0.217321,-3.61752,-0.0855211,-3.60938,36,33,1,0,0,12.2399,0,0.129365,-3.61752,-0.13979,0,0.000191748,0,0
1225,2.40269,0,-0.00745708,-0.0338379,0,0.0140934,-0.175774,-3.5845,-0.139626,-3.53042,36,33,1,0,0,12.2499,0,0.127532,-3.5845,-0.137736,0,0.000191748,0,0
1226,2.40269,0,0.00213059,-0.0225586,0,0.0124636,-0.110791,-3.63854,-0.191986,-3.58682,36,33,1,0,0,12.2599,0,0.125699,-3.66785,-0.136232,0,0.000191748,0,0
1227,2.40269,0,0.0234365,-0.0225586,0,0.0104502,-0.122509,-3.69854,-0.169297,-3.67705,36,33,1,0,0,12.2699,0,0.123866,-3.79132,-0.135211,0,0.000191748,0,0
1228,2.40269,0,-7.11014e-18,-0.0338379,0,0.00920388,-0.116117,-3.75855,-0.102974,-3.68833,36,33,1,0,0,12.2799,0,0.122111,-3.84864,-0.134056,0,0.000191748,0,0
1229,2.40269,0,0.0191753,0.0112793,0,0.0080534,-0.154468,-3.81854,-0.148353,-3.73345,36,33,1,0,0,12.2899,0,0.120409,-3.85796,-0.132666,0,0.000191748,0,0
1230,2.40269,0,-0.00958767,-0.0338379,0,0.00651942,-0.161925,-3.844,-0.155334,-3.8124,36,33,1,0,0,12.2999,0,0.118645,-3.844,-0.131019,0,0.000191748,0,0
1231,2.40269,0,-0.00532648,0.0338379,0,0.00488956,-0.153403,-3.84332,-0.191986,-3.83496,36,33,1,0,0,12.3099,0,0.116833,-3.84332,-0.129426,0,0.000191748,0,0
1232,2.40269,0,0.010653,-0.0338379,0,0.00258859,-0.203472,-3.81708,-0.233874,-3.8688,36,33,1,0,0,12.3199,0,0.115001,-3.81708,-0.127709,0,0.000191748,0,0
1233,2.40269,0,0.00532648,0.0225586,0,0.000671117,-0.25141,-3.72463,-0.139626,-3.80112,36,33,1,0,0,12.3299,0,0.113168,-3.72463,-0.12539,0,0.000191748,0,0
1234,2.40269,0,-0.00745708,0,0,6.28251,-0.224778,-3.66708,-0.164061,-3.67705,36,33,1,0,0,12.3399,0,0.111336,-3.66708,-0.123123,0,0.000191748,0,0
1235,2.40269,0,0.00319589,0,0,6.28098,-0.141684,-3.70856,-0.162316,-3.71089,36,33,1,0,0,12.3499,0,0.109503,-3.71718,-0.121304,0,0.000191748,0,0
1236,2.40269,0,0.010653,0.0225586,0,6.27897,-0.105464,-3.76854,-0.219911,-3.77856,36,33,1,0,0,12.3599,0,0.107671,-3.84674,-0.120099,0,0.000191748,0,0
1237,2.40269,0,-0.00213059,0.0338379,0,6.27695,-0.103334,-3.82856,-0.1309,-3.83496,36,33,1,0,0,12.3699,0,0.106033,-3.93898,-0.119073,0,0.000191748,0,0
1238,2.40279,0.00872665,-0.00213059,0.0225586,0,6.27628,-0.135293,-3.88856,-0.0767945,-3.88008,36,33,1,0,0,12.3799,0,0.104567,-3.95443,-0.117829,0,9.58738e-05,0,0
1239,2.40279,0,-0.0117183,0.0225586,0,6.27494,-0.127836,-3.94854,-0.151844,-3.94775,36,33,1,0,0,12.3899,0,0.103104,-3.9605,-0.11648,0,9.58738e-05,0,0
1240,2.40279,0,0.0149142,0,0,6.27341,-0.118248,-3.98135,-0.178024,-4.01543,36,33,1,0,0,12.3999,0,0.10169,-3.98135,-0.115228,0,9.58738e-05,0,0
1241,2.40279,0,-0.00213059,0.0338379,0,6.27178,-0.154468,-3.96384,-0.144862,-3.98159,36,33,1,0,0,12.4099,0,0.100258,-3.96384,-0.11381,0,9.58738e-05,0,0
1242,2.40279,0,-0.00958767,0.0338379,0,6.27043,-0.187492,-3.91303,-0.141372,-3.9252,36,33,1,0,0,12.4199,0,0.0986574,-3.91303,-0.112081,0,9.58738e-05,0,0
1243,2.40279,0,-0.0149142,0,0,6.26861,-0.200276,-3.88456,-0.190241,-3.88008,36,33,1,0,0,12.4299,0,0.0968719,-3.88456,-0.110265,0,9.58738e-05,0,0
1244,2.40279,0,-1.03064e-17,0,0,6.26698,-0.168317,-3.87713,-0.148353,-3.90264,36,33,1,0,0,12.4399,0,0.0950393,-3.87713,-0.108439,0,9.58738e-05,0,0
1245,2.40279,0,-0.00319589,0,0,6.26526,-0.167252,-3.89632,-0.200713,-3.89136,36,33,1,0,0,12.4499,0,0.0932062,-3.89632,-0.106747,0,9.58738e-05,0,0
1246,2.40279,0,0.00745708,0.0112793,0,6.26334,-0.165121,-3.90135,-0.176278,-3.94775,36,33,1,0,0,12.4599,0,0.0913805,-3.90135,-0.104994,0,9.58738e-05,0,0
1247,2.40279,0,0.0213059,0,0,6.26161,-0.209863,-3.87829,-0.150098,-3.88008,36,33,1,0,0,12.4699,0,0.0895491,-3.87829,-0.103124,0,9.58738e-05,0,0
1248,2.40279,0,-0.00319589,0,0,6.26008,-0.183231,-3.86835,-0.148353,-3.90264,36,33,1,0,0,12.4799,0,0.0877163,-3.86835,-0.10121,0,9.58738e-05,0,0
1249,2.40279,0,0.00745708,0,0,6.25855,-0.202406,-3.88437,-0.178024,-3.91392,36,33,1,0,0,12.4899,0,0.0858838,-3.88437,-0.0994233,0,9.58738e-05,0,0
1250,2.40279,0,0.0234365,0.0112793,0,6.25634,-0.143815,-3.9267,-0.211185,-4.01543,36,33,1,0,0,12.4999,0,0.0840625,-3.93082,-0.0978281,0,9.58738e-05,0,0
1251,2.40279,0,0.00319589,0.0112793,0,6.25471,-0.180035,-3.93372,-0.1309,-4.02671,36,33,1,0,0,12.5099,0,0.0823014,-3.93372,-0.0961338,0,9.58738e-05,0,0
1252,2.40279,0,0.00319589,0.0112793,0,6.25346,-0.177905,-3.92431,-0.139626,-3.8688,36,33,1,0,0,12.5199,0,0.0804983,-3.92431,-0.0943305,0,9.58738e-05,0,0
1253,2.40279,0,-0.0159795,0,0,6.25164,-0.17897,-3.94894,-0.200713,-3.85752,36,33,1,0,0,12.5299,0,0.0787097,-3.94894,-0.0926633,0,9.58738e-05,0,0
1254,2.40279,0,0.0223712,0.0112793,0,6.24905,-0.152337,-3.95267,-0.274017,-4.07183,36,33,1,0,0,12.5399,0,0.0770654,-3.95267,-0.0910084,0,9.58738e-05,0,0
1255,2.40279,0,0.0202406,-0.0338379,0,6.24685,-0.230104,-3.89866,-0.151844,-3.99287,36,33,1,0,0,12.5499,0,0.0752714,-3.89866,-0.0890183,0,9.58738e-05,0,0
1256,2.40279,0,-0.00319589,0,0,6.2457,-0.265259,-3.78322,-0.122173,-3.83496,36,33,1,0,0,12.5599,0,0.0734381,-3.78322,-0.0865279,0,9.58738e-05,0,0
1257,2.40279,0,-1.31114e-17,-0.0451172,0,6.24397,-0.214125,-3.76849,-0.20944,-3.72217,36,33,1,0,0,12.5699,0,0.0716054,-3.76849,-0.0843297,0,9.58738e-05,0,0
1258,2.40279,0,-0.00319589,0.0112793,0,6.24148,-0.177905,-3.82104,-0.244346,-3.84624,36,33,1,0,0,12.5799,0,0.0697737,-3.83666,-0.0826209,0,9.58738e-05,0,0
1259,2.40279,0,0.010653,0,0,6.23947,-0.165121,-3.88107,-0.150098,-3.88008,36,33,1,0,0,12.5899,0,0.0679401,-3.88748,-0.081043,0,9.58738e-05,0,0
1260,2.40279,0,-0.0191753,0.0225586,0,6.23841,-0.200276,-3.88303,-0.102974,-3.89136,36,33,1,0,0,12.5999,0,0.0661078,-3.88303,-0.0792744,0,9.58738e-05,0,0
1261,2.40279,0,0.00852238,-0.0225586,0,6.23717,-0.131032,-3.90789,-0.143117,-3.90264,36,33,1,0,0,12.6099,0,0.0642749,-3.91547,-0.0776154,0,9.58738e-05,0,0
1262,2.40279,0,-6.78398e-18,0.0112793,0,6.23544,-0.110791,-3.96788,-0.20944,-3.98159,36,33,1,0,0,12.6199,0,0.0625734,-3.99811,-0.0763492,0,9.58738e-05,0,0
1263,2.40279,0,0.0213059,-0.0225586,0,6.23333,-0.129966,-4.02788,-0.193732,-4.10566,36,33,1,0,0,12.6299,0,0.0611727,-4.03832,-0.0751353,0,9.58738e-05,0,0
1264,2.40279,0,0.00213059,-0.0451172,0,6.23189,-0.203472,-3.97145,-0.111701,-4.01543,36,33,1,0,0,12.6399,0,0.0596636,-3.97145,-0.0734097,0,9.58738e-05,0,0
1265,2.40279,0,-1.29157e-17,0.0338379,0,6.23065,-0.210929,-3.90356,-0.141372,-3.93647,36,33,1,0,0,12.6499,0,0.0578521,-3.90356,-0.0713764,0,9.58738e-05,0,0
1266,2.40279,0,0.00213059,0,0,6.22911,-0.149142,-3.91579,-0.162316,-3.95903,36,33,1,0,0,12.6599,0,0.0560188,-3.91755,-0.0695532,0,9.58738e-05,0,0
1267,2.40279,0,0.0149142,-0.0338379,0,6.2271,-0.128901,-3.97457,-0.225147,-4.03799,36,33,1,0,0,12.6699,0,0.0542469,-3.98125,-0.0680917,0,9.58738e-05,0,0
1268,2.40279,0,0.00745708,0,0,6.22461,-0.172578,-3.99951,-0.232129,-4.00415,36,33,1,0,0,12.6799,0,0.0526616,-3.99951,-0.0665983,0,9.58738e-05,0,0
1269,2.40279,0,0.00426119,0.0338379,0,6.22317,-0.231169,-3.9205,-0.0872665,-3.97031,36,33,1,0,0,12.6899,0,0.0509118,-3.9205,-0.0645683,0,9.58738e-05,0,0
1270,2.40279,0,0.00426119,0.0338379,0,6.22183,-0.204537,-3.85658,-0.179769,-3.8688,36,33,1,0,0,12.6999,0,0.0490791,-3.85658,-0.0623508,0,9.58738e-05,0,0
1271,2.40279,0,0.0191753,0.0225586,0,6.21972,-0.191753,-3.8694,-0.216421,-3.90264,36,33,1,0,0,12.7099,0,0.0472458,-3.8694,-0.0604417,0,9.58738e-05,0,0
1272,2.40279,0,0.01811,0.0112793,0,6.21799,-0.172578,-3.91849,-0.15708,-3.90264,36,33,1,0,0,12.7199,0,0.0454139,-3.91857,-0.0587995,0,9.58738e-05,0,0
1273,2.40279,0,0.00639178,0.0225586,0,6.21655,-0.141684,-3.97389,-0.120428,-3.93647,36,33,1,0,0,12.7299,0,0.0436099,-3.97409,-0.0573208,0,9.58738e-05,0,0
1274,2.40279,0,0.00639178,0.0112793,0,6.2154,-0.12464,-4.01299,-0.122173,-3.95903,36,33,1,0,0,12.7399,0,0.04197,-4.01782,-0.0559086,0,9.58738e-05,0,0
1275,2.40279,0,-0.0010653,0.0225586,0,6.21396,-0.133162,-4.06059,-0.162316,-4.01543,36,33,1,0,0,12.7499,0,0.0407826,-4.06059,-0.0547452,0,9.58738e-05,0,0
1276,2.40279,0,0.01811,-0.0225586,0,6.21243,-0.110791,-4.09994,-0.137881,-4.09438,36,33,1,0,0,12.7599,0,0.0398191,-4.09994,-0.0537805,0,9.58738e-05,0,0
1277,2.40279,0,0.0298283,0.0225586,0,6.21138,-0.153403,-4.07975,-0.0872665,-4.10566,36,33,1,0,0,12.7699,0,0.0386734,-4.07975,-0.0525664,0,9.58738e-05,0,0
1278,2.40279,0,-0.00745708,0.0112793,0,6.21013,-0.174709,-4.03399,-0.146608,-4.00415,36,33,1,0,0,12.7799,0,0.0372971,-4.03399,-0.0510678,0,9.58738e-05,0,0
1279,2.40279,0,0.0170448,0,0,6.2086,-0.143815,-4.01692,-0.146608,-3.98159,36,33,1,0,0,12.7899,0,0.0357627,-4.01692,-0.0495053,0,9.58738e-05,0,0
1280,2.40279,0,0.0117183,0,0,6.20735,-0.14275,-4.01029,-0.113446,-3.97031,36,33,1,0,0,12.7999,0,0.0341572,-4.01246,-0.0479594,0,9.58738e-05,0,0
1281,2.40279,0,0.00852238,0.0225586,0,6.20591,-0.132097,-4.04805,-0.179769,-4.00415,36,33,1,0,0,12.8099,0,0.0326733,-4.04975,-0.0466359,0,9.58738e-05,0,0
1282,2.40279,0,-0.00958767,0,0,6.20399,-0.16086,-4.04792,-0.18326,-4.06055,36,33,1,0,0,12.8199,0,0.0312622,-4.04792,-0.045216,0,9.58738e-05,0,0
1283,2.40279,0,0.00745708,0.0112793,0,6.20246,-0.170448,-4.00933,-0.13439,-3.98159,36,33,1,0,0,12.8299,0,0.0296958,-4.00933,-0.0435371,0,9.58738e-05,0,0
1284,2.40279,0,-0.01811,0,0,6.20093,-0.209863,-3.96098,-0.16057,-3.93647,36,33,1,0,0,12.8399,0,0.0279156,-3.96098,-0.0416317,0,9.58738e-05,0,0
1285,2.40279,0,0.00213059,0.0338379,0,6.1991,-0.157664,-3.95866,-0.214675,-3.93647,36,33,1,0,0,12.8499,0,0.0260831,-3.96346,-0.0398164,0,9.58738e-05,0,0
1286,2.40279,0,0.0138489,0.0112793,0,6.19632,-0.193884,-3.95481,-0.293215,-3.99287,36,33,1,0,0,12.8599,0,0.0242505,-3.95481,-0.0379579,0,9.58738e-05,0,0
1287,2.40279,0,-0.0010653,0,0,6.19421,-0.257802,-3.85316,-0.111701,-3.89136,36,33,1,0,0,12.8699,0,0.0224172,-3.85316,-0.0356151,0,9.58738e-05,0,0
1288,2.40279,0,0.00319589,0,0,6.19316,-0.264194,-3.75829,-0.146608,-3.77856,36,33,1,0,0,12.8799,0,0.0205852,-3.75829,-0.0329772,0,9.58738e-05,0,0
1289,2.40279,0,-0.00319589,0.0112793,0,6.19115,-0.14488,-3.78945,-0.237365,-3.77856,36,33,1,0,0,12.8899,0,0.018752,-3.79568,-0.0309238,0,9.58738e-05,0,0
1290,2.40279,0,0.00426119,0,0,6.18827,-0.154468,-3.84946,-0.280998,-3.76729,36,33,1,0,0,12.8999,0,0.0169193,-3.87579,-0.0293277,0,9.58738e-05,0,0
1291,2.40279,0,0.0138489,0.0112793,0,6.18645,-0.203472,-3.8799,-0.0994838,-3.78984,36,33,1,0,0,12.9099,0,0.0150868,-3.8799,-0.0275886,0,9.58738e-05,0,0
1292,2.40279,0,-0.00426119,0,0,6.18539,-0.189623,-3.85198,-0.123918,-3.74473,36,33,1,0,0,12.9199,0,0.0132542,-3.85198,-0.0256092,0,9.58738e-05,0,0
1293,2.40279,0,-0.0213059,0.0112793,0,6.18376,-0.154468,-3.86965,-0.18675,-3.75601,36,33,1,0,0,12.9299,0,0.0114216,-3.86969,-0.0237907,0,9.58738e-05,0,0
1294,2.40279,0,0.0010653,0.0112793,0,6.18127,-0.140619,-3.92965,-0.272271,-3.85752,36,33,1,0,0,12.9399,0,0.00958894,-3.95224,-0.0223778,0,9.58738e-05,0,0
1295,2.40279,0,0.00958767,0,0,6.17926,-0.205602,-3.93472,-0.118682,-4.00415,36,33,1,0,0,12.9499,0,0.00775634,-3.93472,-0.0206563,0,9.58738e-05,0,0
1296,2.40279,0,0.010653,0,0,6.1783,-0.19708,-3.86577,-0.125664,-3.80112,36,33,1,0,0,12.9599,0,0.00592386,-3.86577,-0.0185107,0,9.58738e-05,0,0
1297,2.40279,0,0.00852238,0.0112793,0,6.17657,-0.17897,-3.85724,-0.179769,-3.80112,36,33,1,0,0,12.9699,0,0.00409122,-3.85724,-0.0165215,0,9.58738e-05,0,0
1298,2.40279,0,-0.0149142,-0.0225586,0,6.17466,-0.133162,-3.90746,-0.204204,-3.89136,36,33,1,0,0,12.9799,0,0.00225863,-3.93685,-0.0150222,0,9.58738e-05,0,0
1299,2.40279,0,0.0191753,0.0112793,0,6.17255,-0.159795,-3.96746,-0.197222,-3.9252,36,33,1,0,0,12.9899,0,0.000471832,-3.99903,-0.013656,0,9.58738e-05,0,0
1300,2.40279,0,0.0010653,-0.0338379,0,6.17101,-0.184296,-3.98879,-0.123918,-3.98159,36,33,1,0,0,12.9999,0,-0.00126301,-3.98879,-0.0119954,0,9.58738e-05,0,0
1301,2.40279,0,-0.00426119,0,0,6.16967,-0.214125,-3.94888,-0.151844,-3.94775,36,33,1,0,0,13.0099,0,-0.00309296,-3.94888,-0.0100908,0,9.58738e-05,0,0
1302,2.40279,0,-0.00852238,-0.0338379,0,6.16795,-0.168317,-3.94992,-0.188496,-3.94775,36,33,1,0,0,13.0199,0,-0.00492556,-3.94992,-0.00826657,0,9.58738e-05,0,0
1303,2.40279,0,-0.00426119,-0.0225586,0,6.16593,-0.168317,-3.97284,-0.195477,-3.98159,36,33,1,0,0,13.0299,0,-0.00675815,-3.97284,-0.00658085,0,9.58738e-05,0,0
1304,2.40279,0,0.00745708,0.0112793,0,6.16421,-0.157664,-3.98324,-0.1309,-3.94775,36,33,1,0,0,13.0399,0,-0.00859074,-3.98324,-0.00487082,0,9.58738e-05,0,0
1305,2.40279,0,-0.0117183,0,0,6.16286,-0.174709,-3.99292,-0.143117,-3.97031,36,33,1,0,0,13.0499,0,-0.0104234,-3.99292,-0.00314558,0,9.58738e-05,0,0
1306,2.40279,0,-9.19752e-18,-0.0225586,0,6.16133,-0.150207,-4.03668,-0.174533,-3.98159,36,33,1,0,0,13.0599,0,-0.0121749,-4.03668,-0.00162129,0,9.58738e-05,0,0
1307,2.40279,0,-0.0127836,0.0112793,0,6.15922,-0.131032,-4.07912,-0.200713,-4.06055,36,33,1,0,0,13.0699,0,-0.0136839,-4.07912,-0.000278742,0,9.58738e-05,0,0
1308,2.40279,0,0.0159795,-0.0451172,0,6.15759,-0.174709,-4.05822,-0.1309,-4.01543,36,33,1,0,0,13.0799,0,-0.0151955,-4.05822,0.00127907,0,9.58738e-05,0,0
1309,2.40279,0,-0.010653,0.0112793,0,6.15615,-0.191753,-4.01408,-0.172788,-3.98159,36,33,1,0,0,13.0899,0,-0.0168914,-4.01408,0.00312095,0,9.58738e-05,0,0
1310,2.40279,0,0.00958767,0.0112793,0,6.15443,-0.199211,-3.98028,-0.171042,-3.97031,36,33,1,0,0,13.0999,0,-0.0187231,-3.98028,0.00505829,0,9.58738e-05,0,0
1311,2.40279,0,0.0202406,0.0225586,0,6.15241,-0.168317,-3.97998,-0.219911,-3.99287,36,33,1,0,0,13.1099,0,-0.0205557,-3.97998,0.00691945,0,9.58738e-05,0,0
1312,2.40279,0,0.0223712,0,0,6.1504,-0.19708,-3.98589,-0.181514,-3.99287,36,33,1,0,0,13.1199,0,-0.0223883,-3.98589,0.0087135,0,9.58738e-05,0,0
1313,2.40279,0,0.00639178,0,0,6.14915,-0.183231,-3.98115,-0.129154,-3.9252,36,33,1,0,0,13.1299,0,-0.0242209,-3.98115,0.0105832,0,9.58738e-05,0,0
1314,2.40279,0,-0.00319589,0.0112793,0,6.14752,-0.153403,-4.01956,-0.18326,-4.00415,36,33,1,0,0,13.1399,0,-0.0260447,-4.0246,0.0122015,0,9.58738e-05,0,0
1315,2.40279,0,-0.0170448,0,0,6.14551,-0.14488,-4.06314,-0.228638,-4.06055,36,33,1,0,0,13.1499,0,-0.027634,-4.06314,0.0136714,0,9.58738e-05,0,0
1316,2.40279,0,-0.00745708,0.0225586,0,6.14283,-0.198145,-4.05139,-0.272271,-3.94775,36,33,1,0,0,13.1599,0,-0.0291589,-4.05139,0.015248,0,9.58738e-05,0,0
1317,2.40279,0,0.00426119,0,0,6.14129,-0.250345,-3.94988,-0.0925025,-4.02671,36,33,1,0,0,13.1699,0,-0.0309638,-3.94988,0.0174447,0,9.58738e-05,0,0
1318,2.40279,0,-0.0010653,0.0112793,0,6.14005,-0.201341,-3.88019,-0.167552,-3.90264,36,33,1,0,0,13.1799,0,-0.0327965,-3.88019,0.019791,0,9.58738e-05,0,0
1319,2.40279,0,0.00852238,0,0,6.13803,-0.17897,-3.9025,-0.246091,-3.90264,36,33,1,0,0,13.1899,0,-0.034629,-3.9025,0.0217622,0,9.58738e-05,0,0
1320,2.40279,0,0.010653,0.0338379,0,6.13516,-0.161925,-3.96061,-0.289725,-3.9252,36,33,1,0,0,13.1999,0,-0.0364616,-3.96804,0.023352,0,9.58738e-05,0,0
1321,2.40279,0,-0.00745708,0.0225586,0,6.13343,-0.229039,-3.94928,-0.125664,-3.99287,36,33,1,0,0,13.2099,0,-0.0382943,-3.94928,0.0251983,0,9.58738e-05,0,0
1322,2.40279,0,-0.0383507,0.0338379,0,6.13238,-0.203472,-3.90303,-0.129154,-3.90264,36,33,1,0,0,13.2199,0,-0.0401269,-3.90303,0.0273223,0,9.58738e-05,0,0
1323,2.40279,0,0.00639178,0.0112793,0,6.13046,-0.164056,-3.93126,-0.237365,-3.9252,36,33,1,0,0,13.2299,0,-0.0419596,-3.93126,0.0291464,0,9.58738e-05,0,0
1324,2.40279,0,0.0010653,0,0,6.12777,-0.159795,-3.98133,-0.247837,-3.94775,36,33,1,0,0,13.2399,0,-0.0437921,-3.98133,0.0307221,0,9.58738e-05,0,0
1325,2.40279,0,0.0127836,0.0112793,0,6.12643,-0.205602,-3.96233,-0.0680678,-3.99287,36,33,1,0,0,13.2499,0,-0.0456247,-3.96233,0.03255,0,9.58738e-05,0,0
1326,2.40279,0,0.00852238,0,0,6.12538,-0.165121,-3.93312,-0.139626,-3.93647,36,33,1,0,0,13.2599,0,-0.0474573,-3.93312,0.0345705,0,9.58738e-05,0,0
1327,2.40279,0,0.0223712,0,0,6.12384,-0.125705,-3.98722,-0.151844,-4.01543,36,33,1,0,0,13.2699,0,-0.04929,-4.01093,0.0360924,0,9.58738e-05,0,0
1328,2.40279,0,0.00319589,0.0112793,0,6.12212,-0.0937461,-4.04721,-0.178024,-4.02671,36,33,1,0,0,13.2799,0,-0.0508727,-4.11818,0.037157,0,9.58738e-05,0,0
1329,2.40279,0,0.0234365,0,0,6.12058,-0.115052,-4.10721,-0.141372,-4.12822,36,33,1,0,0,13.2899,0,-0.0520581,-4.17096,0.0380954,0,9.58738e-05,0,0
1330,2.40279,0,-0.00319589,0.0112793,0,6.11924,-0.151272,-4.12727,-0.148353,-4.17334,36,33,1,0,0,13.2999,0,-0.0533342,-4.12727,0.0395318,0,9.58738e-05,0,0
1331,2.40279,0,-0.0117183,0.0338379,0,6.11761,-0.188558,-4.06455,-0.146608,-4.06055,36,33,1,0,0,13.3099,0,-0.0548796,-4.06455,0.0412871,0,9.58738e-05,0,0
1332,2.40279,0,0.00319589,0,0,6.11627,-0.194949,-4.03615,-0.1309,-4.11694,36,33,1,0,0,13.3199,0,-0.0566642,-4.03615,0.0431415,0,9.58738e-05,0,0
1333,2.40279,0,-0.010653,0,0,6.11445,-0.14488,-4.04825,-0.218166,-4.15078,36,33,1,0,0,13.3299,0,-0.0584956,-4.04842,0.0449419,0,9.58738e-05,0,0
1334,2.40279,0,0.00213059,0,0,6.11224,-0.1811,-4.06836,-0.200713,-4.01543,36,33,1,0,0,13.3399,0,-0.0602775,-4.06836,0.0465356,0,9.58738e-05,0,0
1335,2.40279,0,-0.0170448,0,0,6.11061,-0.171513,-4.0492,-0.13439,-4.11694,36,33,1,0,0,13.3499,0,-0.0620936,-4.0492,0.0484153,0,9.58738e-05,0,0
1336,2.40279,0,0.0117183,0.0112793,0,6.10927,-0.168317,-4.0454,-0.148353,-4.04927,36,33,1,0,0,13.3599,0,-0.0639261,-4.0454,0.0502639,0,9.58738e-05,0,0
1337,2.40279,0,0.00213059,0.0112793,0,6.10716,-0.14275,-4.08807,-0.246091,-4.09438,36,33,1,0,0,13.3699,0,-0.0657366,-4.08807,0.0518985,0,9.58738e-05,0,0
1338,2.40279,0,0.0010653,0,-0.0482424,6.10505,-0.161925,-4.11179,-0.139626,-4.09438,36,33,1,0,0,13.3799,0,-0.0673324,-4.11179,0.0534143,0,9.58738e-05,0,0
1339,2.40279,0,-0.01811,0,-0.0186789,6.104,-0.176839,-4.09299,-0.122173,-4.09438,36,33,1,0,0,13.3899,0,-0.0690303,-4.09299,0.0551718,0,9.58738e-05,0,0
1340,2.40279,0,-0.00958767,0,0.0130506,6.10246,-0.177905,-4.10278,-0.167552,-4.11694,36,33,1,0,0,13.3999,0,-0.0707442,-4.10278,0.0568721,0,9.58738e-05,0,0
1341,2.40279,0,0.00319589,-0.0451172,-0.0220884,6.10093,-0.12677,-4.13832,-0.164061,-4.06055,36,33,1,0,0,13.4099,0,-0.0723297,-4.13832,0.0583671,0,9.58738e-05,0,0
1342,2.40279,0,-0.00745708,-0.0225586,-0.0234048,6.09911,-0.118248,-4.17428,-0.178024,-4.11694,36,33,1,0,0,13.4199,0,-0.0735521,-4.17428,0.0595895,0,9.58738e-05,0,0
1343,2.40279,0,0.010653,-0.0225586,-0.087174,6.09767,-0.17897,-4.16292,-0.106465,-4.20718,36,33,1,0,0,13.4299,0,-0.0749332,-4.16292,0.0610362,0,9.58738e-05,0,0
1344,2.40279,0,-0.00639178,0,0.00301535,6.09661,-0.14488,-4.15119,-0.125664,-4.18462,36,33,1,0,0,13.4399,0,-0.0764735,-4.15119,0.0625838,0,9.58738e-05,0,0
1345,2.40279,0,-7.2406e-18,-0.0676758,0.000797532,6.09518,-0.118248,-4.17458,-0.146608,-4.21846,36,33,1,0,0,13.4499,0,-0.0779178,-4.17458,0.0639551,0,9.58738e-05,0,0
1346,2.40279,0,0.00639178,-0.0563965,-0.0246187,6.09383,-0.104399,-4.19752,-0.13439,-4.24102,36,33,1,0,0,13.4599,0,-0.0791854,-4.19752,0.0652228,0,9.58738e-05,0,0
1347,2.40279,0,-0.00958767,-0.0563965,-0.0308,6.09201,-0.133162,-4.20362,-0.21293,-4.24102,36,33,1,0,0,13.4699,0,-0.0804054,-4.20362,0.0664466,0,9.58738e-05,0,0
1348,2.40279,0,-0.0117183,-0.0676758,0.0109285,6.0899,-0.159795,-4.14751,-0.165806,-4.1959,36,33,1,0,0,13.4799,0,-0.0818368,-4.14751,0.0680449,0,9.58738e-05,0,0
1349,2.40279,0,0.0010653,-0.0225586,0.0105619,6.08875,-0.248214,-4.04816,-0.113446,-4.10566,36,33,1,0,0,13.4899,0,-0.0836201,-4.04816,0.0701665,0,9.58738e-05,0,0
1350,2.40279,0,0.00532648,-0.0451172,0.00270813,6.08732,-0.182166,-4.02226,-0.15708,-4.02671,36,33,1,0,0,13.4999,0,-0.0854526,-4.02226,0.0722088,0,9.58738e-05,0,0
1351,2.40279,0,0.00639178,0,-0.0466114,6.08549,-0.16086,-4.0665,-0.207694,-4.04927,36,33,1,0,0,13.5099,0,-0.0872665,-4.07332,0.0738427,0,9.58738e-05,0,0
1352,2.40279,0,0.00958767,-0.0338379,-0.0493157,6.08319,-0.145946,-4.02031,-0.20944,-4.03799,36,33,1,0,0,13.5199,0,-0.0872665,-4.02031,0.0752028,0,9.58738e-05,0,0
1353,2.40279,0,0.00213059,-0.0338379,-0.0324446,6.08223,-0.175774,-3.90662,-0.0383972,-3.95903,36,33,1,0,0,13.5299,0,-0.0872665,-3.90662,0.0767373,0,9.58738e-05,0,0
1354,2.40279,0,-0.028763,0,0.0326957,6.08166,-0.120379,-3.82636,-0.0855211,-3.82368,36,33,1,0,0,13.5399,0,-0.0872665,-3.82636,0.0781787,0,9.58738e-05,0,0
1355,2.40279,0,-0.0159795,0.0112793,0.068572,6.0808,-0.057526,-3.82626,-0.0558505,-3.84624,36,33,1,0,0,13.5499,0,-0.0872665,-3.82626,0.0791438,0,9.58738e-05,0,0
1356,2.40279,0,0.00532648,0,-0.0527844,6.08051,-0.0245018,-3.88626,-0.0139626,-3.8688,36,33,1,0,0,13.5599,0,-0.0872665,-3.90983,0.0793847,0,9.58738e-05,0,0
1357,2.40279,0,-0.00532648,0,-0.0138506,6.08051,0.0383507,-3.94624,0.00872665,-3.9252,36,33,1,0,0,13.5699,0,-0.0872665,-4.02264,0.0791553,0,9.58738e-05,0,0
1358,2.40279,0,0.010653,0,-0.00568661,6.08051,-0.00745708,-4.00624,-0,-3.98159,36,33,1,0,0,13.5799,0,-0.0872665,-4.0757,0.0789549,0,9.58738e-05,0,0
1359,2.40279,0,-0.0149142,0.0112793,-0.0258071,6.08041,0.00852238,-4.06626,-0.015708,-4.02671,36,33,1,0,0,13.5899,0,-0.0872665,-4.07871,0.0789013,0,9.58738e-05,0,0
1360,2.40279,0,-0.0010653,-0.0338379,-0.0307537,6.08032,-0.0255671,-4.04347,-0.00174533,-4.03799,36,33,1,0,0,13.5999,0,-0.0872665,-4.04347,0.0790501,0,9.58738e-05,0,0
1361,2.40279,0,0.00532648,0,-0.0391253,6.08022,-0.0266324,-4.01042,-0.010472,-4.00415,36,33,1,0,0,13.6099,0,-0.0872665,-4.01042,0.0792836,0,9.58738e-05,0,0
1362,2.40279,0,0.00852238,-0.0225586,-0.0427736,6.08012,-0.0308936,-4.00648,-0.00698132,-3.99287,36,33,1,0,0,13.6199,0,-0.0872665,-4.00648,0.0794148,0,9.58738e-05,0,0
1363,2.40279,0,0.00958767,-0.0225586,-0.0475739,6.08012,0.0213059,-4.04172,-0,-4.01543,36,33,1,0,0,13.6299,0,-0.0872665,-4.04172,0.0793373,0,9.58738e-05,0,0
1364,2.40269,0,-0.00426119,-0.0225586,-0.0245959,6.08012,0.0117183,-4.06742,-0,-4.06055,36,33,1,0,0,13.6399,0,-0.0872665,-4.06742,0.0791936,0,0.000191748,0,0
1365,2.40269,0,1.82646e-18,-0.0112793,-0.0338132,6.08012,0.0298283,-4.06797,-0.00349066,-4.06055,36,33,1,0,0,13.6499,0,-0.0872665,-4.06797,0.0791392,0,0.000191748,0,0
1366,2.40269,0,-0.010653,-0.0225586,0.0245125,6.08012,-0.0223712,-4.05696,-0,-4.03799,36,33,1,0,0,13.6599,0,-0.0872665,-4.05696,0.0791374,0,0.000191748,0,0
1367,2.40269,0,-0.00639178,0,0.0247543,6.08012,0.0138489,-4.04733,-0,-4.10566,36,33,1,0,0,13.6699,0,-0.0872665,-4.04733,0.0792068,0,0.000191748,0,0
1368,2.40269,0,0.00639178,0,0.00630689,6.08003,-0.00532648,-4.05285,-0.00872665,-4.03799,37,33,1,0,0,13.6799,0,-0.0872665,-4.05285,0.0792008,0,0.000191748,0,0
1369,2.40269,0,-0.00319589,0,0.00546178,6.08003,-0.00745708,-4.06922,-0,-4.06055,37,33,1,0,0,13.6899,0,-0.0872665,-4.06922,0.0790921,0,0.000191748,0,0
1370,2.40269,0,-0.00852238,0.0112793,0.000557796,6.08003,0.0298283,-4.07715,-0,-4.11694,37,33,1,0,0,13.7,0,-0.0872665,-4.07715,0.0790182,0,0.000191748,0,0
1371,2.40269,0,0.00319589,0,-0.061972,6.08003,-0.00958767,-4.06571,-0,-4.11694,37,33,1,0,0,13.7099,0,-0.0872665,-4.06571,0.0790239,0,0.000191748,0,0
1372,2.40269,0,-0.00426119,-0.0225586,-0.045633,6.08003,0.01811,-4.06823,-0,-4.09438,37,33,1,0,0,13.7199,0,-0.0872665,-4.06823,0.079016,0,0.000191748,0,0
1373,2.40269,0,0.028763,-0.0225586,-0.0328179,6.08003,0.00213059,-4.06964,-0,-4.11694,37,33,1,0,0,13.73,0,-0.0872665,-4.06964,0.0789987,0,0.000191748,0,0
1374,2.40269,0,0.00319589,0,-0.0367443,6.08003,0.0223712,-4.07814,-0,-4.11694,37,33,1,0,0,13.7399,0,-0.0872665,-4.07814,0.0789567,0,0.000191748,0,0
1375,2.40269,0,-0.00213059,0,-0.019507,6.08003,-0.0213059,-4.06683,-0,-4.11694,37,33,1,0,0,13.7499,0,-0.0872665,-4.06683,0.078971,0,0.000191748,0,0
1376,2.40269,0,0.0010653,-0.0112793,-0.0603762,6.08003,0.0202406,-4.06076,-0,-4.09438,37,33,1,0,0,13.7599,0,-0.0872665,-4.06076,0.0790053,0,0.000191748,0,0
1377,2.40269,0,-1.63077e-18,-0.0225586,0.0475505,6.08003,-0.0266324,-4.05581,-0,-4.10566,37,33,1,0,0,13.7699,0,-0.0872665,-4.05581,0.0790475,0,0.000191748,0,0
1378,2.40269,0,0.0191753,-0.0451172,-0.0463426,6.08003,-0.00639178,-4.05621,-0,-4.02671,37,33,1,0,0,13.7799,0,-0.0872665,-4.05621,0.0790546,0,0.000191748,0,0
1379,2.40269,0,-0.01811,-0.0225586,0.00908293,6.08003,-0.01811,-4.05447,-0,-4.10566,37,33,1,0,0,13.7899,0,-0.0872665,-4.05447,0.0790799,0,0.000191748,0,0
1380,2.40269,0,0.00319589,0,0.00153634,6.08003,-0.0234365,-4.04968,-0,-4.09438,37,33,1,0,0,13.7999,0,-0.0872665,-4.04968,0.0790936,0,0.000191748,0,0
1381,2.40269,0,0.0202406,0,-0.0161578,6.08003,0.00213059,-4.05197,-0,-4.02671,37,33,1,0,0,13.8099,0,-0.0872665,-4.05197,0.0790964,0,0.000191748,0,0
1382,2.40269,0,0.00639178,0,-0.0171666,6.08003,-0.0117183,-4.04633,-0,-4.02671,37,33,1,0,0,13.8199,0,-0.0872665,-4.04633,0.0791349,0,0.000191748,0,0
1383,2.40269,0,0.0170448,0,0.00794113,6.08003,-0.00426119,-4.05307,-0,-4.04927,37,33,1,0,0,13.8299,0,-0.0872665,-4.05307,0.0791267,0,0.000191748,0,0
1384,2.40269,0,0.010653,-0.0451172,-0.0416329,6.08003,-0.0298283,-4.0415,-0,-4.02671,37,33,1,0,0,13.8399,0,-0.0872665,-4.0415,0.0791783,0,0.000191748,0,0
1385,2.40269,0,0.0170448,-0.0225586,-0.0151503,6.08003,0.00958767,-4.04404,-0,-4.09438,37,33,1,0,0,13.8499,0,-0.0872665,-4.04404,0.0791996,0,0.000191748,0,0
1386,2.40269,0,-0.0138489,0,0.00567515,6.08003,-0.0170448,-4.04067,-0,-4.08311,37,33,1,0,0,13.8599,0,-0.0872665,-4.04067,0.0792135,0,0.000191748,0,0
1387,2.40269,0,0.0159795,0,-0.0133437,6.08003,0.0245018,-4.04917,-0,-4.02671,37,33,1,0,0,13.8699,0,-0.0872665,-4.0497,0.0792027,0,0.000191748,0,0
1388,2.40269,0,0.00213059,-0.0338379,0.0351506,6.08003,-0.010653,-4.04677,-0,-4.03799,37,33,1,0,0,13.8799,0,-0.0872665,-4.04677,0.0792141,0,0.000191748,0,0
1389,2.40269,0,-0.00426119,-0.0338379,-0.0395184,6.08003,0.00745708,-4.05417,-0,-4.03799,37,33,1,0,0,13.8899,0,-0.0872665,-4.05417,0.0791903,0,0.000191748,0,0
1390,2.40269,0,0.0010653,-0.0338379,0.0322718,6.08003,-0.010653,-4.05769,-0,-4.06055,37,33,1,0,0,13.8999,0,-0.0872665,-4.05769,0.0791582,0,0.000191748,0,0
1391,2.40269,0,-0.00213059,-0.0451172,-0.0121231,6.08003,0.0383507,-4.0586,-0,-4.03799,37,33,1,0,0,13.9099,0,-0.0872665,-4.06144,0.0791447,0,0.000191748,0,0
1392,2.40269,0,-0.00745708,-0.0338379,0.013891,6.08003,0.00213059,-4.05765,-0,-4.06055,37,33,1,0,0,13.9199,0,-0.0872665,-4.05765,0.0791582,0,0.000191748,0,0
1393,2.40269,0,-0.0138489,-0.0338379,0.0225187,6.08003,0.0117183,-4.05782,-0,-4.02671,37,33,1,0,0,13.9299,0,-0.0872665,-4.05782,0.0791298,0,0.000191748,0,0
1394,2.40269,0,0.0117183,-0.0225586,0.0107211,6.08003,0.0117183,-4.066,-0.00872665,-4.06055,37,33,1,0,0,13.9399,0,-0.0872665,-4.066,0.0790976,0,0.000191748,0,0
1395,2.40269,0,-0.0127836,-0.0338379,-0.0157089,6.08003,-0.00426119,-4.06426,-0,-4.04927,37,33,1,0,0,13.9499,0,-0.0872665,-4.06426,0.0790788,0,0.000191748,0,0
1396,2.40269,0,-0.0127836,0.0451172,0.0074873,6.08003,0.010653,-4.06402,-0,-4.04927,37,33,1,0,0,13.9599,0,-0.0872665,-4.06402,0.0790628,0,0.000191748,0,0
1397,2.40269,0,-0.00319589,-0.0338379,-0.0102335,6.08003,0.010653,-4.05801,-0,-4.07183,37,33,1,0,0,13.9699,0,-0.0872665,-4.05801,0.0790805,0,0.000191748,0,0
1398,2.40269,0,0.00532648,0.0112793,-0.0061253,6.08003,0.0127836,-4.0701,-0,-4.06055,37,33,1,0,0,13.9799,0,-0.0872665,-4.0701,0.0790185,0,0.000191748,0,0
1399,2.40269,0,-0.00319589,0,0.0293148,6.08003,-0.0149142,-4.06288,-0,-4.06055,37,33,1,0,0,13.9899,0,-0.0872665,-4.06288,0.079005,0,0.000191748,0,0
1400,2.40269,0,-0.0191753,0.0112793,0.0407191,6.08003,0.0138489,-4.07035,-0,-4.06055,37,33,1,0,0,13.9999,0,-0.0872665,-4.07035,0.0789893,0,0.000191748,0,0
1401,2.40279,0.00872665,-0.0159795,0.0338379,0.0300717,6.08003,-0.0245018,-4.06916,-0,-4.08311,37,33,1,0,0,14.0099,0,-0.0872665,-4.06916,0.0789846,0,9.58738e-05,0,0
1402,2.40279,0,-0.00426119,0.0451172,-0.0060562,6.07993,0.0010653,-4.06676,-0.00872665,-4.04927,37,33,1,0,0,14.0199,0,-0.0872665,-4.06676,0.0789878,0,9.58738e-05,0,0
1403,2.40279,0,-0.00745708,0.0338379,0.018012,6.07993,-0.028763,-4.06271,-0,-4.04927,37,33,1,0,0,14.0299,0,-0.0872665,-4.06271,0.0789836,0,9.58738e-05,0,0
1404,2.40279,0,0.0149142,0.0112793,-0.0882193,6.07993,-9.13229e-19,-4.06487,-0,-4.06055,37,33,1,0,0,14.0399,0,-0.0872665,-4.06487,0.0789832,0,9.58738e-05,0,0
1405,2.40279,0,0.00852238,0,-0.0520295,6.07993,-0.00639178,-4.0688,-0,-4.06055,37,33,1,0,0,14.0499,0,-0.0872665,-4.0688,0.0789666,0,9.58738e-05,0,0
1406,2.40279,0,0.00958767,0.0112793,-0.0482875,6.07993,0.00426119,-4.06467,-0,-4.04927,37,33,1,0,0,14.0599,0,-0.0872665,-4.06467,0.0789772,0,9.58738e-05,0,0
1407,2.40279,0,0.0010653,0.0112793,-0.0265811,6.07993,-0.0159795,-4.06107,-0,-4.06055,37,33,1,0,0,14.0699,0,-0.0872665,-4.06107,0.0790077,0,9.58738e-05,0,0
1408,2.40279,0,0.0138489,0,-0.0307534,6.07993,-8.47998e-19,-4.05728,-0,-4.04927,37,33,1,0,0,14.0799,0,-0.0872665,-4.05728,0.0790353,0,9.58738e-05,0,0
1409,2.40279,0,-0.00426119,0,-5.55352e-05,6.07993,0.0308936,-4.06537,-0,-4.03799,37,33,1,0,0,14.0899,0,-0.0872665,-4.06867,0.0789917,0,9.58738e-05,0,0
1410,2.40279,0,0.00319589,0.0112793,-0.0242799,6.07993,-0.0149142,-4.05483,-0,-4.09438,37,33,1,0,0,14.0999,0,-0.0872665,-4.05483,0.0790445,0,9.58738e-05,0,0
1411,2.40279,0,0.00532648,0,0.0235251,6.07993,0.0202406,-4.06288,-0,-4.03799,37,33,1,0,0,14.1099,0,-0.0872665,-4.06288,0.0790348,0,9.58738e-05,0,0
1412,2.40279,0,-0.0170448,0.0112793,0.00627997,6.07993,-0.0213059,-4.06008,-0,-4.11694,37,33,1,0,0,14.1199,0,-0.0872665,-4.06008,0.0790383,0,9.58738e-05,0,0
1413,2.40279,0,-0.0010653,0,0.0040142,6.07993,0.0127836,-4.0621,-0,-4.09438,37,33,1,0,0,14.1299,0,-0.0872665,-4.0621,0.0790506,0,9.58738e-05,0,0
1414,2.40279,0,-0.0010653,-0.0112793,-0.0327508,6.07993,-0.0298283,-4.06448,-0,-4.11694,37,33,1,0,0,14.1399,0,-0.0872665,-4.06448,0.0790131,0,9.58738e-05,0,0
1415,2.40279,0,0.00852238,0,-0.00764827,6.07993,0.0202406,-4.06542,-0,-4.07183,37,33,1,0,0,14.1499,0,-0.0872665,-4.06542,0.0790205,0,9.58738e-05,0,0
1416,2.40279,0,0.00639178,-0.0225586,0.0141034,6.07993,-0.00532648,-4.06994,-0,-4.11694,37,33,1,0,0,14.1599,0,-0.0872665,-4.06994,0.0789701,0,9.58738e-05,0,0
1417,2.40279,0,-0.00852238,-0.0112793,-0.0121897,6.07993,0.0223712,-4.06055,-0,-4.09438,37,33,1,0,0,14.1699,0,-0.0872665,-4.06055,0.0790005,0,9.58738e-05,0,0
1418,2.40279,0,0.010653,0.0112793,0.00558049,6.07993,-0.0170448,-4.06876,-0,-4.02671,37,33,1,0,0,14.1799,0,-0.0872665,-4.06876,0.0789534,0,9.58738e-05,0,0
1419,2.40279,0,0.010653,0,0.00246126,6.07993,-6.52306e-19,-4.06768,-0,-4.11694,37,33,1,0,0,14.1899,0,-0.0872665,-4.06768,0.0789361,0,9.58738e-05,0,0
1420,2.40279,0,0.0117183,-0.0338379,-0.0373091,6.07993,-7.17537e-19,-4.07306,-0,-4.11694,37,33,1,0,0,14.1999,0,-0.0872665,-4.07306,0.0789131,0,9.58738e-05,0,0
1421,2.40279,0,-0.0010653,0,0.0314614,6.07993,-0.0117183,-4.07331,-0,-4.07183,37,33,1,0,0,14.21,0,-0.0872665,-4.07331,0.0789011,0,9.58738e-05,0,0
1422,2.40279,0,-0.0127836,-0.0451172,0.0145917,6.07993,7.82767e-19,-4.07776,-0,-4.06055,37,33,1,0,0,14.2199,0,-0.0872665,-4.07776,0.0788812,0,9.58738e-05,0,0
1423,2.40279,0,-0.00319589,-0.0451172,-0.0404402,6.07993,-0.00745708,-4.07454,-0,-4.12822,37,33,1,0,0,14.2299,0,-0.0872665,-4.07454,0.0788796,0,9.58738e-05,0,0
1424,2.40279,0,-0.0127836,-0.0451172,0.0227956,6.07993,0.0266324,-4.09024,-0.00872665,-4.07183,37,33,1,0,0,14.2399,0,-0.0872665,-4.09024,0.0788009,0,9.58738e-05,0,0
1425,2.40279,0,-0.010653,0,-0.00490177,6.07993,-0.0010653,-4.08846,-0.00872665,-4.06055,37,33,1,0,0,14.2499,0,-0.0872665,-4.08846,0.0787823,0,9.58738e-05,0,0
1426,2.40279,0,0.010653,0.0112793,-0.00566784,6.07993,0.0170448,-4.08514,-0,-4.03799,37,33,1,0,0,14.2599,0,-0.0872665,-4.08514,0.078785,0,9.58738e-05,0,0
1427,2.40279,0,0.0170448,0,-0.0724618,6.07993,-0.0117183,-4.07743,-0,-4.07183,37,33,1,0,0,14.2699,0,-0.0872665,-4.07743,0.0788091,0,9.58738e-05,0,0
1428,2.40279,0,-0.00745708,0,-0.00580266,6.07993,0.0127836,-4.07266,-0,-4.06055,37,33,1,0,0,14.2799,0,-0.0872665,-4.07266,0.078837,0,9.58738e-05,0,0
1429,2.40279,0,-0.0117183,-0.0338379,-0.000176781,6.07993,-0.00745708,-4.07693,-0,-4.04927,37,33,1,0,0,14.2899,0,-0.0872665,-4.07693,0.0788131,0,9.58738e-05,0,0
1430,2.40279,0,-0.00639178,-0.0338379,0.0477947,6.07993,0.00958767,-4.07391,-0,-4.07183,37,33,1,0,0,14.2999,0,-0.0872665,-4.07391,0.0788279,0,9.58738e-05,0,0
1431,2.40279,0,0.00426119,-0.0338379,-0.0395663,6.07993,-0.00852238,-4.07713,-0,-4.04927,37,33,1,0,0,14.3099,0,-0.0872665,-4.07713,0.0788158,0,9.58738e-05,0,0
1432,2.40279,0,0.00532648,-0.0451172,-0.0692371,6.07993,0.00852238,-4.07265,-0,-4.06055,37,33,1,0,0,14.3199,0,-0.0872665,-4.07265,0.0788332,0,9.58738e-05,0,0
1433,2.40279,0,-0.00639178,-0.0563965,-0.0379097,6.07993,0.00745708,-4.08104,-0,-4.06055,37,33,1,0,0,14.3299,0,-0.0872665,-4.08104,0.0787936,0,9.58738e-05,0,0
1434,2.40279,0,-0.00958767,-0.0451172,0.0175313,6.07993,-0.00426119,-4.07499,-0,-4.06055,37,33,1,0,0,14.3399,0,-0.0872665,-4.07499,0.0788292,0,9.58738e-05,0,0
1435,2.40279,0,-0.00426119,0,0.00968751,6.07993,0.00639178,-4.08104,-0,-4.07183,37,33,1,0,0,14.3499,0,-0.0872665,-4.08104,0.0788166,0,9.58738e-05,0,0
1436,2.40279,0,0.00213059,-0.0451172,0.0215733,6.07993,0.0010653,-4.07652,-0,-4.07183,37,33,1,0,0,14.3599,0,-0.0872665,-4.07652,0.078829,0,9.58738e-05,0,0
1437,2.40279,0,-0.0010653,-0.0338379,0.00702206,6.07993,0.01811,-4.07934,-0,-4.07183,37,33,1,0,0,14.3699,0,-0.0872665,-4.07934,0.0788247,0,9.58738e-05,0,0
1438,2.40279,0,-0.0010653,-0.0451172,-0.0248771,6.07993,-0.010653,-4.07382,-0,-4.06055,37,33,1,0,0,14.3799,0,-0.0872665,-4.07382,0.0788304,0,9.58738e-05,0,0
1439,2.40279,0,-0.0138489,-0.0338379,-0.0105117,6.07993,0.0170448,-4.07786,-0,-4.10566,37,33,1,0,0,14.3899,0,-0.0872665,-4.07786,0.0788381,0,9.58738e-05,0,0
1440,2.40279,0,0.00745708,0,-0.000352039,6.07993,-0.00852238,-4.07372,-0,-4.07183,37,33,1,0,0,14.3999,0,-0.0872665,-4.07372,0.0788519,0,9.58738e-05,0,0
1441,2.40279,0,0.00213059,0,-0.00616138,6.07993,-0.00319589,-4.07326,-0,-4.07183,37,33,1,0,0,14.4099,0,-0.0872665,-4.07326,0.0788473,0,9.58738e-05,0,0
1442,2.40279,0,0.00213059,0,-0.0425693,6.07993,-0.0202406,-4.06295,-0,-4.04927,37,33,1,0,0,14.4199,0,-0.0872665,-4.06295,0.0788659,0,9.58738e-05,0,0
1443,2.40279,0,-0.00958767,0,-0.027487,6.07993,-0.0213059,-4.06224,-0,-4.07183,37,33,1,0,0,14.4299,0,-0.0872665,-4.06224,0.0788797,0,9.58738e-05,0,0
1444,2.40279,0,0.00426119,0,-0.0568348,6.07993,-0.0149142,-4.08042,-0,-4.06055,37,33,1,0,0,14.4399,0,-0.0872665,-4.08042,0.0788313,0,9.58738e-05,0,0
1445,2.40269,0,-0.0010653,-0.0676758,-0.0136233,6.07993,0.0010653,-4.07172,-0,-4.06055,37,33,1,0,0,14.4499,0,-0.0872665,-4.07172,0.0788742,0,0.000191748,0,0
1446,2.40269,0,-0.00213059,-0.0225586,-0.0286233,6.07993,0.00532648,-4.08084,-0,-4.07183,37,33,1,0,0,14.4599,0,-0.0872665,-4.08084,0.0788369,0,0.000191748,0,0
1447,2.40269,0,0.0245018,-0.0225586,-0.0332389,6.07993,-0.0170448,-4.07971,-0,-4.04927,37,33,1,0,0,14.4699,0,-0.0872665,-4.07971,0.0788537,0,0.000191748,0,0
1448,2.40269,0,2.60922e-19,-0.0225586,0.00990304,6.07993,0.00426119,-4.08586,-0.00872665,-4.08311,37,33,1,0,0,14.4799,0,-0.0872665,-4.08586,0.0788283,0,0.000191748,0,0
1449,2.40269,0,-0.0010653,0,-0.015294,6.07993,0.0191753,-4.07816,-0,-4.07183,37,33,1,0,0,14.4899,0,-0.0872665,-4.07816,0.0788355,0,0.000191748,0,0
1450,2.40269,0,-0.010653,0,0.0100647,6.07993,0.00426119,-4.07782,-0,-4.06055,37,33,1,0,0,14.4999,0,-0.0872665,-4.07782,0.0788303,0,0.000191748,0,0
1451,2.40269,0,-0.00426119,-0.0112793,-5.16373e-05,6.07993,-0.0330242,-4.07965,-0,-4.12822,37,33,1,0,0,14.5099,0,-0.0872665,-4.07965,0.0788124,0,0.000191748,0,0
1452,2.40269,0,0.00532648,0,-0.0454647,6.07993,0.0127836,-4.08891,-0,-4.08311,37,33,1,0,0,14.5199,0,-0.0872665,-4.08891,0.0787767,0,0.000191748,0,0
1453,2.40269,0,-0.0138489,0,0.0010756,6.07993,-0.0319589,-4.07963,-0,-4.08311,37,33,1,0,0,14.5299,0,-0.0872665,-4.07963,0.0787989,0,0.000191748,0,0
1454,2.40269,0,-0.00426119,0,0.00852512,6.07993,0.00532648,-4.07857,-0,-4.11694,37,33,1,0,0,14.5399,0,-0.0872665,-4.07857,0.0788013,0,0.000191748,0,0
1455,2.40269,0,-0.01811,0,0.0497403,6.07984,-0.0383507,-4.08428,-0,-4.12822,37,33,1,0,0,14.5499,0,-0.0872665,-4.08428,0.0787576,0,0.000191748,0,0
1456,2.40269,0,0.0159795,0,-0.0320687,6.07984,-0.00745708,-4.08239,-0,-4.11694,37,33,1,0,0,14.5599,0,-0.0872665,-4.08239,0.0787509,0,0.000191748,0,0
1457,2.40269,0,0.010653,0.0112793,0.0105764,6.07984,-0.00319589,-4.08701,-0,-4.07183,37,33,1,0,0,14.5699,0,-0.0872665,-4.08701,0.0787307,0,0.000191748,0,0
1458,2.40269,0,-0.0010653,0,0.0133675,6.07984,0.0117183,-4.08196,-0,-4.12822,37,33,1,0,0,14.5799,0,-0.0872665,-4.08196,0.078761,0,0.000191748,0,0
1459,2.40269,0,-0.00745708,0,0.00624405,6.07984,0.0170448,-4.08559,-0,-4.11694,37,33,1,0,0,14.5899,0,-0.0872665,-4.08559,0.0787705,0,0.000191748,0,0
1460,2.40269,0,-0.010653,0,0.00875358,6.07984,-0.0191753,-4.07502,-0,-4.12822,37,33,1,0,0,14.5999,0,-0.0872665,-4.07502,0.0788025,0,0.000191748,0,0
1461,2.40269,0,-0.0117183,0.0112793,0.0160748,6.07984,-0.00639178,-4.08385,-0,-4.12822,37,33,2,0,0,14.6099,0,-0.0872665,-4.08385,0.0787826,0,0.000191748,0,0
1462,2.40269,0,0.0223712,0.0112793,0.00192169,6.07984,-0.0234365,-4.0848,-0,-4.12822,37,33,2,0,0,14.6199,0,-0.0872665,-4.0848,0.0787815,0,0.000191748,0,0
1463,2.40269,0,-0.00426119,0,-0.0352054,6.07984,0.0010653,-4.07554,-0,-4.11694,37,33,2,0,0,14.6299,0,-0.0872665,-4.07554,0.0788304,0,0.000191748,0,0
1464,2.40269,0,0.00852238,0,-0.0421192,6.07984,-0.0223712,-4.07899,-0.00872665,-4.07183,37,33,2,0,0,14.6399,0,-0.0872665,-4.07899,0.078813,0,0.000191748,0,0
1465,2.40269,0,0.00319589,0,-0.0147588,6.07984,0.00958767,-4.07588,-0,-4.11694,37,33,2,0,0,14.6499,0,-0.0872665,-4.07588,0.0788205,0,0.000191748,0,0
1466,2.40269,0,-0.00852238,0,0.0146213,6.07984,-0.0308936,-4.07301,-0,-4.04927,37,33,2,0,0,14.6599,0,-0.0872665,-4.07301,0.0788268,0,0.000191748,0,0
1467,2.40269,0,-0.00958767,0,0.0192485,6.07984,0.00532648,-4.07881,-0,-4.04927,37,33,2,0,0,14.6699,0,-0.0872665,-4.07881,0.0788235,0,0.000191748,0,0
1468,2.40269,0,0.0298283,-0.0338379,-0.0345367,6.07984,-0.00852238,-4.07542,-0,-4.06055,37,33,2,0,0,14.6799,0,-0.0872665,-4.07542,0.0788277,0,0.000191748,0,0
1469,2.40269,0,-0.00426119,0,-0.0287588,6.07984,-0.010653,-4.06954,-0,-4.06055,37,33,2,0,0,14.6899,0,-0.0872665,-4.06954,0.0788506,0,0.000191748,0,0
1470,2.40269,0,0.00852238,0,-0.032881,6.07984,-0.0191753,-4.07632,-0,-4.08311,37,33,2,0,0,14.6999,0,-0.0872665,-4.07632,0.0788153,0,0.000191748,0,0
1471,2.40269,0,-0.0117183,0,0.00540761,6.07984,-0.0127836,-4.07024,-0,-4.04927,37,33,2,0,0,14.7099,0,-0.0872665,-4.07024,0.0788228,0,0.000191748,0,0
1472,2.40269,0,0.00852238,-0.0451172,-0.031748,6.07984,0.00745708,-4.06969,-0,-4.06055,37,33,2,0,0,14.7199,0,-0.0872665,-4.06969,0.0788302,0,0.000191748,0,0
1473,2.40269,0,0.0213059,-0.0451172,-0.0209719,6.07984,0.0127836,-4.07249,-0,-4.04927,37,33,2,0,0,14.7299,0,-0.0872665,-4.07249,0.0788339,0,0.000191748,0,0
1474,2.40269,0,0.0159795,-0.0451172,-0.0206311,6.07984,0.0245018,-4.07772,-0,-4.08311,37,33,2,0,0,14.7399,0,-0.0872665,-4.07772,0.0788295,0,0.000191748,0,0
1475,2.40269,0,-0.00213059,-0.0563965,-0.00437573,6.07984,-0.0308936,-4.07668,-0,-4.07183,37,33,2,0,0,14.7499,0,-0.0872665,-4.07668,0.0788185,0,0.000191748,0,0
1476,2.40269,0,0.00639178,0.0112793,-0.026871,6.07984,0.0255671,-4.0823,-0,-4.06055,37,33,2,0,0,14.7599,0,-0.0872665,-4.0823,0.0788142,0,0.000191748,0,0
1477,2.40269,0,-0.00852238,0.0112793,0.0132094,6.07984,-0.0223712,-4.07683,-0,-4.06055,37,33,2,0,0,14.7699,0,-0.0872665,-4.07683,0.0788241,0,0.000191748,0,0
1478,2.40269,0,0.0010653,-0.0338379,-0.0147975,6.07984,0.0202406,-4.07879,-0,-4.07183,37,33,2,0,0,14.7799,0,-0.0872665,-4.07879,0.0788284,0,0.000191748,0,0
1479,2.40269,0,0.00532648,-0.0451172,-0.0296055,6.07984,0.00639178,-4.08263,-0,-4.08311,37,33,2,0,0,14.7899,0,-0.0872665,-4.08263,0.0788071,0,0.000191748,0,0
1480,2.40269,0,0.00745708,0,-0.00683733,6.07984,0.00532648,-4.07185,-0,-4.06055,37,33,2,0,0,14.7999,0,-0.0872665,-4.07185,0.0788466,0,0.000191748,0,0
1481,2.40269,0,-0.00426119,0,-0.0232479,6.07984,0.0010653,-4.07967,-0,-4.04927,37,33,2,0,0,14.8099,0,-0.0872665,-4.07967,0.0788188,0,0.000191748,0,0
1482,2.40269,0,-0.0170448,0,0.00985082,6.07984,-0.0117183,-4.07515,-0,-4.07183,37,33,2,0,0,14.8199,0,-0.0872665,-4.07515,0.0788178,0,0.000191748,0,0
1483,2.40269,0,-0.00426119,0,-0.016652,6.07984,-0.00852238,-4.07825,-0,-4.07183,37,33,2,0,0,14.8299,0,-0.0872665,-4.07825,0.0788051,0,0.000191748,0,0
1484,2.40269,0,-0.0202406,-0.0338379,-0.0280085,6.07984,1.23938e-18,-4.06801,-0,-4.06055,37,33,2,0,0,14.8399,0,-0.0872665,-4.06801,0.0788533,0,0.000191748,0,0
1485,2.40269,0,-0.0170448,-0.0112793,0.0334483,6.07984,0.00852238,-4.07709,-0,-4.04927,37,33,2,0,0,14.8499,0,-0.0872665,-4.07709,0.0788396,0,0.000191748,0,0
1486,2.40269,0,0.00213059,0,0.0181359,6.07984,-0.0266324,-4.07855,-0,-4.06055,37,33,2,0,0,14.8599,0,-0.0872665,-4.07855,0.0788297,0,0.000191748,0,0
1487,2.40269,0,0.0149142,0,0.0393086,6.07984,0.0234365,-4.07952,-0,-4.06055,37,33,2,0,0,14.8699,0,-0.0872665,-4.08056,0.0788162,0,0.000191748,0,0
1488,2.40269,0,0.0010653,0.0338379,0.0503396,6.07984,-0.00745708,-4.07663,-0,-4.07183,37,33,2,0,0,14.8799,0,-0.0872665,-4.07663,0.0788333,0,0.000191748,0,0
1489,2.40269,0,-0.00852238,0,0.0532165,6.07984,0.0191753,-4.07817,-0,-4.06055,37,33,2,0,0,14.8899,0,-0.0872665,-4.07817,0.0788423,0,0.000191748,0,0
1490,2.40269,0,0.0117183,0.0112793,-0.0161963,6.07984,-0.0117183,-4.07173,-0,-4.06055,37,33,2,0,0,14.8999,0,-0.0872665,-4.07173,0.0788718,0,0.000191748,0,0
1491,2.40269,0,-0.00213059,0,-0.00317109,6.07984,0.010653,-4.07616,-0,-4.12822,37,33,2,0,0,14.9099,0,-0.0872665,-4.07616,0.0788624,0,0.000191748,0,0
1492,2.40269,0,-0.0159795,0,0.0160658,6.07984,-0.00426119,-4.08156,-0,-4.08311,37,33,2,0,0,14.9199,0,-0.0872665,-4.08156,0.0788317,0,0.000191748,0,0
1493,2.40269,0,-0.00958767,0,0.0393883,6.07984,0.0223712,-4.0766,-0,-4.04927,37,33,2,0,0,14.9299,0,-0.0872665,-4.0766,0.0788406,0,0.000191748,0,0
1494,2.40269,0,-0.00213059,0.0112793,-0.0184085,6.07984,-0.0149142,-4.07627,-0,-4.11694,37,33,2,0,0,14.9399,0,-0.0872665,-4.07627,0.0788508,0,0.000191748,0,0
1495,2.40269,0,0.0010653,0,0.00385048,6.07984,0.00213059,-4.07608,-0,-4.06055,37,33,2,0,0,14.9499,0,-0.0872665,-4.07608,0.078852,0,0.000191748,0,0
1496,2.40269,0,0.00639178,0,0.00276847,6.07984,0.00426119,-4.08118,-0,-4.10566,37,33,2,0,0,14.9599,0,-0.0872665,-4.08118,0.0788325,0,0.000191748,0,0
1497,2.40269,0,-0.00426119,0,0.0408557,6.07984,0.00958767,-4.07618,-0,-4.11694,37,33,2,0,0,14.9699,0,-0.0872665,-4.07618,0.0788499,0,0.000191748,0,0
1498,2.40269,0,0.0202406,0,-0.0137012,6.07984,-0.00426119,-4.07493,-0,-4.10566,37,33,2,0,0,14.9799,0,-0.0872665,-4.07493,0.0788381,0,0.000191748,0,0
1499,2.40269,0,-0.0245018,0,0.00492959,6.07984,0.00852238,-4.07039,-0,-4.11694,37,33,2,0,0,14.9899,0,-0.0872665,-4.07039,0.0788548,0,0.000191748,0,0
1500,2.40269,0,0.00745708,0.0112793,-0.0481098,6.07984,0.0117183,-4.07655,-0,-4.10566,37,33,2,0,0,14.9999,0,-0.0872665,-4.07655,0.0788453,0,0.000191748,0,0
1501,2.40269,0,-0.00426119,0.0112793,0.0415811,6.07984,-0.0426119,-4.06712,-0,-4.11694,37,33,2,0,0,15.0099,0,-0.0872665,-4.06712,0.0788606,0,0.000191748,0,0
1502,2.40269,0,-0.00532648,0,0.0124514,6.07984,0.0202406,-4.07418,-0,-4.10566,37,33,2,0,0,15.0199,0,-0.0872665,-4.07418,0.0788578,0,0.000191748,0,0
1503,2.40269,0,-0.00213059,0.0338379,-0.00492877,6.07984,-0.0276977,-4.06417,-0,-4.06055,37,33,2,0,0,15.0299,0,-0.0872665,-4.06417,0.0788943,0,0.000191748,0,0
1504,2.40269,0,0.00426119,0,0.0334172,6.07984,0.0138489,-4.0758,-0,-4.11694,37,33,3,0,0,15.0399,0,-0.0872665,-4.0758,0.0788633,5.63645e-09,0.000191753,0.0504409,0.1
1505,2.40269,0,-0.00319589,-0.0112793,0.0333815,6.07984,-0.0191753,-4.06127,-0,-4.10566,37,33,3,0,0,15.0499,0,-0.0872665,-4.06127,0.0789246,1.52059e-07,0.0001919,0.051414,0.1
1506,2.40269,0,-0.00426119,0.0225586,-0.00248931,6.07984,-0.00426119,-4.06802,-0,-4.11694,37,33,3,0,0,15.0599,0,-0.0872665,-4.06802,0.0789048,7.04524e-07,0.000192452,0.052479,0.1
1507,2.40269,0,-0.00426119,0.0112793,0.0522449,6.07984,0.00532648,-4.07344,-0,-4.06055,37,33,3,0,0,15.0699,0,-0.0872665,-4.07344,0.0788709,1.93315e-06,0.000193681,0.0536345,0.1
1508,2.40269,0,0.0117183,-0.0112793,-0.00444776,6.07984,0.0255671,-4.06794,-0,-4.06055,37,33,3,0,0,15.0799,0,-0.0872665,-4.06806,0.078906,4.10983e-06,0.000195857,0.0548812,0.1
1509,2.40279,0,0.00426119,-0.0112793,0.00206866,6.07984,0.00319589,-4.0704,-0,-4.06055,37,33,3,0,0,15.0899,0,-0.0872665,-4.0704,0.0789164,7.49945e-06,0.000103373,0.0562164,0.1
1510,2.40279,0,0.0138489,-0.0112793,-0.020744,6.07984,0.0170448,-4.07365,-0,-4.06055,37,33,3,0,0,15.0999,0,-0.0872665,-4.07365,0.0789078,1.238e-05,0.000108254,0.0576428,0.1
1511,2.40279,0,0.0202406,0.0112793,0.00790742,6.07984,0.0362201,-4.07465,-0,-4.06055,37,33,3,0,0,15.1099,0,-0.0872665,-4.07672,0.0789067,1.90079e-05,0.000114882,0.0591565,0.1
1512,2.40279,0,0.00745708,0,-0.0179708,6.07984,-0.0159795,-4.06515,-0,-4.06055,37,33,3,0,0,15.1199,0,-0.0872665,-4.06515,0.0789383,2.76635e-05,0.000123537,0.06076,0.1
1513,2.40279,0,0.0213059,0,0.0347312,6.07984,0.010653,-4.07599,-0,-4.04927,37,33,3,0,0,15.1299,0,-0.0872665,-4.07599,0.0789113,3.86095e-05,0.000134483,0.0624516,0.1
1514,2.40279,0,0.0138489,0.0112793,0.0155443,6.07984,-0.0117183,-4.07106,-0,-4.04927,37,33,3,0,0,15.1399,0,-0.0872665,-4.07106,0.0789195,5.21133e-05,0.000147987,0.0642308,0.1
1515,2.40279,0,0.0117183,-0.0112793,0.0455993,6.07984,0.028763,-4.07008,-0,-4.06055,37,33,3,0,0,15.1499,0,-0.0872665,-4.07048,0.0789221,6.84548e-05,0.000164329,0.0660985,0.1
1516,2.40279,0,0.0149142,0,0.0136617,6.07984,-0.0223712,-4.06515,-0,-4.06055,37,33,3,0,0,15.1599,0,-0.0872665,-4.06515,0.0789407,8.78633e-05,0.000183737,0.0680502,0.1
1517,2.40279,0,-0.00958767,0.0112793,0.0374775,6.07984,0.028763,-4.07285,-0,-4.04927,37,33,3,0,0,15.1699,0,-0.0872665,-4.07383,0.0789227,0.000110628,0.000206502,0.0700883,0.1
1518,2.40279,0,0.00532648,0,0.0670705,6.07984,-0.0298283,-4.07237,-0,-4.07183,37,33,3,0,0,15.1799,0,-0.0872665,-4.07237,0.0789249,0.000137028,0.000232902,0.072213,0.1
1519,2.40279,0,0.0127836,0.0225586,0.0368794,6.07984,0.0117183,-4.07507,-0,-4.06055,37,33,3,0,0,15.1899,0,-0.0872665,-4.07507,0.0789064,0.0001673,0.000263174,0.0744217,0.1
1520,2.40279,0,0.0127836,0.0676758,0.0596257,6.07984,0.00532648,-4.07587,-0,-4.04927,37,33,3,0,0,15.1999,0,-0.0872665,-4.07587,0.0788974,0.000201699,0.000297573,0.0767133,0.1
1521,2.40279,0,-0.00213059,0.0676758,0.10181,6.07984,1.30461e-19,-4.07044,-0,-4.06055,37,33,3,0,0,15.2099,0,-0.0872665,-4.07044,0.0789142,0.000240527,0.000336401,0.0790899,0.1
1522,2.40279,0,-0.00852238,0.0789551,0.124854,6.07984,-0.00213059,-4.08013,-0,-4.07183,37,33,3,0,0,15.2199,0,-0.0872665,-4.08013,0.0788574,0.000284003,0.000379877,0.0815482,0.1
1523,2.40279,0,0.0127836,0.101514,0.105124,6.07984,-0.00958767,-4.07184,-0,-4.07183,37,33,3,0,0,15.2299,0,-0.0872665,-4.07184,0.0788985,0.00033239,0.000428263,0.0840878,0.1
1524,2.40279,0,0.0010653,0.112793,0.104099,6.07984,0.0223712,-4.08114,-0,-4.06055,37,33,3,0,0,15.2399,0,-0.0872665,-4.08114,0.0788627,0.000385934,0.000481808,0.0867076,0.1
1525,2.40279,0.00872665,0.0127836,0.135352,0.129945,6.07984,-0.00745708,-4.08297,-0.00872665,-4.08311,37,33,3,0,0,15.2499,0,-0.0872665,-4.08297,0.0788427,0.00044492,0.000540793,0.0894083,0.1
1526,2.40279,0,-0.0330242,0.0676758,0.121496,6.07984,0.00426119,-4.08096,-0,-4.08311,37,33,3,0,0,15.2599,0,-0.0872665,-4.08096,0.0788473,0.000509581,0.000605455,0.0921881,0.1
1527,2.40279,0,-0.00639178,0.146631,0.192293,6.07984,0.00852238,-4.08041,-0,-4.08311,37,33,3,0,0,15.2699,0,-0.0872665,-4.08041,0.0788432,0.000580201,0.000676075,0.0950474,0.1
1528,2.40279,0.00872665,0.00319589,0.191748,0.164162,6.07984,0.01811,-4.08791,-0,-4.09438,37,33,3,0,0,15.2799,0,-0.0872665,-4.08791,0.0788117,0.000656934,0.000752807,0.0979816,0.1
1529,2.40279,0,-0.010653,0.135352,0.174569,6.07984,-0.00852238,-4.08332,-0,-4.07183,37,33,3,0,0,15.2899,0,-0.0872665,-4.08332,0.0788154,0.000740163,0.000836037,0.100995,0.1
1530,2.40289,0,0.00745708,0.191748,0.121756,6.07984,0.00319589,-4.07287,-0,-4.07183,37,33,3,0,0,15.2999,0,-0.0872665,-4.07287,0.0788638,0.000830012,0.000830012,0.104082,0.1
1531,2.40289,0,0.00745708,0.169189,0.192993,6.07984,-0.00319589,-4.07635,-0,-4.10566,37,33,3,0,0,15.3099,0,-0.0872665,-4.07635,0.0788364,0.000926773,0.000926773,0.107244,0.1
1532,2.40289,0.0174533,6.52306e-19,0.191748,0.193601,6.07984,0.010653,-4.0773,-0,-4.06055,37,33,3,0,0,15.3199,0,-0.0872665,-4.0773,0.0788243,0.00103065,0.00103065,0.110479,0.1
1533,2.40289,0,-0.00639178,0.214307,0.230504,6.07984,-0.010653,-4.0829,-0,-4.06055,37,33,3,0,0,15.3299,0,-0.0872665,-4.0829,0.0788001,0.001142,0.001142,0.113788,0.1
1534,2.40289,0.00872665,0.00852238,0.248145,0.240059,6.07984,-0.0127836,-4.06918,-0,-4.04927,37,33,3,0,0,15.3399,0,-0.0872665,-4.06918,0.0788445,0.00126091,0.00126091,0.117167,0.1
1535,2.40289,0,-0.0010653,0.248145,0.264847,6.07984,0.00745708,-4.07966,-0,-4.04927,37,33,3,0,0,15.3499,0,-0.0872665,-4.07966,0.0788231,0.00138765,0.00138765,0.120616,0.1
1536,2.40298,0,-0.00532648,0.281982,0.260292,6.07984,0.00426119,-4.07408,-0,-4.07183,37,33,3,0,0,15.3599,0,-0.0872665,-4.07408,0.0788352,0.00152289,0.00142702,0.124145,0.1
1537,2.40298,0,0.00852238,0.281982,0.287479,6.07984,0.0138489,-4.08306,-0,-4.12822,37,33,3,0,0,15.3699,0,-0.0872665,-4.08306,0.078811,0.00166574,0.00156987,0.127724,0.1
1538,2.40298,0,-0.0010653,0.338379,0.368658,6.07984,-0.0138489,-4.0831,-0,-4.12822,37,33,3,0,0,15.3799,0,-0.0872665,-4.0831,0.0787857,0.00181749,0.00172162,0.131379,0.1
1539,2.40308,0,6.52306e-20,0.372217,0.349125,6.07984,0.0010653,-4.08668,-0,-4.11694,37,33,3,0,0,15.3899,0,-0.0872665,-4.08668,0.0787731,0.00197794,0.00178619,0.135099,0.1
1540,2.40308,0,0.00319589,0.338379,0.357001,6.07984,-0.0276977,-4.07745,-0,-4.11694,37,33,3,0,0,15.3999,0,-0.0872665,-4.07745,0.078799,0.00214741,0.00195567,0.138884,0.1
1541,2.40308,0,-0.00745708,0.360938,0.379738,6.07984,-0.00426119,-4.07179,-0,-4.10566,37,33,3,0,0,15.4099,0,-0.0872665,-4.07179,0.0788425,0.00232607,0.00213432,0.142732,0.1
1542,2.40317,0.00174533,0.0223712,0.383496,0.396181,6.07984,-0.00213059,-4.07584,-0,-4.11694,37,33,3,0,0,15.4199,0,-0.0872665,-4.07584,0.0788282,0.00251416,0.00222654,0.146643,0.1
1543,2.40317,0,0.00852238,0.417334,0.427593,6.07984,0.0202406,-4.07927,-0,-4.11694,37,33,3,0,0,15.4299,0,-0.0872665,-4.07927,0.0788328,0.00271185,0.00242422,0.150615,0.1
1544,2.40327,0.00174533,0.0266324,0.451172,0.500709,6.07984,0.028763,-4.08404,-0,-4.12822,37,33,3,0,0,15.4399,0,-0.0872665,-4.08451,0.0788066,0.00291944,0.00253595,0.154648,0.1
1545,2.40336,0.00698132,0.00745708,0.530127,0.507792,6.07984,0.0159795,-4.08191,-0,-4.11694,37,33,3,0,0,15.4499,0,-0.0872665,-4.08191,0.0788127,0.00313689,0.00265753,0.158736,0.1
1546,2.40336,0,0.0127836,0.462451,0.529304,6.07984,0.00319589,-4.07774,-0,-4.06055,37,33,3,0,0,15.46,0,-0.0872665,-4.07774,0.0788306,0.00336553,0.00288616,0.162898,0.1
1547,2.40346,0,0.00852238,0.507568,0.557287,6.07984,0.00532648,-4.07358,-0,-4.04927,37,33,3,0,0,15.4699,0,-0.0872665,-4.07358,0.0788538,0.00360306,0.00302782,0.167088,0.1
1548,2.40356,0,0.00852238,0.530127,0.539383,6.07984,0.00319589,-4.07767,-0,-4.08311,37,33,3,0,0,15.4799,0,-0.0872665,-4.07767,0.0788458,0.00385192,0.0031808,0.171346,0.1
1549,2.40365,0.0139626,0.00852238,0.530127,0.580168,6.07984,0.00852238,-4.07848,-0,-4.06055,37,33,3,0,0,15.4899,0,-0.0872665,-4.07848,0.0788478,0.00411164,0.00334465,0.175657,0.1
1550,2.40375,0.0122173,-0.00213059,0.575244,0.587041,6.07984,0.0245018,-4.08725,-0,-4.06055,37,33,3,0,0,15.4999,0,-0.0872665,-4.08725,0.0788108,0.00438237,0.0035195,0.18002,0.1
1551,2.40375,0.0174533,0.0276977,0.586523,0.61105,6.07984,-0.00426119,-4.07907,-0,-4.06055,37,33,3,0,0,15.5099,0,-0.0872665,-4.07907,0.0788347,0.00466429,0.00380142,0.184433,0.1
1552,2.40384,0.0174533,0.0138489,0.620361,0.692389,6.07984,-0.0138489,-4.07897,-0,-4.08311,37,33,3,0,0,15.5199,0,-0.0872665,-4.07897,0.0788305,0.00495761,0.00399888,0.188895,0.1
1553,2.40394,0,0.01811,0.665479,0.670747,6.07984,0.00532648,-4.0794,-0,-4.06055,37,33,3,0,0,15.5299,0,-0.0872665,-4.0794,0.0788107,0.00526247,0.00420786,0.193405,0.1
1554,2.40413,0.0174533,0.0127836,0.654199,0.674089,6.07984,0.0138489,-4.07393,-0,-4.07183,37,33,3,0,0,15.5399,0,-0.0872665,-4.07393,0.0788407,0.00557906,0.0043327,0.197961,0.1
1555,2.40423,0.0174533,0.0202406,0.665479,0.665599,6.07984,-0.0426119,-4.07209,-0,-4.08311,37,33,3,0,0,15.5499,0,-0.0872665,-4.07209,0.078829,0.0059076,0.00456537,0.202562,0.1
1556,2.40442,0.020944,0.0202406,0.699316,0.704081,6.07984,0.0191753,-4.07474,-0,-4.04927,37,33,3,0,0,15.5599,0,-0.0872665,-4.07474,0.078832,0.00624816,0.00471418,0.207205,0.1
1557,2.40461,0.0139626,0.0447425,0.688037,0.665246,6.07984,-0.0213059,-4.07317,-0,-4.07183,37,33,3,0,0,15.5699,0,-0.0872665,-4.07317,0.078826,0.00660094,0.00487521,0.211891,0.1
1558,2.4048,0.020944,0.0202406,0.688037,0.682693,6.07984,-1.23938e-18,-4.07682,-0,-4.04927,37,33,3,0,0,15.5799,0,-0.0872665,-4.07682,0.0788246,0.00696614,0.00504867,0.216616,0.1
1559,2.40499,0.020944,0.0159795,0.699316,0.732727,6.07984,-0.0191753,-4.08075,-0,-4.07183,37,33,3,0,0,15.5899,0,-0.0872665,-4.08075,0.0788093,0.00734389,0.00523467,0.221381,0.1
1560,2.40528,0.0296706,0.0351548,0.744434,0.717539,6.07984,0.00532648,-4.07606,-0,-4.08311,37,33,3,0,0,15.5999,0,-0.0872665,-4.07606,0.0788662,0.00773433,0.00533749,0.226182,0.1
1561,2.40557,0.0349066,0.0532648,0.699316,0.646766,6.07984,0.00319589,-4.07796,-0,-4.03799,37,33,3,0,0,15.6099,0,-0.0872665,-4.07796,0.0788636,0.00813761,0.00545314,0.231019,0.1
1562,2.40595,0.0418879,0.0426119,0.631641,0.597575,6.07984,-0.0213059,-4.07098,-0,-4.07183,37,33,3,0,0,15.6199,0,-0.0872665,-4.07098,0.0788818,0.0085539,0.00548593,0.235891,0.1
1563,2.40634,0.0453786,0.0649831,0.586523,0.578325,6.07984,0.0223712,-4.08416,-0,-4.04927,37,33,3,0,0,15.6299,0,-0.0872665,-4.08416,0.0788365,0.0089833,0.00553184,0.240794,0.1
1564,2.40672,0.0436332,0.0319589,0.518848,0.570179,6.07984,-0.0170448,-4.07235,-0,-4.06055,37,33,3,0,0,15.6399,0,-0.0872665,-4.07235,0.0788497,0.00942595,0.00559099,0.245729,0.1
1565,2.4073,0.0453786,0.0447425,0.631641,0.602586,6.07984,-0.00319589,-4.07458,-0,-4.04927,37,33,3,0,0,15.6499,0,-0.0872665,-4.07458,0.0788383,0.009882,0.0054718,0.250693,0.1
1566,2.40768,0.0436332,0.0649831,0.541406,0.517132,6.07984,-0.00958767,-4.0836,-0,-4.06055,37,33,3,0,0,15.6599,0,-0.0872665,-4.0836,0.0787862,0.0103516,0.00555788,0.255684,0.1
1567,2.40816,0.0471239,0.0276977,0.507568,0.553685,6.07984,0.0245018,-4.08093,-0,-4.08311,37,33,3,0,0,15.6699,0,-0.0872665,-4.08093,0.0788053,0.0108348,0.00556173,0.260702,0.1
1568,2.40864,0.0488692,0.0532648,0.541406,0.557764,6.07984,-0.00213059,-4.07821,-0,-4.07183,37,33,3,0,0,15.6799,0,-0.0872665,-4.07821,0.0788016,0.0113318,0.00557941,0.265745,0.1
1569,2.40912,0.0453786,0.0671137,0.518848,0.5059,6.07984,0.00745708,-4.07421,-0,-4.07183,37,33,3,0,0,15.6899,0,-0.0872665,-4.07421,0.0787959,0.0118425,0.00561074,0.270809,0.1
1570,2.4095,0.0488692,0.0458078,0.47373,0.533081,6.07984,0.00852238,-4.07476,-0,-4.06055,37,33,3,0,0,15.6999,0,-0.0872665,-4.07476,0.0787878,0.0123673,0.00575205,0.275895,0.1
1571,2.40998,0.0383972,0.0404813,0.530127,0.590563,6.07984,-0.00745708,-4.07821,-0,-4.04927,37,33,3,0,0,15.7099,0,-0.0872665,-4.07821,0.07877,0.0129062,0.00581156,0.281001,0.1
1572,2.41046,0.0488692,0.0564607,0.676758,0.63384,6.07984,-0.00852238,-4.08572,-0,-4.07183,37,33,3,0,0,15.7199,0,-0.0872665,-4.08572,0.0787421,0.0134592,0.00588522,0.286124,0.1
1573,2.41094,0.0471239,0.039416,0.631641,0.660426,6.07984,0.0255671,-4.08094,-0,-4.07183,37,33,3,0,0,15.7299,0,-0.0872665,-4.08118,0.0787546,0.0140266,0.00597317,0.291264,0.1
1574,2.41132,0.0366519,0.0596566,0.609082,0.610526,6.07984,0.0213059,-4.08409,-0,-4.06055,37,33,3,0,0,15.7399,0,-0.0872665,-4.08409,0.0787299,0.0146083,0.00617139,0.296418,0.1
1575,2.4119,0.0558505,0.0777667,0.586523,0.611544,6.07984,-0.00426119,-4.07978,-0,-4.12822,37,33,3,0,0,15.7499,0,-0.0872665,-4.07978,0.0787444,0.0152044,0.00619228,0.301585,0.1
1576,2.41238,0.0593412,0.057526,0.609082,0.647778,6.07984,0.0213059,-4.08543,-0,-4.10566,37,33,3,0,0,15.7599,0,-0.0872665,-4.08543,0.0787141,0.0158151,0.00632358,0.306763,0.1
1577,2.41295,0.0471239,0.0639178,0.688037,0.584306,6.07984,-0.0383507,-4.07232,-0,-4.12822,37,33,3,0,0,15.7699,0,-0.0872665,-4.07232,0.0787745,0.0164404,0.00637364,0.311951,0.1
1578,2.41362,0.0733038,0.0873543,0.586523,0.555271,6.07984,0.00852238,-4.08492,-0,-4.12822,37,33,3,0,0,15.7799,0,-0.0872665,-4.08492,0.0787241,0.0170803,0.00634245,0.317147,0.1
1579,2.4141,0.0680678,0.0724402,0.518848,0.552256,6.07984,0.00532648,-4.08261,-0,-4.12822,37,33,3,0,0,15.7899,0,-0.0872665,-4.08261,0.0787135,0.017735,0.00651779,0.322348,0.1
1580,2.41477,0.0733038,0.0703096,0.518848,0.59965,6.07984,0.0138489,-4.08842,-0,-4.1395,37,33,3,0,0,15.7999,0,-0.0872665,-4.08842,0.0786966,0.0184045,0.00651616,0.327554,0.1
1581,2.41554,0.0610865,0.0692443,0.507568,0.56904,6.07984,-0.0245018,-4.07465,-0,-4.12822,37,33,3,0,0,15.8099,0,-0.0872665,-4.07465,0.0787389,0.0190888,0.0064335,0.332762,0.1
1582,2.41621,0.0750492,0.0607219,0.518848,0.516826,6.07984,0.0202406,-4.08131,-0,-4.11694,37,33,3,0,0,15.8199,0,-0.0872665,-4.08131,0.0787203,0.0197881,0.00646162,0.337971,0.1
1583,2.41698,0.0802851,0.057526,0.496289,0.500946,6.07984,-0.0191753,-4.08591,-0,-4.11694,37,33,3,0,0,15.8299,0,-0.0872665,-4.08591,0.0787026,0.0205027,0.00640924,0.343183,0.1
1584,2.41775,0.0698132,0.0692443,0.462451,0.468966,6.07984,0.0191753,-4.08746,-0,-4.12822,37,33,3,0,0,15.8399,0,-0.0872665,-4.08746,0.0787061,0.0212316,0.00637115,0.348386,0.1
1585,2.41851,0.0750492,0.0767014,0.609082,0.523116,6.07974,-0.00426119,-4.09315,-0,-4.1395,37,33,3,0,0,15.8499,0,-0.0872665,-4.09315,0.0786615,0.0219758,0.00634837,0.353587,0.1
1586,2.41918,0.0680678,0.068179,0.541406,0.541127,6.07974,0.00319589,-4.09623,-0,-4.07183,37,33,3,0,0,15.8599,0,-0.0872665,-4.09623,0.0786357,0.0227356,0.00643704,0.358786,0.1
1587,2.41995,0.0698132,0.0820279,0.541406,0.522188,6.07974,-0.00213059,-4.1003,-0,-4.15078,37,33,3,0,0,15.8699,0,-0.0872665,-4.1003,0.0785899,0.0235096,0.00644404,0.363971,0.1
1588,2.42062,0.0750492,0.0607219,0.541406,0.554852,6.07974,-0.00319589,-4.09035,-0,-4.15078,37,33,3,0,0,15.8799,0,-0.0872665,-4.09035,0.078613,0.0242992,0.00656251,0.36915,0.1
1589,2.42129,0.0715585,0.0809626,0.676758,0.558151,6.07974,-0.00213059,-4.09905,-0,-4.08311,37,33,3,0,0,15.8899,0,-0.0872665,-4.09905,0.0785832,0.0251038,0.00669605,0.374317,0.1
1590,2.42196,0.0733038,0.057526,0.563965,0.603914,6.07974,-0.0159795,-4.09556,-0,-4.08311,37,33,3,0,0,15.8999,0,-0.0872665,-4.09556,0.0785805,0.0259237,0.00684482,0.379472,0.1
1591,2.42264,0.0645772,0.0724402,0.586523,0.626359,6.07974,-0.0223712,-4.0959,-0,-4.08311,37,33,3,0,0,15.9099,0,-0.0872665,-4.0959,0.0785668,0.0267587,0.0070087,0.384611,0.1
1592,2.4234,0.0680678,0.0937461,0.631641,0.59199,6.07974,-0.0127836,-4.09165,-0,-4.07183,37,33,3,0,0,15.9199,0,-0.0872665,-4.09165,0.0785985,0.0276089,0.00709188,0.389735,0.1
1593,2.42426,0.0855211,0.0649831,0.563965,0.543423,6.07974,0.0298283,-4.09473,-0,-4.07183,37,33,3,0,0,15.9299,0,-0.0872665,-4.09488,0.0786044,0.0284742,0.00709435,0.39484,0.1
1594,2.42513,0.0959931,0.0990726,0.586523,0.522439,6.07974,-0.0138489,-4.09026,-0,-4.08311,37,33,3,0,0,15.9399,0,-0.0872665,-4.09026,0.078611,0.0293547,0.00711194,0.399926,0.1
1595,2.42599,0.0890118,0.0873543,0.552686,0.52749,6.07974,0.0308936,-4.09642,-0,-4.07183,37,33,3,0,0,15.9499,0,-0.0872665,-4.09643,0.0785919,0.0302503,0.00714468,0.40499,0.1
1596,2.42685,0.0820305,0.0894849,0.530127,0.507628,6.07974,-0.0159795,-4.10027,-0,-4.1395,37,33,3,0,0,15.9599,0,-0.0872665,-4.10027,0.0785457,0.031161,0.00719256,0.410031,0.1
1597,2.42781,0.0855211,0.100138,0.507568,0.441467,6.07974,0.00319589,-4.09239,-0,-4.09438,37,33,3,0,0,15.9699,0,-0.0872665,-4.09239,0.0785634,0.0320869,0.00715968,0.415047,0.1
1598,2.42868,0.0855211,0.0745708,0.462451,0.451501,6.07974,0.00745708,-4.09876,-0,-4.08311,37,33,3,0,0,15.9799,0,-0.0872665,-4.09876,0.0785278,0.0330278,0.0072377,0.420036,0.1
1599,2.42944,0.0872665,0.0639178,0.518848,0.555277,6.07974,0.0191753,-4.10515,-0,-4.08311,37,33,3,0,0,15.9899,0,-0.0872665,-4.10515,0.0784701,0.0339837,0.00742668,0.424997,0.1
1600,2.4303,0.0837758,0.0841585,0.563965,0.675274,6.07974,0.00426119,-4.10807,-0,-4.09438,37,33,3,0,0,15.9999,0,-0.0872665,-4.10807,0.0784465,0.0349547,0.00753475,0.429928,0.1
1601,2.43107,0.0698132,0.0745708,0.597803,0.725923,6.07974,0.00319589,-4.09648,-0,-4.09438,37,33,3,0,0,16.0099,0,-0.0872665,-4.09648,0.0784851,0.0359405,0.00775362,0.434827,0.1
1602,2.43193,0.0750492,0.057526,0.778271,0.766006,6.07974,0.00213059,-4.09593,-0,-4.08311,37,33,3,0,0,16.0199,0,-0.0872665,-4.09593,0.0785001,0.0369413,0.00789158,0.439693,0.1
1603,2.4327,0.0890118,0.0862891,0.710596,0.758942,6.07974,-0.0138489,-4.09086,-0,-4.10566,37,33,3,0,0,16.0299,0,-0.0872665,-4.09086,0.078525,0.0379571,0.00814031,0.444524,0.1
1604,2.43356,0.0872665,0.0926808,0.665479,0.725151,6.07974,0.0213059,-4.09684,-0,-4.07183,37,33,3,0,0,16.0399,0,-0.0872665,-4.09684,0.0785239,0.0389875,0.00830787,0.449318,0.1
1605,2.43443,0.0802851,0.0894849,0.766992,0.727131,6.07974,-0.00426119,-4.10188,-0,-4.08311,37,33,3,0,0,16.0499,0,-0.0872665,-4.10188,0.0784816,0.0400327,0.00849026,0.454073,0.1
1606,2.43539,0.0837758,0.0905502,0.744434,0.728291,6.07974,-5.5446e-18,-4.08547,-0,-4.06055,37,33,3,0,0,16.0599,0,-0.0872665,-4.08547,0.0785506,0.0410926,0.00859135,0.458789,0.1
1607,2.43625,0.102974,0.104399,0.766992,0.710634,6.07974,-0.00213059,-4.09495,-0,-4.07183,37,33,3,0,0,16.0699,0,-0.0872665,-4.09495,0.0785238,0.0421671,0.00880301,0.463463,0.1
1608,2.43711,0.0785398,0.0990726,0.755713,0.706501,6.07974,-0.00532648,-4.09661,-0,-4.08311,37,33,3,0,0,16.0799,0,-0.0872665,-4.09661,0.0785224,0.043256,0.00902904,0.468093,0.1
1609,2.43807,0.0942478,0.0873543,0.733154,0.779418,6.07974,-0.0234365,-4.09961,-0,-4.09438,37,33,3,0,0,16.0899,0,-0.0872665,-4.09961,0.0785005,0.0443595,0.00917377,0.472679,0.1
1610,2.43903,0.0785398,0.0852238,0.812109,0.822347,6.07974,0.00852238,-4.10348,-0,-4.09438,37,33,3,0,0,16.0999,0,-0.0872665,-4.10348,0.0784645,0.0454772,0.0093328,0.477218,0.1
1611,2.44008,0.0942478,0.115052,0.879785,0.783506,6.07974,-0.00639178,-4.10228,-0,-4.08311,37,33,3,0,0,16.1099,0,-0.0872665,-4.10228,0.0784697,0.0466093,0.00941023,0.481708,0.1
1612,2.44104,0.109956,0.127836,0.857227,0.774995,6.07974,0.00319589,-4.09737,-0,-4.08311,37,33,3,0,0,16.1199,0,-0.0872665,-4.09737,0.0784988,0.0477555,0.00959771,0.48615,0.1
1613,2.44219,0.102974,0.102269,0.823389,0.673296,6.07974,0.0159795,-4.10315,-0,-4.07183,37,33,3,0,0,16.1299,0,-0.0872665,-4.10315,0.0784982,0.0489156,0.00960734,0.490539,0.1
1614,2.44334,0.109956,0.136358,0.699316,0.606323,6.07974,-0.010653,-4.0937,-0,-4.09438,37,33,3,0,0,16.1399,0,-0.0872665,-4.0937,0.0785191,0.0500899,0.00963111,0.494876,0.1
1615,2.4444,0.109956,0.129966,0.597803,0.586721,6.07974,0.0159795,-4.10266,-0,-4.08311,37,33,3,0,0,16.1499,0,-0.0872665,-4.10266,0.0784906,0.0512779,0.00976457,0.499158,0.1
1616,2.44555,0.116937,0.101203,0.609082,0.627556,6.07974,-0.0010653,-4.10183,-0,-4.08311,37,33,3,0,0,16.1599,0,-0.0872665,-4.10183,0.0784679,0.0524796,0.00981573,0.503384,0.1
1617,2.4467,0.113446,0.10653,0.676758,0.688858,6.07965,0.0149142,-4.1065,-0,-4.08311,37,33,3,0,0,16.1699,0,-0.0872665,-4.1065,0.0784525,0.0536949,0.00988061,0.507553,0.1
1618,2.44785,0.102974,0.120379,0.676758,0.709408,6.07965,-0.0117183,-4.10475,-0,-4.09438,37,33,3,0,0,16.1799,0,-0.0872665,-4.10475,0.0784528,0.0549238,0.009959,0.511663,0.1
1619,2.4491,0.120428,0.116117,0.721875,0.686386,6.07965,0.0255671,-4.1039,-0,-4.07183,37,33,3,0,0,16.1899,0,-0.0872665,-4.10399,0.0784526,0.0561659,0.00995478,0.515712,0.1
1620,2.45034,0.118682,0.137423,0.688037,0.605839,6.07965,-0.0223712,-4.09988,-0,-4.15078,37,33,3,0,0,16.1999,0,-0.0872665,-4.09988,0.0784607,0.0574213,0.00996375,0.519699,0.1
1621,2.45159,0.132645,0.135293,0.575244,0.563465,6.07965,0.00852238,-4.09765,-0,-4.1395,37,33,3,0,0,16.2099,0,-0.0872665,-4.09765,0.0784882,0.0586897,0.00998579,0.523623,0.1
1622,2.45293,0.136136,0.165121,0.48501,0.424431,6.07965,0.0127836,-4.09754,-0,-4.1395,37,33,3,0,0,16.2199,0,-0.0872665,-4.09754,0.0784911,0.0599709,0.0099248,0.527481,0.1
1623,2.45437,0.143117,0.125705,0.439893,0.406391,6.07965,-0.0127836,-4.09687,-0,-4.1395,37,33,3,0,0,16.2299,0,-0.0872665,-4.09687,0.0784945,0.0612651,0.00978086,0.531274,0.1
1624,2.45571,0.13439,0.127836,0.394775,0.386378,6.07965,-0.0159795,-4.11051,-0,-4.08311,37,33,3,0,0,16.2399,0,-0.0872665,-4.11051,0.0784266,0.0625718,0.00974537,0.534998,0.1
1625,2.45705,0.139626,0.115052,0.394775,0.394986,6.07965,-0.0223712,-4.10442,-0,-4.16206,37,33,3,0,0,16.2499,0,-0.0872665,-4.10442,0.0784223,0.063891,0.00972226,0.538653,0.1
1626,2.4584,0.137881,0.138489,0.394775,0.451536,6.07965,0.0202406,-4.1154,-0,-4.16206,37,33,3,0,0,16.2599,0,-0.0872665,-4.11593,0.0783603,0.0652224,0.00971151,0.542238,0.1
1627,2.45974,0.123918,0.127836,0.417334,0.497343,6.07965,-0.0170448,-4.10859,-0,-4.16206,37,33,3,0,0,16.2699,0,-0.0872665,-4.10859,0.0783591,0.066566,0.00971287,0.54575,0.1
1628,2.46108,0.148353,0.135293,0.507568,0.528318,6.07965,-0.0010653,-4.10792,-0,-4.09438,37,33,3,0,0,16.2799,0,-0.0872665,-4.10792,0.0783614,0.0679215,0.0097261,0.549189,0.1
1629,2.46233,0.123918,0.131032,0.507568,0.545813,6.07965,-0.010653,-4.1071,-0,-4.08311,37,33,3,0,0,16.2899,0,-0.0872665,-4.1071,0.0783573,0.0692888,0.00984708,0.552554,0.1
1630,2.46357,0.123918,0.119313,0.654199,0.589347,6.07965,-0.0159795,-4.10738,-0,-4.16206,37,33,3,0,0,16.2999,0,-0.0872665,-4.10738,0.0783522,0.0706677,0.00997956,0.555842,0.1
1631,2.46482,0.1309,0.134227,0.552686,0.594463,6.07965,-0.00213059,-4.113,-0,-4.09438,37,33,3,0,0,16.3099,0,-0.0872665,-4.113,0.0783117,0.0720581,0.0101236,0.559054,0.1
1632,2.46616,0.129154,0.14275,0.676758,0.595466,6.07965,0.00639178,-4.10438,-0,-4.08311,37,33,3,0,0,16.3199,0,-0.0872665,-4.10438,0.0783524,0.0734595,0.0101828,0.562187,0.1
1633,2.4675,0.122173,0.147011,0.631641,0.613263,6.07965,-0.0127836,-4.10713,-0,-4.08311,37,33,3,0,0,16.3299,0,-0.0872665,-4.10713,0.0783368,0.0748721,0.0102531,0.565239,0.1
1634,2.46885,0.146608,0.125705,0.563965,0.605241,6.07965,0.00213059,-4.10711,-0,-4.08311,37,33,3,0,0,16.3399,0,-0.0872665,-4.10711,0.0783392,0.0762954,0.0103343,0.568211,0.1
1635,2.47019,0.118682,0.125705,0.597803,0.5337,6.07965,0.0010653,-4.11212,-0,-4.08311,37,33,3,0,0,16.3499,0,-0.0872665,-4.11212,0.0783196,0.0777294,0.010426,0.571101,0.1
1636,2.47153,0.129154,0.134227,0.552686,0.514846,6.07965,-0.00852238,-4.10802,-0,-4.08311,37,33,3,0,0,16.3599,0,-0.0872665,-4.10802,0.078316,0.0791739,0.0105282,0.573907,0.1
1637,2.47287,0.141372,0.112921,0.597803,0.595057,6.07965,0.028763,-4.11883,-0,-4.08311,37,33,3,0,0,16.3699,0,-0.0872665,-4.12298,0.0782372,0.0806285,0.0106406,0.576628,0.1
1638,2.47422,0.13439,0.134227,0.64292,0.672589,6.07965,-0.0117183,-4.11643,-0,-4.10566,37,33,3,0,0,16.3799,0,-0.0872665,-4.11643,0.0782502,0.082093,0.0107629,0.579263,0.1
1639,2.47546,0.141372,0.113987,0.631641,0.740597,6.07965,0.0138489,-4.1221,-0,-4.10566,37,33,3,0,0,16.3899,0,-0.0872665,-4.1221,0.0782234,0.0835674,0.010991,0.581812,0.1
1640,2.4769,0.143117,0.149142,0.744434,0.744551,6.07965,0.00213059,-4.11291,-0,-4.10566,37,33,3,0,0,16.3999,0,-0.0872665,-4.11291,0.0782403,0.0850514,0.0110368,0.584273,0.1
1641,2.47824,0.1309,0.167252,0.665479,0.69536,6.07965,-0.00852238,-4.11128,-0,-4.11694,37,33,3,0,0,16.4099,0,-0.0872665,-4.11128,0.0782602,0.0865447,0.0111879,0.586644,0.1
1642,2.47968,0.132645,0.139554,0.575244,0.602404,6.07965,-0.0010653,-4.10816,-0,-4.11694,37,33,3,0,0,16.4199,0,-0.0872665,-4.10816,0.0782762,0.088047,0.0112521,0.588926,0.1
1643,2.48112,0.137881,0.141684,0.541406,0.58633,6.07965,-8.67567e-18,-4.11469,-0,-4.09438,37,33,3,0,0,16.4299,0,-0.0872665,-4.11469,0.0782382,0.0895583,0.0113253,0.591116,0.1
1644,2.48246,0.141372,0.155533,0.631641,0.643537,6.07955,-0.00426119,-4.12048,-0,-4.11694,37,33,3,0,0,16.4399,0,-0.0872665,-4.12048,0.0781864,0.0910781,0.0115028,0.593213,0.1
1645,2.48399,0.158825,0.135293,0.563965,0.692224,6.07955,0.0010653,-4.12201,-0,-4.11694,37,33,3,0,0,16.4499,0,-0.0872665,-4.12201,0.0781677,0.0926064,0.0114972,0.595218,0.1
1646,2.48543,0.132645,0.131032,0.733154,0.671127,6.07955,-0.01811,-4.12852,-0,-4.11694,37,33,3,0,0,16.4599,0,-0.0872665,-4.12852,0.0781265,0.0941427,0.0115954,0.597129,0.1
1647,2.48677,0.148353,0.140619,0.654199,0.791125,6.07955,-0.0234365,-4.12346,-0,-4.10566,37,33,3,0,0,16.4699,0,-0.0872665,-4.12346,0.0781454,0.0956872,0.0117976,0.598944,0.1
1648,2.48821,0.137881,0.153403,0.710596,0.800093,6.07955,-0.0319589,-4.1229,-0,-4.10566,37,33,3,0,0,16.4799,0,-0.0872665,-4.1229,0.0781218,0.0972391,0.0119114,0.600663,0.1
1649,2.48955,0.123918,0.133162,0.778271,0.759402,6.07955,-0.00639178,-4.1233,-0,-4.10566,37,33,3,0,0,16.4899,0,-0.0872665,-4.1233,0.0781154,0.0987985,0.0121286,0.602286,0.1
1650,2.49099,0.151844,0.148076,0.80083,0.809575,6.07955,0.00532648,-4.13114,-0,-4.10566,37,33,3,0,0,16.4999,0,-0.0872665,-4.13114,0.0780751,0.100365,0.0122569,0.60381,0.1
1651,2.49243,0.150098,0.168317,0.868506,0.832313,6.07955,-0.00852238,-4.12401,-0,-4.10566,37,33,3,0,0,16.5099,0,-0.0872665,-4.12401,0.0781163,0.101938,0.0123921,0.605236,0.1
1652,2.49397,0.148353,0.14488,0.80083,0.77605,6.07945,0.0138489,-4.12553,-0,-4.11694,37,33,3,0,0,16.5199,0,-0.0872665,-4.12553,0.0781251,0.103518,0.0124381,0.606562,0.1
1653,2.49559,0.153589,0.159795,0.733154,0.659328,6.07945,0.00213059,-4.1192,-0,-4.10566,37,33,3,0,0,16.5299,0,-0.0872665,-4.1192,0.0781602,0.105105,0.0123946,0.607788,0.1
1654,2.49703,0.148353,0.164056,0.586523,0.597576,6.07945,0.0159795,-4.12373,-0.015708,-4.11694,37,33,3,0,0,16.5399,0,-0.0872665,-4.12373,0.0781353,0.106697,0.0125489,0.608913,0.1
1655,2.49866,0.167552,0.155533,0.575244,0.606753,6.07945,0.0159795,-4.12409,-0,-4.11694,37,33,3,0,0,16.5499,0,-0.0872665,-4.12409,0.0781062,0.108295,0.0125172,0.609937,0.1
1656,2.50029,0.146608,0.174709,0.530127,0.601874,6.07945,0.0308936,-4.12488,-0,-4.09438,37,33,3,0,0,16.5599,0,-0.0872665,-4.12633,0.0780996,0.109899,0.0124911,0.610858,0.1
1657,2.50202,0.179769,0.173643,0.64292,0.636621,6.07945,-0.0149142,-4.12184,-0,-4.11694,37,33,3,0,0,16.5699,0,-0.0872665,-4.12184,0.078115,0.111508,0.0123745,0.611676,0.1
1658,2.50374,0.158825,0.182166,0.552686,0.569663,6.07945,0.0127836,-4.12671,-0.00872665,-4.09438,37,33,3,0,0,16.5799,0,-0.0872665,-4.12671,0.0781265,0.113122,0.0122626,0.612389,0.1
1659,2.50537,0.172788,0.188558,0.451172,0.450669,6.07945,-0.010653,-4.13023,-0,-4.11694,37,33,3,0,0,16.5899,0,-0.0872665,-4.13023,0.0780996,0.114741,0.0122515,0.612999,0.1
1660,2.5071,0.169297,0.183231,0.394775,0.449059,6.07945,-0.00532648,-4.12519,-0,-4.10566,37,33,3,0,0,16.5999,0,-0.0872665,-4.12519,0.0781119,0.116364,0.0121489,0.613504,0.1
1661,2.50873,0.164061,0.155533,0.439893,0.472346,6.07945,0.00213059,-4.13097,-0.00872665,-4.10566,37,33,3,0,0,16.6099,0,-0.0872665,-4.13097,0.0780635,0.117991,0.0121462,0.613903,0.1
1662,2.51046,0.167552,0.171513,0.496289,0.480907,6.07936,-0.0010653,-4.12673,-0,-4.1959,37,33,3,0,0,16.6199,0,-0.0872665,-4.12673,0.0780724,0.119622,0.0120514,0.614195,0.1
1663,2.51209,0.143117,0.166186,0.47373,0.544063,6.07936,0.0159795,-4.13185,-0,-4.18462,37,33,3,0,0,16.6299,0,-0.0872665,-4.13185,0.0780395,0.121256,0.0120561,0.614382,0.1
1664,2.51362,0.171042,0.168317,0.575244,0.613853,6.07936,0.00958767,-4.12324,-0,-4.18462,37,33,3,0,0,16.6399,0,-0.0872665,-4.12324,0.0780499,0.122894,0.01216,0.614461,0.1
1665,2.51525,0.141372,0.159795,0.631641,0.668836,6.07936,-0.00532648,-4.12406,-0,-4.17334,37,33,3,0,0,16.6499,0,-0.0872665,-4.12406,0.0780377,0.124535,0.0121709,0.614432,0.1
1666,2.51669,0.136136,0.151272,0.676758,0.70152,6.07936,-0.0117183,-4.12878,-0,-4.18462,37,33,3,0,0,16.6599,0,-0.0872665,-4.12878,0.0780149,0.126178,0.0123761,0.614295,0.1
1667,2.51822,0.158825,0.134227,0.755713,0.769664,6.07936,-0.0223712,-4.13566,-0.015708,-4.18462,37,33,3,0,0,16.6699,0,-0.0872665,-4.13566,0.0779725,0.127824,0.0124879,0.61405,0.1
1668,2.51976,0.153589,0.151272,0.778271,0.777295,6.07936,-0.0191753,-4.13102,-0,-4.18462,37,33,3,0,0,16.6799,0,-0.0872665,-4.13102,0.0779984,0.129472,0.0126016,0.613696,0.1
1669,2.52129,0.158825,0.168317,0.733154,0.710982,6.07936,0.0170448,-4.12543,-0,-4.17334,37,33,3,0,0,16.6899,0,-0.0872665,-4.12543,0.078058,0.131121,0.0127173,0.613233,0.1
1670,2.52282,0.151844,0.172578,0.744434,0.724378,6.07936,-0.0138489,-4.12712,-0,-4.12822,37,33,3,0,0,16.6999,0,-0.0872665,-4.12712,0.0780407,0.132772,0.0128342,0.612661,0.1
1671,2.52436,0.151844,0.149142,0.733154,0.719205,6.07936,-0.00958767,-4.12535,-0,-4.10566,37,33,3,0,0,16.7099,0,-0.0872665,-4.12535,0.0780387,0.134424,0.0129523,0.611979,0.1
1672,2.52589,0.148353,0.141684,0.755713,0.73143,6.07936,-0.00532648,-4.13375,-0,-4.11694,37,33,3,0,0,16.7199,0,-0.0872665,-4.13375,0.0779924,0.136077,0.0130711,0.611187,0.1
1673,2.52743,0.162316,0.154468,0.766992,0.814423,6.07926,0.01811,-4.13031,-0,-4.11694,37,33,3,0,0,16.7299,0,-0.0872665,-4.13031,0.0780052,0.137731,0.0131908,0.610284,0.1
1674,2.52925,0.185005,0.155533,0.710596,0.804804,6.07926,0.0010653,-4.137,-0,-4.11694,37,33,3,0,0,16.7399,0,-0.0872665,-4.137,0.0779793,0.139384,0.0130226,0.609271,0.1
1675,2.53078,0.165806,0.183231,0.676758,0.660195,6.07926,-0.0117183,-4.13115,-0,-4.10566,37,33,3,0,0,16.7499,0,-0.0872665,-4.13115,0.0780227,0.141038,0.013142,0.608148,0.1
1676,2.53251,0.165806,0.175774,0.575244,0.549494,6.07926,0.00532648,-4.13388,-0,-4.10566,37,33,3,0,0,16.7599,0,-0.0872665,-4.13388,0.0779983,0.142692,0.0130704,0.606913,0.1
1677,2.53414,0.158825,0.159795,0.575244,0.550934,6.07926,-0.0127836,-4.12966,-0,-4.18462,37,33,3,0,0,16.7699,0,-0.0872665,-4.12966,0.077989,0.144343,0.0130917,0.605569,0.1
1678,2.53567,0.171042,0.153403,0.586523,0.645358,6.07926,0.00213059,-4.14157,-0,-4.09438,37,33,3,0,0,16.7799,0,-0.0872665,-4.14157,0.0779063,0.145994,0.0132089,0.604113,0.1
1679,2.5374,0.153589,0.177905,0.688037,0.698443,6.07926,-0.0276977,-4.12574,-0,-4.09438,37,33,3,0,0,16.7899,0,-0.0872665,-4.12574,0.077961,0.147644,0.0131329,0.602546,0.1
1680,2.53903,0.15708,0.161925,0.721875,0.755409,6.07926,0.00745708,-4.1384,-0,-4.12822,37,33,3,0,0,16.7999,0,-0.0872665,-4.1384,0.0779211,0.149292,0.0131512,0.600868,0.1
1681,2.54066,0.15708,0.157664,0.789551,0.756401,6.07917,-0.01811,-4.1309,-0,-4.11694,37,33,3,0,0,16.8099,0,-0.0872665,-4.1309,0.077944,0.150938,0.0131672,0.599079,0.1
1682,2.54209,0.146608,0.151272,0.699316,0.755541,6.07917,0.0383507,-4.14122,-0,-4.11694,37,33,3,0,0,16.8199,0,-0.0872665,-4.14358,0.0778874,0.152582,0.0133728,0.597179,0.1
1683,2.54382,0.172788,0.175774,0.721875,0.710578,6.07917,0.0117183,-4.14222,-0,-4.11694,37,33,3,0,0,16.8299,0,-0.0872665,-4.14222,0.0778771,0.154223,0.0132881,0.595168,0.1
1684,2.54535,0.158825,0.189623,0.676758,0.706302,6.07917,-0.0159795,-4.12814,-0.00872665,-4.11694,37,33,3,0,0,16.8399,0,-0.0872665,-4.12814,0.0779561,0.155861,0.0133921,0.593047,0.1
1685,2.54708,0.169297,0.174709,0.80083,0.651611,6.07917,-0.0213059,-4.12993,-0,-4.09438,37,33,3,0,0,16.8499,0,-0.0872665,-4.12993,0.077973,0.157495,0.0133011,0.590815,0.1
1686,2.5488,0.171042,0.167252,0.597803,0.611701,6.07917,-0.0010653,-4.12495,-0,-4.10566,37,33,3,0,0,16.8599,0,-0.0872665,-4.12495,0.0780115,0.159126,0.0132064,0.588472,0.1
1687,2.55043,0.176278,0.182166,0.620361,0.521373,6.07907,0.0234365,-4.1353,-0,-4.12822,37,33,3,0,0,16.8699,0,-0.0872665,-4.13761,0.077977,0.160753,0.0132037,0.586019,0.1
1688,2.55226,0.167552,0.187492,0.586523,0.472874,6.07907,0.00639178,-4.12838,-0,-4.10566,37,33,3,0,0,16.8799,0,-0.0872665,-4.12838,0.0779883,0.162376,0.0130048,0.583456,0.1
1689,2.55389,0.178024,0.161925,0.47373,0.513027,6.07907,0.0159795,-4.14179,-0,-4.12822,37,33,3,0,0,16.8899,0,-0.0872665,-4.14179,0.0779227,0.163994,0.0129931,0.580783,0.1
1690,2.5558,0.169297,0.155533,0.507568,0.522135,6.07907,-0.0117183,-4.13248,-0,-4.16206,37,33,3,0,0,16.8999,0,-0.0872665,-4.13248,0.0779356,0.165608,0.0126888,0.578001,0.1
1691,2.55743,0.165806,0.182166,0.451172,0.496013,6.07907,-1.11544e-17,-4.13361,-0,-4.11694,37,33,3,0,0,16.9099,0,-0.0872665,-4.13361,0.0779291,0.167216,0.012667,0.575109,0.1
1692,2.55916,0.165806,0.191753,0.428613,0.432399,6.07907,-0.010653,-4.13021,-0,-4.12822,37,33,3,0,0,16.9199,0,-0.0872665,-4.13021,0.0779388,0.168818,0.0125436,0.572109,0.1
1693,2.56069,0.150098,0.157664,0.428613,0.42749,6.07907,0.00852238,-4.13778,-0,-4.11694,37,33,3,0,0,16.9299,0,-0.0872665,-4.13778,0.0778907,0.170414,0.0126061,0.569,0.1
1694,2.56232,0.178024,0.170448,0.507568,0.544397,6.07897,-0.0362201,-4.13483,-0.00872665,-4.1395,37,33,3,0,0,16.9399,0,-0.0872665,-4.13483,0.0778473,0.172005,0.0125665,0.565783,0.1
1695,2.56386,0.137881,0.138489,0.597803,0.604434,6.07897,0.00213059,-4.13084,-0,-4.10566,37,33,3,0,0,16.9499,0,-0.0872665,-4.13084,0.0778734,0.173588,0.0126162,0.562458,0.1
1696,2.5653,0.144862,0.148076,0.654199,0.689827,6.07897,-0.0159795,-4.13679,-0.00872665,-4.11694,37,33,3,0,0,16.9599,0,-0.0872665,-4.13679,0.0778512,0.175165,0.0127549,0.559026,0.1
1697,2.56673,0.141372,0.145946,0.710596,0.773042,6.07888,0.0223712,-4.1376,-0.0122173,-4.12822,37,33,3,0,0,16.9699,0,-0.0872665,-4.1376,0.0778643,0.176735,0.0128863,0.555487,0.1
1698,2.56808,0.123918,0.127836,0.812109,0.801569,6.07888,-0.00426119,-4.13516,-0.00872665,-4.11694,37,33,3,0,0,16.9799,0,-0.0872665,-4.13516,0.077899,0.178297,0.0131062,0.551842,0.1
1699,2.56961,0.15708,0.153403,0.879785,0.864457,6.07878,-0.00532648,-4.12666,-0,-4.18462,37,33,3,0,0,16.9899,0,-0.0872665,-4.12666,0.0779616,0.179851,0.0131265,0.548091,0.1
1700,2.57105,0.136136,0.139554,0.857227,0.876725,6.07878,0.00319589,-4.12771,-0.00698132,-4.17334,37,33,3,0,0,16.9999,0,-0.0872665,-4.12771,0.0779973,0.181397,0.0132344,0.544235,0.1
1701,2.57258,0.139626,0.167252,0.812109,0.81325,6.07869,-0.00532648,-4.11269,-0.00872665,-4.16206,37,33,3,0,0,17.0099,0,-0.0872665,-4.11269,0.0781017,0.182935,0.013238,0.540275,0.1
1702,2.57421,0.148353,0.170448,0.80083,0.706643,6.07859,-0.0138489,-4.11044,-0,-4.16206,37,33,3,0,0,17.0199,0,-0.0872665,-4.11044,0.0781463,0.184463,0.013137,0.53621,0.1
1703,2.57555,0.146608,0.168317,0.721875,0.696256,6.07859,-0.00639178,-4.11074,-0.010472,-4.09438,37,33,3,0,0,17.0299,0,-0.0872665,-4.11074,0.0781758,0.185983,0.0133144,0.532043,0.1
1704,2.57718,0.151844,0.183231,0.755713,0.664854,6.07849,-0.0138489,-4.10526,-0,-4.17334,37,33,3,0,0,17.0399,0,-0.0872665,-4.10526,0.0782079,0.187493,0.0131948,0.527772,0.1
1705,2.57862,0.151844,0.134227,0.733154,0.72882,6.0784,-0.0138489,-4.10143,-0,-4.16206,37,33,3,0,0,17.0499,0,-0.0872665,-4.10143,0.0782509,0.188994,0.0132572,0.5234,0.1
1706,2.58025,0.164061,0.148076,0.710596,0.731845,6.0784,0.00213059,-4.09994,-0,-4.07183,37,33,3,0,0,17.0599,0,-0.0872665,-4.09994,0.0782801,0.190484,0.0131179,0.518927,0.1
1707,2.58188,0.148353,0.151272,0.721875,0.701273,6.0784,-0.0308936,-4.09254,-0,-4.08311,37,33,3,0,0,17.0699,0,-0.0872665,-4.09254,0.0783283,0.191964,0.012968,0.514353,0.1
1708,2.58342,0.158825,0.164056,0.699316,0.640425,6.0783,0.0117183,-4.10009,-0,-4.15078,37,33,3,0,0,17.0799,0,-0.0872665,-4.10009,0.0783463,0.193434,0.0129034,0.50968,0.1
1709,2.58505,0.141372,0.17897,0.597803,0.517226,6.0783,-0.0351548,-4.09599,-0.015708,-4.07183,37,33,3,0,0,17.0899,0,-0.0872665,-4.09599,0.0783727,0.194892,0.012732,0.504908,0.1
1710,2.58648,0.15708,0.169382,0.496289,0.519362,6.07821,-1.03717e-17,-4.09045,-0.0139626,-4.07183,37,33,3,0,0,17.0999,0,-0.0872665,-4.09045,0.0784151,0.196339,0.0127409,0.500038,0.1
1711,2.58811,0.176278,0.148076,0.518848,0.554737,6.07821,-0.0298283,-4.09363,-0.00349066,-4.07183,37,33,3,0,0,17.1099,0,-0.0872665,-4.09363,0.0784134,0.197775,0.0125466,0.495071,0.1
1712,2.58965,0.155334,0.14488,0.631641,0.58624,6.07811,0.0117183,-4.08452,-0.0174533,-4.04927,37,33,3,0,0,17.1199,0,-0.0872665,-4.08452,0.078477,0.199198,0.0124363,0.490008,0.1
1713,2.59118,0.15708,0.149142,0.609082,0.612103,6.07802,-0.0117183,-4.08574,-0,-4.04927,37,33,3,0,0,17.1299,0,-0.0872665,-4.08574,0.0784984,0.20061,0.0123137,0.48485,0.1
1714,2.59262,0.153589,0.171513,0.620361,0.624406,6.07792,-0.0415466,-4.07032,-0.0174533,-4.06055,37,33,3,0,0,17.1399,0,-0.0872665,-4.07032,0.0785961,0.202009,0.0122745,0.479597,0.1
1715,2.59396,0.125664,0.14488,0.676758,0.640958,6.07782,-0.00852238,-4.07169,-0.010472,-4.03799,37,33,3,0,0,17.1499,0,-0.0872665,-4.07169,0.0786549,0.203395,0.0123183,0.474251,0.1
1716,2.5955,0.155334,0.119313,0.575244,0.656039,6.07773,-0.0149142,-4.05943,-0.00872665,-4.03799,37,33,3,0,0,17.1599,0,-0.0872665,-4.05943,0.0787579,0.204768,0.0121573,0.468813,0.1
1717,2.59693,0.143117,0.16086,0.755713,0.626551,6.07763,0.0117183,-4.05527,-0.0122173,-4.00415,37,33,3,0,0,17.1699,0,-0.0872665,-4.05527,0.0788574,0.206127,0.0120789,0.463284,0.1
1718,2.59837,0.153589,0.132097,0.721875,0.543872,6.07754,-0.0330242,-4.03354,-0.00174533,-4.03799,37,33,3,0,0,17.1799,0,-0.0872665,-4.03354,0.0790026,0.207473,0.0119867,0.457664,0.1
1719,2.59981,0.158825,0.140619,0.688037,0.576634,6.07734,-0.0010653,-4.03753,-0.0122173,-4.06055,37,33,3,0,0,17.1899,0,-0.0872665,-4.03753,0.0790695,0.208805,0.0118805,0.451956,0.1
1720,2.60115,0.1309,0.152337,0.518848,0.577437,6.07725,-0.0266324,-4.03161,-0.010472,-4.04927,37,33,3,0,0,17.1999,0,-0.0872665,-4.03161,0.0791639,0.210123,0.011856,0.446159,0.1
1721,2.60259,0.13439,0.127836,0.575244,0.541754,6.07715,-0.00852238,-4.01909,-0.0139626,-4.01543,37,33,3,0,0,17.2099,0,-0.0872665,-4.01909,0.0792714,0.211426,0.011721,0.440276,0.1
1722,2.60393,0.150098,0.123574,0.620361,0.643918,6.07706,-0.028763,-4.01586,-0.0139626,-4.00415,37,33,3,0,0,17.2199,0,-0.0872665,-4.01586,0.0793398,0.212715,0.0116672,0.434306,0.1
1723,2.60527,0.139626,0.12464,0.676758,0.675672,6.07696,-0.00852238,-4.01119,-0.00349066,-4.00415,37,33,3,0,0,17.2299,0,-0.0872665,-4.01119,0.0794255,0.213988,0.0115981,0.428252,0.1
1724,2.60671,0.137881,0.131032,0.676758,0.61215,6.07686,-0.0255671,-4.01875,-0.010472,-3.99287,37,33,3,0,0,17.2399,0,-0.0872665,-4.01875,0.0794499,0.215246,0.0114178,0.422116,0.1
1725,2.60805,0.1309,0.131032,0.609082,0.57804,6.07686,0.00213059,-4.01353,-0,-3.99287,37,33,3,0,0,17.2499,0,-0.0872665,-4.01353,0.0795313,0.216487,0.0113175,0.415898,0.1
1726,2.6094,0.125664,0.135293,0.563965,0.493155,6.07677,0.00213059,-4.01834,-0.00349066,-3.99287,37,33,3,0,0,17.2599,0,-0.0872665,-4.01834,0.0795652,0.217714,0.011202,0.409595,0.1
1727,2.61064,0.127409,0.145946,0.496289,0.528536,6.07667,-0.00958767,-4.00362,-0,-3.98159,37,33,3,0,0,17.2699,0,-0.0872665,-4.00362,0.0796537,0.218924,0.0111657,0.403216,0.1
1728,2.61189,0.125664,0.125705,0.563965,0.576314,6.07658,0.010653,-3.99727,-0.00872665,-3.98159,37,33,3,0,0,17.2799,0,-0.0872665,-3.99727,0.079708,0.220118,0.0111131,0.396757,0.1
1729,2.61304,0.120428,0.10866,0.64292,0.670485,6.07648,-0.0362201,-3.99606,-0,-3.97031,37,33,3,0,0,17.2899,0,-0.0872665,-3.99606,0.0797405,0.221295,0.0111396,0.390222,0.1
1730,2.61429,0.122173,0.10866,0.744434,0.739508,6.07639,0.00958767,-3.99366,-0,-3.94775,37,33,3,0,0,17.2999,0,-0.0872665,-3.99366,0.0798065,0.222455,0.0110532,0.383611,0.1
1731,2.61544,0.0977384,0.105464,0.744434,0.712234,6.07629,-0.0330242,-3.97076,-0,-3.94775,37,33,3,0,0,17.3099,0,-0.0872665,-3.97076,0.0799493,0.223598,0.0110456,0.376926,0.1
1732,2.61659,0.111701,0.121444,0.733154,0.711933,6.07619,0.0010653,-3.97423,-0,-3.95903,37,33,3,0,0,17.3199,0,-0.0872665,-3.97423,0.0800003,0.224723,0.0110204,0.370167,0.1
1733,2.61755,0.102974,0.107595,0.552686,0.706176,6.07619,-0.0138489,-3.98085,-0.0139626,-3.95903,37,33,3,0,0,17.3299,0,-0.0872665,-3.98085,0.0800175,0.225831,0.0111693,0.363337,0.1
1734,2.6187,0.102974,0.113987,0.789551,0.77298,6.07619,0.0127836,-3.9875,-0,-4.06055,37,33,3,0,0,17.3399,0,-0.0872665,-3.9875,0.0800096,0.22692,0.0111085,0.356437,0.1
1735,2.61985,0.113446,0.134227,0.812109,0.718717,6.07619,-0.00426119,-3.99437,-0,-3.99287,37,33,3,0,0,17.3499,0,-0.0872665,-3.99437,0.0799719,0.227992,0.0110295,0.349468,0.1
1736,2.62071,0.0977384,0.10866,0.80083,0.74933,6.07619,-0.00426119,-3.99188,-0.00872665,-3.97031,37,33,3,0,0,17.3599,0,-0.0872665,-3.99188,0.07997,0.229045,0.0112197,0.342432,0.1
1737,2.62186,0.106465,0.105464,0.80083,0.761244,6.0761,-0.00426119,-3.99449,-0,-3.98159,37,33,3,0,0,17.3699,0,-0.0872665,-3.99449,0.0799617,0.230079,0.0111036,0.335329,0.1
1738,2.62292,0.106465,0.101203,0.766992,0.755425,6.0761,0.00745708,-3.98622,-0,-3.97031,37,33,3,0,0,17.3799,0,-0.0872665,-3.98622,0.0800071,0.231095,0.0110645,0.328163,0.1
1739,2.62397,0.0977384,0.096942,0.721875,0.727947,6.0761,-0.0010653,-3.99127,-0.00872665,-4.08311,37,33,3,0,0,17.3899,0,-0.0872665,-3.99127,0.0799865,0.232091,0.0110062,0.320934,0.1
1740,2.62512,0.111701,0.100138,0.744434,0.771566,6.0761,0.00532648,-3.98933,-0,-4.07183,37,33,3,0,0,17.3999,0,-0.0872665,-3.98933,0.0800072,0.233068,0.0108328,0.313643,0.1
1741,2.62618,0.102974,0.112921,0.721875,0.620935,6.0761,-0.00958767,-3.99325,-0,-4.06055,37,33,3,0,0,17.4099,0,-0.0872665,-3.99325,0.080006,0.234026,0.0107356,0.306293,0.1
1742,2.62713,0.101229,0.109726,0.609082,0.552954,6.076,-0.00852238,-3.98682,-0,-4.06055,37,33,3,0,0,17.4199,0,-0.0872665,-3.98682,0.0800408,0.234963,0.0107147,0.298883,0.1
1743,2.62819,0.10821,0.096942,0.609082,0.643973,6.076,-0.00319589,-3.99437,-0,-4.08311,37,33,3,0,0,17.4299,0,-0.0872665,-3.99437,0.0799862,0.235881,0.0105778,0.291418,0.1
1744,2.62924,0.111701,0.112921,0.688037,0.629362,6.076,-6.91445e-18,-3.99104,-0,-4.07183,37,33,3,0,0,17.4399,0,-0.0872665,-3.99104,0.08,0.236779,0.0104207,0.283897,0.1
1745,2.6302,0.0994838,0.0862891,0.654199,0.621264,6.076,0.0127836,-3.98907,-0,-4.07183,37,33,3,0,0,17.4499,0,-0.0872665,-3.98907,0.0800228,0.237656,0.0103391,0.276323,0.1
1746,2.63116,0.102974,0.0830932,0.631641,0.687953,6.076,-0.0340895,-3.98569,-0,-4.07183,37,33,3,0,0,17.4599,0,-0.0872665,-3.98569,0.0800312,0.238512,0.010237,0.268697,0.1
1747,2.63231,0.10472,0.10866,0.688037,0.645302,6.076,0.0223712,-3.98852,-0,-3.98159,37,33,3,0,0,17.4699,0,-0.0872665,-3.98852,0.0800312,0.239348,0.0099223,0.261021,0.1
1748,2.63327,0.106465,0.0990726,0.609082,0.590674,6.076,-0.00745708,-3.98721,-0,-4.06055,37,33,3,0,0,17.4799,0,-0.0872665,-3.98721,0.0800545,0.240163,0.00977834,0.253297,0.1
1749,2.63432,0.111701,0.105464,0.496289,0.436016,6.076,0.0117183,-3.98982,-0,-3.98159,37,33,3,0,0,17.4899,0,-0.0872665,-3.98982,0.0800651,0.240957,0.0095175,0.245524,0.1
1750,2.63528,0.0959931,0.102269,0.48501,0.378109,6.076,-0.00319589,-3.99375,-0,-3.98159,37,33,3,0,0,17.4999,0,-0.0872665,-3.99375,0.080054,0.241729,0.00933113,0.237707,0.1
1751,2.63634,0.106465,0.107595,0.406055,0.41549,6.076,0.00532648,-3.99178,-0,-3.95903,37,33,3,0,0,17.5099,0,-0.0872665,-3.99178,0.0800532,0.24248,0.00902739,0.229847,0.1
1752,2.6373,0.0820305,0.0948114,0.383496,0.386339,6.076,-0.00213059,-3.99348,-0,-3.93647,37,33,3,0,0,17.5199,0,-0.0872665,-3.99348,0.080038,0.243209,0.00879785,0.221944,0.1
1753,2.63816,0.0802851,0.113987,0.47373,0.367782,6.07591,-0.0340895,-3.98635,-0,-3.9252,37,33,3,0,0,17.5299,0,-0.0872665,-3.98635,0.0800422,0.243917,0.00864239,0.214001,0.1
1754,2.63893,0.0802851,0.0948114,0.47373,0.464376,6.07591,0.0191753,-3.99817,-0,-3.95903,37,33,3,0,0,17.5399,0,-0.0872665,-3.99817,0.0799886,0.244602,0.00856079,0.20602,0.1
1755,2.63989,0.0837758,0.0724402,0.552686,0.552199,6.07591,-0.0191753,-3.99293,-0.00872665,-3.97031,37,33,3,0,0,17.5499,0,-0.0872665,-3.99293,0.079991,0.245265,0.00826528,0.198002,0.1
1756,2.64065,0.0628319,0.100138,0.462451,0.49765,6.07591,0.00852238,-4.00036,-0,-3.94775,37,33,3,0,0,17.5599,0,-0.0872665,-4.00036,0.0799675,0.245906,0.00813923,0.189948,0.1
1757,2.64132,0.0715585,0.0852238,0.597803,0.490534,6.07591,-0.00213059,-3.99391,-0,-3.97031,37,33,3,0,0,17.5699,0,-0.0872665,-3.99391,0.0799784,0.246525,0.00808659,0.181862,0.1
1758,2.64209,0.0680678,0.0713749,0.496289,0.502362,6.07591,0.0149142,-3.99667,-0,-3.98159,37,33,3,0,0,17.5799,0,-0.0872665,-3.99667,0.079965,0.247121,0.00791545,0.173745,0.1
1759,2.64267,0.0663225,0.0703096,0.586523,0.477496,6.07581,0.00745708,-3.99698,-0,-3.98159,37,33,3,0,0,17.5899,0,-0.0872665,-3.99698,0.0799583,0.247694,0.00791337,0.165597,0.1
1760,2.64324,0.0628319,0.0617872,0.597803,0.519076,6.07581,0.00213059,-3.99305,-0.0122173,-3.94775,37,33,3,0,0,17.5999,0,-0.0872665,-3.99305,0.0799727,0.248244,0.00788841,0.157421,0.1
1761,2.64391,0.0645772,0.0521996,0.654199,0.585577,6.07581,-0.0117183,-3.99284,-0.00872665,-3.94775,37,33,3,0,0,17.6099,0,-0.0872665,-3.99284,0.0799546,0.248771,0.0077446,0.149219,0.1
1762,2.64449,0.0436332,0.0447425,0.530127,0.617412,6.07581,0.0138489,-3.99134,-0,-3.95903,37,33,3,0,0,17.6199,0,-0.0872665,-3.99134,0.0799996,0.249276,0.00767355,0.140993,0.1
1763,2.64506,0.0523599,0.0521996,0.620361,0.666235,6.07581,-0.00532648,-3.99704,-0,-3.97031,37,33,3,0,0,17.6299,0,-0.0872665,-3.99704,0.0799728,0.249756,0.00757928,0.132744,0.1
1764,2.64554,0.0366519,0.057526,0.586523,0.623359,6.07581,-0.00319589,-3.99506,-0,-3.94775,37,33,3,0,0,17.6399,0,-0.0872665,-3.99506,0.0799981,0.250214,0.00755754,0.124474,0.1
1765,2.64612,0.0401426,0.0511343,0.597803,0.570578,6.07571,-0.00426119,-3.9969,-0,-3.95903,37,33,3,0,0,17.6499,0,-0.0872665,-3.9969,0.0799875,0.250648,0.00741646,0.116185,0.1
1766,2.6465,0.0471239,0.0468731,0.518848,0.586696,6.07571,-0.0170448,-3.9891,-0,-3.97031,37,33,3,0,0,17.6599,0,-0.0872665,-3.9891,0.0800036,0.251059,0.00744358,0.10788,0.1
1767,2.64698,0.0523599,0.0202406,0.586523,0.660416,6.07571,-0.0276977,-3.99119,-0,-3.98159,37,33,3,0,0,17.6699,0,-0.0872665,-3.99119,0.0799867,0.251446,0.00735119,0.0995583,0.1
1768,2.64746,0.0471239,0.0426119,0.64292,0.705517,6.07571,-0.0170448,-3.99017,-0,-3.95903,37,33,3,0,0,17.6799,0,-0.0872665,-3.99017,0.0800052,0.251809,0.00723505,0.0912235,0.1
1769,2.64794,0.0366519,0.0372854,0.64292,0.64806,6.07571,0.0234365,-3.99494,-0.00872665,-3.95903,37,33,3,0,0,17.6899,0,-0.0872665,-3.99494,0.0800145,0.252149,0.00709509,0.0828766,0.1
1770,2.64832,0.0244346,0.0415466,0.563965,0.563421,6.07571,-0.0276977,-3.98418,-0.00872665,-3.97031,37,33,3,0,0,17.6999,0,-0.0872665,-3.98418,0.0800435,0.252464,0.00702706,0.0745209,0.1
1771,2.64871,0.0366519,0.0426119,0.575244,0.576901,6.07571,0.0170448,-3.99128,-0,-3.97031,37,33,3,0,0,17.7099,0,-0.0872665,-3.99128,0.0800357,0.252755,0.00693506,0.0661566,0.1
1772,2.64909,0.0401426,0.0458078,0.575244,0.575509,6.07571,-0.00852238,-3.99373,-0.00872665,-3.98159,37,33,3,0,0,17.7199,0,-0.0872665,-3.99373,0.0800107,0.253023,0.00681903,0.0577852,0.1
1773,2.64947,0.0331613,0.0372854,0.552686,0.591324,6.07571,-0.00745708,-3.98434,-0,-3.95903,37,33,3,0,0,17.7299,0,-0.0872665,-3.98434,0.0800405,0.253266,0.00667885,0.0494104,0.1
1774,2.64976,0.0296706,0.0308936,0.620361,0.60883,6.07562,-1.89169e-18,-3.99635,-0,-3.98159,37,33,3,0,0,17.7399,0,-0.0872665,-3.99635,0.07999,0.253485,0.00661035,0.0410334,0.1
1775,2.65005,0.0279253,0.01811,0.620361,0.669502,6.07562,0.01811,-4.00226,-0,-4.07183,37,33,3,0,0,17.7499,0,-0.0872665,-4.00226,0.079977,0.25368,0.00651762,0.0326549,0.1
1776,2.65043,0.0244346,0.0468731,0.64292,0.57518,6.07562,0.0159795,-3.99805,-0,-4.08311,37,33,3,0,0,17.7599,0,-0.0872665,-3.99805,0.0799939,0.253851,0.00630473,0.0242779,0.1
1777,2.65062,0.0226893,0.0308936,0.575244,0.550438,6.07562,0.00639178,-3.99297,-0,-3.95903,37,33,3,0,0,17.7699,0,-0.0872665,-3.99297,0.0800205,0.253997,0.00625925,0.0159036,0.1
1778,2.65081,0.0226893,0.0213059,0.541406,0.540505,6.07562,-0.0117183,-3.99872,-0,-4.06055,37,33,3,0,0,17.7799,0,-0.0872665,-3.99872,0.0799888,0.254119,0.00618937,0.00753508,0.1
1779,2.65101,0.0226893,0.0255671,0.563965,0.57506,6.07562,-0.0245018,-3.99327,-0,-4.06055,37,33,3,0,0,17.7899,0,-0.0872665,-3.99327,0.0800127,0.254216,0.00609511,-0.000827929,0.1
1780,2.6512,0,-0.00213059,0.552686,0.59254,6.07562,0.00319589,-3.98975,-0,-4.06055,37,33,3,0,0,17.7999,0,-0.0872665,-3.98975,0.0800367,0.25429,0.0059764,-0.00918208,0.1
1781,2.65149,0.0226893,0.0149142,0.64292,0.634274,6.07562,-0.00426119,-3.99084,-0,-3.95903,37,33,3,0,0,17.8099,0,-0.0872665,-3.99084,0.0800307,0.254338,0.00573734,-0.0175257,0.1
1782,2.65158,0.00698132,0.0170448,0.620361,0.591263,6.07552,0.00532648,-3.99209,-0.0122173,-3.94775,37,33,3,0,0,17.8199,0,-0.0872665,-3.99209,0.0800389,0.254362,0.00566556,-0.0258572,0.1
1783,2.65177,0.0174533,0.0276977,0.597803,0.520985,6.07552,-0.0415466,-3.98512,-0,-3.95903,37,33,3,0,0,17.8299,0,-0.0872665,-3.98512,0.0800676,0.254362,0.0054734,-0.0341746,0.1
1784,2.65187,0.020944,0.00319589,0.552686,0.602297,6.07552,0.01811,-3.98914,-0,-3.95903,37,33,3,0,0,17.8399,0,-0.0872665,-3.98914,0.080063,0.254337,0.00535262,-0.0424758,0.1
1785,2.65206,0,0.0245018,0.597803,0.515433,6.07552,-0.0202406,-3.99375,-0,-3.95903,37,33,3,0,0,17.8499,0,-0.0872665,-3.99375,0.0800274,0.254287,0.00511146,-0.0507598,0.1
1786,2.65206,0,0.010653,0.507568,0.514165,6.07552,0.00426119,-3.98481,-0,-3.95903,37,33,3,0,0,17.8599,0,-0.0872665,-3.98481,0.0800665,0.254214,0.00503754,-0.0590242,0.1
1787,2.65216,0,0.0117183,0.47373,0.466632,6.07552,-0.0170448,-3.99544,-0,-3.95903,37,33,3,0,0,17.8699,0,-0.0872665,-3.99544,0.0800135,0.254115,0.00484326,-0.0672671,0.1
1788,2.65216,0.00872665,-0.00745708,0.496289,0.535418,6.07552,0.00213059,-3.98995,-0,-3.97031,37,33,3,0,0,17.8799,0,-0.0872665,-3.98995,0.0800457,0.253992,0.00472037,-0.075487,0.1
1789,2.65216,0.00174533,0.00745708,0.586523,0.573649,6.07552,-0.0234365,-3.98895,-0,-3.99287,38,33,3,0,0,17.8899,0,-0.0872665,-3.98895,0.0800501,0.253845,0.00457303,-0.0836817,0.1
1790,2.65225,-0.00872665,0.0223712,0.496289,0.472238,6.07552,-0.0170448,-3.97891,-0,-3.98159,38,33,3,0,0,17.8999,0,-0.0872665,-3.97891,0.0801083,0.253673,0.00430537,-0.0918502,0.1
1791,2.65225,0,-0.0010653,0.439893,0.436724,6.07552,6.52306e-20,-3.98457,-0,-3.95903,38,33,3,0,0,17.9099,0,-0.0872665,-3.98457,0.0801059,0.253477,0.00410918,-0.09999,0.1
1792,2.65216,0,-0.0010653,0.439893,0.446131,6.07552,-0.0255671,-3.97566,-0,-3.95903,38,33,3,0,0,17.9199,0,-0.0872665,-3.97566,0.0801315,0.253256,0.00398449,-0.108099,0.1
1793,2.65216,0,-0.00958767,0.439893,0.456021,6.07552,0.010653,-3.98776,-0,-3.95903,38,33,3,0,0,17.9299,0,-0.0872665,-3.98776,0.0801015,0.253011,0.00373961,-0.116176,0.1
1794,2.65216,0,-0.00639178,0.417334,0.378653,6.07552,-0.0117183,-3.97984,-0,-3.97031,38,33,3,0,0,17.9399,0,-0.0872665,-3.97984,0.080128,0.252742,0.00347045,-0.12422,0.1
1795,2.65216,0,-0.0138489,0.349658,0.301014,6.07552,-0.00958767,-3.99182,-0,-3.95903,38,33,3,0,0,17.9499,0,-0.0872665,-3.99182,0.0800772,0.252449,0.00317703,-0.132228,0.1
1796,2.65206,0,-0.00532648,0.31582,0.250189,6.07552,-0.00639178,-3.98954,-0,-3.95903,38,33,3,0,0,17.9599,0,-0.0872665,-3.98954,0.0800721,0.252131,0.00295534,-0.140198,0.1
1797,2.65206,-0.00349066,-0.0159795,0.259424,0.277905,6.07552,0.0138489,-3.98678,-0,-3.98159,38,33,3,0,0,17.9699,0,-0.0872665,-3.98678,0.0801125,0.25179,0.00261363,-0.14813,0.1
1798,2.65206,0,0.00639178,0.225586,0.192879,6.07552,-0.00426119,-3.99308,-0,-3.99287,38,33,3,0,0,17.9799,0,-0.0872665,-3.99308,0.08009,0.251424,0.00224788,-0.156021,0.1
1799,2.65197,0,-0.00852238,0.191748,0.179541,6.07552,-0.00532648,-3.99248,-0,-3.97031,38,33,3,0,0,17.9899,0,-0.0872665,-3.99248,0.080096,0.251034,0.00195406,-0.163869,0.1
1800,2.65197,-0.00872665,0.00639178,0.169189,0.0529408,6.07552,0.00639178,-3.98906,-0,-3.99287,38,33,3,0,0,17.9999,0,-0.0872665,-3.98906,0.080109,0.250621,0.00154047,-0.171672,0.1
1801,2.65187,-0.00349066,-0.0191753,0.101514,0.0558236,6.07552,0.01811,-3.98384,-0,-3.95903,38,33,3,0,0,18.0099,0,-0.0872665,-3.98384,0.0801477,0.250183,0.00119891,-0.17943,0.1
1802,2.65177,0,0.00213059,0.101514,0.0715189,6.07552,0.0010653,-3.98503,-0,-3.94775,38,33,3,0,0,18.0199,0,-0.0872665,-3.98503,0.08014,0.249722,0.000833659,-0.18714,0.1
1803,2.65168,-0.00174533,-0.0170448,0.0676758,0.00190347,6.07552,0.00426119,-3.98313,-0,-3.9252,38,33,3,0,0,18.0299,0,-0.0872665,-3.98313,0.0801584,0.249237,0.000444761,-0.194801,0.1
1804,2.65168,-0.00523599,0.0159795,0.0451172,-0.061437,6.07552,0.00958767,-3.98668,-0,-3.95903,38,33,3,0,0,18.0399,0,-0.0872665,-3.98668,0.0801559,0.248731,-6.18636e-05,-0.155737,0.1
1805,2.65149,-0.0174533,-0.0117183,0,-0.104344,6.07552,0.0149142,-3.97763,-0,-3.98159,38,33,3,0,0,18.0499,0,-0.0872665,-3.97763,0.0801941,0.248212,-0.000388271,-0.158991,0.1
1806,2.65139,-0.0174533,0.00319589,-0.0338379,-0.16344,6.07552,-0.0010653,-3.98206,-0,-4.06055,38,33,3,0,0,18.0599,0,-0.0872665,-3.98206,0.0801881,0.247685,-0.000820298,-0.162236,0.1
1807,2.6511,-0.0226893,0.0010653,-0.0902344,-0.146111,6.07552,0.0223712,-3.97852,-0,-4.06055,38,33,3,0,0,18.0699,0,-0.0872665,-3.97852,0.080204,0.247147,-0.00107039,-0.165473,0.1
1808,2.65091,-0.0191986,0.00213059,-0.0902344,-0.150234,6.07552,0.0223712,-3.99395,-0,-4.06055,38,33,3,0,0,18.0799,0,-0.0872665,-3.99395,0.0801452,0.246599,-0.00142612,-0.168702,0.1
1809,2.65062,-0.0244346,-0.0213059,-0.135352,-0.143911,6.07552,-0.00213059,-3.98368,-0,-4.06055,38,33,3,0,0,18.0899,0,-0.0872665,-3.98368,0.0801583,0.246042,-0.0016957,-0.171921,0.1
1810,2.65034,-0.0331613,-0.0170448,-0.101514,-0.145708,6.07552,0.00852238,-3.97855,-0,-4.04927,38,33,3,0,0,18.0999,0,-0.0872665,-3.97855,0.0801869,0.245475,-0.00197499,-0.175132,0.1
1811,2.65005,-0.0436332,-0.0149142,-0.101514,-0.157793,6.07552,-0.00426119,-3.98232,-0,-4.07183,38,33,3,0,0,18.1099,0,-0.0872665,-3.98232,0.080175,0.244899,-0.00226396,-0.178335,0.1
1812,2.64957,-0.0506145,-0.0298283,-0.124072,-0.176939,6.07543,0.0191753,-3.98302,-0,-4.03799,38,33,3,0,0,18.1199,0,-0.0872665,-3.98302,0.080199,0.244312,-0.00237087,-0.181528,0.1
1813,2.64918,-0.0226893,-0.0351548,-0.191748,-0.218014,6.07543,-0.00745708,-3.97313,-0,-4.06055,38,33,3,0,0,18.1299,0,-0.0872665,-3.97313,0.0802406,0.243716,-0.00258329,-0.184712,0.1
1814,2.6488,-0.0453786,-0.01811,-0.225586,-0.205991,6.07543,0.00426119,-3.97125,-0,-3.98159,38,33,3,0,0,18.1399,0,-0.0872665,-3.97125,0.0802493,0.243111,-0.00280531,-0.187886,0.1
1815,2.64842,-0.0471239,-0.0245018,-0.248145,-0.218893,6.07543,-0.028763,-3.97075,-0,-3.97031,38,33,3,0,0,18.1499,0,-0.0872665,-3.97075,0.0802567,0.242496,-0.00303675,-0.191051,0.1
1816,2.64803,-0.0383972,-0.0340895,-0.180469,-0.272881,6.07543,0.00319589,-3.97871,-0,-3.94775,38,33,3,0,0,18.1599,0,-0.0872665,-3.97871,0.0802354,0.241871,-0.0032782,-0.194208,0.1
1817,2.64755,-0.0436332,-0.0404813,-0.270703,-0.277892,6.07543,0.00958767,-3.99234,-0,-3.94775,38,33,3,0,0,18.1699,0,-0.0872665,-3.99234,0.0801855,0.241237,-0.00343311,-0.197354,0.1
1818,2.64708,-0.0506145,-0.0298283,-0.259424,-0.264723,6.07543,-0.0159795,-3.98466,-0,-3.98159,38,33,3,0,0,18.1799,0,-0.0872665,-3.98466,0.0801951,0.240593,-0.0035975,-0.20049,0.1
1819,2.6466,-0.0436332,-0.0436772,-0.259424,-0.216161,6.07543,-0.0213059,-3.98609,-0,-3.94775,38,33,3,0,0,18.1899,0,-0.0872665,-3.98609,0.0801759,0.23994,-0.0037714,-0.203616,0.1
1820,2.64621,-0.0506145,-0.0223712,-0.169189,-0.281174,6.07543,-0.0319589,-3.98836,-0,-3.97031,38,33,3,0,0,18.1999,0,-0.0872665,-3.98836,0.0801398,0.239277,-0.00405068,-0.206733,0.1
1821,2.64564,-0.0488692,-0.0447425,-0.180469,-0.260621,6.07543,0.0170448,-3.98833,-0,-3.97031,38,33,3,0,0,18.2099,0,-0.0872665,-3.98833,0.0801479,0.238605,-0.00414763,-0.209839,0.1
1822,2.64516,-0.0488692,-0.0564607,-0.169189,-0.220474,6.07543,0.0213059,-3.99248,-0,-3.95903,38,33,3,0,0,18.2199,0,-0.0872665,-3.99248,0.0801178,0.237923,-0.00434985,-0.212935,0.1
1823,2.64468,-0.0488692,-0.0351548,-0.270703,-0.268517,6.07543,-0.00639178,-3.98742,-0,-3.98159,38,33,3,0,0,18.2299,0,-0.0872665,-3.98742,0.0801399,0.237232,-0.00456154,-0.216021,0.1
1824,2.64401,-0.0593412,-0.0351548,-0.180469,-0.254421,6.07543,-0.00958767,-3.98766,-0,-3.95903,38,33,3,0,0,18.2399,0,-0.0872665,-3.98766,0.0801464,0.236532,-0.00459078,-0.219096,0.1
1825,2.64353,-0.0610865,-0.0458078,-0.248145,-0.313457,6.07543,0.00213059,-3.98762,-0,-3.95903,38,33,3,0,0,18.2499,0,-0.0872665,-3.98762,0.0801444,0.235822,-0.00482113,-0.222161,0.1
1826,2.64295,-0.0506145,-0.0479384,-0.191748,-0.323251,6.07543,-0.0138489,-3.98966,-0,-3.99287,38,33,3,0,0,18.2599,0,-0.0872665,-3.98966,0.0801252,0.235103,-0.00496489,-0.225215,0.1
1827,2.64228,-0.0488692,-0.0521996,-0.214307,-0.319761,6.07543,-0.00426119,-3.99116,-0,-3.98159,38,33,3,0,0,18.2699,0,-0.0872665,-3.99116,0.0801045,0.234375,-0.00502209,-0.228258,0.1
1828,2.6418,-0.0541052,-0.0617872,-0.214307,-0.320517,6.07543,-0.00745708,-3.9911,-0,-3.98159,38,33,3,0,0,18.2799,0,-0.0872665,-3.9911,0.0801029,0.233637,-0.0052803,-0.23129,0.1
1829,2.64123,-0.0558505,-0.0660484,-0.406055,-0.390372,6.07543,-0.00319589,-3.98269,-0,-4.06055,38,33,3,0,0,18.2899,0,-0.0872665,-3.98269,0.0801277,0.23289,-0.00545185,-0.234311,0.1
1830,2.64065,-0.0471239,-0.0671137,-0.372217,-0.349643,6.07543,0.00426119,-3.98642,-0,-3.95903,38,33,3,0,0,18.2999,0,-0.0872665,-3.98642,0.0801394,0.232134,-0.00563256,-0.23732,0.1
1831,2.64008,-0.0645772,-0.0798973,-0.451172,-0.372622,6.07543,-0.0298283,-3.98242,-0,-4.04927,38,33,3,0,0,18.3099,0,-0.0872665,-3.98242,0.0801426,0.231369,-0.00582248,-0.240319,0.1
1832,2.6395,-0.0558505,-0.0479384,-0.462451,-0.415846,6.07543,0.00426119,-3.98583,-0,-4.06055,38,33,3,0,0,18.3199,0,-0.0872665,-3.98583,0.0801287,0.230595,-0.00602147,-0.243306,0.1
1833,2.63893,-0.0680678,-0.0511343,-0.541406,-0.535851,6.07543,-0.00426119,-3.9854,-0,-3.9252,38,33,3,0,0,18.3299,0,-0.0872665,-3.9854,0.0801288,0.229812,-0.00622961,-0.246281,0.1
1834,2.63816,-0.0558505,-0.0692443,-0.530127,-0.451222,6.07543,0.0191753,-3.99754,-0,-4.06055,38,33,3,0,0,18.3399,0,-0.0872665,-3.99754,0.080093,0.229019,-0.00625505,-0.249244,0.1
1835,2.63758,-0.0680678,-0.0660484,-0.48501,-0.4258,6.07543,-0.0298283,-3.98408,-0,-4.08311,38,33,3,0,0,18.3499,0,-0.0872665,-3.98408,0.0801386,0.228218,-0.00648133,-0.252196,0.1
1836,2.63691,-0.0558505,-0.0767014,-0.338379,-0.427557,6.07543,0.0191753,-3.98877,-0,-4.06055,38,33,3,0,0,18.3599,0,-0.0872665,-3.98877,0.0801566,0.227407,-0.00662069,-0.255136,0.1
1837,2.63615,-0.0802851,-0.0639178,-0.48501,-0.446341,6.07543,-0.0127836,-3.98269,-0,-3.97031,38,33,3,0,0,18.3699,0,-0.0872665,-3.98269,0.0801738,0.226588,-0.00667318,-0.258064,0.1
1838,2.63547,-0.0715585,-0.0777667,-0.383496,-0.484341,6.07543,0.0213059,-3.98974,-0,-3.93647,38,33,3,0,0,18.3799,0,-0.0872665,-3.98974,0.0801601,0.225759,-0.00683055,-0.26098,0.1
1839,2.6348,-0.0698132,-0.0713749,-0.417334,-0.490529,6.07543,-0.00532648,-3.98792,-0,-3.97031,38,33,3,0,0,18.3899,0,-0.0872665,-3.98792,0.0801665,0.224922,-0.00699673,-0.263883,0.1
1840,2.63413,-0.0698132,-0.0692443,-0.518848,-0.498399,6.07543,0.00958767,-3.98752,-0,-3.95903,38,33,3,0,0,18.3999,0,-0.0872665,-3.98752,0.0801755,0.224076,-0.00717183,-0.266774,0.1
1841,2.63337,-0.0802851,-0.0468731,-0.552686,-0.584816,6.07543,0.0117183,-3.98873,-0,-3.94775,38,33,3,0,0,18.4099,0,-0.0872665,-3.98873,0.0801713,0.223221,-0.00725995,-0.269653,0.1
1842,2.6325,-0.0872665,-0.0735055,-0.575244,-0.600456,6.07543,-0.010653,-3.98097,-0,-3.94775,38,33,3,0,0,18.4199,0,-0.0872665,-3.98097,0.0801843,0.222357,-0.00726096,-0.272518,0.1
1843,2.63164,-0.0820305,-0.0841585,-0.575244,-0.510724,6.07543,-0.00745708,-3.99021,-0,-3.94775,38,33,3,0,0,18.4299,0,-0.0872665,-3.99021,0.080144,0.221484,-0.00727073,-0.275372,0.1
1844,2.63068,-0.0907571,-0.113987,-0.462451,-0.362748,6.07533,-0.0266324,-3.98166,-0,-3.94775,38,33,3,0,0,18.4399,0,-0.0872665,-3.98166,0.080153,0.220603,-0.00719339,-0.278212,0.1
1845,2.62982,-0.0942478,-0.122509,-0.3271,-0.287372,6.07533,0.0372854,-3.99231,-0,-3.95903,38,33,3,0,0,18.4499,0,-0.0872665,-3.99539,0.0800896,0.219713,-0.00722057,-0.281039,0.1
1846,2.62876,-0.106465,-0.096942,-0.259424,-0.297972,6.07533,-0.0127836,-3.98342,-0,-3.94775,38,33,3,0,0,18.4599,0,-0.0872665,-3.98342,0.0801294,0.218814,-0.00706477,-0.283853,0.1
1847,2.62771,-0.0942478,-0.107595,-0.270703,-0.194008,6.07533,0.0202406,-3.98315,-0,-3.9252,38,33,3,0,0,18.4699,0,-0.0872665,-3.98315,0.080166,0.217906,-0.00691761,-0.286654,0.1
1848,2.62685,-0.0942478,-0.0926808,-0.169189,-0.232104,6.07533,-0.00958767,-3.98917,-0,-3.94775,38,33,3,0,0,18.4799,0,-0.0872665,-3.98917,0.0801755,0.21699,-0.00697077,-0.289442,0.1
1849,2.62589,-0.0959931,-0.0905502,-0.236865,-0.259676,6.07533,0.0138489,-3.98173,-0,-3.94775,38,33,3,0,0,18.4899,0,-0.0872665,-3.98173,0.080238,0.216066,-0.00693663,-0.292217,0.1
1850,2.62493,-0.101229,-0.0884196,-0.349658,-0.338077,6.07533,-0.00213059,-3.98459,-0,-3.97031,38,33,3,0,0,18.4999,0,-0.0872665,-3.98459,0.0802391,0.215133,-0.00691096,-0.294977,0.1
1851,2.62397,-0.0942478,-0.101203,-0.428613,-0.321983,6.07533,0.0127836,-3.98328,-0,-3.94775,38,33,3,0,0,18.5099,0,-0.0872665,-3.98328,0.0802596,0.214191,-0.00689389,-0.297725,0.1
1852,2.62311,-0.0925025,-0.0884196,-0.3271,-0.358023,6.07533,0.00213059,-3.98889,-0,-3.97031,38,33,3,0,0,18.5199,0,-0.0872665,-3.98889,0.0802215,0.213241,-0.00698104,-0.300458,0.1
1853,2.62205,-0.0855211,-0.096942,-0.304541,-0.300526,6.07533,0.00426119,-3.98184,-0,-3.97031,38,33,3,0,0,18.5299,0,-0.0872665,-3.98184,0.0802368,0.212283,-0.00688488,-0.303178,0.1
1854,2.62109,-0.0942478,-0.0756361,-0.180469,-0.265126,6.07533,-0.0127836,-3.9875,-0,-3.97031,38,33,3,0,0,18.5399,0,-0.0872665,-3.9875,0.0801883,0.211316,-0.00689309,-0.305884,0.1
1855,2.62014,-0.0907571,-0.0916155,-0.203027,-0.236951,6.07533,-0.0223712,-3.9814,-0,-3.94775,38,33,3,0,0,18.5499,0,-0.0872665,-3.9814,0.0801944,0.21034,-0.0069096,-0.308576,0.1
1856,2.61918,-0.0907571,-0.102269,-0.169189,-0.226605,6.07533,0.0010653,-3.98511,-0,-3.95903,38,33,3,0,0,18.5599,0,-0.0872665,-3.98511,0.0801927,0.209357,-0.00693432,-0.311253,0.1
1857,2.61822,-0.0977384,-0.0841585,-0.169189,-0.227662,6.07533,-0.00745708,-3.98484,-0,-3.97031,38,33,3,0,0,18.5699,0,-0.0872665,-3.98484,0.0802161,0.208365,-0.00696733,-0.313916,0.1
1858,2.61716,-0.101229,-0.10653,-0.248145,-0.269338,6.07533,0.0372854,-3.98691,-0,-3.95903,38,33,3,0,0,18.5799,0,-0.0872665,-3.98878,0.0802242,0.207365,-0.00691275,-0.316565,0.1
1859,2.6162,-0.0837758,-0.0926808,-0.248145,-0.305389,6.07533,-0.0276977,-3.98127,-0,-3.97031,38,33,3,0,0,18.5899,0,-0.0872665,-3.98127,0.0802344,0.206357,-0.0069622,-0.3192,0.1
1860,2.61534,-0.0855211,-0.0809626,-0.281982,-0.298152,6.07533,0.00319589,-3.98678,-0,-3.95903,38,33,3,0,0,18.5999,0,-0.0872665,-3.98678,0.080218,0.205341,-0.00711562,-0.321819,0.1
1861,2.61438,-0.0942478,-0.0767014,-0.293262,-0.350715,6.07533,-0.0159795,-3.97487,-0,-3.97031,38,33,3,0,0,18.6099,0,-0.0872665,-3.97487,0.0802669,0.204316,-0.00718137,-0.324425,0.1
1862,2.61342,-0.0925025,-0.0830932,-0.293262,-0.3632,6.07533,5.08799e-18,-3.97519,-0,-3.94775,38,33,3,0,0,18.6199,0,-0.0872665,-3.97519,0.0802766,0.203284,-0.00725519,-0.327015,0.1
1863,2.61247,-0.102974,-0.0894849,-0.360938,-0.409022,6.07533,0.00532648,-3.98316,-0,-3.95903,38,33,3,0,0,18.6299,0,-0.0872665,-3.98316,0.0802326,0.202243,-0.00733693,-0.329591,0.1
1864,2.6116,-0.0802851,-0.105464,-0.428613,-0.416966,6.07533,-0.0010653,-3.97395,-0,-3.95903,38,33,3,0,0,18.6399,0,-0.0872665,-3.97395,0.0802821,0.201195,-0.0075226,-0.332151,0.1
1865,2.61064,-0.0942478,-0.0713749,-0.462451,-0.47292,6.07533,0.0159795,-3.97766,-0,-3.97031,38,33,3,0,0,18.6499,0,-0.0872665,-3.97766,0.0802899,0.200138,-0.00762028,-0.334697,0.1
1866,2.60968,-0.0890118,-0.0756361,-0.462451,-0.477133,6.07533,-0.0138489,-3.9703,-0,-4.04927,38,33,3,0,0,18.6599,0,-0.0872665,-3.9703,0.0803399,0.199074,-0.00772598,-0.337227,0.1
1867,2.60882,-0.0837758,-0.068179,-0.541406,-0.486371,6.07533,0.00745708,-3.97602,-0,-4.07183,38,33,3,0,0,18.6699,0,-0.0872665,-3.97602,0.0803254,0.198002,-0.00793529,-0.339742,0.1
1868,2.60796,-0.102974,-0.0948114,-0.552686,-0.577431,6.07533,-0.010653,-3.96692,-0,-4.03799,38,33,3,0,0,18.6799,0,-0.0872665,-3.96692,0.0803763,0.196922,-0.00815244,-0.342241,0.1
1869,2.607,-0.0802851,-0.0937461,-0.586523,-0.573053,6.07533,0.0266324,-3.9698,-0,-4.04927,38,33,3,0,0,18.6899,0,-0.0872665,-3.9707,0.0803651,0.195834,-0.00828156,-0.344726,0.1
1870,2.60604,-0.101229,-0.0777667,-0.586523,-0.556992,6.07533,0.0159795,-3.96477,-0,-4.06055,38,33,3,0,0,18.6999,0,-0.0872665,-3.96477,0.0803895,0.194738,-0.00841831,-0.347194,0.1
1871,2.60499,-0.0977384,-0.0926808,-0.530127,-0.4846,6.07533,0.0213059,-3.97057,-0,-4.07183,38,33,3,0,0,18.7099,0,-0.0872665,-3.97057,0.0803699,0.193635,-0.00846696,-0.349647,0.1
1872,2.60403,-0.102974,-0.113987,-0.48501,-0.491717,6.07533,0.00852238,-3.96471,-0,-4.03799,38,33,3,0,0,18.7199,0,-0.0872665,-3.96471,0.0804044,0.192524,-0.00861914,-0.352084,0.1
1873,2.60297,-0.111701,-0.0958767,-0.496289,-0.47724,6.07533,0.0245018,-3.96459,-0,-4.04927,38,33,3,0,0,18.7299,0,-0.0872665,-3.96459,0.0804277,0.191406,-0.00868291,-0.354505,0.1
1874,2.60182,-0.10821,-0.12464,-0.507568,-0.469073,6.07533,-0.0191753,-3.96132,-0,-4.03799,38,33,3,0,0,18.7399,0,-0.0872665,-3.96132,0.0804586,0.19028,-0.00865854,-0.356911,0.1
1875,2.60077,-0.111701,-0.0990726,-0.496289,-0.486174,6.07533,0.010653,-3.97098,-0,-4.03799,38,33,3,0,0,18.7499,0,-0.0872665,-3.97098,0.0804374,0.189146,-0.00873744,-0.3593,0.1
1876,2.59971,-0.10472,-0.107595,-0.518848,-0.484827,6.07533,-0.0351548,-3.96298,-0,-4.04927,38,33,3,0,0,18.7599,0,-0.0872665,-3.96298,0.0804456,0.188005,-0.00882384,-0.361673,0.1
1877,2.59866,-0.102974,-0.105464,-0.541406,-0.4934,6.07533,-0.00213059,-3.95545,-0,-3.93647,38,33,3,0,0,18.7699,0,-0.0872665,-3.95545,0.0805016,0.186857,-0.00891763,-0.364029,0.1
1878,2.5976,-0.0994838,-0.101203,-0.507568,-0.541186,6.07533,-0.00745708,-3.96539,-0,-3.94775,38,33,3,0,0,18.7799,0,-0.0872665,-3.96539,0.0804654,0.185701,-0.00901887,-0.36637,0.1
1879,2.59665,-0.101229,-0.0980073,-0.563965,-0.559581,6.07533,0.00213059,-3.96308,-0,-3.93647,38,33,3,0,0,18.7899,0,-0.0872665,-3.96308,0.0804936,0.184538,-0.0092233,-0.368694,0.1
1880,2.59559,-0.115192,-0.0841585,-0.586523,-0.631061,6.07533,-0.00958767,-3.9672,-0,-3.93647,38,33,3,0,0,18.7999,0,-0.0872665,-3.9672,0.0804739,0.183367,-0.00933911,-0.371001,0.1
1881,2.59444,-0.102974,-0.129966,-0.654199,-0.596362,6.07533,0.00319589,-3.96019,-0,-3.93647,38,33,3,0,0,18.8099,0,-0.0872665,-3.96019,0.0805014,0.18219,-0.00936624,-0.373292,0.1
1882,2.59339,-0.111701,-0.122509,-0.676758,-0.553486,6.07533,0.0010653,-3.96002,-0,-3.93647,38,33,3,0,0,18.8199,0,-0.0872665,-3.96002,0.0804889,0.181005,-0.00949651,-0.375566,0.1
1883,2.59224,-0.125664,-0.112921,-0.563965,-0.509347,6.07533,-0.010653,-3.96634,-0,-3.93647,38,33,3,0,0,18.8299,0,-0.0872665,-3.96634,0.0804767,0.179813,-0.00953804,-0.377824,0.1
1884,2.59109,-0.118682,-0.110791,-0.48501,-0.49999,6.07533,0.0127836,-3.96596,-0,-3.93647,38,33,3,0,0,18.8399,0,-0.0872665,-3.96596,0.0804962,0.178614,-0.00958661,-0.380064,0.1
1885,2.58993,-0.122173,-0.111856,-0.507568,-0.505109,6.07533,0.0330242,-3.96221,-0,-3.93647,38,33,3,0,0,18.8499,0,-0.0872665,-3.96326,0.0805199,0.177407,-0.0096423,-0.382287,0.1
1886,2.58878,-0.111701,-0.122509,-0.451172,-0.518899,6.07533,0.0149142,-3.96396,-0,-3.90264,38,33,3,0,0,18.8599,0,-0.0872665,-3.96396,0.0805298,0.176194,-0.00970506,-0.384494,0.1
1887,2.58763,-0.127409,-0.0884196,-0.541406,-0.616733,6.07533,-0.028763,-3.95924,-0,-3.95903,38,33,3,0,0,18.8699,0,-0.0872665,-3.95924,0.080549,0.174974,-0.00977465,-0.386683,0.1
1888,2.58639,-0.129154,-0.118248,-0.654199,-0.655032,6.07533,-0.010653,-3.9562,-0,-3.91392,38,33,3,0,0,18.8799,0,-0.0872665,-3.9562,0.0805828,0.173747,-0.00975535,-0.388855,0.1
1889,2.58533,-0.101229,-0.12677,-0.620361,-0.553785,6.07533,0.00745708,-3.95573,-0,-3.93647,38,33,3,0,0,18.8899,0,-0.0872665,-3.95573,0.0805839,0.172513,-0.00993459,-0.39101,0.1
1890,2.58418,-0.113446,-0.0980073,-0.552686,-0.561578,6.07533,0.00213059,-3.94886,-0,-3.93647,38,33,3,0,0,18.8999,0,-0.0872665,-3.94886,0.080618,0.171272,-0.0100253,-0.393148,0.1
1891,2.58294,-0.109956,-0.113987,-0.541406,-0.562086,6.07533,-0.00532648,-3.95582,-0,-3.91392,38,33,3,0,0,18.9099,0,-0.0872665,-3.95582,0.0806203,0.170025,-0.0100259,-0.395267,0.1
1892,2.58179,-0.115192,-0.109726,-0.631641,-0.628191,6.07533,0.010653,-3.94587,-0,-3.94775,38,33,3,0,0,18.9199,0,-0.0872665,-3.94587,0.080675,0.168771,-0.0101296,-0.397369,0.1
1893,2.58064,-0.120428,-0.0841585,-0.620361,-0.656808,6.07533,0.0010653,-3.95708,-0,-3.91392,38,33,3,0,0,18.9299,0,-0.0872665,-3.95708,0.0806344,0.16751,-0.0102399,-0.399454,0.1
1894,2.57939,-0.120428,-0.119313,-0.620361,-0.639051,6.07533,-0.00745708,-3.94898,-0,-3.97031,38,33,3,0,0,18.9399,0,-0.0872665,-3.94898,0.0806586,0.166243,-0.0102609,-0.40152,0.1
1895,2.57805,-0.125664,-0.115052,-0.688037,-0.540031,6.07533,0.00852238,-3.95873,-0,-3.95903,38,33,3,0,0,18.9499,0,-0.0872665,-3.95873,0.080609,0.164969,-0.0101928,-0.403569,0.1
1896,2.5767,-0.150098,-0.145946,-0.586523,-0.411175,6.07533,0.00852238,-3.94987,-0,-3.93647,38,33,3,0,0,18.9599,0,-0.0872665,-3.94987,0.0806551,0.163688,-0.0101309,-0.4056,0.1
1897,2.57536,-0.144862,-0.127836,-0.439893,-0.405143,6.07533,0.0340895,-3.95054,-0,-3.93647,38,33,3,0,0,18.9699,0,-0.0872665,-3.9519,0.0806652,0.162401,-0.0100758,-0.407613,0.1
1898,2.57402,-0.125664,-0.115052,-0.304541,-0.332875,6.07533,-0.0127836,-3.95106,-0,-3.93647,38,33,3,0,0,18.9799,0,-0.0872665,-3.95106,0.0806731,0.161108,-0.0100269,-0.409608,0.1
1899,2.57268,-0.13439,-0.129966,-0.439893,-0.408924,6.07533,0.0351548,-3.95321,-0,-3.93647,38,33,3,0,0,18.9899,0,-0.0872665,-3.95356,0.0807283,0.159808,-0.0099844,-0.411585,0.1
1900,2.57134,-0.136136,-0.132097,-0.451172,-0.490309,6.07533,-0.0117183,-3.94467,-0,-4.03799,38,33,3,0,0,18.9999,0,-0.0872665,-3.94467,0.0807619,0.158502,-0.00994778,-0.413543,0.1
1901,2.56999,-0.13439,-0.131032,-0.47373,-0.519708,6.07533,0.0213059,-3.95106,-0,-3.93647,38,33,3,0,0,19.0099,0,-0.0872665,-3.95106,0.0807381,0.15719,-0.00991837,-0.415484,0.1
1902,2.56865,-0.125664,-0.137423,-0.406055,-0.417859,6.07533,-0.00639178,-3.95529,-0,-3.9252,38,33,3,0,0,19.0199,0,-0.0872665,-3.95529,0.0807151,0.155871,-0.00989467,-0.417406,0.1
1903,2.56731,-0.1309,-0.14488,-0.3271,-0.365875,6.07533,0.0149142,-3.94797,-0,-3.93647,38,33,3,0,0,19.0299,0,-0.0872665,-3.94797,0.0807688,0.154546,-0.00987715,-0.41931,0.1
1904,2.56597,-0.136136,-0.121444,-0.338379,-0.358436,6.07533,-0.0127836,-3.9459,-0,-3.91392,38,33,3,0,0,19.0399,0,-0.0872665,-3.9459,0.0807742,0.153216,-0.00986523,-0.421194,0.1
1905,2.56462,-0.136136,-0.107595,-0.406055,-0.412744,6.07533,0.00319589,-3.94987,-0,-4.02671,38,33,3,0,0,19.0499,0,-0.0872665,-3.94987,0.0807682,0.151879,-0.0098602,-0.423061,0.1
1906,2.56338,-0.13439,-0.115052,-0.47373,-0.454232,6.07533,-0.0010653,-3.95177,-0,-3.91392,38,33,3,0,0,19.0599,0,-0.0872665,-3.95177,0.0807494,0.150536,-0.00995672,-0.424909,0.1
1907,2.56213,-0.125664,-0.113987,-0.507568,-0.542423,6.07533,-0.0127836,-3.94263,-0,-3.93647,38,33,3,0,0,19.0699,0,-0.0872665,-3.94263,0.0807928,0.149187,-0.010059,-0.426738,0.1
1908,2.56089,-0.125664,-0.120379,-0.563965,-0.539252,6.07533,0.0117183,-3.95024,-0,-4.02671,38,33,3,0,0,19.0799,0,-0.0872665,-3.95024,0.0807696,0.147833,-0.0101673,-0.428548,0.1
1909,2.55973,-0.115192,-0.125705,-0.541406,-0.579914,6.07533,0.0010653,-3.9454,-0,-3.93647,38,33,3,0,0,19.0899,0,-0.0872665,-3.9454,0.0807984,0.146473,-0.0103769,-0.430339,0.1
1910,2.55858,-0.115192,-0.122509,-0.575244,-0.596239,6.07533,-0.00213059,-3.94668,-0,-4.01543,38,33,3,0,0,19.0999,0,-0.0872665,-3.94668,0.0808201,0.145106,-0.0105932,-0.432111,0.1
1911,2.55734,-0.122173,-0.112921,-0.64292,-0.716239,6.07533,-0.00532648,-3.93432,-0,-4.01543,38,33,3,0,0,19.1099,0,-0.0872665,-3.93432,0.0808781,0.143734,-0.0107188,-0.433865,0.1
1912,2.55619,-0.113446,-0.101203,-0.766992,-0.796194,6.07533,0.0298283,-3.9449,-0,-4.02671,38,33,3,0,0,19.1199,0,-0.0872665,-3.9449,0.0808718,0.142357,-0.0109455,-0.435598,0.1
1913,2.55504,-0.113446,-0.104399,-0.834668,-0.799241,6.07533,-0.00745708,-3.94237,-0,-4.01543,38,33,3,0,0,19.1299,0,-0.0872665,-3.94237,0.0808601,0.140973,-0.0111788,-0.437314,0.1
1914,2.55379,-0.13439,-0.117183,-0.789551,-0.788553,6.07533,-0.00639178,-3.92791,-0,-3.90264,38,33,3,0,0,19.1399,0,-0.0872665,-3.92791,0.0809028,0.139584,-0.0113216,-0.43901,0.1
1915,2.55254,-0.125664,-0.129966,-0.755713,-0.745675,6.07533,-0.0117183,-3.93734,-0,-4.01543,38,33,3,0,0,19.1499,0,-0.0872665,-3.93734,0.080858,0.13819,-0.0114693,-0.440686,0.1
1916,2.5512,-0.136136,-0.137423,-0.733154,-0.698049,6.07533,0.0170448,-3.93656,-0,-3.90264,38,33,3,0,0,19.1599,0,-0.0872665,-3.93656,0.0808779,0.13679,-0.0115269,-0.442343,0.1
1917,2.54976,-0.144862,-0.150207,-0.699316,-0.651222,6.07533,-0.0170448,-3.94314,-0,-3.90264,38,33,3,0,0,19.1699,0,-0.0872665,-3.94314,0.0808469,0.135384,-0.0114947,-0.443981,0.1
1918,2.54842,-0.137881,-0.147011,-0.64292,-0.598155,6.07533,-0.00213059,-3.93783,-0,-4.02671,38,33,3,0,0,19.1799,0,-0.0872665,-3.93783,0.0808719,0.133974,-0.0115624,-0.445599,0.1
1919,2.54698,-0.136136,-0.134227,-0.48501,-0.590763,6.07533,-0.00958767,-3.93508,-0,-3.89136,38,33,3,0,0,19.1899,0,-0.0872665,-3.93508,0.0808947,0.132558,-0.0115401,-0.447197,0.1
1920,2.54564,-0.129154,-0.134227,-0.518848,-0.541838,6.07533,0.00426119,-3.92331,-0,-3.89136,38,33,3,0,0,19.1999,0,-0.0872665,-3.92331,0.0809721,0.131137,-0.0116189,-0.448776,0.1
1921,2.5442,-0.127409,-0.128901,-0.563965,-0.621864,6.07533,0.0202406,-3.93005,-0,-3.89136,38,33,3,0,0,19.2099,0,-0.0872665,-3.93005,0.0809743,0.129711,-0.0116071,-0.450336,0.1
1922,2.54276,-0.143117,-0.12464,-0.654199,-0.653876,6.07533,-0.010653,-3.91518,0.00872665,-3.88008,38,33,3,0,0,19.2199,0,-0.0872665,-3.91518,0.0810528,0.128279,-0.0116004,-0.451875,0.1
1923,2.54142,-0.13439,-0.139554,-0.654199,-0.626992,6.07543,0.0117183,-3.92677,-0,-3.89136,38,33,3,0,0,19.2299,0,-0.0872665,-3.92677,0.0810225,0.126843,-0.0116947,-0.453395,0.1
1924,2.53998,-0.136136,-0.154468,-0.586523,-0.558834,6.07543,-0.0159795,-3.92828,-0,-3.89136,38,33,3,0,0,19.2399,0,-0.0872665,-3.92828,0.0809957,0.125402,-0.011698,-0.454894,0.1
1925,2.53855,-0.144862,-0.173643,-0.47373,-0.444467,6.07543,0.0319589,-3.93475,-0,-3.89136,38,33,3,0,0,19.2499,0,-0.0872665,-3.93487,0.0809967,0.123955,-0.0117063,-0.456374,0.1
1926,2.53701,-0.153589,-0.133162,-0.439893,-0.461013,6.07543,-0.00213059,-3.93054,-0,-3.88008,38,33,3,0,0,19.2599,0,-0.0872665,-3.93054,0.0810047,0.122504,-0.0116236,-0.457834,0.1
1927,2.53548,-0.148353,-0.149142,-0.552686,-0.482618,6.07543,0.0340895,-3.92223,-0,-3.89136,38,33,3,0,0,19.2699,0,-0.0872665,-3.92321,0.0810714,0.121048,-0.0115458,-0.459274,0.1
1928,2.53404,-0.148353,-0.139554,-0.620361,-0.540363,6.07543,0.0117183,-3.93003,-0,-3.90264,38,33,3,0,0,19.2799,0,-0.0872665,-3.93003,0.0810363,0.119587,-0.0115686,-0.460694,0.1
1929,2.5326,-0.129154,-0.131032,-0.609082,-0.49028,6.07543,0.00213059,-3.92171,-0,-3.95903,38,33,3,0,0,19.2899,0,-0.0872665,-3.92171,0.0810926,0.118121,-0.0115961,-0.462093,0.1
1930,2.53116,-0.15708,-0.16086,-0.507568,-0.569539,6.07543,-0.00213059,-3.91585,-0,-3.8688,38,33,3,0,0,19.2999,0,-0.0872665,-3.91585,0.0811471,0.116651,-0.0116284,-0.463473,0.1
1931,2.52973,-0.141372,-0.131032,-0.541406,-0.588577,6.07543,0.00426119,-3.91412,-0,-3.90264,38,33,3,0,0,19.3099,0,-0.0872665,-3.91412,0.0811709,0.115176,-0.0116653,-0.464832,0.1
1932,2.52829,-0.15708,-0.140619,-0.699316,-0.644596,6.07543,0.0010653,-3.92961,-0,-3.89136,38,33,3,0,0,19.3199,0,-0.0872665,-3.92961,0.0811329,0.113696,-0.0117065,-0.466171,0.1
1933,2.52675,-0.151844,-0.14275,-0.733154,-0.610243,6.07543,-0.00639178,-3.92533,-0,-3.89136,38,33,3,0,0,19.3299,0,-0.0872665,-3.92533,0.0811171,0.112212,-0.0116565,-0.467489,0.1
1934,2.52512,-0.158825,-0.150207,-0.563965,-0.491562,6.07543,0.00319589,-3.9244,-0,-3.91392,38,33,3,0,0,19.3399,0,-0.0872665,-3.9244,0.0810939,0.110724,-0.011515,-0.468787,0.1
1935,2.52349,-0.16057,-0.147011,-0.507568,-0.36984,6.07543,-0.0170448,-3.92032,-0,-3.93647,38,33,3,0,0,19.3499,0,-0.0872665,-3.92032,0.081106,0.109231,-0.0113779,-0.470064,0.1
1936,2.52206,-0.151844,-0.155533,-0.406055,-0.361429,6.07543,-0.00745708,-3.91209,-0,-3.91392,38,33,3,0,0,19.3599,0,-0.0872665,-3.91209,0.0811655,0.107734,-0.0114368,-0.471321,0.1
1937,2.52052,-0.153589,-0.141684,-0.406055,-0.428784,6.07543,-0.01811,-3.9155,-0,-3.90264,38,33,3,0,0,19.3699,0,-0.0872665,-3.9155,0.0811897,0.106233,-0.0114043,-0.472558,0.1
1938,2.51889,-0.151844,-0.127836,-0.496289,-0.548793,6.07543,-0.00426119,-3.9103,-0,-3.89136,38,33,3,0,0,19.3799,0,-0.0872665,-3.9103,0.0812254,0.104727,-0.0112798,-0.473773,0.1
1939,2.51736,-0.158825,-0.133162,-0.620361,-0.574474,6.07543,-0.0127836,-3.91405,-0,-3.89136,38,33,3,0,0,19.3899,0,-0.0872665,-3.91405,0.0812127,0.103218,-0.0112556,-0.474969,0.1
1940,2.51592,-0.148353,-0.167252,-0.586523,-0.522393,6.07543,0.0117183,-3.91798,-0,-3.90264,38,33,3,0,0,19.3999,0,-0.0872665,-3.91798,0.0811959,0.101704,-0.0113312,-0.476143,0.1
1941,2.51448,-0.146608,-0.145946,-0.507568,-0.485237,6.07543,8.9366e-18,-3.91265,-0,-3.89136,38,33,3,0,0,19.4099,0,-0.0872665,-3.91265,0.0812218,0.100186,-0.0114107,-0.477296,0.1
1942,2.51304,-0.16057,-0.148076,-0.552686,-0.582042,6.07543,0.0234365,-3.90131,-0,-3.8688,38,33,3,0,0,19.4199,0,-0.0872665,-3.90131,0.0813197,0.0986647,-0.0114943,-0.478429,0.1
1943,2.51161,-0.141372,-0.157664,-0.609082,-0.553986,6.07543,0.00319589,-3.90863,-0,-3.88008,38,33,3,0,0,19.4299,0,-0.0872665,-3.90863,0.0813235,0.097139,-0.0115819,-0.479541,0.1
1944,2.51017,-0.144862,-0.127836,-0.665479,-0.645848,6.07543,0.00639178,-3.90225,-0,-3.89136,38,33,3,0,0,19.4399,0,-0.0872665,-3.90225,0.0813726,0.0956097,-0.0116731,-0.480632,0.1
1945,2.50873,-0.1309,-0.152337,-0.586523,-0.702926,6.07543,-0.00213059,-3.89535,-0,-3.89136,38,33,3,0,0,19.4499,0,-0.0872665,-3.89535,0.0814213,0.0940765,-0.0117682,-0.481702,0.1
1946,2.50748,-0.122173,-0.110791,-0.744434,-0.706247,6.07543,0.0127836,-3.89521,-0,-3.88008,38,33,3,0,0,19.4599,0,-0.0872665,-3.89521,0.0814476,0.0925396,-0.0120588,-0.482751,0.1
1947,2.50614,-0.123918,-0.125705,-0.778271,-0.756918,6.07543,0.0159795,-3.89772,-0,-3.8688,38,33,3,0,0,19.4699,0,-0.0872665,-3.89772,0.0814641,0.090999,-0.0122571,-0.483779,0.1
1948,2.5048,-0.129154,-0.113987,-0.857227,-0.796491,6.07543,-0.0234365,-3.88996,-0,-3.85752,38,33,3,0,0,19.4799,0,-0.0872665,-3.88996,0.0814878,0.0894545,-0.0124593,-0.484786,0.1
1949,2.50346,-0.150098,-0.100138,-0.924902,-0.88749,6.07543,0.0266324,-3.89744,-0,-3.8688,38,33,3,0,0,19.4899,0,-0.0872665,-3.89744,0.0814844,0.0879071,-0.0126645,-0.485772,0.1
1950,2.50211,-0.151844,-0.141684,-0.913623,-0.906653,6.07543,-0.0234365,-3.89506,-0,-3.89136,38,33,3,0,0,19.4999,0,-0.0872665,-3.89506,0.0814685,0.0863561,-0.0128733,-0.486737,0.1
1951,2.50068,-0.1309,-0.141684,-0.812109,-0.77178,6.07543,-0.0010653,-3.89408,-0,-3.97031,38,33,3,0,0,19.5099,0,-0.0872665,-3.89408,0.081464,0.0848014,-0.0129899,-0.48768,0.1
1952,2.49924,-0.141372,-0.16086,-0.733154,-0.695104,6.07543,-0.01811,-3.89069,-0,-3.97031,38,33,3,0,0,19.5199,0,-0.0872665,-3.89069,0.0814672,0.0832434,-0.0131097,-0.488602,0.1
1953,2.49761,-0.165806,-0.14488,-0.733154,-0.670802,6.07543,0.0170448,-3.89293,-0,-3.97031,38,33,3,0,0,19.5299,0,-0.0872665,-3.89293,0.0815038,0.0816823,-0.013041,-0.489503,0.1
1954,2.49598,-0.16057,-0.158729,-0.676758,-0.611275,6.07543,-0.00639178,-3.89484,-0,-3.97031,38,33,3,0,0,19.5399,0,-0.0872665,-3.89484,0.0814974,0.0801176,-0.0129758,-0.490383,0.1
1955,2.49435,-0.167552,-0.145946,-0.575244,-0.617508,6.07543,0.00426119,-3.89693,-0,-3.97031,38,33,3,0,0,19.5499,0,-0.0872665,-3.89693,0.0814868,0.0785503,-0.0129133,-0.491241,0.1
1956,2.49272,-0.151844,-0.176839,-0.575244,-0.574299,6.07543,-0.0117183,-3.89287,-0,-3.88008,38,33,3,0,0,19.5599,0,-0.0872665,-3.89287,0.0815066,0.0769796,-0.0128541,-0.492078,0.1
1957,2.49109,-0.174533,-0.129966,-0.563965,-0.531173,6.07543,0.00426119,-3.89143,-0,-3.97031,38,33,3,0,0,19.5699,0,-0.0872665,-3.89143,0.0815516,0.0754059,-0.012798,-0.492894,0.1
1958,2.48936,-0.178024,-0.154468,-0.541406,-0.540018,6.07543,-0.0117183,-3.89837,-0,-3.90264,38,33,3,0,0,19.5799,0,-0.0872665,-3.89837,0.0815077,0.0738292,-0.0126489,-0.493688,0.1
1959,2.48764,-0.169297,-0.180035,-0.518848,-0.429979,6.07543,-0.00852238,-3.89189,-0,-3.89136,38,33,3,0,0,19.5899,0,-0.0872665,-3.89189,0.0815318,0.0722495,-0.0125029,-0.494461,0.1
1960,2.48601,-0.169297,-0.176839,-0.383496,-0.445734,6.07543,0.00745708,-3.89849,-0,-3.8688,38,33,3,0,0,19.5999,0,-0.0872665,-3.89849,0.0815122,0.0706671,-0.0124555,-0.495212,0.1
1961,2.48438,-0.158825,-0.156599,-0.383496,-0.407709,6.07543,-0.01811,-3.88607,-0,-3.97031,38,33,3,0,0,19.6099,0,-0.0872665,-3.88607,0.0815809,0.0690818,-0.0124109,-0.495942,0.1
1962,2.48275,-0.158825,-0.153403,-0.451172,-0.501456,6.07543,0.0117183,-3.89363,-0,-3.84624,38,33,3,0,0,19.6199,0,-0.0872665,-3.89363,0.0815923,0.0674939,-0.012369,-0.49665,0.1
1963,2.48121,-0.151844,-0.157664,-0.665479,-0.602195,6.07543,0.00639178,-3.88609,-0,-3.84624,38,33,3,0,0,19.6299,0,-0.0872665,-3.88609,0.081612,0.0659032,-0.0124257,-0.497336,0.1
1964,2.47968,-0.136136,-0.166186,-0.710596,-0.602105,6.07543,0.0117183,-3.88695,-0,-3.82368,38,33,3,0,0,19.6399,0,-0.0872665,-3.88695,0.0816074,0.0643099,-0.012485,-0.498001,0.1
1965,2.47815,-0.150098,-0.16086,-0.676758,-0.622749,6.07543,0.00852238,-3.88993,-0,-3.84624,38,33,3,0,0,19.6499,0,-0.0872665,-3.88993,0.0816035,0.0627142,-0.0125467,-0.498645,0.1
1966,2.47671,-0.16057,-0.156599,-0.609082,-0.683203,6.07543,0.00745708,-3.88344,-0,-3.84624,38,33,3,0,0,19.6599,0,-0.0872665,-3.88344,0.0816709,0.0611159,-0.012707,-0.499266,0.1
1967,2.47508,-0.150098,-0.140619,-0.654199,-0.659418,6.07543,-0.0010653,-3.88854,-0,-3.84624,38,33,3,0,0,19.6699,0,-0.0872665,-3.88854,0.0816337,0.0595153,-0.0126777,-0.499866,0.1
1968,2.47345,-0.165806,-0.170448,-0.699316,-0.637338,6.07543,0.0127836,-3.88337,-0,-3.84624,38,33,3,0,0,19.6799,0,-0.0872665,-3.88337,0.0816432,0.0579122,-0.0126509,-0.500445,0.1
1969,2.47172,-0.165806,-0.164056,-0.609082,-0.530127,6.07543,0.0138489,-3.89206,-0,-3.88008,38,33,3,0,0,19.6899,0,-0.0872665,-3.89206,0.0815963,0.0563069,-0.0125305,-0.501001,0.1
1970,2.47009,-0.158825,-0.166186,-0.507568,-0.489267,6.07543,-0.00213059,-3.87604,-0,-3.8688,38,33,3,0,0,19.6999,0,-0.0872665,-3.87604,0.0816631,0.0546993,-0.0125082,-0.501536,0.1
1971,2.46846,-0.169297,-0.161925,-0.406055,-0.418175,6.07543,-0.00319589,-3.88468,-0,-3.85752,38,33,3,0,0,19.7099,0,-0.0872665,-3.88468,0.0816782,0.0530896,-0.0124881,-0.502049,0.1
1972,2.46683,-0.164061,-0.153403,-0.394775,-0.538166,6.07543,-0.00426119,-3.87566,-0,-3.8688,38,33,3,0,0,19.7199,0,-0.0872665,-3.87566,0.0817505,0.0514778,-0.01247,-0.50254,0.1
1973,2.4652,-0.16057,-0.141684,-0.620361,-0.652472,6.07543,-0.00852238,-3.88153,-0,-3.85752,38,33,3,0,0,19.7299,0,-0.0872665,-3.88153,0.0817345,0.049864,-0.012454,-0.50301,0.1
1974,2.46357,-0.155334,-0.155533,-0.710596,-0.647436,6.07543,-0.00319589,-3.8739,-0,-3.83496,38,33,3,0,0,19.7399,0,-0.0872665,-3.8739,0.0817712,0.0482482,-0.0124399,-0.503457,0.1
1975,2.46214,-0.151844,-0.155533,-0.64292,-0.644057,6.07543,0.00958767,-3.88074,-0,-3.94775,38,33,3,0,0,19.7499,0,-0.0872665,-3.88074,0.0817467,0.0466305,-0.0126195,-0.503883,0.1
1976,2.46051,-0.158825,-0.133162,-0.721875,-0.60798,6.07543,-0.010653,-3.86768,-0,-3.85752,38,33,3,0,0,19.7599,0,-0.0872665,-3.86768,0.0818291,0.045011,-0.0126091,-0.504287,0.1
1977,2.45888,-0.169297,-0.147011,-0.733154,-0.661385,6.07543,0.0319589,-3.87588,-0,-3.83496,38,33,3,0,0,19.7699,0,-0.0872665,-3.87654,0.08184,0.0433896,-0.0126007,-0.504669,0.1
1978,2.45734,-0.158825,-0.143815,-0.586523,-0.67502,6.07543,-0.0308936,-3.87178,-0,-3.85752,38,33,3,0,0,19.7799,0,-0.0872665,-3.87178,0.0818392,0.0417666,-0.0126897,-0.505029,0.1
1979,2.45571,-0.143117,-0.152337,-0.654199,-0.646363,6.07543,-0.00639178,-3.86648,-0,-3.85752,38,33,3,0,0,19.7899,0,-0.0872665,-3.86648,0.0818866,0.040142,-0.0126845,-0.505367,0.1
1980,2.45418,-0.162316,-0.167252,-0.620361,-0.663213,6.07543,0.0010653,-3.87003,-0,-3.83496,38,33,3,0,0,19.7999,0,-0.0872665,-3.87003,0.0818971,0.0385156,-0.0127768,-0.505683,0.1
1981,2.45274,-0.155334,-0.139554,-0.710596,-0.728576,6.07543,0.00213059,-3.86771,-0,-3.94775,38,33,3,0,0,19.8099,0,-0.0872665,-3.86771,0.0819334,0.0368879,-0.0129665,-0.505977,0.1
1982,2.45121,-0.15708,-0.149142,-0.80083,-0.824249,6.07543,-0.0351548,-3.86921,-0,-3.83496,38,33,3,0,0,19.8199,0,-0.0872665,-3.86921,0.0819087,0.0352586,-0.0130618,-0.50625,0.1
1983,2.44958,-0.167552,-0.165121,-0.766992,-0.778479,6.07543,0.0010653,-3.86431,-0,-3.83496,38,33,3,0,0,19.8299,0,-0.0872665,-3.86431,0.0819278,0.033628,-0.0130625,-0.5065,0.1
1984,2.44795,-0.15708,-0.16299,-0.665479,-0.668762,6.07543,0.0117183,-3.87392,-0,-3.85752,38,33,3,0,0,19.8399,0,-0.0872665,-3.87392,0.0818607,0.0319961,-0.0130646,-0.506729,0.1
1985,2.44632,-0.165806,-0.14488,-0.597803,-0.632782,6.07543,-0.0149142,-3.86325,-0,-3.83496,38,33,3,0,0,19.8499,0,-0.0872665,-3.86325,0.0819044,0.0303628,-0.013068,-0.506935,0.1
1986,2.44459,-0.181514,-0.1811,-0.609082,-0.586334,6.07543,0.0255671,-3.86984,-0,-3.94775,38,33,3,0,0,19.8599,0,-0.0872665,-3.86984,0.0819073,0.0287285,-0.0129766,-0.507119,0.1
1987,2.44286,-0.165806,-0.187492,-0.530127,-0.465814,6.07552,-0.0276977,-3.86868,-0,-3.94775,38,33,3,0,0,19.8699,0,-0.0872665,-3.86868,0.0818973,0.0270928,-0.0128866,-0.507282,0.1
1988,2.44114,-0.171042,-0.161925,-0.394775,-0.472459,6.07552,0.0127836,-3.86871,-0,-3.94775,38,33,3,0,0,19.8799,0,-0.0872665,-3.86871,0.081919,0.0254562,-0.0127974,-0.507422,0.1
1989,2.43951,-0.171042,-0.164056,-0.428613,-0.491777,6.07552,-0.0117183,-3.85669,-0,-3.83496,38,33,3,0,0,19.8899,0,-0.0872665,-3.85669,0.0819846,0.0238187,-0.0128051,-0.507541,0.1
1990,2.43778,-0.169297,-0.156599,-0.575244,-0.539701,6.07552,0.00852238,-3.86542,-0,-3.85752,38,33,3,0,0,19.8999,0,-0.0872665,-3.86542,0.0819549,0.0221801,-0.0127179,-0.507637,0.1
1991,2.43606,-0.155334,-0.166186,-0.563965,-0.513442,6.07552,-0.00639178,-3.87315,-0,-3.97031,38,33,3,0,0,19.9099,0,-0.0872665,-3.87315,0.0819071,0.0205406,-0.0126317,-0.507712,0.1
1992,2.43443,-0.16057,-0.191753,-0.48501,-0.480958,6.07552,0.010653,-3.86548,-0,-3.94775,38,33,3,0,0,19.9199,0,-0.0872665,-3.86548,0.0819295,0.0189003,-0.0126422,-0.507764,0.1
1993,2.4328,-0.158825,-0.184296,-0.428613,-0.470319,6.07552,0.00852238,-3.86962,-0,-3.94775,38,33,3,0,0,19.9299,0,-0.0872665,-3.86962,0.0819348,0.0172593,-0.0126534,-0.507795,0.1
1994,2.43117,-0.169297,-0.166186,-0.451172,-0.493438,6.07552,0.00639178,-3.85864,-0,-3.94775,38,33,3,0,0,19.9399,0,-0.0872665,-3.85864,0.0820255,0.0156177,-0.0126651,-0.507803,0.1
1995,2.42954,-0.158825,-0.153403,-0.541406,-0.595021,6.07552,0.00426119,-3.86025,-0,-3.9252,38,33,3,0,0,19.9499,0,-0.0872665,-3.86025,0.0820367,0.0139754,-0.0126775,-0.507789,0.1
1996,2.428,-0.15708,-0.148076,-0.665479,-0.682705,6.07552,0.00639178,-3.85604,-0,-3.83496,38,33,3,0,0,19.9599,0,-0.0872665,-3.85604,0.0820667,0.0123325,-0.0127864,-0.507754,0.1
1997,2.42657,-0.141372,-0.125705,-0.699316,-0.710461,6.07552,0.0138489,-3.86212,-0,-3.9252,38,33,3,0,0,19.9699,0,-0.0872665,-3.86212,0.0820329,0.0106892,-0.0129916,-0.507696,0.1
1998,2.42503,-0.13439,-0.14275,-0.688037,-0.72037,6.07552,-0.0298283,-3.85056,-0,-3.9252,38,33,3,0,0,19.9799,0,-0.0872665,-3.85056,0.0820785,0.00904546,-0.0131014,-0.507616,0.1
1999,2.42359,-0.151844,-0.137423,-0.778271,-0.830897,6.07552,0.00639178,-3.85507,-0,-3.93647,38,33,3,0,0,19.9899,0,-0.0872665,-3.85507,0.0820888,0.00740119,-0.0133075,-0.507515,0.1
2000,2.42196,-0.15708,-0.141684,-0.913623,-0.86376,6.07552,0.00852238,-3.85627,-0,-3.82368,38,33,3,0,0,19.9999,0,-0.0872665,-3.85627,0.0820678,0.00575686,-0.013322,-0.507391,0.1
2001,2.42043,-0.151844,-0.16086,-0.812109,-0.725048,6.07552,-0.00319589,-3.85307,-0,-3.82368,38,33,3,0,0,20.0099,0,-0.0872665,-3.85307,0.082056,0.0041122,-0.0134327,-0.507245,0.1
2002,2.4188,-0.167552,-0.171513,-0.699316,-0.664128,6.07552,-0.0234365,-3.84551,-0,-3.84624,38,33,3,0,0,20.0199,0,-0.0872665,-3.84551,0.0820834,0.00246737,-0.0134477,-0.507077,0.1
2003,2.41717,-0.15708,-0.147011,-0.631641,-0.623265,6.07552,0.0191753,-3.84508,-0,-3.78984,38,33,3,0,0,20.0299,0,-0.0872665,-3.84508,0.0821387,0.000822543,-0.0134627,-0.506888,0.1
2004,2.41554,-0.171042,-0.140619,-0.563965,-0.670999,6.07552,-0.0159795,-3.84209,-0,-3.8124,38,33,3,0,0,20.0399,0,-0.0872665,-3.84209,0.0821892,-0.000822407,-0.0134777,-0.506676,0.1
2005,2.41381,-0.165806,-0.147011,-0.80083,-0.713901,6.07552,0.010653,-3.84651,-0,-3.78984,38,33,3,0,0,20.0499,0,-0.0872665,-3.84651,0.0822,-0.00246732,-0.0133969,-0.506442,0.1
2006,2.41218,-0.172788,-0.150207,-0.710596,-0.693972,6.07552,-0.0213059,-3.84251,-0,-3.80112,39,33,3,0,0,20.0599,0,-0.0872665,-3.84251,0.0822009,-0.00411219,-0.013412,-0.506187,0.1
2007,2.41046,-0.165806,-0.176839,-0.609082,-0.677517,6.07552,1.08283e-17,-3.84005,-0,-3.8124,39,33,3,0,0,20.0699,0,-0.0872665,-3.84005,0.0822079,-0.00575683,-0.0133309,-0.505909,0.1
2008,2.40883,-0.178024,-0.172578,-0.631641,-0.643703,6.07552,0.00639178,-3.8372,-0,-3.78984,39,33,3,0,0,20.0799,0,-0.0872665,-3.8372,0.0822471,-0.00740123,-0.0133454,-0.50561,0.1
2009,2.4071,-0.169297,-0.161925,-0.631641,-0.612222,6.07552,-0.0010653,-3.83214,-0,-3.78984,39,33,3,0,0,20.0899,0,-0.0872665,-3.83214,0.0823054,-0.00904532,-0.0132638,-0.505288,0.1
2010,2.40547,-0.172788,-0.161925,-0.609082,-0.566062,6.07552,0.00213059,-3.84202,-0,-3.82368,39,33,3,0,0,20.0999,0,-0.0872665,-3.84202,0.0822646,-0.01069,-0.0132786,-0.504944,0.1
2011,2.40375,-0.178024,-0.155533,-0.586523,-0.615049,6.07552,-0.00319589,-3.83293,-0,-3.80112,39,33,3,0,0,20.1099,0,-0.0872665,-3.83293,0.0823205,-0.0123324,-0.0131952,-0.504579,0.1
2012,2.40212,-0.148353,-0.16299,-0.552686,-0.600929,6.07552,9.98029e-18,-3.84088,-0,-3.80112,39,33,3,0,0,20.1199,0,-0.0872665,-3.84088,0.0822986,-0.0139752,-0.0132082,-0.504192,0.1
2013,2.40049,-0.171042,-0.165121,-0.710596,-0.662109,6.07552,-0.0319589,-3.82875,-0,-3.82368,39,33,3,0,0,20.1299,0,-0.0872665,-3.82875,0.0823817,-0.0156175,-0.0132207,-0.503783,0.1
2014,2.39886,-0.158825,-0.172578,-0.755713,-0.624778,6.07552,0.0234365,-3.84311,-0,-3.8124,39,33,3,0,0,20.1399,0,-0.0872665,-3.84311,0.0823443,-0.0172592,-0.0132325,-0.503352,0.1
2015,2.39723,-0.179769,-0.149142,-0.721875,-0.647408,6.07552,-0.0223712,-3.83285,-0,-3.82368,39,33,3,0,0,20.1499,0,-0.0872665,-3.83285,0.0823732,-0.0189003,-0.0132437,-0.502899,0.1
2016,2.3955,-0.153589,-0.164056,-0.710596,-0.629414,6.07552,0.0117183,-3.83379,-0,-3.78984,39,33,3,0,0,20.1599,0,-0.0872665,-3.83379,0.0823741,-0.0205405,-0.0131582,-0.502425,0.1
2017,2.39387,-0.167552,-0.16086,-0.575244,-0.586024,6.07552,9.84982e-18,-3.83073,-0,-3.82368,39,33,3,0,0,20.1699,0,-0.0872665,-3.83073,0.0824042,-0.0221799,-0.0131678,-0.501928,0.1
2018,2.39205,-0.178024,-0.170448,-0.676758,-0.51509,6.07552,0.00319589,-3.82555,-0,-3.8124,39,33,3,0,0,20.1799,0,-0.0872665,-3.82555,0.0824236,-0.0238184,-0.0129847,-0.50141,0.1
2019,2.39042,-0.164061,-0.174709,-0.586523,-0.473337,6.07552,-0.0404813,-3.82512,-0,-3.78984,39,33,3,0,0,20.1899,0,-0.0872665,-3.82512,0.082437,-0.0254561,-0.0129925,-0.50087,0.1
2020,2.3886,-0.174533,-0.168317,-0.552686,-0.482889,6.07552,0.00958767,-3.82399,-0,-3.80112,39,33,3,0,0,20.1999,0,-0.0872665,-3.82399,0.0824655,-0.0270927,-0.0128075,-0.500308,0.1
2021,2.38697,-0.169297,-0.176839,-0.428613,-0.496873,6.07552,0.00958767,-3.83681,-0,-3.82368,39,33,3,0,0,20.2099,0,-0.0872665,-3.83681,0.0824441,-0.0287283,-0.0128132,-0.499725,0.1
2022,2.38524,-0.181514,-0.151272,-0.530127,-0.540364,6.07552,-0.0276977,-3.82605,-0,-3.8124,39,33,3,0,0,20.2199,0,-0.0872665,-3.82605,0.0824796,-0.0303627,-0.0127219,-0.49912,0.1
2023,2.38352,-0.16057,-0.147011,-0.586523,-0.553176,6.07552,0.00213059,-3.83572,-0,-3.80112,39,33,3,0,0,20.2299,0,-0.0872665,-3.83572,0.0824415,-0.031996,-0.0126295,-0.498493,0.1
2024,2.38189,-0.169297,-0.166186,-0.563965,-0.482927,6.07552,-0.00213059,-3.82247,-0,-3.78984,39,33,3,0,0,20.2399,0,-0.0872665,-3.82247,0.0824795,-0.033628,-0.0126316,-0.497845,0.1
2025,2.38035,-0.162316,-0.158729,-0.48501,-0.510067,6.07552,0.0308936,-3.82413,-0,-3.80112,39,33,3,0,0,20.2499,0,-0.0872665,-3.82443,0.0825157,-0.0352585,-0.0127282,-0.497174,0.1
2026,2.37882,-0.15708,-0.14275,-0.530127,-0.613521,6.07552,-0.0170448,-3.81677,-0,-3.77856,39,33,3,0,0,20.2599,0,-0.0872665,-3.81677,0.0825694,-0.0368879,-0.0128235,-0.496483,0.1
2027,2.37729,-0.143117,-0.139554,-0.699316,-0.707391,6.07552,0.0202406,-3.82141,-0,-3.76729,39,33,3,0,0,20.2699,0,-0.0872665,-3.82141,0.0825878,-0.0385156,-0.0129173,-0.495769,0.1
2028,2.37585,-0.139626,-0.125705,-0.755713,-0.795627,6.07552,-0.0234365,-3.81974,-0,-3.76729,39,33,3,0,0,20.2799,0,-0.0872665,-3.81974,0.0825885,-0.0401418,-0.0131054,-0.495035,0.1
2029,2.37441,-0.144862,-0.141684,-0.845947,-0.83697,6.07552,0.0340895,-3.81595,-0,-3.91392,39,33,3,0,0,20.2899,0,-0.0872665,-3.81692,0.0826085,-0.0417666,-0.013292,-0.494278,0.1
2030,2.37297,-0.132645,-0.125705,-0.823389,-0.829347,6.07552,-0.00639178,-3.82052,-0,-3.8124,39,33,3,0,0,20.2999,0,-0.0872665,-3.82052,0.0825951,-0.0433895,-0.0134769,-0.4935,0.1
2031,2.37163,-0.139626,-0.122509,-0.891064,-0.880603,6.07552,0.00532648,-3.81272,-0,-3.89136,39,33,3,0,0,20.3099,0,-0.0872665,-3.81272,0.0826491,-0.0450109,-0.013756,-0.492701,0.1
2032,2.3701,-0.148353,-0.143815,-0.947461,-0.913494,6.07562,-0.010653,-3.81113,-0,-3.91392,39,33,3,0,0,20.3199,0,-0.0872665,-3.81113,0.0826616,-0.0466304,-0.0138416,-0.49188,0.1
2033,2.36856,-0.165806,-0.148076,-0.992578,-0.925537,6.07562,-0.0170448,-3.81414,-0,-3.91392,39,33,3,0,0,20.3299,0,-0.0872665,-3.81414,0.0826266,-0.0482481,-0.0139253,-0.491038,0.1
2034,2.36693,-0.158825,-0.168317,-0.868506,-0.759644,6.07562,-0.0127836,-3.81388,-0,-3.8688,39,33,3,0,0,20.3399,0,-0.0872665,-3.81388,0.0825971,-0.0498639,-0.0139112,-0.490175,0.1
2035,2.3653,-0.162316,-0.168317,-0.676758,-0.640133,6.07562,0.00639178,-3.8069,-0,-3.8688,39,33,3,0,0,20.3499,0,-0.0872665,-3.8069,0.0826405,-0.0514778,-0.0138953,-0.48929,0.1
2036,2.36367,-0.172788,-0.171513,-0.676758,-0.677536,6.07562,-0.0191753,-3.80516,-0,-3.76729,39,33,3,0,0,20.3599,0,-0.0872665,-3.80516,0.082689,-0.0530895,-0.0138771,-0.488384,0.1
2037,2.36185,-0.169297,-0.16299,-0.710596,-0.641191,6.07562,0.01811,-3.80865,0.00698132,-3.77856,39,33,3,0,0,20.3699,0,-0.0872665,-3.80865,0.0827171,-0.0546993,-0.0136653,-0.487457,0.1
2038,2.36022,-0.164061,-0.175774,-0.597803,-0.592312,6.07562,0.0330242,-3.81833,-0,-3.75601,39,33,3,0,0,20.3799,0,-0.0872665,-3.81892,0.0826862,-0.0563068,-0.0136429,-0.486508,0.1
2039,2.3585,-0.172788,-0.167252,-0.552686,-0.605948,6.07562,-0.0202406,-3.80857,-0,-3.90264,39,33,3,0,0,20.3899,0,-0.0872665,-3.80857,0.0827068,-0.0579122,-0.0135226,-0.485538,0.1
2040,2.35677,-0.165806,-0.155533,-0.552686,-0.531152,6.07562,0.010653,-3.80342,-0,-3.90264,39,33,3,0,0,20.3999,0,-0.0872665,-3.80342,0.0827487,-0.0595152,-0.0133999,-0.484547,0.1
2041,2.35504,-0.195477,-0.182166,-0.575244,-0.557592,6.07562,-0.00852238,-3.80897,-0,-3.77856,39,33,3,0,0,20.4099,0,-0.0872665,-3.80897,0.0827513,-0.0611158,-0.0132748,-0.483535,0.1
2042,2.35332,-0.162316,-0.159795,-0.530127,-0.536784,6.07562,0.00745708,-3.81486,-0,-3.77856,39,33,3,0,0,20.4199,0,-0.0872665,-3.81486,0.0827441,-0.0627141,-0.0131473,-0.482502,0.1
2043,2.35159,-0.169297,-0.16299,-0.507568,-0.522797,6.07562,-0.0138489,-3.8043,-0,-3.77856,39,33,3,0,0,20.4299,0,-0.0872665,-3.8043,0.0827687,-0.0643099,-0.0130174,-0.481448,0.1
2044,2.34996,-0.171042,-0.164056,-0.541406,-0.575688,6.07562,0.00958767,-3.80456,-0,-3.77856,39,33,3,0,0,20.4399,0,-0.0872665,-3.80456,0.0827864,-0.0659032,-0.0129809,-0.480373,0.1
2045,2.34833,-0.137881,-0.161925,-0.586523,-0.557462,6.07562,0.0223712,-3.80678,-0,-3.76729,39,33,3,0,0,20.4499,0,-0.0872665,-3.80678,0.0828115,-0.0674938,-0.0129416,-0.479277,0.1
2046,2.3468,-0.148353,-0.149142,-0.563965,-0.629402,6.07562,-0.0010653,-3.7966,-0,-3.75601,39,33,3,0,0,20.4599,0,-0.0872665,-3.7966,0.0828629,-0.0690817,-0.0129955,-0.478161,0.1
2047,2.34526,-0.15708,-0.151272,-0.665479,-0.674055,6.07562,0.0010653,-3.81055,-0,-3.83496,39,33,3,0,0,20.4699,0,-0.0872665,-3.81055,0.0828189,-0.070667,-0.0130468,-0.477023,0.1
2048,2.34364,-0.165806,-0.150207,-0.654199,-0.694414,6.07562,9.19752e-18,-3.80471,-0,-3.77856,39,33,3,0,0,20.4799,0,-0.0872665,-3.80471,0.0828297,-0.0722494,-0.0129994,-0.475864,0.1
2049,2.3421,-0.15708,-0.164056,-0.699316,-0.649071,6.07562,-0.00213059,-3.80692,-0,-3.77856,39,33,3,0,0,20.4899,0,-0.0872665,-3.80692,0.0828016,-0.0738291,-0.0130451,-0.474685,0.1
2050,2.34047,-0.169297,-0.128901,-0.631641,-0.587006,6.07562,0.0010653,-3.8037,-0,-3.77856,39,33,3,0,0,20.4999,0,-0.0872665,-3.8037,0.0828117,-0.0754057,-0.0129919,-0.473485,0.1
2051,2.33884,-0.16057,-0.166186,-0.586523,-0.579044,6.07562,0.0234365,-3.81107,-0,-3.75601,39,33,3,0,0,20.5099,0,-0.0872665,-3.81107,0.082808,-0.0769796,-0.0129359,-0.472264,0.1
2052,2.33712,-0.158825,-0.171513,-0.597803,-0.57627,6.07562,-0.0127836,-3.79951,-0,-3.77856,39,33,3,0,0,20.5199,0,-0.0872665,-3.79951,0.0828354,-0.0785502,-0.0127808,-0.471023,0.1
2053,2.33558,-0.151844,-0.148076,-0.563965,-0.596341,6.07562,0.0362201,-3.80483,-0,-3.80112,39,33,3,0,0,20.5299,0,-0.0872665,-3.8055,0.0828336,-0.0801177,-0.0128143,-0.469761,0.1
2054,2.33395,-0.148353,-0.143815,-0.541406,-0.55632,6.07562,-0.0319589,-3.79463,-0,-3.82368,39,33,3,0,0,20.5399,0,-0.0872665,-3.79463,0.082864,-0.0816822,-0.0127489,-0.468479,0.1
2055,2.33242,-0.169297,-0.150207,-0.563965,-0.676325,6.07562,0.00319589,-3.79678,-0,-3.76729,39,33,3,0,0,20.5499,0,-0.0872665,-3.79678,0.0828885,-0.0832433,-0.0127761,-0.467176,0.1
2056,2.33088,-0.146608,-0.16086,-0.733154,-0.666553,6.07562,0.00319589,-3.79524,-0,-3.76729,39,33,3,0,0,20.5599,0,-0.0872665,-3.79524,0.0829071,-0.0848013,-0.0128001,-0.465853,0.1
2057,2.32935,-0.151844,-0.127836,-0.676758,-0.662443,6.07562,0.00639178,-3.80106,-0,-3.77856,39,33,3,0,0,20.5699,0,-0.0872665,-3.80106,0.0828907,-0.0863559,-0.0128207,-0.464509,0.1
2058,2.32782,-0.136136,-0.16086,-0.699316,-0.670425,6.07562,-0.00426119,-3.79955,-0,-3.77856,39,33,3,0,0,20.5799,0,-0.0872665,-3.79955,0.0828996,-0.087907,-0.0128378,-0.463145,0.1
2059,2.32647,-0.136136,-0.164056,-0.575244,-0.679126,6.07562,1.00455e-17,-3.78566,-0,-3.77856,39,33,3,0,0,20.5899,0,-0.0872665,-3.78566,0.0830002,-0.0894548,-0.0130433,-0.461761,0.1
2060,2.32494,-0.139626,-0.135293,-0.609082,-0.760108,6.07562,-0.0149142,-3.78706,-0,-3.76729,39,33,3,0,0,20.5999,0,-0.0872665,-3.78706,0.083002,-0.0909989,-0.0130535,-0.460357,0.1
2061,2.3236,-0.136136,-0.132097,-0.868506,-0.845094,6.07562,-0.00745708,-3.78453,-0,-3.75601,39,33,3,0,0,20.6099,0,-0.0872665,-3.78453,0.0830129,-0.0925394,-0.0132518,-0.458932,0.1
2062,2.32216,-0.1309,-0.149142,-0.879785,-0.839263,6.07562,0.00532648,-3.78986,-0,-3.77856,39,33,3,0,0,20.6199,0,-0.0872665,-3.78986,0.0830093,-0.0940764,-0.0133506,-0.457487,0.1
2063,2.32082,-0.143117,-0.133162,-0.845947,-0.85896,6.07562,-0.0245018,-3.7779,-0,-3.80112,39,33,3,0,0,20.6299,0,-0.0872665,-3.7779,0.083071,-0.0956096,-0.0135416,-0.456023,0.1
2064,2.31947,-0.1309,-0.140619,-0.857227,-0.882108,6.07562,0.0149142,-3.78386,-0,-3.77856,39,33,3,0,0,20.6399,0,-0.0872665,-3.78386,0.0830663,-0.097139,-0.0137288,-0.454538,0.1
2065,2.31804,-0.146608,-0.123574,-0.902344,-0.863162,6.07562,0.0213059,-3.77928,-0,-3.88008,39,33,3,0,0,20.6499,0,-0.0872665,-3.77928,0.0830946,-0.0986645,-0.0138162,-0.453034,0.1
2066,2.3165,-0.15708,-0.154468,-0.924902,-0.850886,6.07562,0.010653,-3.78353,-0,-3.75601,39,33,3,0,0,20.6599,0,-0.0872665,-3.78353,0.083082,-0.100186,-0.013804,-0.451509,0.1
2067,2.31506,-0.15708,-0.148076,-0.755713,-0.769639,6.07562,-0.0127836,-3.78158,-0,-3.74473,39,33,3,0,0,20.6699,0,-0.0872665,-3.78158,0.0830508,-0.101704,-0.0138836,-0.449965,0.1
2068,2.31343,-0.15708,-0.186427,-0.654199,-0.626146,6.07562,0.0159795,-3.77907,-0,-3.77856,39,33,3,0,0,20.6799,0,-0.0872665,-3.77907,0.083074,-0.103218,-0.0137675,-0.448401,0.1
2069,2.3118,-0.158825,-0.174709,-0.563965,-0.582364,6.07562,1.06978e-17,-3.78254,-0,-3.75601,39,33,3,0,0,20.6899,0,-0.0872665,-3.78254,0.083082,-0.104727,-0.0136473,-0.446817,0.1
2070,2.31008,-0.165806,-0.174709,-0.597803,-0.585936,6.07562,0.0138489,-3.7761,-0,-3.76729,39,33,3,0,0,20.6999,0,-0.0872665,-3.7761,0.0831567,-0.106233,-0.013427,-0.445214,0.1
2071,2.30845,-0.15708,-0.169382,-0.654199,-0.612578,6.07562,-0.00745708,-3.78978,-0,-3.84624,39,33,3,0,0,20.7099,0,-0.0872665,-3.78978,0.0831128,-0.107734,-0.0132985,-0.443591,0.1
2072,2.30672,-0.164061,-0.171513,-0.496289,-0.484361,6.07562,0.0149142,-3.78308,-0,-3.85752,39,33,3,0,0,20.7199,0,-0.0872665,-3.78308,0.0831316,-0.109231,-0.0130697,-0.441949,0.1
2073,2.30519,-0.158825,-0.182166,-0.428613,-0.451592,6.07562,-0.00319589,-3.78315,-0,-3.74473,39,33,3,0,0,20.7299,0,-0.0872665,-3.78315,0.0831242,-0.110724,-0.0130286,-0.440287,0.1
2074,2.30356,-0.158825,-0.164056,-0.428613,-0.496027,6.07562,0.0010653,-3.77007,-0,-3.75601,39,33,3,0,0,20.7399,0,-0.0872665,-3.77007,0.0832058,-0.112212,-0.0128871,-0.438606,0.1
2075,2.30193,-0.148353,-0.171513,-0.462451,-0.47764,6.07571,0.010653,-3.77935,-0,-3.85752,39,33,3,0,0,20.7499,0,-0.0872665,-3.77935,0.0831898,-0.113696,-0.0127412,-0.436906,0.1
2076,2.3004,-0.148353,-0.151272,-0.462451,-0.514202,6.07571,-0.01811,-3.77908,-0,-3.85752,39,33,3,0,0,20.7599,0,-0.0872665,-3.77908,0.0831782,-0.115176,-0.0126867,-0.435186,0.1
2077,2.29886,-0.150098,-0.164056,-0.496289,-0.542198,6.07571,0.0149142,-3.78604,-0,-3.85752,39,33,3,0,0,20.7699,0,-0.0872665,-3.78604,0.0831532,-0.116651,-0.0126276,-0.433448,0.1
2078,2.29742,-0.137881,-0.139554,-0.518848,-0.625772,6.07571,-0.00639178,-3.7722,-0,-3.85752,39,33,3,0,0,20.7799,0,-0.0872665,-3.7722,0.083221,-0.118121,-0.0126598,-0.43169,0.1
2079,2.29599,-0.143117,-0.141684,-0.64292,-0.671038,6.07571,0.0276977,-3.77481,-0,-3.84624,39,33,3,0,0,20.7899,0,-0.0872665,-3.77481,0.0832381,-0.119587,-0.0126873,-0.429913,0.1
2080,2.29455,-0.136136,-0.139554,-0.733154,-0.728732,6.07571,-0.00745708,-3.78278,-0,-3.85752,39,33,3,0,0,20.7999,0,-0.0872665,-3.78278,0.0832036,-0.121048,-0.0127101,-0.428117,0.1
2081,2.29311,-0.148353,-0.122509,-0.789551,-0.770141,6.07571,0.0223712,-3.77756,-0,-3.74473,39,33,3,0,0,20.8099,0,-0.0872665,-3.77756,0.0832226,-0.122504,-0.0127282,-0.426303,0.1
2082,2.29167,-0.144862,-0.14275,-0.766992,-0.71314,6.07571,-0.0191753,-3.7749,-0,-3.85752,39,33,3,0,0,20.8199,0,-0.0872665,-3.7749,0.0832079,-0.123955,-0.0127413,-0.424469,0.1
2083,2.29023,-0.151844,-0.147011,-0.688037,-0.706613,6.07571,0.0191753,-3.77796,-0,-3.85752,39,33,3,0,0,20.8299,0,-0.0872665,-3.77796,0.0832039,-0.125401,-0.0127497,-0.422617,0.1
2084,2.2888,-0.141372,-0.153403,-0.654199,-0.631787,6.07571,-0.0202406,-3.76779,-0,-3.72217,39,33,3,0,0,20.8399,0,-0.0872665,-3.76779,0.0832465,-0.126843,-0.0127531,-0.420746,0.1
2085,2.28726,-0.16057,-0.123574,-0.665479,-0.658486,6.07571,-0.0245018,-3.75574,-0,-3.73345,39,33,3,0,0,20.8499,0,-0.0872665,-3.75574,0.0833269,-0.128279,-0.0126556,-0.418857,0.1
2086,2.28582,-0.141372,-0.155533,-0.688037,-0.634364,6.07571,-0.0149142,-3.76546,-0,-3.73345,39,33,3,0,0,20.8599,0,-0.0872665,-3.76546,0.0833131,-0.129711,-0.0126488,-0.416949,0.1
2087,2.28429,-0.153589,-0.131032,-0.676758,-0.635018,6.07571,0.00958767,-3.76529,-0,-3.73345,39,33,3,0,0,20.8699,0,-0.0872665,-3.76529,0.0833167,-0.131137,-0.0125412,-0.415022,0.1
2088,2.28295,-0.144862,-0.156599,-0.631641,-0.667229,6.07571,0.0117183,-3.76739,-0,-3.72217,39,33,3,0,0,20.8799,0,-0.0872665,-3.76739,0.083332,-0.132558,-0.01262,-0.413078,0.1
2089,2.28151,-0.139626,-0.129966,-0.721875,-0.687976,6.07571,-0.0127836,-3.76235,-0,-3.73345,39,33,3,0,0,20.8899,0,-0.0872665,-3.76235,0.0833709,-0.133974,-0.0125977,-0.411115,0.1
2090,2.28007,-0.158825,-0.148076,-0.766992,-0.755547,6.07571,-0.0010653,-3.75542,-0,-3.71089,39,33,3,0,0,20.8999,0,-0.0872665,-3.75542,0.0834241,-0.135385,-0.0125702,-0.409133,0.1
2091,2.27863,-0.13439,-0.135293,-0.699316,-0.707142,6.07571,-0.0213059,-3.75837,-0,-3.72217,39,33,3,0,0,20.9099,0,-0.0872665,-3.75837,0.0833922,-0.13679,-0.0125374,-0.407134,0.1
2092,2.27729,-0.151844,-0.134227,-0.575244,-0.642124,6.07571,0.00213059,-3.76395,-0,-3.72217,39,33,3,0,0,20.9199,0,-0.0872665,-3.76395,0.0833838,-0.13819,-0.0125949,-0.405117,0.1
2093,2.27585,-0.143117,-0.134227,-0.609082,-0.637815,6.07571,8.21906e-18,-3.7659,-0,-3.72217,39,33,3,0,0,20.9299,0,-0.0872665,-3.7659,0.0833935,-0.139584,-0.0125512,-0.403081,0.1
2094,2.27451,-0.146608,-0.16086,-0.676758,-0.689885,6.07571,0.0138489,-3.76339,-0,-3.76729,39,33,3,0,0,20.9399,0,-0.0872665,-3.76339,0.0834437,-0.140973,-0.0125979,-0.401028,0.1
2095,2.27307,-0.139626,-0.131032,-0.688037,-0.713029,6.07571,0.0010653,-3.76055,-0,-3.73345,39,33,3,0,0,20.9499,0,-0.0872665,-3.76055,0.0834441,-0.142356,-0.012543,-0.398957,0.1
2096,2.27173,-0.141372,-0.141684,-0.744434,-0.739453,6.07571,-0.00532648,-3.74777,-0,-3.72217,39,33,3,0,0,20.9599,0,-0.0872665,-3.74777,0.0834986,-0.143734,-0.0125784,-0.396869,0.1
2097,2.27039,-0.132645,-0.137423,-0.721875,-0.733612,6.07571,0.00532648,-3.76271,-0,-3.73345,39,33,3,0,0,20.9699,0,-0.0872665,-3.76271,0.0834374,-0.145106,-0.0126082,-0.394762,0.1
2098,2.26914,-0.141372,-0.138489,-0.676758,-0.717376,6.07571,8.47998e-18,-3.75613,-0,-3.72217,39,33,3,0,0,20.9799,0,-0.0872665,-3.75613,0.0834751,-0.146472,-0.0127281,-0.392638,0.1
2099,2.2678,-0.1309,-0.14275,-0.710596,-0.793707,6.07571,0.0149142,-3.75479,-0,-3.72217,39,33,3,0,0,20.9899,0,-0.0872665,-3.75548,0.0834752,-0.147833,-0.0127463,-0.390497,0.1
2100,2.26646,-0.132645,-0.138489,-0.845947,-0.801986,6.07571,0.00745708,-3.75694,-0,-3.72217,39,33,3,0,0,20.9999,0,-0.0872665,-3.75694,0.0834838,-0.149187,-0.0127588,-0.388338,0.1
2101,2.26511,-0.1309,-0.12677,-0.755713,-0.745121,6.07571,-0.00639178,-3.7585,-0,-3.75601,39,33,3,0,0,21.01,0,-0.0872665,-3.7585,0.0834733,-0.150542,-0.012771,-0.386153,0.1
2102,2.26368,-0.129154,-0.140619,-0.688037,-0.6357,6.07571,-0.00852238,-3.75496,-0,-3.73345,39,33,3,0,0,21.0199,0,-0.0872665,-3.75496,0.0834955,-0.151879,-0.0126702,-0.383968,0.1
2103,2.26224,-0.151844,-0.139554,-0.699316,-0.611814,6.07571,0.00426119,-3.76578,-0,-3.73345,39,33,3,0,0,21.0299,0,-0.0872665,-3.76578,0.0834224,-0.153216,-0.0125691,-0.381757,0.1
2104,2.2608,-0.146608,-0.155533,-0.507568,-0.536037,6.07571,-0.0213059,-3.75319,-0,-3.73345,39,33,3,0,0,21.0399,0,-0.0872665,-3.75319,0.0834671,-0.154546,-0.0124614,-0.37953,0.1
2105,2.25936,-0.136136,-0.150207,-0.518848,-0.523349,6.07571,0.0234365,-3.76014,-0,-3.73345,39,33,3,0,0,21.0499,0,-0.0872665,-3.76014,0.0834788,-0.155871,-0.012348,-0.377286,0.1
2106,2.25792,-0.136136,-0.125705,-0.48501,-0.542087,6.07571,-0.0138489,-3.75504,-0,-3.73345,39,33,3,0,0,21.0599,0,-0.0872665,-3.75504,0.0835165,-0.15719,-0.0122285,-0.375024,0.1
2107,2.25649,-0.144862,-0.137423,-0.575244,-0.605842,6.07571,0.00852238,-3.75872,-0,-3.8124,39,33,3,0,0,21.0699,0,-0.0872665,-3.75872,0.0835037,-0.158502,-0.0121026,-0.372746,0.1
2108,2.25514,-0.137881,-0.138489,-0.563965,-0.618286,6.07571,0.01811,-3.76257,-0,-3.72217,39,33,3,0,0,21.0799,0,-0.0872665,-3.76257,0.0834592,-0.159808,-0.0120664,-0.370452,0.1
2109,2.25371,-0.129154,-0.140619,-0.530127,-0.523784,6.07571,-0.00745708,-3.75641,-0,-3.73345,39,33,3,0,0,21.0899,0,-0.0872665,-3.75641,0.0834823,-0.161108,-0.0119281,-0.36814,0.1
2110,2.25236,-0.1309,-0.14275,-0.462451,-0.513438,6.07571,-0.00426119,-3.75826,-0,-3.73345,39,33,3,0,0,21.0999,0,-0.0872665,-3.75826,0.0834703,-0.162401,-0.0118793,-0.365812,0.1
2111,2.25102,-0.1309,-0.127836,-0.507568,-0.557843,6.07571,0.00532648,-3.75463,-0,-3.73345,39,33,3,0,0,21.1099,0,-0.0872665,-3.75463,0.0835063,-0.163688,-0.011824,-0.363468,0.1
2112,2.24968,-0.1309,-0.131032,-0.597803,-0.568006,6.07571,-0.0149142,-3.75526,-0,-3.82368,39,33,3,0,0,21.1199,0,-0.0872665,-3.75526,0.0835097,-0.164969,-0.0117623,-0.361107,0.1
2113,2.24834,-0.129154,-0.123574,-0.64292,-0.631716,6.07571,0.0213059,-3.75609,-0,-3.83496,39,33,3,0,0,21.1299,0,-0.0872665,-3.75609,0.0835218,-0.166243,-0.0116941,-0.35873,0.1
2114,2.24709,-0.125664,-0.119313,-0.665479,-0.68479,6.07571,0.00532648,-3.75694,-0,-3.75601,39,33,3,0,0,21.1399,0,-0.0872665,-3.75694,0.0835103,-0.16751,-0.0117151,-0.356338,0.1
2115,2.24584,-0.115192,-0.121444,-0.654199,-0.702024,6.07571,-0.00958767,-3.75179,-0,-3.82368,39,33,3,0,0,21.1499,0,-0.0872665,-3.75179,0.0835412,-0.168771,-0.0117296,-0.353928,0.1
2116,2.24469,-0.118682,-0.116117,-0.688037,-0.734941,6.07571,0.01811,-3.75255,-0,-3.71089,39,33,3,0,0,21.1599,0,-0.0872665,-3.75255,0.0835674,-0.170025,-0.0118333,-0.351503,0.1
2117,2.24354,-0.109956,-0.14275,-0.721875,-0.675968,6.07571,-0.00958767,-3.74838,-0,-3.82368,39,33,3,0,0,21.1699,0,-0.0872665,-3.74838,0.0835807,-0.171273,-0.0119302,-0.349063,0.1
2118,2.24239,-0.113446,-0.110791,-0.755713,-0.7437,6.07571,0.0127836,-3.74353,-0,-3.8124,39,33,3,0,0,21.1799,0,-0.0872665,-3.74353,0.0836282,-0.172513,-0.0120205,-0.346606,0.1
2119,2.24124,-0.111701,-0.0905502,-0.834668,-0.859315,6.07571,-0.010653,-3.74332,-0,-3.82368,39,33,3,0,0,21.1899,0,-0.0872665,-3.74332,0.0836296,-0.173747,-0.0121039,-0.344134,0.1
2120,2.24009,-0.118682,-0.10653,-0.913623,-0.940981,6.07571,-0.00213059,-3.73785,-0,-3.84624,39,33,3,0,0,21.1999,0,-0.0872665,-3.73785,0.0836566,-0.174974,-0.0121804,-0.341646,0.1
2121,2.23894,-0.115192,-0.138489,-0.879785,-0.869573,6.07571,-0.0202406,-3.74763,-0,-3.82368,39,33,3,0,0,21.2099,0,-0.0872665,-3.74763,0.0836075,-0.176194,-0.01225,-0.339143,0.1
2122,2.23769,-0.120428,-0.12464,-0.845947,-0.806415,6.07571,0.0255671,-3.75076,-0,-3.72217,39,33,3,0,0,21.2199,0,-0.0872665,-3.75076,0.083618,-0.177407,-0.0122168,-0.336624,0.1
2123,2.23645,-0.127409,-0.118248,-0.766992,-0.677762,6.07571,0.00319589,-3.75466,-0,-3.84624,39,33,3,0,0,21.2299,0,-0.0872665,-3.75466,0.0835968,-0.178613,-0.0121766,-0.33409,0.1
2124,2.23511,-0.127409,-0.132097,-0.710596,-0.634461,6.07571,0.0117183,-3.74665,-0,-3.82368,39,33,3,0,0,21.2399,0,-0.0872665,-3.74665,0.0836376,-0.179813,-0.0120335,-0.331541,0.1
2125,2.23386,-0.129154,-0.138489,-0.710596,-0.68616,6.07571,0.0245018,-3.75692,-0,-3.84624,39,33,3,0,0,21.2499,0,-0.0872665,-3.75692,0.0835913,-0.181005,-0.0119792,-0.328977,0.1
2126,2.23261,-0.122173,-0.116117,-0.665479,-0.680577,6.07571,-0.0255671,-3.74671,-0,-3.73345,39,33,3,0,0,21.2599,0,-0.0872665,-3.74671,0.0836221,-0.182189,-0.0119176,-0.326398,0.1
2127,2.23137,-0.125664,-0.112921,-0.688037,-0.693809,6.07571,0.0149142,-3.75109,-0,-3.71089,39,33,3,0,0,21.2699,0,-0.0872665,-3.75457,0.0836163,-0.183367,-0.0118489,-0.323804,0.1
2128,2.23012,-0.113446,-0.12677,-0.676758,-0.69636,6.07571,-0.0127836,-3.74012,-0,-3.72217,39,33,3,0,0,21.2799,0,-0.0872665,-3.74012,0.0836854,-0.184538,-0.011773,-0.321195,0.1
2129,2.22887,-0.129154,-0.125705,-0.721875,-0.664218,6.07571,0.0127836,-3.73898,-0,-3.71089,39,33,3,0,0,21.2899,0,-0.0872665,-3.73898,0.0837136,-0.185701,-0.0116898,-0.318572,0.1
2130,2.22763,-0.1309,-0.116117,-0.665479,-0.625523,6.07571,-0.0234365,-3.74144,-0,-3.72217,39,33,3,0,0,21.2999,0,-0.0872665,-3.74144,0.0837097,-0.186857,-0.0115993,-0.315934,0.1
2131,2.22638,-0.125664,-0.119313,-0.620361,-0.585971,6.07571,0.00745708,-3.74504,-0,-3.68833,39,33,3,0,0,21.3099,0,-0.0872665,-3.74504,0.0836921,-0.188005,-0.0115013,-0.313281,0.1
2132,2.22504,-0.120428,-0.12677,-0.530127,-0.509706,6.07571,0.00745708,-3.74187,-0,-3.71089,39,33,3,0,0,21.3199,0,-0.0872665,-3.74187,0.0836938,-0.189146,-0.0113001,-0.310615,0.1
2133,2.22379,-0.125664,-0.14488,-0.507568,-0.470677,6.07571,0.0010653,-3.73843,-0,-3.71089,39,33,3,0,0,21.3299,0,-0.0872665,-3.73843,0.0837198,-0.19028,-0.0111873,-0.307934,0.1
2134,2.22274,-0.10821,-0.118248,-0.507568,-0.525292,6.07571,-0.00213059,-3.74764,-0,-3.71089,39,33,3,0,0,21.3399,0,-0.0872665,-3.74764,0.0837086,-0.191406,-0.0112587,-0.305239,0.1
2135,2.22149,-0.118682,-0.117183,-0.552686,-0.645294,6.07571,0.0010653,-3.73414,-0,-3.71089,39,33,3,0,0,21.3499,0,-0.0872665,-3.73414,0.0837796,-0.192524,-0.0111308,-0.30253,0.1
2136,2.22034,-0.111701,-0.0894849,-0.766992,-0.69678,6.07571,-0.00319589,-3.73595,-0,-3.71089,39,33,3,0,0,21.3599,0,-0.0872665,-3.73595,0.0837494,-0.193635,-0.0110913,-0.299806,0.1
2137,2.21929,-0.111701,-0.10653,-0.755713,-0.696603,6.07571,-0.00319589,-3.73995,-0,-3.71089,39,33,3,0,0,21.3699,0,-0.0872665,-3.73995,0.0837211,-0.194738,-0.0111399,-0.29707,0.1
2138,2.21814,-0.116937,-0.12464,-0.766992,-0.660524,6.07571,0.00852238,-3.73915,-0,-3.73345,39,33,3,0,0,21.3799,0,-0.0872665,-3.73915,0.0837341,-0.195834,-0.0110848,-0.294319,0.1
2139,2.21699,-0.113446,-0.109726,-0.575244,-0.653543,6.07571,-0.0234365,-3.74124,-0,-3.72217,39,33,3,0,0,21.3899,0,-0.0872665,-3.74124,0.0837208,-0.196922,-0.0110222,-0.291555,0.1
2140,2.21593,-0.10821,-0.117183,-0.744434,-0.624204,6.07571,0.0245018,-3.74629,-0,-3.71089,39,33,3,0,0,21.3999,0,-0.0872665,-3.74629,0.0837031,-0.198002,-0.0110476,-0.288778,0.1
2141,2.21488,-0.111701,-0.105464,-0.688037,-0.673776,6.07571,-0.00639178,-3.74078,-0,-3.72217,39,33,3,0,0,21.4099,0,-0.0872665,-3.74078,0.0837137,-0.199074,-0.0110653,-0.285987,0.1
2142,2.21373,-0.113446,-0.116117,-0.778271,-0.672792,6.07581,0.00532648,-3.73543,-0,-3.69961,39,33,3,0,0,21.4199,0,-0.0872665,-3.73543,0.0837655,-0.200138,-0.0109792,-0.283182,0.1
2143,2.21258,-0.111701,-0.105464,-0.676758,-0.660831,6.07581,0.00213059,-3.74217,-0,-3.8124,39,33,3,0,0,21.4299,0,-0.0872665,-3.74217,0.0837223,-0.201195,-0.0108851,-0.280365,0.1
2144,2.21143,-0.116937,-0.10866,-0.64292,-0.593575,6.07581,0.0362201,-3.74464,-0,-3.72217,39,33,3,0,0,21.4399,0,-0.0872665,-3.74602,0.0837067,-0.202243,-0.0107832,-0.277534,0.1
2145,2.21018,-0.118682,-0.119313,-0.654199,-0.518548,6.07581,-0.0266324,-3.73801,-0,-3.69961,39,33,3,0,0,21.4499,0,-0.0872665,-3.73801,0.0837073,-0.203284,-0.0105773,-0.274691,0.1
2146,2.20903,-0.115192,-0.136358,-0.428613,-0.480753,6.07581,0.0127836,-3.73879,-0,-3.78984,39,33,3,0,0,21.4599,0,-0.0872665,-3.73879,0.0837255,-0.204316,-0.0104593,-0.271835,0.1
2147,2.20788,-0.111701,-0.096942,-0.507568,-0.429713,6.07581,0.01811,-3.74746,-0,-3.72217,39,33,3,0,0,21.4699,0,-0.0872665,-3.74746,0.0837153,-0.205341,-0.0103334,-0.268966,0.1
2148,2.20692,-0.111701,-0.103334,-0.451172,-0.543827,6.07581,0.00532648,-3.73912,-0,-3.74473,39,33,3,0,0,21.4799,0,-0.0872665,-3.73912,0.0837636,-0.206357,-0.010391,-0.266084,0.1
2149,2.20586,-0.109956,-0.0660484,-0.597803,-0.663837,6.07581,0.00958767,-3.7354,-0,-3.71089,39,33,3,0,0,21.4899,0,-0.0872665,-3.7354,0.0837968,-0.207365,-0.0103445,-0.263191,0.1
2150,2.20481,-0.0994838,-0.0873543,-0.733154,-0.733538,6.07581,-0.0117183,-3.72859,-0,-3.72217,39,33,3,0,0,21.4999,0,-0.0872665,-3.72859,0.0838101,-0.208365,-0.0102901,-0.260284,0.1
2151,2.20376,-0.109956,-0.100138,-0.755713,-0.664514,6.07581,-0.00852238,-3.73243,-0,-3.83496,39,33,3,0,0,21.5099,0,-0.0872665,-3.73243,0.0837978,-0.209357,-0.010227,-0.257366,0.1
2152,2.2027,-0.111701,-0.0958767,-0.64292,-0.579168,6.07581,-0.0117183,-3.73133,-0,-3.71089,39,33,3,0,0,21.5199,0,-0.0872665,-3.73133,0.0838023,-0.21034,-0.010156,-0.254435,0.1
2153,2.20174,-0.101229,-0.120379,-0.575244,-0.556636,6.07581,0.0202406,-3.74222,-0,-3.8124,39,33,3,0,0,21.5299,0,-0.0872665,-3.74222,0.0837765,-0.211316,-0.0101724,-0.251492,0.1
2154,2.20069,-0.101229,-0.112921,-0.530127,-0.508343,6.07581,-0.00532648,-3.72876,-0,-3.8124,39,33,3,0,0,21.5399,0,-0.0872665,-3.72876,0.0838471,-0.212283,-0.0100847,-0.248538,0.1
2155,2.19973,-0.102974,-0.104399,-0.541406,-0.589298,6.07581,0.0276977,-3.73241,-0,-3.72217,39,33,3,0,0,21.5499,0,-0.0872665,-3.73249,0.0838509,-0.213241,-0.0100845,-0.245571,0.1
2156,2.19877,-0.0907571,-0.0905502,-0.654199,-0.676779,6.07581,-0.0127836,-3.72276,-0,-3.72217,39,33,3,0,0,21.5599,0,-0.0872665,-3.72276,0.0839009,-0.214191,-0.0100757,-0.242593,0.1
2157,2.19791,-0.0733038,-0.0894849,-0.676758,-0.677612,6.07581,0.0255671,-3.7215,-0,-3.78984,39,33,3,0,0,21.5699,0,-0.0872665,-3.7215,0.0839313,-0.215133,-0.0101545,-0.239603,0.1
2158,2.19704,-0.0785398,-0.096942,-0.755713,-0.742005,6.07581,0.00319589,-3.73249,-0,-3.8124,39,33,3,0,0,21.5799,0,-0.0872665,-3.73249,0.0838692,-0.216066,-0.0102247,-0.236603,0.1
2159,2.19618,-0.0890118,-0.0852238,-0.80083,-0.797084,6.07581,-0.00745708,-3.72785,-0,-3.82368,39,33,3,0,0,21.5899,0,-0.0872665,-3.72785,0.0838897,-0.21699,-0.0102865,-0.23359,0.1
2160,2.19522,-0.101229,-0.0948114,-0.823389,-0.773424,6.07581,5.80553e-18,-3.72653,-0,-3.82368,39,33,3,0,0,21.5999,0,-0.0872665,-3.72653,0.0838725,-0.217906,-0.0102437,-0.230567,0.1
2161,2.19436,-0.0925025,-0.0926808,-0.755713,-0.720947,6.07581,-0.0159795,-3.72559,-0,-3.82368,39,33,3,0,0,21.6099,0,-0.0872665,-3.72559,0.0838717,-0.218814,-0.0102883,-0.227532,0.1
2162,2.1935,-0.0837758,-0.0756361,-0.688037,-0.668915,6.07581,-0.0149142,-3.72699,-0,-3.82368,39,33,3,0,0,21.6199,0,-0.0872665,-3.72699,0.0838943,-0.219713,-0.0103242,-0.224487,0.1
2163,2.19273,-0.0820305,-0.0703096,-0.710596,-0.726163,6.07581,-0.00639178,-3.72303,-0,-3.73345,39,33,3,0,0,21.6299,0,-0.0872665,-3.72303,0.083943,-0.220603,-0.0104473,-0.22143,0.1
2164,2.19187,-0.0785398,-0.0511343,-0.834668,-0.846157,6.07581,-0.0010653,-3.72468,-0,-3.67705,39,33,3,0,0,21.6399,0,-0.0872665,-3.72468,0.0839727,-0.221484,-0.0104659,-0.218363,0.1
2165,2.1911,-0.0785398,-0.0585913,-0.936182,-0.948771,6.07581,0.0159795,-3.72428,-0,-3.8124,39,33,3,0,0,21.6499,0,-0.0872665,-3.72428,0.0839831,-0.222357,-0.0105715,-0.215285,0.1
2166,2.19033,-0.0698132,-0.057526,-0.992578,-0.960394,6.07581,0.0117183,-3.73274,-0,-3.69961,39,33,3,0,0,21.6599,0,-0.0872665,-3.73274,0.0839235,-0.223221,-0.0106685,-0.212197,0.1
2167,2.18957,-0.0837758,-0.0543301,-0.95874,-0.898232,6.07581,-0.0245018,-3.72102,-0,-3.68833,39,33,3,0,0,21.6699,0,-0.0872665,-3.72102,0.0839352,-0.224076,-0.0107565,-0.209098,0.1
2168,2.1887,-0.0785398,-0.0926808,-0.913623,-0.800359,6.07581,5.67506e-18,-3.72446,-0,-3.71089,39,33,3,0,0,21.6799,0,-0.0872665,-3.72446,0.0839367,-0.224922,-0.0107399,-0.205989,0.1
2169,2.18784,-0.101229,-0.0873543,-0.823389,-0.750296,6.07581,-0.0308936,-3.72998,-0,-3.68833,39,33,3,0,0,21.6899,0,-0.0872665,-3.72998,0.0838979,-0.225759,-0.0107143,-0.202871,0.1
2170,2.18698,-0.0925025,-0.0948114,-0.744434,-0.7499,6.07581,0.0138489,-3.7277,-0,-3.71089,39,33,3,0,0,21.6999,0,-0.0872665,-3.7277,0.083922,-0.226588,-0.0106799,-0.199742,0.1
2171,2.18611,-0.0890118,-0.0948114,-0.676758,-0.735975,6.07581,-0.0234365,-3.72574,-0,-3.72217,39,33,3,0,0,21.7099,0,-0.0872665,-3.72574,0.0839045,-0.227407,-0.0106365,-0.196603,0.1
2172,2.18525,-0.0872665,-0.105464,-0.676758,-0.719919,6.07581,-0.0138489,-3.71901,-0,-3.68833,39,33,3,0,0,21.7199,0,-0.0872665,-3.71901,0.0839381,-0.228218,-0.0105842,-0.193454,0.1
2173,2.18429,-0.0855211,-0.105464,-0.676758,-0.664014,6.07581,-0.01811,-3.71558,-0,-3.68833,39,33,3,0,0,21.7299,0,-0.0872665,-3.71558,0.0839505,-0.229019,-0.0104269,-0.190297,0.1
2174,2.18333,-0.102974,-0.0862891,-0.733154,-0.715125,6.07581,-0.00958767,-3.7121,-0,-3.68833,39,33,3,0,0,21.7399,0,-0.0872665,-3.7121,0.0839694,-0.229812,-0.0102606,-0.187129,0.1
2175,2.18238,-0.0890118,-0.0809626,-0.665479,-0.6232,6.07581,0.00958767,-3.72197,-0,-3.72217,39,33,3,0,0,21.7499,0,-0.0872665,-3.72197,0.0839527,-0.230595,-0.0100852,-0.183952,0.1
2176,2.18151,-0.0872665,-0.12677,-0.620361,-0.578741,6.07581,0.0010653,-3.72167,-0,-3.68833,39,33,3,0,0,21.7599,0,-0.0872665,-3.72167,0.0839788,-0.231369,-0.0099967,-0.180766,0.1
2177,2.18055,-0.0925025,-0.0852238,-0.552686,-0.554289,6.07581,-0.00745708,-3.71885,-0,-3.68833,39,33,3,0,0,21.7699,0,-0.0872665,-3.71885,0.0839993,-0.232134,-0.00980307,-0.17757,0.1
2178,2.17969,-0.0802851,-0.0873543,-0.541406,-0.571306,6.07581,-0.00639178,-3.71321,-0,-3.71089,39,33,3,0,0,21.7799,0,-0.0872665,-3.71321,0.0840212,-0.23289,-0.00969616,-0.174366,0.1
2179,2.17883,-0.0890118,-0.0884196,-0.575244,-0.628802,6.07581,0.00639178,-3.71525,-0,-3.68833,39,33,3,0,0,21.7899,0,-0.0872665,-3.71525,0.0840308,-0.233637,-0.00958013,-0.171153,0.1
2180,2.17806,-0.0785398,-0.0596566,-0.586523,-0.626232,6.07581,-0.0117183,-3.70566,-0,-3.65449,39,33,3,0,0,21.7999,0,-0.0872665,-3.70566,0.084066,-0.234375,-0.0095507,-0.167931,0.1
2181,2.1772,-0.0802851,-0.0553954,-0.597803,-0.5997,6.07581,0.0159795,-3.71538,-0,-3.67705,39,33,3,0,0,21.8099,0,-0.0872665,-3.71538,0.0840339,-0.235103,-0.00941611,-0.164701,0.1
2182,2.17634,-0.0890118,-0.0713749,-0.665479,-0.594472,6.07581,-0.00639178,-3.70831,-0,-3.66577,39,33,3,0,0,21.8199,0,-0.0872665,-3.70831,0.0840679,-0.235822,-0.00927225,-0.161462,0.1
2183,2.17547,-0.0837758,-0.0820279,-0.631641,-0.577212,6.07581,0.00319589,-3.71873,-0,-3.66577,39,33,3,0,0,21.8299,0,-0.0872665,-3.71873,0.08402,-0.236532,-0.00911915,-0.158214,0.1
2184,2.17461,-0.0837758,-0.096942,-0.496289,-0.440056,6.07581,-0.00745708,-3.72307,-0,-3.69961,39,33,3,0,0,21.8399,0,-0.0872665,-3.72307,0.0839923,-0.237232,-0.00895665,-0.154959,0.1
2185,2.17375,-0.0907571,-0.096942,-0.541406,-0.410412,6.07581,0.0010653,-3.71479,-0,-3.69961,39,33,3,0,0,21.8499,0,-0.0872665,-3.71479,0.0840517,-0.237923,-0.00878482,-0.151695,0.1
2186,2.17288,-0.0820305,-0.0884196,-0.394775,-0.443849,6.07581,-0.00852238,-3.71735,-0,-3.68833,39,33,3,0,0,21.8599,0,-0.0872665,-3.71735,0.0840528,-0.238605,-0.00860355,-0.148424,0.1
2187,2.17202,-0.0785398,-0.0745708,-0.518848,-0.500361,6.07581,-0.0117183,-3.71938,-0,-3.72217,39,33,3,0,0,21.8699,0,-0.0872665,-3.71938,0.0840653,-0.239277,-0.00841289,-0.145145,0.1
2188,2.17135,-0.0645772,-0.0543301,-0.541406,-0.502162,6.07581,-0.00639178,-3.71319,-0,-3.68833,39,33,3,0,0,21.8799,0,-0.0872665,-3.71319,0.0840863,-0.23994,-0.00840455,-0.141857,0.1
2189,2.17058,-0.0680678,-0.0596566,-0.507568,-0.59537,6.07581,-0.0223712,-3.70485,-0,-3.80112,39,33,3,0,0,21.8899,0,-0.0872665,-3.70485,0.0841376,-0.240593,-0.00829083,-0.138563,0.1
2190,2.16991,-0.0663225,-0.0351548,-0.609082,-0.633634,6.07581,0.0170448,-3.70974,-0,-3.78984,39,33,3,0,0,21.8999,0,-0.0872665,-3.70974,0.0841555,-0.241237,-0.00826345,-0.135261,0.1
2191,2.16934,-0.0663225,-0.057526,-0.586523,-0.666326,6.07581,-0.0117183,-3.70417,-0,-3.68833,39,33,3,0,0,21.9099,0,-0.0872665,-3.70417,0.0841761,-0.241871,-0.00832254,-0.131951,0.1
2192,2.16867,-0.0575959,-0.0916155,-0.597803,-0.630459,6.07581,0.01811,-3.7123,-0,-3.65449,39,33,3,0,0,21.9199,0,-0.0872665,-3.7123,0.0841496,-0.242496,-0.0082761,-0.128635,0.1
2193,2.16799,-0.0610865,-0.0404813,-0.597803,-0.594954,6.07581,-0.00532648,-3.70847,-0,-3.69961,39,33,3,0,0,21.9299,0,-0.0872665,-3.70847,0.0841575,-0.243111,-0.00822013,-0.125311,0.1
2194,2.16732,-0.0663225,-0.0724402,-0.620361,-0.602461,6.07581,0.0117183,-3.70096,-0,-3.77856,39,33,3,0,0,21.9399,0,-0.0872665,-3.70096,0.0841968,-0.243716,-0.00815454,-0.12198,0.1
2195,2.16675,-0.0610865,-0.0468731,-0.609082,-0.614429,6.07581,-0.00958767,-3.70481,-0,-3.80112,39,33,3,0,0,21.9499,0,-0.0872665,-3.70481,0.0841955,-0.244312,-0.0081752,-0.118643,0.1
2196,2.16608,-0.0645772,-0.0671137,-0.620361,-0.593203,6.07581,-0.00745708,-3.69983,-0,-3.66577,39,33,3,0,0,21.9599,0,-0.0872665,-3.69983,0.0842229,-0.244899,-0.00809039,-0.115299,0.1
2197,2.1656,-0.0610865,-0.0532648,-0.609082,-0.67401,6.07591,-0.00319589,-3.7049,0.0122173,-3.76729,39,33,3,0,0,21.9699,0,-0.0872665,-3.7049,0.0842057,-0.245475,-0.00818762,-0.111948,0.1
2198,2.16493,-0.0628319,-0.0756361,-0.654199,-0.626484,6.07591,0.00426119,-3.70489,-0,-3.76729,39,33,3,0,0,21.9799,0,-0.0872665,-3.70489,0.0842103,-0.246042,-0.0080834,-0.108592,0.1
2199,2.16445,-0.0471239,-0.0404813,-0.575244,-0.640508,6.07591,-0.00532648,-3.70524,-0,-3.78984,39,33,3,0,0,21.9899,0,-0.0872665,-3.70524,0.0842094,-0.246599,-0.00816122,-0.105229,0.1
2200,2.16397,-0.0436332,-0.057526,-0.609082,-0.680306,6.07591,0.00639178,-3.69742,-0,-3.80112,39,33,3,0,0,21.9999,0,-0.0872665,-3.69742,0.0842467,-0.247147,-0.00822932,-0.101859,0.1
2201,2.16339,-0.0488692,-0.0362201,-0.676758,-0.682561,6.07591,0.0191753,-3.70553,-0,-3.78984,39,33,3,0,0,22.0099,0,-0.0872665,-3.70553,0.0842332,-0.247685,-0.00819177,-0.098484,0.1
2202,2.16301,-0.0488692,-0.0585913,-0.699316,-0.751759,6.07591,-0.00532648,-3.70045,-0,-3.78984,39,33,3,0,0,22.0199,0,-0.0872665,-3.70045,0.0842566,-0.248212,-0.00833623,-0.0951026,0.1
2203,2.16253,-0.0418879,-0.0607219,-0.721875,-0.728264,6.07591,-0.0149142,-3.70094,-0,-3.78984,39,33,3,0,0,22.0299,0,-0.0872665,-3.70094,0.0842597,-0.248731,-0.008375,-0.0917157,0.1
2204,2.16205,-0.0471239,-0.0404813,-0.744434,-0.789901,6.07591,-0.00426119,-3.69634,-0,-3.76729,39,33,3,0,0,22.0399,0,-0.0872665,-3.69634,0.084277,-0.249239,-0.00840395,-0.0883231,0.1
2205,2.16147,-0.0541052,-0.0585913,-0.80083,-0.774389,6.07591,0.0170448,-3.70626,-0,-3.78984,39,33,3,0,0,22.0499,0,-0.0872665,-3.70678,0.0842379,-0.249737,-0.00832717,-0.0849252,0.1
2206,2.161,-0.0506145,-0.0362201,-0.744434,-0.726776,6.07591,0.0149142,-3.70612,-0,-3.78984,39,33,3,0,0,22.0599,0,-0.0872665,-3.70612,0.0842304,-0.250226,-0.0083364,-0.0815221,0.1
2207,2.16042,-0.0436332,-0.0628525,-0.631641,-0.599226,6.07591,-0.0127836,-3.70212,-0,-3.78984,39,33,3,0,0,22.0699,0,-0.0872665,-3.70212,0.0842588,-0.250705,-0.00823988,-0.0781137,0.1
2208,2.15975,-0.0645772,-0.0607219,-0.597803,-0.567242,6.07591,-0.0138489,-3.70375,-0,-3.78984,39,33,3,0,0,22.0799,0,-0.0872665,-3.70375,0.0842361,-0.251174,-0.00803762,-0.0747,0.1
2209,2.15908,-0.0645772,-0.0596566,-0.575244,-0.507678,6.07591,0.0436772,-3.70508,-0,-3.68833,39,33,3,0,0,22.0899,0,-0.0872665,-3.70819,0.084245,-0.251633,-0.00782546,-0.0712813,0.1
2210,2.1585,-0.0610865,-0.0649831,-0.530127,-0.460302,6.07591,-0.00958767,-3.70488,-0,-3.64321,39,33,3,0,0,22.0999,0,-0.0872665,-3.70488,0.0842233,-0.252081,-0.00769917,-0.0678583,0.1
2211,2.15793,-0.0628319,-0.057526,-0.47373,-0.494824,6.07591,0.0159795,-3.69957,-0,-3.65449,39,33,3,0,0,22.1099,0,-0.0872665,-3.69957,0.0842649,-0.252521,-0.00756299,-0.0644302,0.1
2212,2.15726,-0.0645772,-0.0607219,-0.518848,-0.51625,6.07591,0.00958767,-3.70716,-0,-3.65449,39,33,3,0,0,22.1199,0,-0.0872665,-3.70716,0.0842385,-0.25295,-0.0073209,-0.0609981,0.1
2213,2.15678,-0.0523599,-0.0202406,-0.530127,-0.543876,6.07591,0.010653,-3.70273,-0,-3.65449,39,33,3,0,0,22.1299,0,-0.0872665,-3.70273,0.0842531,-0.253369,-0.00726065,-0.0575609,0.1
2214,2.1563,-0.0453786,-0.0671137,-0.541406,-0.495374,6.07591,-0.00213059,-3.70967,-0,-3.67705,39,33,3,0,0,22.1399,0,-0.0872665,-3.70967,0.0842217,-0.253778,-0.00719033,-0.0541202,0.1
2215,2.15591,-0.0418879,-0.0426119,-0.462451,-0.580462,6.07591,-0.0010653,-3.7042,-0,-3.66577,39,33,3,0,0,22.1499,0,-0.0872665,-3.7042,0.0842402,-0.254177,-0.00720592,-0.0506748,0.1
2216,2.15553,-0.0331613,-0.0223712,-0.597803,-0.624865,6.07591,0.0010653,-3.71102,-0,-3.66577,39,33,3,0,0,22.1599,0,-0.0872665,-3.71102,0.0842158,-0.254566,-0.00721142,-0.0472259,0.1
2217,2.15524,-0.0331613,-0.00532648,-0.676758,-0.723946,6.07591,-0.0223712,-3.70659,-0,-3.68833,39,33,3,0,0,22.1699,0,-0.0872665,-3.70659,0.0842318,-0.254946,-0.00730427,-0.0437591,0.1
2218,2.15496,-0.0279253,-0.0255671,-0.744434,-0.787293,6.07591,-0.01811,-3.71557,-0,-3.69961,39,33,3,0,0,22.1799,0,-0.0872665,-3.71557,0.0841791,-0.255314,-0.00738407,-0.0403162,0.1
2219,2.15467,-0.0174533,-0.0223712,-0.755713,-0.836525,6.07591,-0.0298283,-3.71101,-0,-3.67705,39,33,3,0,0,22.1899,0,-0.0872665,-3.71101,0.084176,-0.255673,-0.00745531,-0.0368557,0.1
2220,2.15438,-0.0331613,-0.0372854,-0.766992,-0.750437,6.07591,0.0159795,-3.7177,-0,-3.68833,39,33,3,0,0,22.1999,0,-0.0872665,-3.7177,0.0841253,-0.256021,-0.00751641,-0.0333922,0.1
2221,2.15409,-0.0366519,-0.0298283,-0.766992,-0.717628,6.07591,-0.00958767,-3.70808,-0,-3.68833,39,33,3,0,0,22.2099,0,-0.0872665,-3.70808,0.0841433,-0.25636,-0.00756741,-0.0299253,0.1
2222,2.15371,-0.0331613,-0.0447425,-0.665479,-0.729585,6.07591,0.0127836,-3.71343,-0,-3.69961,39,33,3,0,0,22.2199,0,-0.0872665,-3.71343,0.084127,-0.256688,-0.00751242,-0.0264552,0.1
2223,2.15333,-0.0349066,-0.0383507,-0.721875,-0.697252,6.07591,-0.00213059,-3.71363,-0,-3.67705,39,33,3,0,0,22.2299,0,-0.0872665,-3.71363,0.084119,-0.257007,-0.00744731,-0.022982,0.1
2224,2.15294,-0.0244346,-0.0426119,-0.575244,-0.618587,6.07591,-0.00319589,-3.70704,-0,-3.69961,39,33,3,0,0,22.2399,0,-0.0872665,-3.70704,0.0841341,-0.257315,-0.00737205,-0.0195059,0.1
2225,2.15256,-0.0366519,-0.0372854,-0.676758,-0.692491,6.07591,-0.0223712,-3.70496,-0,-3.68833,39,33,3,0,0,22.2499,0,-0.0872665,-3.70496,0.0841388,-0.257613,-0.00728662,-0.0160273,0.1
2226,2.15218,-0.0366519,-0.0234365,-0.654199,-0.696189,6.07591,0.0138489,-3.70184,-0,-3.67705,39,33,3,0,0,22.2599,0,-0.0872665,-3.70184,0.0841748,-0.257901,-0.00719102,-0.012546,0.1
2227,2.15189,-0.0366519,-0.0436772,-0.620361,-0.676895,6.07591,-0.0170448,-3.70369,-0,-3.67705,39,33,3,0,0,22.2699,0,-0.0872665,-3.70369,0.0841775,-0.258179,-0.00718111,-0.00906234,0.1
2228,2.1515,-0.0314159,-0.0223712,-0.597803,-0.677973,6.07591,0.00213059,-3.69623,-0,-3.68833,39,33,3,0,0,22.2799,0,-0.0872665,-3.69623,0.0842177,-0.258446,-0.00706516,-0.00557596,0.1
2229,2.15122,-0.0331613,-0.0362201,-0.563965,-0.629172,6.07591,0.0319589,-3.70481,-0,-3.67705,39,33,3,0,0,22.2899,0,-0.0872665,-3.706,0.0841882,-0.258704,-0.00703486,-0.00208757,0.1
2230,2.15083,-0.0279253,-0.0308936,-0.64292,-0.626384,6.07591,-0.00426119,-3.7012,-0,-3.67705,39,33,3,0,0,22.2999,0,-0.0872665,-3.7012,0.0842139,-0.258951,-0.00689848,0.00140285,0.1
2231,2.15045,-0.0331613,-0.0223712,-0.552686,-0.663294,6.07591,0.0202406,-3.70329,-0,-3.68833,39,33,3,0,0,22.3099,0,-0.0872665,-3.70329,0.0842198,-0.259188,-0.00675186,0.00489506,0.1
2232,2.15016,-0.0279253,-0.050069,-0.609082,-0.538999,6.07591,-0.0191753,-3.69687,-0,-3.66577,39,33,3,0,0,22.3199,0,-0.0872665,-3.69687,0.0842399,-0.259414,-0.0066909,0.00838923,0.1
2233,2.14987,-0.0279253,-0.0383507,-0.575244,-0.562132,6.07591,0.00639178,-3.69635,-0,-3.66577,39,33,3,0,0,22.3299,0,-0.0872665,-3.69635,0.0842668,-0.259631,-0.00661969,0.0118849,0.1
2234,2.14949,-0.0261799,-0.0319589,-0.586523,-0.531069,6.07591,-0.0213059,-3.6914,-0,-3.67705,39,33,3,0,0,22.3399,0,-0.0872665,-3.6914,0.0843069,-0.259837,-0.00644236,0.0153821,0.1
2235,2.1493,-0.0366519,-0.0245018,-0.586523,-0.572137,6.07591,0.00958767,-3.69238,-0,-3.78984,39,33,3,0,0,22.3499,0,-0.0872665,-3.69238,0.0843428,-0.260033,-0.00644652,0.0188807,0.1
2236,2.14901,-0.0244346,-0.0117183,-0.654199,-0.671191,6.07591,-0.00958767,-3.6956,-0,-3.78984,39,33,3,0,0,22.3599,0,-0.0872665,-3.6956,0.0843164,-0.260218,-0.00634455,0.0223808,0.1
2237,2.14882,-0.0174533,-0.0191753,-0.699316,-0.616149,6.07591,0.0138489,-3.6941,-0,-3.77856,39,33,3,0,0,22.3699,0,-0.0872665,-3.6941,0.084314,-0.260394,-0.00632817,0.0258817,0.1
2238,2.14863,-0.0122173,-0.0127836,-0.609082,-0.59435,6.07591,0.0170448,-3.69964,-0,-3.65449,39,33,3,0,0,22.3799,0,-0.0872665,-3.69964,0.0842989,-0.260559,-0.0063015,0.0293834,0.1
2239,2.14844,-0.0139626,-0.0159795,-0.631641,-0.661775,6.07591,0.00639178,-3.69648,-0,-3.77856,39,33,3,0,0,22.3899,0,-0.0872665,-3.69648,0.0843248,-0.260714,-0.00626455,0.0328861,0.1
2240,2.14834,-0.0122173,-0.0138489,-0.733154,-0.68894,6.07591,0.0159795,-3.70508,-0,-3.67705,39,33,3,0,0,22.3999,0,-0.0872665,-3.70508,0.0842887,-0.260858,-0.00631319,0.0363895,0.1
2241,2.14824,-0.00174533,-0.00426119,-0.744434,-0.74072,6.07591,-0.0149142,-3.70072,-0,-3.80112,39,33,3,0,0,22.4099,0,-0.0872665,-3.70072,0.0842894,-0.260992,-0.00635154,0.0398936,0.1
2242,2.14805,0,-0.01811,-0.744434,-0.662959,6.07591,0.0117183,-3.71249,-0,-3.63193,39,33,3,0,0,22.4199,0,-0.0872665,-3.71277,0.0842429,-0.261116,-0.00628369,0.0433977,0.1
2243,2.14796,-0.0174533,0.00532648,-0.586523,-0.727117,6.07591,-0.0223712,-3.70228,-0,-3.67705,39,33,3,0,0,22.4299,0,-0.0872665,-3.70228,0.0842565,-0.26123,-0.00630141,0.0469022,0.1
2244,2.14786,0,-0.0330242,-0.733154,-0.678079,6.07591,0.00426119,-3.7015,-0,-3.64321,39,33,3,0,0,22.4399,0,-0.0872665,-3.7015,0.0842507,-0.261333,-0.00630883,0.0504071,0.1
2245,2.14776,-0.0139626,-0.00639178,-0.721875,-0.687192,6.07591,0.00426119,-3.69992,-0,-3.78984,39,33,3,0,0,22.4499,0,-0.0872665,-3.69992,0.0842588,-0.261426,-0.00630593,0.0539117,0.1
2246,2.14767,-0.0139626,-0.010653,-0.710596,-0.734542,6.07591,-0.00639178,-3.70285,-0,-3.66577,39,33,3,0,0,22.4599,0,-0.0872665,-3.70285,0.0842549,-0.261509,-0.0062927,0.0574162,0.1
2247,2.14757,-0.0174533,-0.0202406,-0.766992,-0.730065,6.07591,-0.0415466,-3.69894,-0,-3.78984,39,33,3,0,0,22.4699,0,-0.0872665,-3.69894,0.0842546,-0.261581,-0.00626915,0.0609206,0.1
2248,2.14748,0,0.00745708,-0.744434,-0.713102,6.07591,0.00532648,-3.7041,-0,-3.67705,39,33,3,0,0,22.4799,0,-0.0872665,-3.7041,0.0842317,-0.261643,-0.00623528,0.0644245,0.1
2249,2.14738,-0.0174533,-0.00319589,-0.654199,-0.735387,6.07591,-0.00319589,-3.70803,-0,-3.65449,39,33,3,0,0,22.4899,0,-0.0872665,-3.70803,0.0842073,-0.261695,-0.00619107,0.0679273,0.1
2250,2.14738,0,0.00532648,-0.744434,-0.752823,6.07591,0.0117183,-3.701,-0,-3.67705,39,33,3,0,0,22.4999,0,-0.0872665,-3.701,0.0842357,-0.261736,-0.00623241,0.07143,0.1
2251,2.14729,0,-0.00639178,-0.778271,-0.701325,6.07591,0.00213059,-3.70184,-0,-3.64321,39,33,3,0,0,22.5099,0,-0.0872665,-3.70184,0.0842167,-0.261767,-0.00616754,0.0749317,0.1
2252,2.14729,0,-0.0170448,-0.620361,-0.683259,6.07591,-0.0213059,-3.69252,-0,-3.65449,39,33,3,0,0,22.5199,0,-0.0872665,-3.69252,0.084256,-0.261788,-0.00618821,0.0784324,0.1
2253,2.14719,0,-0.00639178,-0.688037,-0.6946,6.07591,0.0202406,-3.70298,-0,-3.66577,39,33,3,0,0,22.5299,0,-0.0872665,-3.70298,0.0842154,-0.261798,-0.00610267,0.081932,0.1
2254,2.14719,0,0.0138489,-0.721875,-0.712366,6.07591,-0.0117183,-3.69662,-0,-3.66577,39,33,3,0,0,22.5399,0,-0.0872665,-3.69662,0.0842435,-0.261798,-0.00610267,0.0854303,0.1
2255,2.14719,0,-0.0138489,-0.721875,-0.703002,6.07591,0.00319589,-3.70195,-0,-3.68833,39,33,3,0,0,22.5499,0,-0.0872665,-3.70195,0.0842458,-0.261788,-0.00609234,0.0889271,0.1
2256,2.14719,-0.00872665,-0.00213059,-0.721875,-0.705178,6.07591,-0.0170448,-3.69693,-0,-3.64321,39,33,3,0,0,22.5599,0,-0.0872665,-3.69693,0.0842572,-0.261767,-0.00607167,0.0924226,0.1
2257,2.14719,0,-0.00852238,-0.710596,-0.708782,6.07591,-0.00213059,-3.6976,-0,-3.65449,39,33,3,0,0,22.5699,0,-0.0872665,-3.6976,0.0842527,-0.261736,-0.00604066,0.0959162,0.1
2258,2.14719,-0.010472,0.00639178,-0.721875,-0.721935,6.07591,-3.91384e-19,-3.69241,-0,-3.65449,40,33,3,0,0,22.5799,0,-0.0872665,-3.69241,0.084292,-0.261695,-0.00599933,0.0994082,0.1
2259,2.14719,-0.010472,0.0234365,-0.710596,-0.689698,6.07591,0.01811,-3.69169,-0,-3.67705,40,33,3,0,0,22.5899,0,-0.0872665,-3.69169,0.0843054,-0.261643,-0.00594766,0.102898,0.1
2260,2.14719,0,0.0117183,-0.733154,-0.750713,6.07591,-0.0127836,-3.70098,-0,-3.68833,40,33,3,0,0,22.5999,0,-0.0872665,-3.70098,0.0842771,-0.261581,-0.00588566,0.106386,0.1
2261,2.14709,0,0.00532648,-0.755713,-0.697328,6.07591,0.0202406,-3.69848,-0,-3.66577,40,33,3,0,0,22.6099,0,-0.0872665,-3.69848,0.0842944,-0.261509,-0.00571746,0.109872,0.1
2262,2.14709,0,0.00532648,-0.64292,-0.624695,6.07591,-0.00426119,-3.70332,-0,-3.63193,40,33,3,0,0,22.6199,0,-0.0872665,-3.70332,0.0842611,-0.261426,-0.00563482,0.113355,0.1
2263,2.14709,0,0.00319589,-0.64292,-0.688616,6.07591,0.00745708,-3.69635,-0,-3.67705,40,33,3,0,0,22.6299,0,-0.0872665,-3.69635,0.084295,-0.261333,-0.00554185,0.116835,0.1
2264,2.14709,0,0.00852238,-0.620361,-0.673865,6.07591,-0.0010653,-3.70862,-0,-3.66577,40,33,3,0,0,22.6399,0,-0.0872665,-3.70862,0.084228,-0.26123,-0.00543856,0.120313,0.1
2265,2.14709,0,0.0138489,-0.688037,-0.61588,6.07591,0.00426119,-3.69305,-0,-3.66577,40,33,3,0,0,22.6499,0,-0.0872665,-3.69305,0.0842872,-0.261116,-0.00532496,0.123789,0.1
2266,2.14709,0,-1.36984e-18,-0.654199,-0.61244,6.07591,-0.0223712,-3.70286,-0,-3.68833,40,33,3,0,0,22.6599,0,-0.0872665,-3.70286,0.0842571,-0.260992,-0.00520105,0.127261,0.1
2267,2.14709,0,0.00639178,-0.64292,-0.59422,6.07591,-0.00426119,-3.70342,-0,-3.68833,40,33,3,0,0,22.6699,0,-0.0872665,-3.70342,0.0842412,-0.260858,-0.00506685,0.130731,0.1
2268,2.14709,0,0.0362201,-0.496289,-0.599591,6.07591,0.0213059,-3.7032,-0,-3.68833,40,33,3,0,0,22.6799,0,-0.0872665,-3.7032,0.084239,-0.260714,-0.00492233,0.134197,0.1
2269,2.14709,0,0.0138489,-0.496289,-0.575032,6.07591,-0.0149142,-3.7068,-0,-3.67705,40,33,3,0,0,22.6899,0,-0.0872665,-3.7068,0.0842133,-0.260559,-0.00476753,0.13766,0.1
2270,2.14709,0,0.00319589,-0.563965,-0.512262,6.07591,0.0330242,-3.71022,-0,-3.67705,40,33,3,0,0,22.6999,0,-0.0872665,-3.7114,0.0841924,-0.260394,-0.00460244,0.141119,0.1
2271,2.14709,0,-0.0010653,-0.518848,-0.447703,6.07591,-0.0223712,-3.71029,-0,-3.71089,40,33,3,0,0,22.7099,0,-0.0872665,-3.71029,0.0841702,-0.260218,-0.00442708,0.144575,0.1
2272,2.14719,0,-0.01811,-0.518848,-0.466745,6.07591,0.0127836,-3.7065,-0,-3.69961,40,33,3,0,0,22.7199,0,-0.0872665,-3.7065,0.0841946,-0.260033,-0.00433732,0.148027,0.1
2273,2.14719,0.00174533,0.0170448,-0.304541,-0.41988,6.07591,-0.0234365,-3.70546,-0,-3.67705,40,33,3,0,0,22.7299,0,-0.0872665,-3.70546,0.0841796,-0.259837,-0.0041414,0.151475,0.1
2274,2.14719,0,0.00213059,-0.3271,-0.433482,6.07591,0.0234365,-3.70809,-0,-3.69961,40,33,3,0,0,22.7399,0,-0.0872665,-3.70809,0.0841633,-0.259631,-0.00393524,0.154919,0.1
2275,2.14719,0,0.010653,-0.439893,-0.420979,6.07591,-0.0170448,-3.70076,-0,-3.76729,40,33,3,0,0,22.7499,0,-0.0872665,-3.70076,0.0841919,-0.259414,-0.00371882,0.15836,0.1
2276,2.14719,0,-0.00639178,-0.394775,-0.346455,6.07591,0.0138489,-3.70045,-0,-3.67705,40,33,3,0,0,22.7599,0,-0.0872665,-3.70045,0.0842013,-0.259188,-0.00349219,0.161795,0.1
2277,2.14719,0,0.00532648,-0.383496,-0.313896,6.07591,-0.0149142,-3.70987,-0,-3.66577,40,33,3,0,0,22.7699,0,-0.0872665,-3.71042,0.0841641,-0.258951,-0.00325528,0.165227,0.1
2278,2.14729,0,0.00958767,-0.338379,-0.303037,6.07591,-0.0159795,-3.7045,-0,-3.67705,40,33,3,0,0,22.7799,0,-0.0872665,-3.7045,0.0841858,-0.258704,-0.00310405,0.168653,0.1
2279,2.14729,0,0.00639178,-0.349658,-0.29548,6.07591,0.00532648,-3.70788,-0,-3.76729,40,33,3,0,0,22.7899,0,-0.0872665,-3.70788,0.0841733,-0.258446,-0.00284674,0.172075,0.1
2280,2.14729,0.0174533,0.00958767,-0.304541,-0.233674,6.07591,-0.0159795,-3.70123,-0,-3.80112,40,33,3,0,0,22.7999,0,-0.0872665,-3.70123,0.0841849,-0.258179,-0.00257919,0.175493,0.1
2281,2.14738,0,-0.00426119,-0.293262,-0.220436,6.07591,0.00852238,-3.70321,-0,-3.78984,40,33,3,0,0,22.8099,0,-0.0872665,-3.70321,0.0841892,-0.257901,-0.00239734,0.178905,0.1
2282,2.14738,0,0.00852238,-0.304541,-0.192583,6.07591,-0.00958767,-3.69612,-0,-3.76729,40,33,3,0,0,22.8199,0,-0.0872665,-3.69612,0.084208,-0.257613,-0.00210946,0.182312,0.1
2283,2.14738,0,0.0127836,-0.225586,-0.132952,6.07591,0.00532648,-3.70031,-0,-3.77856,40,33,3,0,0,22.8299,0,-0.0872665,-3.70031,0.0842274,-0.257315,-0.00181138,0.185714,0.1
2284,2.14748,0,-0.0010653,-0.191748,-0.0927995,6.07591,0.00639178,-3.69721,-0,-3.77856,40,33,3,0,0,22.8399,0,-0.0872665,-3.69721,0.0842417,-0.257007,-0.00159903,0.189111,0.1
2285,2.14748,0,0.0117183,-0.169189,-0.0805296,6.07591,0.0234365,-3.705,-0,-3.76729,40,33,3,0,0,22.8499,0,-0.0872665,-3.705,0.0842259,-0.256688,-0.00128065,0.192502,0.1
2286,2.14757,0,0.0276977,-0.15791,-0.0479094,6.07591,-1.696e-18,-3.7016,-0,-3.67705,40,33,3,0,0,22.8599,0,-0.0872665,-3.7016,0.0842334,-0.25636,-0.00104801,0.195888,0.1
2287,2.14767,0.00698132,0.0213059,-0.135352,-0.045077,6.07591,-1.30461e-18,-3.70562,-0,-3.66577,40,33,3,0,0,22.8699,0,-0.0872665,-3.70562,0.0842146,-0.256021,-0.000805254,0.199268,0.1
2288,2.14776,0.010472,-0.0010653,-0.0676758,0.0133004,6.07591,0.010653,-3.7106,-0,-3.80112,40,33,3,0,0,22.8799,0,-0.0872665,-3.7106,0.0841983,-0.255673,-0.0005524,0.202641,0.1
2289,2.14786,0.015708,0.00745708,-0.0451172,0.0177771,6.07591,-0.00213059,-3.70358,-0,-3.66577,40,33,3,0,0,22.8899,0,-0.0872665,-3.70358,0.0842356,-0.255314,-0.000289453,0.206009,0.1
2290,2.14796,0.00872665,0.00639178,0.0789551,0.0322601,6.07591,0.00319589,-3.70829,-0,-3.64321,40,33,3,0,0,22.8999,0,-0.0872665,-3.70829,0.0842013,-0.254945,-1.63878e-05,0.209371,0.1
2291,2.14805,0.0174533,0.00639178,0.101514,0.054165,6.07591,-0.0138489,-3.70636,-0,-3.65449,40,33,3,0,0,22.9099,0,-0.0872665,-3.70636,0.0841995,-0.254566,0.0002667,0.212726,0.1
2292,2.14815,0.00523599,0.00958767,0,0.100232,6.07591,0.00958767,-3.71754,-0,-3.71089,40,33,3,0,0,22.9199,0,-0.0872665,-3.71754,0.0841395,-0.254177,0.000559839,0.216075,0.1
2293,2.14834,0.0174533,0.00426119,0.0338379,0.125694,6.07591,-0.0117183,-3.70452,-0,-3.68833,40,33,3,0,0,22.9299,0,-0.0872665,-3.70452,0.0841628,-0.253778,0.000767163,0.219418,0.1
2294,2.14844,0.0174533,0.00639178,0.0789551,0.188933,6.07591,0.028763,-3.71171,-0,-3.67705,40,33,3,0,0,22.9399,0,-0.0872665,-3.71186,0.0841319,-0.253369,0.00108038,0.222754,0.1
2295,2.14872,0.0366519,0.010653,0.214307,0.152785,6.07591,-0.0245018,-3.70295,-0,-3.69961,40,33,3,0,0,22.9499,0,-0.0872665,-3.70295,0.0841502,-0.25295,0.00121182,0.226083,0.1
2296,2.14901,0.0226893,0.0117183,0.236865,0.127606,6.07591,0.00852238,-3.71011,-0,-3.68833,40,33,3,0,0,22.9599,0,-0.0872665,-3.71011,0.0841357,-0.252521,0.00135326,0.229404,0.1
2297,2.14911,0,0.0298283,0.169189,0.183505,6.07591,-0.0191753,-3.706,-0,-3.68833,40,33,3,0,0,22.9699,0,-0.0872665,-3.706,0.0841234,-0.252082,0.00169642,0.232719,0.1
2298,2.1493,0.0314159,0.0191753,0.281982,0.208368,6.07591,0.0127836,-3.70487,-0,-3.67705,40,33,3,0,0,22.9799,0,-0.0872665,-3.70487,0.0841455,-0.251633,0.00195366,0.236027,0.1
2299,2.14968,0.0436332,0.0255671,0.180469,0.173602,6.07591,-0.0117183,-3.7103,-0,-3.65449,40,33,3,0,0,22.9899,0,-0.0872665,-3.7103,0.0841297,-0.251174,0.00202907,0.239327,0.1
2300,2.15007,0.0296706,0.00532648,0.281982,0.232293,6.07591,-0.00852238,-3.70551,-0,-3.71089,40,33,3,0,0,22.9999,0,-0.0872665,-3.70551,0.0841783,-0.250705,0.00211443,0.24262,0.1
2301,2.15064,0.0802851,0.0159795,0.214307,0.220516,6.07591,-0.0138489,-3.71045,-0,-3.68833,40,33,3,0,0,23.0099,0,-0.0872665,-3.71045,0.084146,-0.250226,0.00201792,0.245906,0.1
2302,2.1517,0.0680678,0.0234365,0.203027,0.155425,6.07591,0.0117183,-3.71058,-0,-3.66577,40,33,3,0,0,23.0199,0,-0.0872665,-3.71058,0.0841552,-0.249737,0.00145192,0.249183,0.1
2303,2.15218,0.0191986,0.01811,0.203027,0.0780847,6.07591,-0.00745708,-3.70658,-0,-3.67705,40,33,3,0,0,23.0299,0,-0.0872665,-3.70658,0.0841764,-0.249239,0.00147102,0.252453,0.1
2304,2.15227,0,0.0330242,0.15791,0.127391,6.07591,-0.0213059,-3.6968,-0,-3.67705,40,33,3,0,0,23.0399,0,-0.0872665,-3.6968,0.0842037,-0.248731,0.00188347,0.255714,0.1
2305,2.15237,0,0.0234365,0.180469,0.176336,6.07591,-0.00532648,-3.70572,-0,-3.65449,40,33,3,0,0,23.0499,0,-0.0872665,-3.70572,0.0841618,-0.248213,0.00230573,0.258968,0.1
2306,2.15275,0.0802851,0.057526,0.180469,0.226428,6.07591,-0.00532648,-3.71135,-0,-3.71089,40,33,3,0,0,23.0599,0,-0.0872665,-3.71135,0.0841319,-0.247685,0.00245017,0.262213,0.1
2307,2.15371,0.0401426,0.0149142,0.225586,0.115807,6.07591,-0.00745708,-3.71155,-0,-3.69961,40,33,3,0,0,23.0699,0,-0.0872665,-3.71155,0.0841358,-0.247147,0.00202914,0.26545,0.1
2308,2.154,0.0453786,0.0447425,0.112793,0.0822216,6.07591,-0.00426119,-3.70392,-0,-3.67705,40,33,3,0,0,23.0799,0,-0.0872665,-3.70392,0.0841562,-0.246599,0.00228895,0.268678,0.1
2309,2.15438,0.0314159,0.0340895,0.146631,0.115581,6.07591,0.00745708,-3.71101,-0,-3.67705,40,33,3,0,0,23.0899,0,-0.0872665,-3.71101,0.0841462,-0.246042,0.00246266,0.271898,0.1
2310,2.15467,0.0453786,0.0340895,0.15791,0.121359,6.07591,-0.010653,-3.70967,-0,-3.69961,40,33,3,0,0,23.0999,0,-0.0872665,-3.70967,0.0841323,-0.245475,0.00274198,0.275109,0.1
2311,2.15515,0.0366519,0.0383507,0.101514,0.147859,6.07591,0.01811,-3.70908,-0,-3.71089,40,33,3,0,0,23.1099,0,-0.0872665,-3.70974,0.0841449,-0.244899,0.00283921,0.278311,0.1
2312,2.15553,0.0471239,0.0138489,0.135352,0.217917,6.07591,-0.0138489,-3.70722,-0,-3.66577,40,33,3,0,0,23.1199,0,-0.0872665,-3.70722,0.0841363,-0.244312,0.003042,0.281505,0.1
2313,2.15601,0.0488692,0.0628525,0.214307,0.238735,6.07591,0.0330242,-3.70615,-0,-3.68833,40,33,3,0,0,23.1299,0,-0.0872665,-3.70771,0.0841458,-0.243716,0.00315854,0.284689,0.1
2314,2.1563,0.0226893,0.0617872,0.236865,0.244937,6.07591,-0.0010653,-3.71613,-0,-3.68833,40,33,3,0,0,23.1399,0,-0.0872665,-3.71613,0.0840966,-0.243111,0.00347642,0.287863,0.1
2315,2.15668,0.0401426,0.0415466,0.248145,0.31682,6.07591,0.00852238,-3.70007,-0,-3.80112,40,33,3,0,0,23.1499,0,-0.0872665,-3.70007,0.0841439,-0.242496,0.00370811,0.291029,0.1
2316,2.15716,0.0418879,0.0532648,0.293262,0.275655,6.07591,-0.00639178,-3.70691,-0,-3.80112,40,33,3,0,0,23.1599,0,-0.0872665,-3.70691,0.0841151,-0.241871,0.00385343,0.294184,0.1
2317,2.15754,0.0453786,0.0330242,0.3271,0.375422,6.07591,-0.00319589,-3.70398,-0,-3.78984,40,33,3,0,0,23.1699,0,-0.0872665,-3.70398,0.0841393,-0.241237,0.00410418,0.29733,0.1
2318,2.15812,0.0506145,0.0351548,0.406055,0.414465,6.07591,0.00639178,-3.71061,-0,-3.78984,40,33,3,0,0,23.1799,0,-0.0872665,-3.71061,0.0841285,-0.240593,0.00417275,0.300467,0.1
2319,2.15869,0.0471239,0.0617872,0.383496,0.286129,6.07591,-0.0298283,-3.7069,-0,-3.68833,40,33,3,0,0,23.1899,0,-0.0872665,-3.7069,0.0841549,-0.23994,0.0042508,0.303594,0.1
2320,2.15908,0.0506145,0.0639178,0.3271,0.310323,6.07591,0.010653,-3.70725,-0,-3.78984,40,33,3,0,0,23.1999,0,-0.0872665,-3.70725,0.0841675,-0.239277,0.00453002,0.30671,0.1
2321,2.15965,0.0418879,0.0553954,0.304541,0.307832,6.07591,-0.00745708,-3.7019,-0,-3.78984,40,33,3,0,0,23.2099,0,-0.0872665,-3.7019,0.0841654,-0.238605,0.00462695,0.309816,0.1
2322,2.16023,0.0663225,0.0649831,0.349658,0.353617,6.07591,0.00532648,-3.70253,-0,-3.78984,40,33,3,0,0,23.2199,0,-0.0872665,-3.70253,0.0841754,-0.237923,0.00473339,0.312913,0.1
2323,2.1608,0.0488692,0.050069,0.338379,0.320083,6.07591,0.00745708,-3.70802,-0,-3.78984,40,33,3,0,0,23.2299,0,-0.0872665,-3.70802,0.0841504,-0.237232,0.00484917,0.315998,0.1
2324,2.16138,0.0610865,0.0585913,0.349658,0.37569,6.07591,0.0149142,-3.70638,-0,-3.76729,40,33,3,0,0,23.2399,0,-0.0872665,-3.70638,0.0841697,-0.236532,0.0049743,0.319073,0.1
2325,2.16205,0.0645772,0.0692443,0.360938,0.323704,6.07591,-0.0202406,-3.69941,-0,-3.80112,40,33,3,0,0,23.2499,0,-0.0872665,-3.69941,0.0841778,-0.235822,0.00501286,0.322138,0.1
2326,2.16272,0.0663225,0.0703096,0.270703,0.289812,6.07591,0.00958767,-3.70191,-0,-3.66577,40,33,3,0,0,23.2599,0,-0.0872665,-3.70191,0.084188,-0.235103,0.00506079,0.325192,0.1
2327,2.16339,0.0663225,0.0820279,0.259424,0.171651,6.07591,0.00532648,-3.71137,-0,-3.80112,40,33,3,0,0,23.2699,0,-0.0872665,-3.71137,0.084145,-0.234375,0.00511796,0.328235,0.1
2328,2.16406,0.0593412,0.0756361,0.214307,0.190232,6.07591,-0.0202406,-3.69879,-0,-3.78984,40,33,3,0,0,23.2799,0,-0.0872665,-3.69879,0.084177,-0.233637,0.00518443,0.331267,0.1
2329,2.16464,0.0610865,0.0628525,0.203027,0.234549,6.07591,0.00958767,-3.70714,-0,-3.77856,40,33,3,0,0,23.2899,0,-0.0872665,-3.70714,0.0841448,-0.23289,0.005356,0.334288,0.1
2330,2.16531,0.0750492,0.0777667,0.191748,0.299062,6.07591,-4.76184e-18,-3.70522,-0,-3.69961,40,33,3,0,0,23.2999,0,-0.0872665,-3.70522,0.08412,-0.232134,0.0054408,0.337297,0.1
2331,2.16608,0.0733038,0.0564607,0.31582,0.314374,6.07591,0.0372854,-3.71886,-0,-3.78984,40,33,3,0,0,23.3099,0,-0.0872665,-3.72142,0.0840481,-0.231369,0.00543897,0.340296,0.1
2332,2.16675,0.0715585,0.0841585,0.360938,0.271959,6.07591,-0.0276977,-3.70729,-0,-3.67705,40,33,3,0,0,23.3199,0,-0.0872665,-3.70729,0.0840783,-0.230595,0.00554212,0.343283,0.1
2333,2.16732,0.0645772,0.0649831,0.338379,0.290171,6.07591,0.0330242,-3.71743,-0,-3.67705,40,33,3,0,0,23.3299,0,-0.0872665,-3.71852,0.0840634,-0.229812,0.00575028,0.346258,0.1
2334,2.16799,0.0471239,0.0713749,0.338379,0.328802,6.07591,-0.010653,-3.71046,-0,-3.68833,40,33,3,0,0,23.3399,0,-0.0872665,-3.71046,0.0840753,-0.229019,0.00587158,0.349221,0.1
2335,2.16857,0.0698132,0.0511343,0.3271,0.400304,6.07591,0.00426119,-3.71164,-0,-3.67705,40,33,3,0,0,23.3499,0,-0.0872665,-3.71164,0.0840539,-0.228218,0.00609784,0.352173,0.1
2336,2.16934,0.0750492,0.0649831,0.428613,0.464264,6.07591,-0.0223712,-3.70949,-0,-3.68833,40,33,3,0,0,23.3599,0,-0.0872665,-3.70949,0.0840568,-0.227407,0.00614139,0.355113,0.1
2337,2.17001,0.0733038,0.0671137,0.462451,0.443212,6.07591,-0.00745708,-3.70525,-0,-3.67705,40,33,3,0,0,23.3699,0,-0.0872665,-3.70525,0.084098,-0.226588,0.00628974,0.358041,0.1
2338,2.17077,0.0698132,0.0692443,0.417334,0.443626,6.07591,-0.00639178,-3.71318,-0,-3.67705,40,33,3,0,0,23.3799,0,-0.0872665,-3.71318,0.0840741,-0.225759,0.00635113,0.360957,0.1
2339,2.17145,0.0733038,0.0756361,0.349658,0.413439,6.07591,-0.00958767,-3.70634,-0,-3.68833,40,33,3,0,0,23.3899,0,-0.0872665,-3.70634,0.0841117,-0.224922,0.0065174,0.36386,0.1
2340,2.17221,0.0750492,0.0948114,0.349658,0.360575,6.07591,-0.00958767,-3.71539,-0,-3.68833,40,33,3,0,0,23.3999,0,-0.0872665,-3.71539,0.0840677,-0.224076,0.00659659,0.366751,0.1
2341,2.17288,0.0802851,0.0447425,0.417334,0.409736,6.07591,0.00639178,-3.71656,-0,-3.68833,40,33,3,0,0,23.4099,0,-0.0872665,-3.71656,0.0840497,-0.223221,0.0067805,0.369629,0.1
2342,2.17375,0.0925025,0.0852238,0.462451,0.419304,6.07591,0.0149142,-3.72239,-0,-3.69961,40,33,3,0,0,23.4199,0,-0.0872665,-3.72239,0.0840092,-0.222357,0.0067816,0.372495,0.1
2343,2.17451,0.0820305,0.0703096,0.496289,0.494857,6.07591,-0.00958767,-3.71344,-0,-3.69961,40,33,3,0,0,23.4299,0,-0.0872665,-3.71344,0.0840342,-0.221484,0.00688728,0.375349,0.1
2344,2.17528,0.0680678,0.0820279,0.428613,0.497105,6.07591,0.0298283,-3.72227,-0,-3.71089,40,33,3,0,0,23.4399,0,-0.0872665,-3.7231,0.0839822,-0.220603,0.00700163,0.378189,0.1
2345,2.17595,0.0785398,0.0809626,0.47373,0.531167,6.07591,-0.00213059,-3.71978,-0,-3.69961,40,33,3,0,0,23.4499,0,-0.0872665,-3.71978,0.0839625,-0.219713,0.00722065,0.381016,0.1
2346,2.17681,0.0785398,0.0703096,0.47373,0.583736,6.07591,0.0308936,-3.72339,-0,-3.68833,40,33,3,0,0,23.4599,0,-0.0872665,-3.72409,0.0839586,-0.218814,0.00725654,0.38383,0.1
2347,2.17768,0.0820305,0.0756361,0.530127,0.586681,6.07591,0.00532648,-3.71654,-0,-3.69961,40,33,3,0,0,23.4699,0,-0.0872665,-3.71654,0.0839945,-0.217906,0.00730111,0.386631,0.1
2348,2.17864,0.0890118,0.0905502,0.530127,0.490213,6.07591,-0.00532648,-3.72235,-0,-3.69961,40,33,3,0,0,23.4799,0,-0.0872665,-3.72235,0.0839918,-0.21699,0.00725836,0.389419,0.1
2349,2.1795,0.0785398,0.105464,0.406055,0.374558,6.07591,-0.0127836,-3.71973,-0,-3.69961,40,33,3,0,0,23.4899,0,-0.0872665,-3.71973,0.0839775,-0.216066,0.00732009,0.392193,0.1
2350,2.18036,0.101229,0.0937461,0.394775,0.37247,6.07591,-0.00958767,-3.7176,-0,-3.68833,40,33,3,0,0,23.4999,0,-0.0872665,-3.7176,0.0839585,-0.215133,0.00739034,0.394954,0.1
2351,2.18132,0.0907571,0.10866,0.360938,0.383515,6.07591,0.00958767,-3.72216,-0,-3.69961,40,33,3,0,0,23.5099,0,-0.0872665,-3.72216,0.0839319,-0.214191,0.00737326,0.397702,0.1
2352,2.18228,0.0767945,0.101203,0.3271,0.369491,6.07591,-0.0159795,-3.71698,-0,-3.68833,40,33,3,0,0,23.5199,0,-0.0872665,-3.71698,0.0839492,-0.213241,0.00736454,0.400435,0.1
2353,2.18314,0.0925025,0.0980073,0.360938,0.40146,6.07591,0.00745708,-3.72597,-0,-3.69961,40,33,3,0,0,23.5299,0,-0.0872665,-3.72597,0.0838927,-0.212283,0.00746013,0.403155,0.1
2354,2.1841,0.0925025,0.100138,0.428613,0.390508,6.07591,-0.00213059,-3.7246,-0,-3.71089,40,33,3,0,0,23.5399,0,-0.0872665,-3.7246,0.0838732,-0.211316,0.00746832,0.405861,0.1
2355,2.18506,0.102974,0.0873543,0.451172,0.383291,6.07591,-5.34891e-18,-3.72696,-0,-3.69961,40,33,3,0,0,23.5499,0,-0.0872665,-3.72696,0.0838737,-0.210341,0.00748476,0.408552,0.1
2356,2.18592,0.0942478,0.0958767,0.383496,0.414945,6.07591,-0.00532648,-3.72224,-0,-3.69961,40,33,3,0,0,23.5599,0,-0.0872665,-3.72224,0.0839001,-0.209357,0.00760543,0.41123,0.1
2357,2.18698,0.0907571,0.0937461,0.383496,0.378235,6.07591,0.0117183,-3.72701,-0,-3.69961,40,33,3,0,0,23.5699,0,-0.0872665,-3.72701,0.083877,-0.208365,0.00754257,0.413893,0.1
2358,2.18794,0.101229,0.105464,0.3271,0.342776,6.07591,-0.0138489,-3.71942,-0,-3.69961,40,33,3,0,0,23.5799,0,-0.0872665,-3.71942,0.0838966,-0.207365,0.0075838,0.416542,0.1
2359,2.18909,0.106465,0.107595,0.304541,0.269823,6.07591,0.00319589,-3.72443,-0,-3.69961,40,33,3,0,0,23.5899,0,-0.0872665,-3.72443,0.0838926,-0.206357,0.00744159,0.419177,0.1
2360,2.19014,0.10821,0.134227,0.31582,0.209297,6.07591,-0.01811,-3.72128,-0,-3.69961,40,33,3,0,0,23.5999,0,-0.0872665,-3.72128,0.0838947,-0.205341,0.00740326,0.421796,0.1
2361,2.1912,0.10821,0.112921,0.15791,0.212137,6.07591,0.0234365,-3.73237,-0,-3.71089,40,33,3,0,0,23.6099,0,-0.0872665,-3.73237,0.0838595,-0.204316,0.00737313,0.424402,0.1
2362,2.19235,0.10821,0.133162,0.135352,0.127814,6.07591,-0.0223712,-3.72388,-0,-3.69961,40,33,3,0,0,23.6199,0,-0.0872665,-3.72388,0.0838615,-0.203284,0.00725517,0.426992,0.1
2363,2.1934,0.102974,0.109726,0.0902344,0.189353,6.07591,0.0223712,-3.72981,-0,-3.8124,40,33,3,0,0,23.6299,0,-0.0872665,-3.72994,0.083832,-0.202243,0.0072411,0.429568,0.1
2364,2.19436,0.0925025,0.110791,0.15791,0.251657,6.07591,0.00319589,-3.72921,-0,-3.8124,40,33,3,0,0,23.6399,0,-0.0872665,-3.72921,0.0838212,-0.201195,0.00733085,0.432128,0.1
2365,2.19541,0.122173,0.0862891,0.270703,0.356565,6.07591,0.00213059,-3.73114,-0,-3.78984,40,33,3,0,0,23.6499,0,-0.0872665,-3.73114,0.0837944,-0.200138,0.00733271,0.434674,0.1
2366,2.19647,0.0977384,0.103334,0.349658,0.3554,6.07591,-0.00639178,-3.73381,-0,-3.80112,40,33,3,0,0,23.6599,0,-0.0872665,-3.73381,0.0837573,-0.199074,0.00734249,0.437204,0.1
2367,2.19743,0.101229,0.102269,0.417334,0.400709,6.07591,-0.00745708,-3.72851,-0,-3.73345,40,33,3,0,0,23.6699,0,-0.0872665,-3.72851,0.0837934,-0.198002,0.00745593,0.439719,0.1
2368,2.19839,0.0890118,0.078832,0.372217,0.420421,6.07591,0.00639178,-3.73645,-0,-3.80112,40,33,3,0,0,23.6799,0,-0.0872665,-3.73645,0.0837474,-0.196922,0.00757723,0.442218,0.1
2369,2.19934,0.0907571,0.0926808,0.383496,0.434648,6.07591,-0.0117183,-3.72742,-0,-3.8124,40,33,3,0,0,23.6899,0,-0.0872665,-3.72742,0.0837954,-0.195834,0.00770633,0.444703,0.1
2370,2.2003,0.0942478,0.096942,0.48501,0.493597,6.07591,0.00852238,-3.73971,-0,-3.69961,40,33,3,0,0,23.6999,0,-0.0872665,-3.73971,0.0837421,-0.194738,0.00784316,0.447171,0.1
2371,2.20117,0.0750492,0.0756361,0.451172,0.485601,6.07591,-0.00213059,-3.7324,-0,-3.82368,40,33,3,0,0,23.7099,0,-0.0872665,-3.7324,0.0837678,-0.193635,0.00808341,0.449624,0.1
2372,2.20213,0.0925025,0.0809626,0.518848,0.539292,6.07591,0.0372854,-3.73793,-0,-3.82368,40,33,3,0,0,23.7199,0,-0.0872665,-3.74037,0.0837283,-0.192524,0.00823561,0.452061,0.1
2373,2.20308,0.0959931,0.110791,0.563965,0.549236,6.07591,0.00213059,-3.74567,-0.00523599,-3.8124,40,33,3,0,0,23.7299,0,-0.0872665,-3.74567,0.0836733,-0.191406,0.0083953,0.454482,0.1
2374,2.20404,0.0890118,0.103334,0.575244,0.559453,6.07581,0.0117183,-3.73835,-0,-3.69961,40,33,3,0,0,23.7399,0,-0.0872665,-3.73835,0.0836995,-0.19028,0.0085626,0.456887,0.1
2375,2.205,0.0820305,0.115052,0.530127,0.498137,6.07581,-0.010653,-3.74256,-0,-3.69961,40,33,3,0,0,23.7499,0,-0.0872665,-3.74256,0.0836761,-0.189146,0.00873746,0.459277,0.1
2376,2.20596,0.0959931,0.109726,0.507568,0.541093,6.07581,-0.0010653,-3.73823,-0,-3.69961,40,33,3,0,0,23.7599,0,-0.0872665,-3.73823,0.0836885,-0.188005,0.00891965,0.46165,0.1
2377,2.20701,0.0977384,0.0884196,0.518848,0.570688,6.07581,0.0010653,-3.73922,-0,-3.71089,40,33,3,0,0,23.7699,0,-0.0872665,-3.73922,0.083678,-0.186857,0.00901352,0.464006,0.1
2378,2.20807,0.106465,0.107595,0.609082,0.607614,6.07581,0.00852238,-3.73652,-0,-3.73345,40,33,3,0,0,23.7799,0,-0.0872665,-3.73652,0.0836763,-0.185701,0.00911472,0.466347,0.1
2379,2.20903,0.102974,0.0958767,0.575244,0.615573,6.07581,0.010653,-3.74906,-0,-3.71089,40,33,3,0,0,23.7899,0,-0.0872665,-3.74906,0.0836353,-0.184538,0.00931918,0.468671,0.1
2380,2.21008,0.101229,0.100138,0.575244,0.630547,6.07581,-0.00745708,-3.74416,-0,-3.71089,40,33,3,0,0,23.7999,0,-0.0872665,-3.74416,0.0836268,-0.183367,0.00943492,0.470978,0.1
2381,2.21114,0.10472,0.10866,0.665479,0.621917,6.07581,0.0010653,-3.75091,-0,-3.71089,40,33,3,0,0,23.8099,0,-0.0872665,-3.75091,0.0835687,-0.18219,0.00955807,0.473269,0.1
2382,2.21229,0.111701,0.111856,0.654199,0.614517,6.07581,-0.028763,-3.74235,-0,-3.71089,40,33,3,0,0,23.8199,0,-0.0872665,-3.74235,0.0835897,-0.181005,0.00959243,0.475543,0.1
2383,2.21334,0.113446,0.103334,0.620361,0.602528,6.07581,0.00852238,-3.74903,-0,-3.68833,40,33,3,0,0,23.8299,0,-0.0872665,-3.74903,0.0835774,-0.179813,0.00972979,0.477801,0.1
2384,2.21459,0.1309,0.102269,0.586523,0.568791,6.07581,0.00213059,-3.74595,-0,-3.71089,40,33,3,0,0,23.8399,0,-0.0872665,-3.74595,0.0835729,-0.178614,0.00968256,0.480041,0.1
2385,2.21584,0.122173,0.125705,0.428613,0.497843,6.07581,-0.00958767,-3.74444,-0,-3.71089,40,33,3,0,0,23.8499,0,-0.0872665,-3.74444,0.083588,-0.177407,0.00964236,0.482265,0.1
2386,2.21699,0.116937,0.132097,0.394775,0.461716,6.07581,0.0010653,-3.75007,-0,-3.72217,40,33,3,0,0,23.8599,0,-0.0872665,-3.75007,0.0835518,-0.176194,0.00970498,0.484471,0.1
2387,2.21823,0.118682,0.137423,0.507568,0.462953,6.07581,0.0266324,-3.75168,-0,-3.72217,40,33,3,0,0,23.8699,0,-0.0872665,-3.75168,0.0835425,-0.174974,0.0096788,0.48666,0.1
2388,2.21948,0.113446,0.137423,0.496289,0.473689,6.07581,-0.0138489,-3.75506,-0,-3.74473,40,33,3,0,0,23.8799,0,-0.0872665,-3.75506,0.0834909,-0.173747,0.00965939,0.488832,0.1
2389,2.22053,0.111701,0.118248,0.48501,0.522802,6.07581,0.00213059,-3.7568,-0,-3.73345,40,33,3,0,0,23.8899,0,-0.0872665,-3.7568,0.0834688,-0.172513,0.00983866,0.490987,0.1
2390,2.22178,0.123918,0.122509,0.48501,0.553396,6.07581,-0.00958767,-3.75384,-0,-3.71089,40,33,3,0,0,23.8999,0,-0.0872665,-3.75384,0.0834562,-0.171273,0.00983299,0.493124,0.1
2391,2.22303,0.116937,0.103334,0.530127,0.561409,6.07581,0.0223712,-3.75343,-0,-3.74473,40,33,3,0,0,23.9099,0,-0.0872665,-3.75343,0.0834806,-0.170025,0.00983412,0.495244,0.1
2392,2.22418,0.111701,0.116117,0.541406,0.536497,6.07581,-0.0308936,-3.74912,-0,-3.71089,40,33,3,0,0,23.9199,0,-0.0872665,-3.74912,0.0834736,-0.168771,0.00993773,0.497346,0.1
2393,2.22533,0.122173,0.118248,0.552686,0.564165,6.07581,-0.0138489,-3.75392,-0,-3.73345,40,33,3,0,0,23.9299,0,-0.0872665,-3.75392,0.0834448,-0.16751,0.0100482,0.499431,0.1
2394,2.22648,0.106465,0.14275,0.518848,0.543471,6.07581,0.00426119,-3.75146,-0,-3.73345,40,33,3,0,0,23.9399,0,-0.0872665,-3.75146,0.0834598,-0.166243,0.0101651,0.501497,0.1
2395,2.22763,0.111701,0.125705,0.552686,0.57272,6.07581,-0.0266324,-3.75284,-0,-3.71089,40,33,3,0,0,23.9499,0,-0.0872665,-3.75284,0.0834347,-0.164969,0.0102886,0.503546,0.1
2396,2.22887,0.122173,0.134227,0.575244,0.631376,6.07581,0.028763,-3.75312,-0,-3.73345,40,33,3,0,0,23.9599,0,-0.0872665,-3.75363,0.0834318,-0.163688,0.0103228,0.505577,0.1
2397,2.23012,0.122173,0.115052,0.597803,0.628696,6.07581,-0.0266324,-3.75436,-0,-3.73345,40,33,3,0,0,23.9699,0,-0.0872665,-3.75436,0.0834191,-0.162401,0.0103634,0.50759,0.1
2398,2.23137,0.1309,0.125705,0.597803,0.604273,6.07581,0.00852238,-3.75848,-0,-3.73345,40,33,3,0,0,23.9799,0,-0.0872665,-3.75848,0.0834205,-0.161108,0.0104105,0.509585,0.1
2399,2.23271,0.139626,0.151272,0.575244,0.521906,6.07581,-0.0308936,-3.75775,-0,-3.73345,40,33,3,0,0,23.9899,0,-0.0872665,-3.75775,0.0834256,-0.159808,0.0103679,0.511562,0.1
2400,2.23405,0.123918,0.165121,0.439893,0.363578,6.07581,-0.00213059,-3.75688,-0,-3.84624,40,33,3,0,0,23.9999,0,-0.0872665,-3.75688,0.0834272,-0.158502,0.0103318,0.513521,0.1
2401,2.2353,0.137881,0.136358,0.349658,0.438685,6.07581,-0.0245018,-3.75698,-0,-3.82368,40,33,3,0,0,24.0099,0,-0.0872665,-3.75698,0.0833906,-0.15719,0.0103977,0.515461,0.1
2402,2.23683,0.137881,0.131032,0.417334,0.399533,6.07581,-0.0138489,-3.75514,-0,-3.82368,40,33,3,0,0,24.0199,0,-0.0872665,-3.75514,0.0833823,-0.155871,0.0101823,0.517383,0.1
2403,2.23808,0.139626,0.143815,0.406055,0.497403,6.07581,0.0010653,-3.76153,-0,-3.84624,40,33,3,0,0,24.0299,0,-0.0872665,-3.76153,0.0833325,-0.154546,0.0102606,0.519287,0.1
2404,2.23942,0.132645,0.138489,0.47373,0.501935,6.07581,0.00532648,-3.75946,-0,-3.82368,40,33,3,0,0,24.0399,0,-0.0872665,-3.75946,0.0833369,-0.153216,0.0102492,0.521172,0.1
2405,2.24086,0.136136,0.140619,0.48501,0.469895,6.07581,0.00319589,-3.76608,-0,-3.84624,40,33,3,0,0,24.0499,0,-0.0872665,-3.76608,0.0833107,-0.151879,0.0101479,0.523038,0.1
2406,2.2423,0.1309,0.173643,0.428613,0.347799,6.07581,0.00532648,-3.7655,-0,-3.84624,40,33,3,0,0,24.0599,0,-0.0872665,-3.7655,0.0832957,-0.150536,0.0100525,0.524886,0.1
2407,2.24364,0.150098,0.155533,0.338379,0.387236,6.07581,-0.00319589,-3.77521,-0,-3.74473,40,33,3,0,0,24.0699,0,-0.0872665,-3.77521,0.083249,-0.149187,0.0100591,0.526715,0.1
2408,2.24498,0.125664,0.145946,0.338379,0.349424,6.07581,-0.0149142,-3.7667,-0,-3.8688,40,33,3,0,0,24.0799,0,-0.0872665,-3.7667,0.083258,-0.147833,0.0100715,0.528525,0.1
2409,2.24632,0.129154,0.127836,0.360938,0.390091,6.07581,0.0149142,-3.77554,-0,-3.84624,40,33,3,0,0,24.0899,0,-0.0872665,-3.77554,0.0832035,-0.146472,0.0100897,0.530316,0.1
2410,2.24767,0.146608,0.120379,0.462451,0.506406,6.07581,-0.0170448,-3.77257,-0,-3.77856,40,33,3,0,0,24.0999,0,-0.0872665,-3.77257,0.0831502,-0.145106,0.0101138,0.532088,0.1
2411,2.24891,0.120428,0.134227,0.586523,0.562691,6.07581,0.0010653,-3.76996,-0,-3.88008,40,33,3,0,0,24.1099,0,-0.0872665,-3.76996,0.0831596,-0.143734,0.0102394,0.533842,0.1
2412,2.25006,0.113446,0.109726,0.563965,0.584948,6.07581,-0.0149142,-3.77441,-0,-3.88008,40,33,3,0,0,24.1199,0,-0.0872665,-3.77441,0.0831312,-0.142356,0.0104666,0.535576,0.1
2413,2.25131,0.10472,0.14488,0.575244,0.633221,6.07581,0.0138489,-3.77514,-0,-3.83496,40,33,3,0,0,24.1299,0,-0.0872665,-3.77514,0.0831282,-0.140973,0.0106035,0.537291,0.1
2414,2.25246,0.113446,0.110791,0.676758,0.741439,6.07581,-0.0127836,-3.77979,-0,-3.85752,40,33,3,0,0,24.1399,0,-0.0872665,-3.77979,0.0830982,-0.139584,0.0108419,0.538986,0.1
2415,2.25361,0.10472,0.121444,0.744434,0.740391,6.07581,0.0202406,-3.77385,-0,-3.74473,40,33,3,0,0,24.1499,0,-0.0872665,-3.77385,0.0831196,-0.13819,0.0110858,0.540663,0.1
2416,2.25486,0.118682,0.12464,0.789551,0.785284,6.07581,-0.01811,-3.77748,-0,-3.74473,40,33,3,0,0,24.1599,0,-0.0872665,-3.77748,0.0830817,-0.13679,0.0112393,0.54232,0.1
2417,2.2561,0.1309,0.137423,0.834668,0.774865,6.07581,-0.0159795,-3.77564,-0,-3.74473,40,33,3,0,0,24.1699,0,-0.0872665,-3.77564,0.0830907,-0.135385,0.0113981,0.543958,0.1
2418,2.25744,0.127409,0.138489,0.665479,0.753286,6.07581,0.00852238,-3.77725,-0,-3.74473,40,33,3,0,0,24.1799,0,-0.0872665,-3.77725,0.0831028,-0.133974,0.0114666,0.545576,0.1
2419,2.25879,0.144862,0.152337,0.699316,0.667738,6.07581,0.00319589,-3.7783,-0,-3.74473,40,33,3,0,0,24.1899,0,-0.0872665,-3.7783,0.0830993,-0.132558,0.0115401,0.547174,0.1
2420,2.26022,0.137881,0.138489,0.665479,0.673124,6.07581,-0.00745708,-3.78257,-0,-3.74473,40,33,3,0,0,24.1999,0,-0.0872665,-3.78257,0.0830789,-0.131137,0.0115231,0.548753,0.1
2421,2.26157,0.136136,0.138489,0.665479,0.660259,6.07581,-0.00213059,-3.77996,-0,-3.72217,40,33,3,0,0,24.2099,0,-0.0872665,-3.77996,0.0830716,-0.129711,0.0116071,0.550312,0.1
2422,2.2631,0.139626,0.143815,0.575244,0.584832,6.07581,-0.00426119,-3.77908,-0,-3.74473,40,33,3,0,0,24.2199,0,-0.0872665,-3.77908,0.0830618,-0.128279,0.0115046,0.551852,0.1
2423,2.26444,0.143117,0.145946,0.64292,0.62538,6.07581,-0.0234365,-3.77762,-0,-3.74473,40,33,3,0,0,24.2299,0,-0.0872665,-3.77762,0.0830326,-0.126843,0.0115987,0.553372,0.1
2424,2.26588,0.155334,0.117183,0.518848,0.650705,6.07581,0.0436772,-3.78441,-0,-3.72217,40,33,3,0,0,24.2399,0,-0.0872665,-3.78803,0.0830029,-0.125402,0.0116021,0.554871,0.1
2425,2.26751,0.141372,0.16299,0.586523,0.578817,6.07581,-0.0170448,-3.78438,-0,-3.76729,40,33,3,0,0,24.2499,0,-0.0872665,-3.78438,0.0830093,-0.123955,0.0114187,0.556351,0.1
2426,2.26885,0.150098,0.149142,0.586523,0.574817,6.07581,0.0276977,-3.77913,-0,-3.75601,40,33,3,0,0,24.2599,0,-0.0872665,-3.77965,0.0830455,-0.122504,0.0115278,0.557811,0.1
2427,2.27048,0.153589,0.153403,0.541406,0.487026,6.07581,0.0159795,-3.79199,-0,-3.78984,40,33,3,0,0,24.2699,0,-0.0872665,-3.79199,0.0829874,-0.121048,0.0113541,0.559251,0.1
2428,2.27192,0.141372,0.164056,0.439893,0.462105,6.07581,-0.00639178,-3.78091,-0,-3.75601,40,33,3,0,0,24.2799,0,-0.0872665,-3.78091,0.0829958,-0.119587,0.0113769,0.560671,0.1
2429,2.27346,0.153589,0.153403,0.439893,0.469479,6.07581,-0.00532648,-3.7975,-0.00698132,-3.74473,40,33,3,0,0,24.2899,0,-0.0872665,-3.7975,0.0828882,-0.118121,0.0113086,0.56207,0.1
2430,2.27499,0.151844,0.166186,0.552686,0.476965,6.07581,-0.0127836,-3.79572,-0,-3.77856,40,33,3,0,0,24.2999,0,-0.0872665,-3.79572,0.0828725,-0.116651,0.0112448,0.56345,0.1
2431,2.27643,0.141372,0.147011,0.462451,0.455196,6.07581,-0.00426119,-3.80531,-0,-3.76729,40,33,3,0,0,24.3099,0,-0.0872665,-3.80531,0.0828084,-0.115176,0.0112816,0.564809,0.1
2432,2.27787,0.153589,0.138489,0.552686,0.48513,6.07571,-0.0149142,-3.80045,-0,-3.77856,40,33,3,0,0,24.3199,0,-0.0872665,-3.80045,0.0827956,-0.113696,0.0113231,0.566148,0.1
2433,2.2793,0.139626,0.150207,0.47373,0.563865,6.07571,0.00426119,-3.80502,-0,-3.77856,40,33,3,0,0,24.3299,0,-0.0872665,-3.80502,0.0827427,-0.112212,0.0113689,0.567466,0.1
2434,2.28065,0.137881,0.14488,0.620361,0.618728,6.07571,-0.0149142,-3.79577,-0,-3.75601,40,33,3,0,0,24.3399,0,-0.0872665,-3.79577,0.0827409,-0.110724,0.011515,0.568764,0.1
2435,2.28218,0.136136,0.149142,0.597803,0.611566,6.07571,0.0149142,-3.79709,-0,-3.76729,40,33,3,0,0,24.3499,0,-0.0872665,-3.79709,0.0827699,-0.109231,0.0114738,0.570041,0.1
2436,2.28371,0.155334,0.143815,0.563965,0.593421,6.07571,-0.0191753,-3.79587,-0,-3.77856,40,33,3,0,0,24.3599,0,-0.0872665,-3.79587,0.0827868,-0.107734,0.0114369,0.571298,0.1
2437,2.28525,0.150098,0.172578,0.518848,0.512242,6.07571,0.00852238,-3.7924,-0,-3.77856,40,33,3,0,0,24.3699,0,-0.0872665,-3.7924,0.0828201,-0.106233,0.0114042,0.572535,0.1
2438,2.28669,0.139626,0.137423,0.462451,0.487042,6.07571,0.0010653,-3.80674,-0,-3.75601,40,33,3,0,0,24.3799,0,-0.0872665,-3.80674,0.0827536,-0.104727,0.0114716,0.57375,0.1
2439,2.28822,0.148353,0.16299,0.428613,0.494854,6.07571,-0.00958767,-3.80002,-0,-3.77856,40,33,3,0,0,24.3899,0,-0.0872665,-3.80002,0.08275,-0.103218,0.0114473,0.574946,0.1
2440,2.28975,0.146608,0.16086,0.462451,0.487138,6.07571,0.00852238,-3.81027,-0,-3.75601,40,33,3,0,0,24.3999,0,-0.0872665,-3.81027,0.0826982,-0.101704,0.011427,0.57612,0.1
2441,2.29129,0.158825,0.143815,0.507568,0.529355,6.07571,-0.00532648,-3.80108,-0,-3.80112,40,33,3,0,0,24.4099,0,-0.0872665,-3.80108,0.0827004,-0.100186,0.0114107,0.577273,0.1
2442,2.29292,0.171042,0.154468,0.597803,0.550819,6.07571,-0.00852238,-3.80916,-0,-3.77856,40,33,3,0,0,24.4199,0,-0.0872665,-3.80916,0.0826491,-0.0986646,0.0113026,0.578406,0.1
2443,2.29445,0.144862,0.159795,0.586523,0.565273,6.07571,-0.00532648,-3.80375,-0,-3.76729,40,33,3,0,0,24.4299,0,-0.0872665,-3.80375,0.082688,-0.097139,0.0112943,0.579518,0.1
2444,2.29589,0.153589,0.147011,0.518848,0.474749,6.07571,-0.0127836,-3.81339,-0,-3.76729,40,33,3,0,0,24.4399,0,-0.0872665,-3.81339,0.0826559,-0.0956097,0.0113855,0.580609,0.1
2445,2.29742,0.150098,0.16299,0.47373,0.457587,6.07571,-0.0202406,-3.81052,-0,-3.91392,40,33,3,0,0,24.4499,0,-0.0872665,-3.81052,0.0826337,-0.0940764,0.0113848,0.581679,0.1
2446,2.29877,0.139626,0.147011,0.507568,0.515792,6.07571,0.0010653,-3.81898,-0,-3.90264,40,33,3,0,0,24.4599,0,-0.0872665,-3.81898,0.082565,-0.0925395,0.0115795,0.582728,0.1
2447,2.3003,0.148353,0.138489,0.620361,0.620083,6.07571,-0.0202406,-3.81334,-0,-3.77856,40,33,3,0,0,24.4699,0,-0.0872665,-3.81334,0.0825572,-0.090999,0.011586,0.583756,0.1
2448,2.30174,0.136136,0.139554,0.699316,0.718943,6.07571,0.00319589,-3.81053,-0,-3.82368,40,33,3,0,0,24.4799,0,-0.0872665,-3.81053,0.0825829,-0.0894548,0.011692,0.584763,0.1
2449,2.30298,0.1309,0.149142,0.766992,0.745626,6.07571,-0.00745708,-3.81691,-0,-3.89136,40,33,3,0,0,24.4899,0,-0.0872665,-3.81691,0.0825334,-0.0879071,0.0119934,0.585749,0.1
2450,2.30442,0.137881,0.159795,0.755713,0.699357,6.07571,0.00958767,-3.81883,-0,-3.89136,40,33,3,0,0,24.4999,0,-0.0872665,-3.81883,0.0825105,-0.086356,0.0121064,0.586714,0.1
2451,2.30567,0.120428,0.137423,0.744434,0.772344,6.07571,-0.0117183,-3.81817,-0,-3.89136,40,33,3,0,0,24.5099,0,-0.0872665,-3.81817,0.0824962,-0.0848014,0.0124147,0.587657,0.1
2452,2.30711,0.151844,0.139554,0.733154,0.829737,6.07571,0.00426119,-3.82213,-0,-3.76729,40,33,3,0,0,24.5199,0,-0.0872665,-3.82213,0.08248,-0.0832436,0.0125344,0.588579,0.1
2453,2.30855,0.136136,0.136358,0.857227,0.78804,6.07571,-0.00639178,-3.81465,-0,-3.77856,40,33,3,0,0,24.5299,0,-0.0872665,-3.81465,0.0825058,-0.0816824,0.0126574,0.58948,0.1
2454,2.30998,0.146608,0.148076,0.744434,0.758408,6.07571,0.00532648,-3.81086,-0,-3.75601,40,33,3,0,0,24.5399,0,-0.0872665,-3.81086,0.0825356,-0.0801179,0.0127838,0.59036,0.1
2455,2.31152,0.158825,0.145946,0.721875,0.735222,6.07571,0.00639178,-3.8271,-0,-3.80112,40,33,3,0,0,24.5499,0,-0.0872665,-3.8271,0.0824633,-0.0785499,0.0128178,0.591219,0.1
2456,2.31305,0.151844,0.161925,0.721875,0.684732,6.07571,-0.0149142,-3.81021,-0,-3.78984,40,33,3,0,0,24.5599,0,-0.0872665,-3.81021,0.082532,-0.0769796,0.0128541,0.592055,0.1
2457,2.31459,0.171042,0.154468,0.710596,0.689243,6.07571,-0.0127836,-3.81862,-0,-3.78984,40,33,3,0,0,24.5699,0,-0.0872665,-3.81862,0.0824882,-0.0754059,0.0128938,0.592871,0.1
2458,2.31622,0.151844,0.175774,0.64292,0.629126,6.07571,-0.0298283,-3.80946,-0,-3.77856,40,33,3,0,0,24.5799,0,-0.0872665,-3.80946,0.0825141,-0.0738292,0.0128407,0.593665,0.1
2459,2.31794,0.174533,0.172578,0.586523,0.599055,6.07571,0.0117183,-3.83239,-0,-3.75601,40,33,3,0,0,24.5899,0,-0.0872665,-3.83239,0.0824066,-0.0722495,0.0126946,0.594438,0.1
2460,2.31967,0.174533,0.164056,0.586523,0.566556,6.07571,-0.00852238,-3.8183,-0,-3.78984,40,33,3,0,0,24.5999,0,-0.0872665,-3.8183,0.0824583,-0.0706671,0.0125514,0.595189,0.1
2461,2.32149,0.176278,0.180035,0.48501,0.471582,6.07571,0.0202406,-3.82277,-0,-3.76729,40,33,3,0,0,24.6099,0,-0.0872665,-3.82277,0.0824421,-0.0690819,0.012315,0.595919,0.1
2462,2.32331,0.164061,0.189623,0.496289,0.307335,6.07571,-0.0127836,-3.82741,-0,-3.78984,40,33,3,0,0,24.6199,0,-0.0872665,-3.82741,0.0823919,-0.067494,0.0120813,0.596627,0.1
2463,2.32494,0.174533,0.173643,0.293262,0.354848,6.07571,0.00745708,-3.83657,-0,-3.78984,40,33,3,0,0,24.6299,0,-0.0872665,-3.83657,0.082332,-0.0659032,0.0120422,0.597313,0.1
2464,2.32676,0.169297,0.152337,0.3271,0.405277,6.07571,-0.0245018,-3.83662,-0,-3.83496,40,33,3,0,0,24.6399,0,-0.0872665,-3.83662,0.0822776,-0.06431,0.0118138,0.597978,0.1
2465,2.32839,0.16057,0.155533,0.530127,0.46892,6.07571,-0.0010653,-3.83312,-0,-3.82368,40,33,3,0,0,24.6499,0,-0.0872665,-3.83312,0.0822764,-0.0627141,0.0117798,0.598622,0.1
2466,2.33002,0.171042,0.165121,0.507568,0.483794,6.07571,-0.0340895,-3.83656,-0.00523599,-3.82368,40,33,3,0,0,24.6599,0,-0.0872665,-3.83656,0.0822341,-0.0611159,0.0117482,0.599243,0.1
2467,2.33155,0.144862,0.155533,0.563965,0.479438,6.07571,0.0202406,-3.83712,-0,-3.80112,40,33,3,0,0,24.6699,0,-0.0872665,-3.83712,0.0822352,-0.0595151,0.011815,0.599843,0.1
2468,2.33299,0.151844,0.159795,0.48501,0.560881,6.07571,0.00426119,-3.84558,-0,-3.8124,40,33,3,0,0,24.6799,0,-0.0872665,-3.84558,0.0821614,-0.0579121,0.0119799,0.600422,0.1
2469,2.33453,0.150098,0.151272,0.530127,0.587508,6.07562,0.00213059,-3.84413,-0.00872665,-3.83496,40,33,3,0,0,24.6899,0,-0.0872665,-3.84413,0.0821403,-0.0563068,0.0120512,0.600978,0.1
2470,2.33597,0.148353,0.156599,0.620361,0.688718,6.07562,0.0276977,-3.84877,-0,-3.8124,40,33,3,0,0,24.6999,0,-0.0872665,-3.84947,0.0821134,-0.0546993,0.0122206,0.601513,0.1
2471,2.3375,0.13439,0.153403,0.688037,0.636673,6.07562,-0.0010653,-3.83333,-0,-3.82368,40,33,3,0,0,24.7099,0,-0.0872665,-3.83333,0.0821688,-0.0530897,0.0122962,0.602026,0.1
2472,2.33894,0.143117,0.158729,0.688037,0.682535,6.07562,0.0127836,-3.84819,-0,-3.83496,40,33,3,0,0,24.7199,0,-0.0872665,-3.84819,0.0821207,-0.0514779,0.01247,0.602517,0.1
2473,2.34047,0.146608,0.151272,0.597803,0.605403,6.07562,-0.0255671,-3.84204,-0,-3.8124,40,33,3,0,0,24.7299,0,-0.0872665,-3.84204,0.0821211,-0.049864,0.0125499,0.602986,0.1
2474,2.34201,0.15708,0.16086,0.631641,0.670034,6.07562,0.0234365,-3.84952,-0,-3.82368,40,33,3,0,0,24.7399,0,-0.0872665,-3.84952,0.0820987,-0.0482482,0.0126316,0.603434,0.1
2475,2.34354,0.158825,0.155533,0.721875,0.667114,6.07562,-0.0117183,-3.84575,-0,-3.84624,40,33,3,0,0,24.7499,0,-0.0872665,-3.84575,0.082098,-0.0466305,0.0127154,0.60386,0.1
2476,2.34526,0.167552,0.152337,0.744434,0.716456,6.07562,0.0170448,-3.8475,-0,-3.8124,40,33,3,0,0,24.7599,0,-0.0872665,-3.8475,0.0820989,-0.045011,0.0126092,0.604264,0.1
2477,2.3468,0.148353,0.154468,0.710596,0.606147,6.07562,0.00213059,-3.84881,-0,-3.8124,40,33,3,0,0,24.7699,0,-0.0872665,-3.84881,0.0821035,-0.0433896,0.0126966,0.604646,0.1
2478,2.34843,0.169297,0.17897,0.563965,0.529928,6.07562,0.0138489,-3.84946,-0,-3.82368,40,33,3,0,0,24.7799,0,-0.0872665,-3.84946,0.0820921,-0.0417666,0.0126897,0.605006,0.1
2479,2.35006,0.153589,0.172578,0.530127,0.518054,6.07562,-0.00958767,-3.84833,-0,-3.84624,40,33,3,0,0,24.7899,0,-0.0872665,-3.84833,0.0820537,-0.0401419,0.0126846,0.605344,0.1
2480,2.35169,0.164061,0.168317,0.597803,0.581133,6.07562,-0.00213059,-3.84907,-0,-3.83496,40,33,3,0,0,24.7999,0,-0.0872665,-3.84907,0.0820156,-0.0385157,0.012681,0.60566,0.1
2481,2.35341,0.162316,0.157664,0.665479,0.647729,6.07562,-0.0010653,-3.85231,-0,-3.84624,40,33,3,0,0,24.8099,0,-0.0872665,-3.85231,0.082007,-0.0368879,0.012583,0.605954,0.1
2482,2.35485,0.136136,0.157664,0.665479,0.708707,6.07562,-0.00426119,-3.85325,-0,-3.84624,40,33,3,0,0,24.8199,0,-0.0872665,-3.85325,0.0819717,-0.0352586,0.0127741,0.606227,0.1
2483,2.35639,0.165806,0.157664,0.733154,0.736516,6.07562,0.00958767,-3.86274,-0,-3.94775,40,33,3,0,0,24.8299,0,-0.0872665,-3.86274,0.0819256,-0.033628,0.0128708,0.606477,0.1
2484,2.35792,0.150098,0.173643,0.755713,0.729947,6.07562,-1.06326e-17,-3.85433,-0,-3.93647,40,33,3,0,0,24.8399,0,-0.0872665,-3.85433,0.0819467,-0.0319961,0.0129687,0.606706,0.1
2485,2.35945,0.169297,0.151272,0.755713,0.768289,6.07562,-0.0010653,-3.86261,-0,-3.82368,40,33,3,0,0,24.8499,0,-0.0872665,-3.86261,0.0819174,-0.0303628,0.013068,0.606912,0.1
2486,2.36108,0.155334,0.141684,0.766992,0.738926,6.07562,-0.0255671,-3.85295,-0,-3.82368,40,33,3,0,0,24.8599,0,-0.0872665,-3.85295,0.081939,-0.0287284,0.0130726,0.607096,0.1
2487,2.36262,0.162316,0.176839,0.676758,0.673872,6.07562,0.00532648,-3.8565,-0.0122173,-3.94775,40,33,3,0,0,24.8699,0,-0.0872665,-3.8565,0.0819185,-0.0270929,0.0131741,0.607259,0.1
2488,2.36434,0.16057,0.148076,0.609082,0.633248,6.07562,-0.0202406,-3.85944,-0,-3.94775,40,33,3,0,0,24.8799,0,-0.0872665,-3.85944,0.0818789,-0.0254562,0.013085,0.607399,0.1
2489,2.36597,0.179769,0.167252,0.609082,0.595241,6.07562,0.028763,-3.86428,-0,-3.93647,40,33,3,0,0,24.8899,0,-0.0872665,-3.86445,0.0818779,-0.0238186,0.0130929,0.607518,0.1
2490,2.3677,0.185005,0.176839,0.575244,0.578749,6.07562,0.00426119,-3.86765,-0,-3.93647,40,33,3,0,0,24.8999,0,-0.0872665,-3.86765,0.0818383,-0.0221801,0.0130056,0.607614,0.1
2491,2.36943,0.158825,0.171513,0.48501,0.547117,6.07562,0.0117183,-3.87104,-0,-3.95903,40,33,3,0,0,24.9099,0,-0.0872665,-3.87104,0.081818,-0.0205406,0.0129194,0.607689,0.1
2492,2.37125,0.191986,0.165121,0.47373,0.513186,6.07562,-0.00426119,-3.87358,-0,-3.95903,40,33,3,0,0,24.9199,0,-0.0872665,-3.87358,0.0817658,-0.0189004,0.012738,0.607741,0.1
2493,2.37297,0.174533,0.171513,0.47373,0.476914,6.07562,-0.0245018,-3.85966,-0,-3.94775,40,33,3,0,0,24.9299,0,-0.0872665,-3.85966,0.0818137,-0.0172593,0.0126534,0.607772,0.1
2494,2.37479,0.179769,0.172578,0.575244,0.44868,6.07562,0.0010653,-3.86525,-0,-3.94775,40,33,3,0,0,24.9399,0,-0.0872665,-3.86525,0.0818023,-0.0156176,0.0124734,0.60778,0.1
2495,2.37642,0.155334,0.190688,0.383496,0.392703,6.07562,-0.01811,-3.86255,-0,-3.80112,40,33,3,0,0,24.9499,0,-0.0872665,-3.86255,0.0817937,-0.0139754,0.0124858,0.607766,0.1
2496,2.37815,0.171042,0.168317,0.451172,0.396075,6.07562,0.00745708,-3.87159,-0,-3.85752,40,33,3,0,0,24.9599,0,-0.0872665,-3.87159,0.0817315,-0.0123325,0.0124029,0.607731,0.1
2497,2.37978,0.164061,0.16086,0.428613,0.486799,6.07562,-0.01811,-3.87104,-0,-3.85752,40,33,3,0,0,24.9699,0,-0.0872665,-3.87104,0.081706,-0.0106891,0.0124165,0.607673,0.1
2498,2.38141,0.151844,0.156599,0.541406,0.572787,6.07562,0.010653,-3.87973,-0,-3.84624,40,33,3,0,0,24.9799,0,-0.0872665,-3.87973,0.0816752,-0.00904544,0.0124303,0.607593,0.1
2499,2.38294,0.148353,0.155533,0.64292,0.665879,6.07562,-0.0202406,-3.87628,-0,-3.88008,40,33,3,0,0,24.9899,0,-0.0872665,-3.87628,0.0816586,-0.00740129,0.0125405,0.607492,0.1
2500,2.38438,0.143117,0.135293,0.733154,0.785879,6.07562,-8.28429e-18,-3.8754,-0,-3.85752,40,33,3,0,0,24.9999,0,-0.0872665,-3.8754,0.0816571,-0.00575685,0.0127468,0.607368,0.1
2501,2.38592,0.141372,0.156599,0.744434,0.745053,6.07562,-0.0223712,-3.8769,-0,-3.89136,40,33,3,0,0,25.0099,0,-0.0872665,-3.8769,0.0816512,-0.00411219,0.0128575,0.607222,0.1
2502,2.38735,0.15708,0.140619,0.755713,0.78837,6.07562,0.00532648,-3.88042,-0,-3.85752,40,33,3,0,0,25.0199,0,-0.0872665,-3.88042,0.0816303,-0.00246739,0.0130642,0.607054,0.1
2503,2.38889,0.146608,0.159795,0.80083,0.792794,6.07562,-0.0127836,-3.87898,-0,-3.84624,40,33,3,0,0,25.0299,0,-0.0872665,-3.87898,0.0816421,-0.00082254,0.013175,0.606865,0.1
2504,2.39052,0.151844,0.138489,0.789551,0.758802,6.07562,-0.0138489,-3.87527,-0,-3.85752,40,33,3,0,0,25.0399,0,-0.0872665,-3.87527,0.0816573,0.000822382,0.0131901,0.606653,0.1
2505,2.39205,0.16057,0.141684,0.665479,0.742965,6.07562,-0.0202406,-3.87998,-0,-3.85752,40,33,3,0,0,25.0499,0,-0.0872665,-3.87998,0.081625,0.00246736,0.0133011,0.606419,0.1
2506,2.39359,0.158825,0.172578,0.688037,0.691654,6.07562,-0.00532648,-3.87628,-0,-3.85752,40,33,3,0,0,25.0599,0,-0.0872665,-3.87628,0.0816108,0.00411216,0.0134119,0.606164,0.1
2507,2.39522,0.15708,0.155533,0.699316,0.721627,6.07562,0.0223712,-3.89112,-0,-3.85752,40,33,3,0,0,25.0699,0,-0.0872665,-3.89112,0.0815498,0.00575667,0.0134266,0.605886,0.1
2508,2.39694,0.176278,0.14275,0.688037,0.75789,6.07552,-0.0319589,-3.88849,-0,-3.8688,40,33,3,0,0,25.0799,0,-0.0872665,-3.88849,0.0815093,0.00740118,0.0133454,0.605586,0.1
2509,2.39867,0.164061,0.16299,0.688037,0.703724,6.07552,0.0117183,-3.893,-0,-3.84624,40,33,3,0,0,25.0899,0,-0.0872665,-3.893,0.081509,0.00904529,0.0132637,0.605265,0.1
2510,2.4003,0.176278,0.199211,0.586523,0.597923,6.07552,0.00639178,-3.88997,-0,-3.95903,40,33,3,0,0,25.0999,0,-0.0872665,-3.88997,0.0815103,0.0106891,0.0132777,0.604922,0.1
2511,2.40202,0.169297,0.161925,0.507568,0.532176,6.07552,0.00852238,-3.90242,-0,-3.85752,40,33,3,0,0,25.1099,0,-0.0872665,-3.90242,0.081443,0.0123324,0.0131953,0.604556,0.1
2512,2.40375,0.171042,0.165121,0.530127,0.524532,6.07552,-0.0245018,-3.89468,-0,-3.88008,40,33,3,0,0,25.1199,0,-0.0872665,-3.89468,0.0814151,0.0139753,0.0131124,0.604169,0.1
2513,2.40538,0.167552,0.17897,0.530127,0.568012,6.07552,0.0159795,-3.90155,-0,-3.85752,40,33,3,0,0,25.1299,0,-0.0872665,-3.90155,0.0813519,0.0156176,0.0131248,0.60376,0.1
2514,2.40701,0.155334,0.16086,0.530127,0.6448,6.07552,0.00745708,-3.90697,-0,-3.89136,40,33,3,0,0,25.1399,0,-0.0872665,-3.90697,0.0813081,0.0172593,0.0131367,0.603329,0.1
2515,2.40873,0.169297,0.175774,0.699316,0.668676,6.07552,0.0383507,-3.89777,-0,-3.90264,40,33,3,0,0,25.1499,0,-0.0872665,-3.90052,0.0813362,0.0189003,0.013052,0.602876,0.1
2516,2.41027,0.151844,0.168317,0.688037,0.679829,6.07552,-0.00852238,-3.90913,-0,-3.99287,40,33,3,0,0,25.1599,0,-0.0872665,-3.90913,0.0812796,0.0205405,0.0131582,0.602402,0.1
2517,2.4119,0.15708,0.177905,0.744434,0.665888,6.07552,0.00745708,-3.90209,-0,-3.85752,40,33,3,0,0,25.1699,0,-0.0872665,-3.90209,0.081305,0.0221799,0.0131678,0.601905,0.1
2518,2.41362,0.162316,0.164056,0.654199,0.653053,6.07552,-0.00639178,-3.90503,-0,-3.89136,40,33,3,0,0,25.1799,0,-0.0872665,-3.90503,0.0812739,0.0238186,0.0130807,0.601387,0.1
2519,2.41525,0.167552,0.164056,0.518848,0.598209,6.07552,-0.00426119,-3.90274,-0,-3.90264,40,33,3,0,0,25.1899,0,-0.0872665,-3.90274,0.0812832,0.0254562,0.0130884,0.600847,0.1
2520,2.41707,0.162316,0.156599,0.563965,0.561833,6.07552,0.0266324,-3.91512,-0,-3.90264,40,33,3,0,0,25.1999,0,-0.0872665,-3.91512,0.0812311,0.0270928,0.0129035,0.600285,0.1
2521,2.4187,0.153589,0.159795,0.47373,0.496267,6.07552,-0.0351548,-3.90269,-0,-3.90264,40,33,3,0,0,25.2099,0,-0.0872665,-3.90269,0.0812528,0.0287284,0.0129092,0.599702,0.1
2522,2.42053,0.179769,0.151272,0.47373,0.468366,6.07552,-0.00213059,-3.91099,-0,-3.90264,40,33,3,0,0,25.2199,0,-0.0872665,-3.91099,0.0811981,0.0303628,0.012722,0.599097,0.1
2523,2.42216,0.174533,0.173643,0.439893,0.488708,6.07552,-0.0223712,-3.9093,-0,-4.01543,40,33,3,0,0,25.2299,0,-0.0872665,-3.9093,0.0811815,0.031996,0.0127254,0.59847,0.1
2524,2.42388,0.188496,0.16299,0.462451,0.511207,6.07552,0.00213059,-3.91153,-0.00872665,-3.99287,40,33,3,0,0,25.2399,0,-0.0872665,-3.91153,0.0811783,0.033628,0.0126316,0.597821,0.1
2525,2.42561,0.162316,0.166186,0.48501,0.507933,6.07552,-0.0255671,-3.8994,-0,-3.90264,40,33,3,0,0,25.2499,0,-0.0872665,-3.8994,0.081214,0.0352585,0.0125364,0.597151,0.1
2526,2.42733,0.185005,0.166186,0.563965,0.50432,6.07552,0.00319589,-3.90874,-0,-3.99287,40,33,3,0,0,25.2599,0,-0.0872665,-3.90874,0.0811697,0.0368878,0.01244,0.59646,0.1
2527,2.42896,0.162316,0.166186,0.541406,0.544433,6.07552,-0.0202406,-3.91351,-0,-4.01543,40,33,3,0,0,25.2699,0,-0.0872665,-3.91351,0.0811388,0.0385157,0.012438,0.595746,0.1
2528,2.43059,0.151844,0.153403,0.518848,0.572892,6.07552,-0.0138489,-3.9023,-0,-3.99287,40,33,3,0,0,25.2799,0,-0.0872665,-3.9023,0.0811684,0.0401419,0.0124343,0.595012,0.1
2529,2.43222,0.151844,0.149142,0.563965,0.570124,6.07552,0.010653,-3.91078,-0,-3.99287,40,33,3,0,0,25.2899,0,-0.0872665,-3.91078,0.0811274,0.0417665,0.0124292,0.594255,0.1
2530,2.43376,0.158825,0.148076,0.64292,0.653591,6.07552,0.0127836,-3.91838,-0,-3.99287,40,33,3,0,0,25.2999,0,-0.0872665,-3.91838,0.0810759,0.0433896,0.0125182,0.593477,0.1
2531,2.43539,0.158825,0.140619,0.755713,0.700831,6.07552,0.0010653,-3.92579,-0,-4.01543,40,33,3,0,0,25.3099,0,-0.0872665,-3.92579,0.0810129,0.0450103,0.0125091,0.592678,0.1
2532,2.43682,0.15708,0.128901,0.733154,0.737626,6.07552,-0.00958767,-3.91631,-0,-4.01543,40,33,3,0,0,25.3199,0,-0.0872665,-3.91631,0.0810406,0.0466305,0.0126911,0.591857,0.1
2533,2.43826,0.153589,0.147011,0.733154,0.748236,6.07552,0.00745708,-3.92419,-0,-3.99287,40,33,3,0,0,25.3299,0,-0.0872665,-3.92419,0.081004,0.0482481,0.0128707,0.591015,0.1
2534,2.43989,0.155334,0.155533,0.789551,0.7604,6.07552,-0.0138489,-3.92606,-0,-4.02671,40,33,3,0,0,25.3399,0,-0.0872665,-3.92606,0.08098,0.0498639,0.0128566,0.590152,0.1
2535,2.44133,0.151844,0.137423,0.823389,0.774152,6.07543,0.00319589,-3.92337,-0,-4.00415,40,33,3,0,0,25.3499,0,-0.0872665,-3.92337,0.0809643,0.0514777,0.0130323,0.589267,0.1
2536,2.44296,0.141372,0.167252,0.755713,0.676537,6.07543,-0.0191753,-3.92735,-0,-4.00415,40,33,3,0,0,25.3599,0,-0.0872665,-3.92735,0.0809448,0.0530895,0.0130143,0.588361,0.1
2537,2.44449,0.141372,0.172578,0.64292,0.659605,6.07543,0.00745708,-3.93414,-0,-3.90264,40,33,3,0,0,25.3699,0,-0.0872665,-3.93414,0.0809081,0.0546993,0.0130901,0.587434,0.1
2538,2.44612,0.169297,0.158729,0.620361,0.671242,6.07543,-0.010653,-3.93589,-0,-3.91392,40,33,3,0,0,25.3799,0,-0.0872665,-3.93589,0.0808495,0.0563067,0.0130676,0.586485,0.1
2539,2.44785,0.148353,0.172578,0.710596,0.644788,6.07543,0.00639178,-3.93873,-0,-3.88008,40,33,3,0,0,25.3899,0,-0.0872665,-3.93873,0.0808473,0.0579121,0.0129473,0.585515,0.1
2540,2.44948,0.174533,0.165121,0.654199,0.607816,6.07543,-0.00319589,-3.94512,-0,-3.90264,40,33,3,0,0,25.3999,0,-0.0872665,-3.94512,0.0808008,0.0595151,0.0129205,0.584524,0.1
2541,2.45121,0.164061,0.168317,0.552686,0.554921,6.07543,0.00852238,-3.93436,-0,-3.88008,40,33,3,0,0,25.4099,0,-0.0872665,-3.93436,0.0808295,0.0611158,0.0127954,0.583512,0.1
2542,2.45293,0.174533,0.1811,0.518848,0.52203,6.07543,-0.0138489,-3.93334,-0,-3.90264,40,33,3,0,0,25.4199,0,-0.0872665,-3.93334,0.0808194,0.0627141,0.012668,0.582479,0.1
2543,2.45466,0.171042,0.185362,0.451172,0.442874,6.07543,0.00745708,-3.93638,-0,-3.89136,40,33,3,0,0,25.4299,0,-0.0872665,-3.93638,0.0807931,0.0643099,0.0125381,0.581425,0.1
2544,2.45638,0.167552,0.183231,0.417334,0.382705,6.07543,-0.0213059,-3.9463,-0,-3.9252,40,33,3,0,0,25.4399,0,-0.0872665,-3.9463,0.0807349,0.0659031,0.0124055,0.58035,0.1
2545,2.45811,0.172788,0.169382,0.338379,0.385055,6.07543,-0.0213059,-3.93851,-0,-3.9252,40,33,3,0,0,25.4499,0,-0.0872665,-3.93851,0.0807392,0.0674937,0.0122704,0.579254,0.1
2546,2.45974,0.164061,0.167252,0.372217,0.448264,6.07543,0.01811,-3.94409,-0.00698132,-3.9252,40,33,3,0,0,25.4599,0,-0.0872665,-3.94409,0.0806922,0.0690818,0.0122287,0.578137,0.1
2547,2.46137,0.169297,0.152337,0.428613,0.52542,6.07543,-0.0138489,-3.94462,-0,-3.9252,40,33,3,0,0,25.4699,0,-0.0872665,-3.94462,0.0806464,0.070667,0.012184,0.577,0.1
2548,2.4629,0.141372,0.16086,0.518848,0.531988,6.07543,0.00532648,-3.94711,-0,-3.9252,40,33,3,0,0,25.4799,0,-0.0872665,-3.94711,0.0806365,0.0722495,0.0122325,0.575841,0.1
2549,2.46444,0.15708,0.154468,0.541406,0.573673,6.07543,-0.0234365,-3.95,-0,-3.9252,40,33,3,0,0,25.4899,0,-0.0872665,-3.95,0.0806043,0.0738291,0.0122781,0.574662,0.1
2550,2.46607,0.162316,0.16299,0.575244,0.629847,6.07543,-0.0010653,-3.94668,-0,-3.9252,40,33,3,0,0,25.4999,0,-0.0872665,-3.94668,0.080615,0.0754059,0.012225,0.573462,0.1
2551,2.4676,0.146608,0.158729,0.609082,0.565631,6.07543,-0.0351548,-3.9508,-0,-3.9252,40,33,3,0,0,25.5099,0,-0.0872665,-3.9508,0.0805875,0.0769795,0.0122647,0.572241,0.1
2552,2.46913,0.15708,0.155533,0.586523,0.569929,6.07533,0.00426119,-3.95038,-0,-3.9252,40,33,3,0,0,25.5199,0,-0.0872665,-3.95038,0.0805845,0.0785502,0.0123014,0.571,0.1
2553,2.47067,0.141372,0.148076,0.586523,0.603796,6.07533,-0.0159795,-3.95555,-0,-3.9252,40,33,3,0,0,25.5299,0,-0.0872665,-3.95555,0.0805388,0.0801179,0.0123351,0.569738,0.1
2554,2.4722,0.129154,0.141684,0.563965,0.527811,6.07533,-0.00319589,-3.95378,-0,-3.9252,40,33,3,0,0,25.5399,0,-0.0872665,-3.95378,0.0805203,0.0816822,0.0123654,0.568456,0.1
2555,2.47374,0.15708,0.147011,0.620361,0.647221,6.07533,-0.00213059,-3.95989,-0,-4.02671,40,33,3,0,0,25.5499,0,-0.0872665,-3.95989,0.0804756,0.0832434,0.0123927,0.567153,0.1
2556,2.47517,0.146608,0.14275,0.620361,0.711312,6.07533,-0.0266324,-3.95552,-0,-3.93647,40,33,3,0,0,25.5599,0,-0.0872665,-3.95552,0.0804829,0.0848014,0.0125125,0.56583,0.1
2557,2.47671,0.148353,0.153403,0.609082,0.65801,6.07533,-0.00213059,-3.95984,-0,-3.93647,40,33,3,0,0,25.5699,0,-0.0872665,-3.95984,0.0804796,0.0863559,0.0125331,0.564486,0.1
2558,2.47824,0.148353,0.156599,0.597803,0.658968,6.07533,-0.0159795,-3.95297,-0,-3.94775,40,33,3,0,0,25.5799,0,-0.0872665,-3.95297,0.0805012,0.087907,0.0125502,0.563122,0.1
2559,2.47978,0.15708,0.151272,0.733154,0.652661,6.07533,0.00639178,-3.95836,-0,-4.04927,40,33,3,0,0,25.5899,0,-0.0872665,-3.95836,0.0804878,0.0894548,0.012564,0.561738,0.1
2560,2.48131,0.139626,0.161925,0.688037,0.590924,6.07533,0.00639178,-3.96128,-0,-3.93647,40,33,3,0,0,25.5999,0,-0.0872665,-3.96128,0.0804816,0.0909989,0.0125742,0.560333,0.1
2561,2.48284,0.143117,0.159795,0.597803,0.631367,6.07533,0.01811,-3.96483,-0,-3.95903,40,33,3,0,0,25.6099,0,-0.0872665,-3.96483,0.0804433,0.0925394,0.0125807,0.558909,0.1
2562,2.48438,0.174533,0.148076,0.676758,0.697432,6.07533,-0.0170448,-3.96812,-0,-4.04927,40,33,3,0,0,25.6199,0,-0.0872665,-3.96812,0.0803843,0.0940764,0.0125836,0.557464,0.1
2563,2.48582,0.116937,0.151272,0.778271,0.733956,6.07533,0.0117183,-3.9772,-0,-3.94775,40,33,3,0,0,25.6299,0,-0.0872665,-3.9772,0.0803527,0.0956095,0.0126787,0.556,0.1
2564,2.48735,0.148353,0.157664,0.823389,0.768307,6.07533,-0.0127836,-3.97139,-0,-3.97031,40,33,3,0,0,25.6399,0,-0.0872665,-3.97139,0.0803424,0.0971399,0.0126751,0.554514,0.1
2565,2.48879,0.137881,0.123574,0.823389,0.767255,6.07533,0.0245018,-3.97255,-0,-3.94775,40,33,3,0,0,25.6499,0,-0.0872665,-3.97255,0.080344,0.0986646,0.0127617,0.55301,0.1
2566,2.49013,0.146608,0.149142,0.766992,0.783367,6.07533,-0.0010653,-3.98516,-0,-4.07183,40,33,3,0,0,25.6599,0,-0.0872665,-3.98516,0.0802474,0.100186,0.0129412,0.551486,0.1
2567,2.49166,0.148353,0.141684,0.80083,0.829529,6.07524,-0.00319589,-3.97507,-0.010472,-4.04927,40,33,3,0,0,25.6699,0,-0.0872665,-3.97507,0.0802797,0.101704,0.0129249,0.549942,0.1
2568,2.4931,0.13439,0.16299,0.80083,0.763113,6.07524,-0.0127836,-3.96944,-0,-4.04927,40,33,3,0,0,25.6799,0,-0.0872665,-3.96944,0.0802869,0.103218,0.0130005,0.548378,0.1
2569,2.49464,0.158825,0.157664,0.778271,0.703996,6.07524,-0.00958767,-3.96597,-0,-4.04927,40,33,3,0,0,25.6899,0,-0.0872665,-3.96597,0.0803118,0.104727,0.0129761,0.546794,0.1
2570,2.49617,0.150098,0.149142,0.676758,0.664368,6.07524,-0.0117183,-3.97048,-0,-4.02671,40,33,3,0,0,25.6999,0,-0.0872665,-3.97048,0.080287,0.106233,0.0129477,0.545191,0.1
2571,2.49761,0.16057,0.154468,0.609082,0.663037,6.07524,-0.0213059,-3.97486,-0,-3.93647,40,33,3,0,0,25.7099,0,-0.0872665,-3.97486,0.0802403,0.107734,0.0130108,0.543568,0.1
2572,2.49924,0.155334,0.161925,0.64292,0.657744,6.07524,-0.0159795,-3.97651,-0,-4.06055,40,33,3,0,0,25.7199,0,-0.0872665,-3.97651,0.0802165,0.109231,0.0128781,0.541926,0.1
2573,2.50087,0.146608,0.182166,0.609082,0.561383,6.07524,-0.0255671,-3.96802,-0,-4.04927,40,33,3,0,0,25.7299,0,-0.0872665,-3.96802,0.0802409,0.110724,0.012741,0.540264,0.1
2574,2.5025,0.179769,0.159795,0.575244,0.560088,6.07524,0.0010653,-3.97413,-0,-4.04927,40,33,3,0,0,25.7399,0,-0.0872665,-3.97413,0.0802172,0.112212,0.0125995,0.538583,0.1
2575,2.50403,0.143117,0.161925,0.47373,0.503301,6.07524,0.00745708,-3.97795,-0,-4.07183,40,33,3,0,0,25.7499,0,-0.0872665,-3.97795,0.0802095,0.113696,0.0125494,0.536883,0.1
2576,2.50576,0.18675,0.165121,0.496289,0.49281,6.07524,0.0010653,-3.98144,-0,-3.93647,40,33,3,0,0,25.7599,0,-0.0872665,-3.98144,0.0802007,0.115176,0.0123032,0.535163,0.1
2577,2.50739,0.167552,0.168317,0.575244,0.465385,6.07524,-0.0138489,-3.97527,-0,-4.06055,40,33,3,0,0,25.7699,0,-0.0872665,-3.97527,0.0802314,0.116651,0.0121482,0.533425,0.1
2578,2.50892,0.150098,0.172578,0.428613,0.417292,6.07524,0.0149142,-3.98102,-0,-3.94775,40,33,3,0,0,25.7799,0,-0.0872665,-3.98102,0.0801879,0.118121,0.0120846,0.531667,0.1
2579,2.51055,0.16057,0.167252,0.451172,0.466067,6.07524,-0.0298283,-3.97932,-0,-3.94775,40,33,3,0,0,25.7899,0,-0.0872665,-3.97932,0.0801602,0.119587,0.0119204,0.52989,0.1
2580,2.51199,0.122173,0.149142,0.462451,0.499389,6.07514,-0.00958767,-3.97065,-0.015708,-3.93647,40,33,3,0,0,25.7999,0,-0.0872665,-3.97065,0.0801869,0.121048,0.0119432,0.528094,0.1
2581,2.51343,0.137881,0.148076,0.496289,0.574308,6.07514,-0.0383507,-3.96902,-0,-3.93647,40,33,3,0,0,25.8099,0,-0.0872665,-3.96902,0.0801999,0.122504,0.0119612,0.52628,0.1
2582,2.51487,0.13439,0.125705,0.620361,0.694307,6.07514,-0.0127836,-3.97187,-0,-3.93647,40,33,3,0,0,25.8199,0,-0.0872665,-3.97187,0.0802055,0.123955,0.0119744,0.524446,0.1
2583,2.51611,0.136136,0.113987,0.733154,0.73,6.07514,-0.0191753,-3.9759,-0.00523599,-3.9252,40,33,3,0,0,25.8299,0,-0.0872665,-3.9759,0.0801849,0.125401,0.0121744,0.522594,0.1
2584,2.51745,0.150098,0.12677,0.80083,0.787339,6.07504,-0.0245018,-3.96004,-0,-3.91392,40,33,3,0,0,25.8399,0,-0.0872665,-3.96004,0.0802744,0.126843,0.0122737,0.520723,0.1
2585,2.51889,0.137881,0.127836,0.857227,0.84717,6.07504,0.0170448,-3.9628,-0,-3.9252,40,33,3,0,0,25.8499,0,-0.0872665,-3.9628,0.0803281,0.128279,0.0122721,0.518834,0.1
2586,2.52023,0.127409,0.150207,0.721875,0.703555,6.07504,-0.0170448,-3.96365,-0,-3.91392,40,33,3,0,0,25.8599,0,-0.0872665,-3.96365,0.0803423,0.129711,0.0123612,0.516926,0.1
2587,2.52158,0.144862,0.129966,0.699316,0.741503,6.07495,0.0245018,-3.97468,-0,-3.94775,40,33,3,0,0,25.8699,0,-0.0872665,-3.97468,0.0803154,0.131137,0.0124453,0.514999,0.1
2588,2.52301,0.129154,0.148076,0.755713,0.735999,6.07495,-0.0234365,-3.97405,-0,-3.91392,40,33,3,0,0,25.8799,0,-0.0872665,-3.97405,0.0802936,0.132558,0.0124282,0.513055,0.1
2589,2.52445,0.141372,0.129966,0.688037,0.70881,6.07495,0.00639178,-3.96681,-0,-3.94775,40,33,3,0,0,25.8899,0,-0.0872665,-3.96681,0.0803244,0.133974,0.0124059,0.511092,0.1
2590,2.52589,0.141372,0.123574,0.665479,0.721993,6.07495,-0.00745708,-3.96989,-0,-3.9252,40,33,3,0,0,25.8999,0,-0.0872665,-3.96989,0.0803132,0.135385,0.0123785,0.50911,0.1
2591,2.52723,0.137881,0.129966,0.575244,0.764314,6.07485,0.010653,-3.97241,-0,-3.93647,40,33,3,0,0,25.9099,0,-0.0872665,-3.97241,0.0802904,0.13679,0.0124414,0.507111,0.1
2592,2.52867,0.150098,0.140619,0.654199,0.750348,6.07485,0.00319589,-3.97068,-0,-3.93647,40,33,3,0,0,25.9199,0,-0.0872665,-3.97068,0.080307,0.13819,0.0124032,0.505094,0.1
2593,2.53011,0.137881,0.131032,0.766992,0.728066,6.07485,0.0149142,-3.9688,-0,-3.94775,40,33,3,0,0,25.9299,0,-0.0872665,-3.9688,0.0803286,0.139584,0.0123594,0.503058,0.1
2594,2.53145,0.141372,0.145946,0.631641,0.716306,6.07485,-0.010653,-3.97195,-0.00174533,-3.93647,40,33,3,0,0,25.9399,0,-0.0872665,-3.97195,0.0803037,0.140973,0.0124061,0.501005,0.1
2595,2.53299,0.1309,0.159795,0.575244,0.631961,6.07485,-0.00958767,-3.96173,-0,-3.93647,40,33,3,0,0,25.9499,0,-0.0872665,-3.96173,0.080352,0.142356,0.0122553,0.498934,0.1
2596,2.53433,0.127409,0.147011,0.530127,0.641133,6.07485,-0.00532648,-3.96869,-0,-3.95903,40,33,3,0,0,25.9599,0,-0.0872665,-3.96869,0.0803208,0.143734,0.0122908,0.496845,0.1
2597,2.53577,0.15708,0.12677,0.665479,0.665426,6.07476,-0.0330242,-3.96909,-0,-3.93647,40,33,3,0,0,25.9699,0,-0.0872665,-3.96909,0.0802874,0.145106,0.0122248,0.494739,0.1
2598,2.53711,0.136136,0.135293,0.676758,0.736525,6.07476,0.00745708,-3.97443,-0,-3.93647,40,33,3,0,0,25.9799,0,-0.0872665,-3.97443,0.0802806,0.146472,0.0122487,0.492615,0.1
2599,2.53855,0.139626,0.139554,0.823389,0.736889,6.07476,-0.0234365,-3.97014,-0,-3.95903,40,33,3,0,0,25.9899,0,-0.0872665,-3.97014,0.0802709,0.147833,0.0121712,0.490474,0.1
2600,2.53989,0.137881,0.128901,0.744434,0.670279,6.07476,-7.89291e-18,-3.97252,-0,-3.94775,41,33,3,0,0,25.9999,0,-0.0872665,-3.97252,0.0802767,0.149187,0.0121836,0.488315,0.1
2601,2.54114,0.125664,0.128901,0.654199,0.693261,6.07476,-0.00319589,-3.96941,-0,-4.06055,41,33,3,0,0,26.0099,0,-0.0872665,-3.96941,0.0802928,0.150536,0.012286,0.486139,0.1
2602,2.54248,0.141372,0.148076,0.744434,0.768784,6.07476,0.00532648,-3.96953,-0,-4.06055,41,33,3,0,0,26.0199,0,-0.0872665,-3.96953,0.0802935,0.151879,0.0122866,0.483945,0.1
2603,2.54382,0.13439,0.14488,0.721875,0.755707,6.07476,-0.0234365,-3.97151,-0,-4.06055,41,33,3,0,0,26.0299,0,-0.0872665,-3.97151,0.0802856,0.153216,0.0122812,0.481735,0.1
2604,2.54526,0.136136,0.12677,0.733154,0.72663,6.07466,0.00319589,-3.96505,-0,-4.06055,41,33,3,0,0,26.0399,0,-0.0872665,-3.96505,0.0803291,0.154546,0.0121739,0.479507,0.1
2605,2.5466,0.150098,0.159795,0.699316,0.608452,6.07466,-0.0255671,-3.96735,-0,-3.9252,41,33,3,0,0,26.0499,0,-0.0872665,-3.96735,0.0803314,0.155871,0.0121563,0.477263,0.1
2606,2.54804,0.141372,0.155533,0.541406,0.604564,6.07466,-0.0127836,-3.96372,-0,-3.94775,41,33,3,0,0,26.0599,0,-0.0872665,-3.96372,0.0803553,0.15719,0.0120367,0.475001,0.1
2607,2.54948,0.1309,0.14275,0.462451,0.553863,6.07466,-8.7409e-18,-3.97612,-0,-4.07183,41,33,3,0,0,26.0699,0,-0.0872665,-3.97612,0.0802926,0.158502,0.0119109,0.472723,0.1
2608,2.55091,0.16057,0.150207,0.507568,0.56841,6.07466,-0.0340895,-3.96945,-0,-4.06055,41,33,3,0,0,26.08,0,-0.0872665,-3.96945,0.0802704,0.159808,0.0117788,0.470429,0.1
2609,2.55235,0.136136,0.148076,0.496289,0.535295,6.07466,-0.0138489,-3.96841,-0,-4.02671,41,33,3,0,0,26.0899,0,-0.0872665,-3.96841,0.080287,0.161108,0.0116405,0.468117,0.1
2610,2.55379,0.148353,0.150207,0.496289,0.550797,6.07466,-0.0234365,-3.96956,-0,-4.06055,41,33,3,0,0,26.0999,0,-0.0872665,-3.96956,0.0802697,0.162401,0.0114957,0.465789,0.1
2611,2.55532,0.151844,0.135293,0.563965,0.540091,6.07466,0.00639178,-3.97796,-0,-4.07183,41,33,3,0,0,26.1099,0,-0.0872665,-3.97796,0.0802451,0.163688,0.0112488,0.463445,0.1
2612,2.55676,0.141372,0.147011,0.507568,0.479955,6.07466,0.00319589,-3.98115,-0,-3.98159,41,33,3,0,0,26.1199,0,-0.0872665,-3.98115,0.0802408,0.164969,0.0110912,0.461084,0.1
2613,2.5581,0.139626,0.152337,0.417334,0.425921,6.07466,-0.00319589,-3.97576,-0,-4.06055,41,33,3,0,0,26.1299,0,-0.0872665,-3.97576,0.0802419,0.166243,0.011023,0.458707,0.1
2614,2.55945,0.125664,0.139554,0.417334,0.45349,6.07456,-0.0308936,-3.97771,-0,-4.07183,41,33,3,0,0,26.1399,0,-0.0872665,-3.97771,0.0802282,0.16751,0.0109482,0.456314,0.1
2615,2.56069,0.120428,0.140619,0.462451,0.491704,6.07456,0.00319589,-3.97644,-0.0174533,-4.07183,41,33,3,0,0,26.1499,0,-0.0872665,-3.97644,0.08019,0.168771,0.0109626,0.453905,0.1
2616,2.56204,0.127409,0.138489,0.530127,0.561007,6.07456,0.00319589,-3.98935,-0,-4.09438,41,33,3,0,0,26.1599,0,-0.0872665,-3.98935,0.0801307,0.170025,0.0108746,0.45148,0.1
2617,2.56328,0.125664,0.0958767,0.654199,0.676345,6.07456,-0.00319589,-3.98325,-0,-4.06055,41,33,3,0,0,26.1699,0,-0.0872665,-3.98325,0.0801332,0.171272,0.0108756,0.44904,0.1
2618,2.56434,0.10821,0.12677,0.733154,0.75741,6.07456,-0.0170448,-3.98458,-0,-4.06055,41,33,3,0,0,26.1799,0,-0.0872665,-3.98458,0.0801448,0.172513,0.0110617,0.446583,0.1
2619,2.56549,0.109956,0.118248,0.755713,0.778263,6.07456,-0.00532648,-3.9739,-0,-3.93647,41,33,3,0,0,26.1899,0,-0.0872665,-3.9739,0.0801783,0.173747,0.0111451,0.444111,0.1
2620,2.56664,0.111701,0.102269,0.80083,0.809528,6.07447,0.00958767,-3.98524,-0.00872665,-3.95903,41,33,3,0,0,26.1999,0,-0.0872665,-3.98524,0.0801373,0.174974,0.0112217,0.441623,0.1
2621,2.56769,0.0942478,0.104399,0.733154,0.810855,6.07447,-0.0159795,-3.97376,-0,-3.93647,41,33,3,0,0,26.2099,0,-0.0872665,-3.97376,0.0801954,0.176194,0.0113872,0.43912,0.1
2622,2.56884,0.113446,0.113987,0.868506,0.792553,6.07447,0.0117183,-3.98297,-0,-3.9252,41,33,3,0,0,26.2199,0,-0.0872665,-3.98297,0.0801682,0.177407,0.0114498,0.436601,0.1
2623,2.56999,0.118682,0.119313,0.834668,0.786579,6.07447,-0.00852238,-3.97849,-0,-3.9252,41,33,3,0,0,26.2299,0,-0.0872665,-3.97849,0.0801812,0.178614,0.0115055,0.434067,0.1
2624,2.57114,0.102974,0.10653,0.766992,0.79965,6.07447,0.0202406,-3.98847,-0,-3.95903,41,33,3,0,0,26.2399,0,-0.0872665,-3.98847,0.0801648,0.179813,0.0115541,0.431518,0.1
2625,2.57239,0.115192,0.123574,0.789551,0.772619,6.07447,-0.0298283,-3.98242,-0,-3.98159,41,33,3,0,0,26.2499,0,-0.0872665,-3.98242,0.0801668,0.181005,0.0114998,0.428954,0.1
2626,2.57364,0.123918,0.123574,0.654199,0.789878,6.07447,0.01811,-3.99108,-0,-3.95903,41,33,3,0,0,26.2599,0,-0.0872665,-3.99108,0.0801646,0.182189,0.0114382,0.426375,0.1
2627,2.57479,0.102974,0.12464,0.631641,0.683864,6.07437,-0.0149142,-3.98321,-0,-3.95903,41,33,3,0,0,26.2699,0,-0.0872665,-3.98321,0.0801881,0.183367,0.0114654,0.423781,0.1
2628,2.57594,0.122173,0.117183,0.744434,0.746604,6.07437,0.0266324,-3.98588,-0,-3.95903,41,33,3,0,0,26.2799,0,-0.0872665,-3.98588,0.0801676,0.184538,0.0114854,0.421172,0.1
2629,2.57718,0.122173,0.123574,0.812109,0.777386,6.07437,0.0149142,-3.98659,-0,-4.00415,41,33,3,0,0,26.2899,0,-0.0872665,-3.98659,0.0801546,0.185701,0.0114021,0.418549,0.1
2630,2.57833,0.106465,0.136358,0.766992,0.720904,6.07437,0.0276977,-3.98315,-0,-3.94775,41,33,3,0,0,26.2999,0,-0.0872665,-3.98356,0.0801581,0.186857,0.0114075,0.415911,0.1
2631,2.57948,0.120428,0.107595,0.744434,0.750389,6.07437,-0.00319589,-3.98764,-0,-3.95903,41,33,3,0,0,26.3099,0,-0.0872665,-3.98764,0.0801246,0.188005,0.0114054,0.413258,0.1
2632,2.58073,0.129154,0.133162,0.766992,0.757843,6.07437,-0.00426119,-3.97611,-0,-3.98159,41,33,3,0,0,26.3199,0,-0.0872665,-3.97611,0.0801645,0.189146,0.0113001,0.410592,0.1
2633,2.58198,0.113446,0.127836,0.676758,0.65847,6.07437,0.0138489,-3.98571,-0,-3.93647,41,33,3,0,0,26.3299,0,-0.0872665,-3.98571,0.0801445,0.19028,0.0111873,0.407911,0.1
2634,2.58322,0.127409,0.109726,0.609082,0.605642,6.07437,-0.0319589,-3.9764,-0,-4.04927,41,33,3,0,0,26.3399,0,-0.0872665,-3.9764,0.080178,0.191406,0.011067,0.405216,0.1
2635,2.58447,0.115192,0.123574,0.563965,0.543047,6.07437,0.0234365,-3.98818,-0,-3.97031,41,33,3,0,0,26.3499,0,-0.0872665,-3.991,0.0801177,0.192524,0.010939,0.402507,0.1
2636,2.58562,0.102974,0.136358,0.496289,0.510047,6.07437,-0.00639178,-3.98504,-0,-3.95903,41,33,3,0,0,26.3599,0,-0.0872665,-3.98504,0.0801262,0.193635,0.0108995,0.399784,0.1
2637,2.58677,0.111701,0.121444,0.518848,0.567598,6.07437,0.0404813,-3.99175,-0,-3.94775,41,33,3,0,0,26.3699,0,-0.0872665,-3.99533,0.0800564,0.194738,0.0108522,0.397047,0.1
2638,2.58802,0.125664,0.12677,0.563965,0.607141,6.07437,-0.0117183,-3.98646,-0,-4.00415,41,33,3,0,0,26.3799,0,-0.0872665,-3.98646,0.0800622,0.195834,0.0107014,0.394296,0.1
2639,2.58917,0.106465,0.116117,0.64292,0.636802,6.07437,-7.11014e-18,-3.98331,-0,-3.97031,41,33,3,0,0,26.3899,0,-0.0872665,-3.98331,0.0800852,0.196922,0.0106387,0.391532,0.1
2640,2.59032,0.111701,0.109726,0.654199,0.611529,6.07437,-0.0127836,-3.98418,-0,-3.94775,41,33,3,0,0,26.3999,0,-0.0872665,-3.98418,0.0800788,0.198002,0.0105683,0.388754,0.1
2641,2.59137,0.118682,0.113987,0.688037,0.617098,6.07428,-0.00852238,-3.98748,-0.0139626,-4.00415,41,33,3,0,0,26.4099,0,-0.0872665,-3.98748,0.0800808,0.199074,0.0105859,0.385964,0.1
2642,2.59252,0.10472,0.112921,0.620361,0.660598,6.07428,-0.00958767,-3.98884,-0,-3.98159,41,33,3,0,0,26.4199,0,-0.0872665,-3.98884,0.0800652,0.200138,0.0104998,0.383159,0.1
2643,2.59358,0.115192,0.10653,0.609082,0.689332,6.07428,-6.52306e-18,-3.98532,-0,-3.95903,41,33,3,0,0,26.4299,0,-0.0872665,-3.98532,0.0800776,0.201195,0.0105016,0.380342,0.1
2644,2.59463,0.109956,0.123574,0.721875,0.669035,6.07428,0.0127836,-3.98129,-0,-3.95903,41,33,3,0,0,26.4399,0,-0.0872665,-3.98129,0.0800905,0.202243,0.0104955,0.377512,0.1
2645,2.59578,0.111701,0.10866,0.575244,0.580495,6.07428,0.00852238,-3.99115,-0,-3.93647,41,33,3,0,0,26.4499,0,-0.0872665,-3.99115,0.0800547,0.203284,0.0103856,0.374668,0.1
2646,2.59693,0.123918,0.112921,0.575244,0.627039,6.07428,0.00319589,-3.99568,-0,-3.98159,41,33,3,0,0,26.4599,0,-0.0872665,-3.99568,0.0800391,0.204316,0.0102676,0.371812,0.1
2647,2.59808,0.102974,0.107595,0.530127,0.587013,6.07428,-0.00958767,-3.98894,-0,-4.07183,41,33,3,0,0,26.4699,0,-0.0872665,-3.98894,0.0800734,0.205341,0.0101416,0.368943,0.1
2648,2.59923,0.111701,0.107595,0.552686,0.544281,6.07428,0.00639178,-3.99542,-0,-3.98159,41,33,3,0,0,26.4799,0,-0.0872665,-3.99542,0.0800365,0.206357,0.0100074,0.366062,0.1
2649,2.60039,0.10821,0.120379,0.507568,0.525586,6.07428,-0.0117183,-3.99232,-0,-4.09438,41,33,3,0,0,26.4899,0,-0.0872665,-3.99232,0.0800415,0.207365,0.0098651,0.363168,0.1
2650,2.60134,0.115192,0.117183,0.552686,0.584919,6.07428,-0.00532648,-3.98908,-0,-4.09438,41,33,3,0,0,26.4999,0,-0.0872665,-3.98908,0.080035,0.208365,0.00990637,0.360261,0.1
2651,2.6024,0.0977384,0.110791,0.541406,0.599834,6.07428,-0.0149142,-3.99373,-0,-4.10566,41,33,3,0,0,26.5099,0,-0.0872665,-3.99373,0.0800076,0.209357,0.00984349,0.357343,0.1
2652,2.60345,0.10472,0.0916155,0.620361,0.67245,6.07428,0.0245018,-3.99377,-0,-4.07183,41,33,3,0,0,26.5199,0,-0.0872665,-3.99377,0.0800054,0.21034,0.00977243,0.354412,0.1
2653,2.60441,0.0785398,0.112921,0.609082,0.589024,6.07418,-0.00745708,-3.98822,-0.00872665,-4.08311,41,33,3,0,0,26.5299,0,-0.0872665,-3.98822,0.0800214,0.211316,0.00978894,0.351469,0.1
2654,2.60537,0.0942478,0.0735055,0.586523,0.650354,6.07418,-0.0010653,-3.99431,-0,-4.07183,41,33,3,0,0,26.5399,0,-0.0872665,-3.99431,0.0799951,0.212282,0.00979703,0.348515,0.1
2655,2.60643,0.111701,0.0884196,0.710596,0.758951,6.07418,-0.0234365,-3.99382,-0,-4.06055,41,33,3,0,0,26.5499,0,-0.0872665,-3.99382,0.0799748,0.213241,0.00970093,0.345548,0.1
2656,2.60758,0.0890118,0.116117,0.744434,0.659891,6.07418,0.00958767,-3.99044,-0,-4.09438,41,33,3,0,0,26.5599,0,-0.0872665,-3.99044,0.0800237,0.214191,0.00950052,0.34257,0.1
2657,2.60853,0.106465,0.10866,0.654199,0.582401,6.07418,0.010653,-3.99992,-0,-3.94775,41,33,3,0,0,26.5699,0,-0.0872665,-3.99992,0.0800103,0.215133,0.0094834,0.33958,0.1
2658,2.60949,0.0994838,0.121444,0.575244,0.458976,6.07418,-0.0170448,-3.99221,-0,-3.97031,41,33,3,0,0,26.5799,0,-0.0872665,-3.99221,0.0800225,0.216066,0.00945776,0.336579,0.1
2659,2.61045,0.10821,0.0852238,0.48501,0.536049,6.07418,0.00958767,-4.0032,-0,-3.95903,41,33,3,0,0,26.5899,0,-0.0872665,-4.0032,0.079976,0.21699,0.0094236,0.333567,0.1
2660,2.61151,0.101229,0.096942,0.530127,0.579282,6.07418,-0.0191753,-3.99985,-0,-3.95903,41,33,3,0,0,26.5999,0,-0.0872665,-3.99985,0.0799486,0.217906,0.00928502,0.330544,0.1
2661,2.61237,0.0820305,0.0894849,0.620361,0.622336,6.07418,0.00745708,-3.99884,-0,-3.95903,41,33,3,0,0,26.6099,0,-0.0872665,-3.99884,0.0799436,0.218814,0.00932956,0.327509,0.1
2662,2.61333,0.0820305,0.0798973,0.64292,0.646598,6.07418,-0.00745708,-3.99373,-0,-3.93647,41,33,3,0,0,26.6199,0,-0.0872665,-3.99373,0.0799508,0.219713,0.00926961,0.324463,0.1
2663,2.61419,0.0942478,0.0735055,0.721875,0.696128,6.07418,0.0159795,-4.00553,-0,-3.95903,41,33,3,0,0,26.6299,0,-0.0872665,-4.00553,0.0799072,0.220603,0.00929684,0.321407,0.1
2664,2.61505,0.0820305,0.0777667,0.733154,0.709107,6.07418,-0.0298283,-3.99948,-0,-4.00415,41,33,3,0,0,26.6399,0,-0.0872665,-3.99948,0.0799121,0.221484,0.00931536,0.31834,0.1
2665,2.61582,0.0785398,0.0671137,0.744434,0.72955,6.07418,-0.00639178,-3.99192,-0,-3.93647,41,33,3,0,0,26.6499,0,-0.0872665,-3.99192,0.0799461,0.222357,0.00942107,0.315262,0.1
2666,2.61659,0.0750492,0.103334,0.733154,0.699695,6.07408,0.00319589,-4.00101,-0,-3.97031,41,33,3,0,0,26.6599,0,-0.0872665,-4.00101,0.0799141,0.223221,0.00951795,0.312174,0.1
2667,2.61735,0.0750492,0.0852238,0.721875,0.695731,6.07408,0.0117183,-3.99266,-0,-3.95903,41,33,3,0,0,26.6699,0,-0.0872665,-3.99266,0.0799661,0.224076,0.00960598,0.309075,0.1
2668,2.61812,0.0802851,0.0830932,0.721875,0.806887,6.07408,-0.0117183,-3.9986,-0,-3.94775,41,33,3,0,0,26.6799,0,-0.0872665,-3.9986,0.0799362,0.224922,0.00968525,0.305966,0.1
2669,2.61908,0.0785398,0.0830932,0.733154,0.820046,6.07408,0.0298283,-3.99652,-0,-3.97031,41,33,3,0,0,26.6899,0,-0.0872665,-3.99731,0.0799451,0.225759,0.00956394,0.302847,0.1
2670,2.61975,0.0750492,0.0809626,0.845947,0.827452,6.07408,-0.0170448,-4.00423,-0,-3.99287,41,33,3,0,0,26.6999,0,-0.0872665,-4.00423,0.0799246,0.226588,0.00972118,0.299719,0.1
2671,2.62052,0.0733038,0.10866,0.823389,0.731548,6.07408,-0.00745708,-4.00065,-0.00872665,-4.00415,41,33,3,0,0,26.7099,0,-0.0872665,-4.00065,0.0799393,0.227407,0.00977363,0.29658,0.1
2672,2.62129,0.0715585,0.0713749,0.755713,0.751721,6.07408,-0.00213059,-4.00564,-0,-3.97031,41,33,3,0,0,26.7199,0,-0.0872665,-4.00564,0.0799116,0.228218,0.00981716,0.293431,0.1
2673,2.62224,0.0820305,0.0724402,0.699316,0.796828,6.07408,0.00852238,-3.99894,-0,-3.98159,41,33,3,0,0,26.7299,0,-0.0872665,-3.99894,0.0799308,0.229019,0.00965989,0.290273,0.1
2674,2.62311,0.0855211,0.0873543,0.721875,0.80835,6.07408,-0.028763,-3.9979,-0,-3.98159,41,33,3,0,0,26.7399,0,-0.0872665,-3.9979,0.0799158,0.229812,0.00958954,0.287106,0.1
2675,2.62387,0.0802851,0.0905502,0.676758,0.726321,6.07408,-0.00639178,-3.99556,-0,-3.97031,41,33,3,0,0,26.7499,0,-0.0872665,-3.99556,0.07994,0.230595,0.00960592,0.283929,0.1
2676,2.62464,0.0785398,0.0767014,0.688037,0.686197,6.07408,0.00213059,-3.99865,-0,-3.97031,41,33,3,0,0,26.7599,0,-0.0872665,-3.99865,0.0799409,0.231369,0.0096132,0.280743,0.1
2677,2.6256,0.0837758,0.0703096,0.620361,0.670377,6.07408,-0.0202406,-3.99682,-0,-3.97031,41,33,3,0,0,26.7699,0,-0.0872665,-3.99682,0.0799369,0.232134,0.00941958,0.277547,0.1
2678,2.62637,0.0907571,0.0980073,0.654199,0.676266,6.07408,0.00319589,-3.99716,-0,-3.97031,41,33,3,0,0,26.7799,0,-0.0872665,-3.99716,0.0799527,0.23289,0.00940854,0.274343,0.1
2679,2.62713,0.0872665,0.0692443,0.631641,0.68087,6.07408,-0.010653,-3.99962,-0,-3.95903,41,33,3,0,0,26.7899,0,-0.0872665,-3.99962,0.0799259,0.233637,0.00938838,0.27113,0.1
2680,2.628,0.0820305,0.0798973,0.665479,0.691864,6.07408,0.00745708,-3.99709,-0,-4.09438,41,33,3,0,0,26.7999,0,-0.0872665,-3.99709,0.0799251,0.234378,0.00926637,0.267894,0.1
2681,2.62876,0.0802851,0.0862891,0.710596,0.700733,6.07408,-0.00319589,-4.00559,-0,-4.00415,41,33,3,0,0,26.8099,0,-0.0872665,-4.00559,0.0798652,0.235103,0.00922439,0.264678,0.1
2682,2.62963,0.0750492,0.0916155,0.699316,0.676788,6.07408,-0.00532648,-4.00754,-0,-3.97031,41,33,3,0,0,26.8199,0,-0.0872665,-4.00754,0.0798655,0.235822,0.00908049,0.261439,0.1
2683,2.63039,0.0698132,0.0841585,0.676758,0.663386,6.07408,-0.00319589,-4.00225,-0,-3.97031,41,33,3,0,0,26.8299,0,-0.0872665,-4.00225,0.079876,0.236532,0.00902323,0.258192,0.1
2684,2.63106,0.0698132,0.0894849,0.620361,0.674129,6.07408,0.0127836,-3.99968,-0,-3.98159,41,33,3,0,0,26.8399,0,-0.0872665,-3.99968,0.0798932,0.237232,0.00905252,0.254936,0.1
2685,2.63193,0.0767945,0.0724402,0.665479,0.660266,6.07408,-0.0170448,-4.00142,-0,-4.00415,41,33,3,0,0,26.8499,0,-0.0872665,-4.00142,0.0798871,0.237923,0.00888067,0.251672,0.1
2686,2.63279,0.0872665,0.0841585,0.620361,0.6388,6.07408,-0.0415466,-3.98998,-0,-4.09438,41,33,3,0,0,26.8599,0,-0.0872665,-3.98998,0.0799415,0.238605,0.00869946,0.248401,0.1
2687,2.63365,0.0855211,0.0862891,0.575244,0.561969,6.07408,0.00639178,-3.99822,-0,-3.95903,41,33,3,0,0,26.8699,0,-0.0872665,-3.99822,0.0799581,0.239277,0.00850876,0.245122,0.1
2688,2.63452,0.0872665,0.0926808,0.609082,0.437394,6.07408,-0.0266324,-3.99655,-0,-3.99287,41,33,3,0,0,26.8799,0,-0.0872665,-3.99655,0.0799801,0.23994,0.00830865,0.241834,0.1
2689,2.63528,0.0837758,0.0990726,0.406055,0.411356,6.07408,0.010653,-3.99953,-0,-4.08311,41,33,3,0,0,26.8899,0,-0.0872665,-3.99953,0.079953,0.240593,0.00819494,0.23854,0.1
2690,2.63615,0.0750492,0.0916155,0.372217,0.37754,6.07408,-0.0223712,-3.99334,-0,-3.99287,41,33,3,0,0,26.8999,0,-0.0872665,-3.99334,0.0799545,0.241237,0.00797587,0.235238,0.1
2691,2.63701,0.0890118,0.0980073,0.3271,0.396906,6.07408,0.0138489,-3.99425,-0,-3.95903,41,33,3,0,0,26.9099,0,-0.0872665,-3.99425,0.0799521,0.241871,0.00774727,0.231928,0.1
2692,2.63778,0.0663225,0.0607219,0.349658,0.399585,6.07408,-0.0202406,-4.00087,-0,-4.10566,41,33,3,0,0,26.9199,0,-0.0872665,-4.00087,0.0799095,0.242496,0.00760497,0.228612,0.1
2693,2.63854,0.0733038,0.0607219,0.372217,0.465343,6.07408,0.0117183,-3.99251,-0,-4.09438,41,33,3,0,0,26.9299,0,-0.0872665,-3.99251,0.0799321,0.243111,0.00745314,0.225288,0.1
2694,2.63921,0.0750492,0.0916155,0.47373,0.544158,6.07408,0.0138489,-4.00963,-0,-3.98159,41,33,3,0,0,26.9399,0,-0.0872665,-4.00963,0.07985,0.243716,0.00738752,0.221958,0.1
2695,2.63989,0.0488692,0.0617872,0.48501,0.549941,6.07408,-0.0202406,-3.99514,-0,-4.08311,41,33,3,0,0,26.9499,0,-0.0872665,-3.99514,0.0798935,0.244312,0.00731234,0.21862,0.1
2696,2.64056,0.0680678,0.0383507,0.552686,0.58875,6.07408,0.010653,-4.00493,-0,-4.09438,41,33,3,0,0,26.9599,0,-0.0872665,-4.00493,0.0798546,0.244899,0.0072275,0.215276,0.1
2697,2.64123,0.0558505,0.0735055,0.496289,0.521664,6.07408,-0.010653,-3.99602,-0,-4.08311,41,33,3,0,0,26.9699,0,-0.0872665,-3.99602,0.0798947,0.245475,0.00713301,0.211925,0.1
2698,2.6418,0.0558505,0.0532648,0.47373,0.485806,6.07408,0.028763,-4.00584,-0,-4.08311,41,33,3,0,0,26.9799,0,-0.0872665,-4.00624,0.0798811,0.246042,0.00712465,0.208569,0.1
2699,2.64238,0.0645772,0.0490037,0.496289,0.599455,6.07399,-0.0213059,-3.99548,-0,-4.09438,41,33,3,0,0,26.9899,0,-0.0872665,-3.99548,0.0798917,0.246599,0.00710663,0.205205,0.1
2700,2.64305,0.0523599,0.0308936,0.575244,0.571713,6.07399,-0.00319589,-4.00736,-0,-3.95903,41,33,3,0,0,26.9999,0,-0.0872665,-4.00736,0.0798376,0.247147,0.006983,0.201836,0.1
2701,2.64353,0.0558505,0.0585913,0.563965,0.5824,6.07399,-0.00532648,-4.00775,-0,-4.09438,41,33,3,0,0,27.0099,0,-0.0872665,-4.00775,0.0798124,0.247685,0.00704131,0.198461,0.1
2702,2.6441,0.0558505,0.0490037,0.575244,0.614821,6.07399,0.00745708,-4.01146,-0,-4.01543,41,33,3,0,0,27.0199,0,-0.0872665,-4.01146,0.0798265,0.248212,0.00699401,0.195079,0.1
2703,2.64468,0.0453786,0.057526,0.541406,0.608089,6.07399,-0.01811,-4.0108,-0,-4.00415,41,33,3,0,0,27.0299,0,-0.0872665,-4.0108,0.0797887,0.248731,0.0069369,0.191693,0.1
2704,2.64525,0.0558505,0.0351548,0.609082,0.599647,6.07399,-0.00426119,-4.01005,-0,-3.98159,41,33,3,0,0,27.0399,0,-0.0872665,-4.01005,0.0797879,0.249239,0.00686997,0.1883,0.1
2705,2.64564,0.0471239,0.0223712,0.586523,0.620582,6.07399,-0.010653,-4.01585,-0,-3.99287,41,33,3,0,0,27.0499,0,-0.0872665,-4.01585,0.0797387,0.249737,0.00698493,0.184902,0.1
2706,2.64621,0.0418879,0.0298283,0.609082,0.661232,6.07399,-0.0138489,-4.01051,-0,-3.97031,41,33,3,0,0,27.0599,0,-0.0872665,-4.01051,0.0797527,0.250226,0.00689831,0.181499,0.1
2707,2.6466,0.0436332,0.050069,0.631641,0.661361,6.07399,-0.00745708,-4.01364,-0,-3.95903,41,33,3,0,0,27.0699,0,-0.0872665,-4.01364,0.0797439,0.250705,0.00699354,0.17809,0.1
2708,2.64708,0.0506145,0.0511343,0.64292,0.679801,6.07399,-0.00852238,-4.00638,-0,-3.97031,41,33,3,0,0,27.0799,0,-0.0872665,-4.00638,0.0797588,0.251174,0.00698302,0.174677,0.1
2709,2.64755,0.0471239,0.0521996,0.699316,0.689627,6.07399,0.00532648,-4.01414,-0,-3.97031,41,33,3,0,0,27.0899,0,-0.0872665,-4.01414,0.0797593,0.251633,0.00696257,0.171258,0.1
2710,2.64803,0.0418879,0.0607219,0.710596,0.613939,6.07399,-0.00319589,-4.00967,-0,-3.97031,41,33,3,0,0,27.0999,0,-0.0872665,-4.00967,0.0797848,0.252081,0.00693218,0.167835,0.1
2711,2.64851,0.0628319,0.0521996,0.699316,0.607553,6.07399,0.00213059,-4.01457,-0,-3.97031,41,33,3,0,0,27.1099,0,-0.0872665,-4.01457,0.0797646,0.252521,0.00689186,0.164407,0.1
2712,2.6489,0.0436332,0.0447425,0.620361,0.658346,6.07399,-0.0276977,-4.00951,-0,-3.99287,41,33,3,0,0,27.1199,0,-0.0872665,-4.00951,0.0797714,0.25295,0.00693744,0.160975,0.1
2713,2.64947,0.0418879,0.028763,0.665479,0.60632,6.07399,-0.00745708,-4.00626,-0,-3.98159,41,33,3,0,0,27.1299,0,-0.0872665,-4.00626,0.0798063,0.253369,0.00678128,0.157538,0.1
2714,2.64986,0.0401426,0.057526,0.575244,0.58666,6.07399,-0.0255671,-4.01144,-0,-3.99287,41,33,3,0,0,27.1399,0,-0.0872665,-4.01144,0.0797786,0.253778,0.00680685,0.154097,0.1
2715,2.65024,0.0401426,0.0415466,0.631641,0.616227,6.07399,0.0213059,-4.01649,-0,-3.97031,41,33,3,0,0,27.1499,0,-0.0872665,-4.01649,0.0797501,0.254177,0.0068224,0.150652,0.1
2716,2.65072,0.0296706,0.0245018,0.609082,0.613756,6.07389,-0.00426119,-4.00796,-0,-3.97031,41,33,3,0,0,27.1599,0,-0.0872665,-4.00796,0.0797772,0.254566,0.00673208,0.147203,0.1
2717,2.6511,0.0541052,0.0340895,0.654199,0.678471,6.07389,0.00852238,-4.00489,-0,-3.95903,41,33,3,0,0,27.1699,0,-0.0872665,-4.00489,0.0798038,0.254945,0.00672754,0.14375,0.1
2718,2.65149,0.0401426,0.0490037,0.688037,0.653449,6.07389,-0.00745708,-4.01743,-0.00698132,-3.97031,41,33,3,0,0,27.1799,0,-0.0872665,-4.01743,0.0797506,0.255314,0.00671297,0.140293,0.1
2719,2.65187,0.0331613,0.0372854,0.665479,0.685559,6.07389,-0.00426119,-4.00798,-0,-3.94775,41,33,3,0,0,27.1899,0,-0.0872665,-4.00798,0.0798028,0.255673,0.0066883,0.136833,0.1
2720,2.65235,0.0261799,0.0330242,0.654199,0.632001,6.07389,-0.00532648,-4.00801,-0,-3.97031,41,33,3,0,0,27.1999,0,-0.0872665,-4.00801,0.0798022,0.256021,0.00655764,0.133369,0.1
2721,2.65273,0.0366519,0.0436772,0.620361,0.609949,6.07389,-0.00426119,-3.99521,-0,-4.09438,41,33,3,0,0,27.2099,0,-0.0872665,-3.99521,0.0798408,0.25636,0.00651281,0.129902,0.1
2722,2.65302,0.0261799,0.0351548,0.620361,0.645789,6.07389,0.00319589,-4.0084,-0,-3.98159,41,33,3,0,0,27.2199,0,-0.0872665,-4.0084,0.0797895,0.256688,0.00655369,0.126432,0.1
2723,2.6534,0.0314159,0.0319589,0.654199,0.651437,6.07389,-0.010653,-4.00406,-0,-4.03799,41,33,3,0,0,27.2299,0,-0.0872665,-4.00406,0.0797844,0.257007,0.00648858,0.122959,0.1
2724,2.65369,0.0191986,0.0159795,0.620361,0.693766,6.07389,-0.00213059,-4.01318,-0,-4.10566,41,33,3,0,0,27.2399,0,-0.0872665,-4.01318,0.0797456,0.257315,0.00650918,0.119483,0.1
2725,2.65398,0.0296706,0.0436772,0.676758,0.689798,6.07389,-2.67446e-18,-4.01329,-0,-3.94775,41,33,3,0,0,27.2499,0,-0.0872665,-4.01329,0.0797607,0.257613,0.00651962,0.116004,0.1
2726,2.65427,0.0139626,0.0245018,0.631641,0.627114,6.07389,-0.00745708,-4.01106,-0,-3.97031,41,33,3,0,0,27.2599,0,-0.0872665,-4.01106,0.079764,0.257901,0.00651991,0.112523,0.1
2727,2.65446,0.0331613,0.0308936,0.631641,0.72613,6.07389,-0.0266324,-4.00784,-0,-3.99287,41,33,3,0,0,27.2699,0,-0.0872665,-4.00784,0.0797672,0.258179,0.00660588,0.109039,0.1
2728,2.65475,0.0296706,0.0202406,0.699316,0.786214,6.07389,0.0127836,-4.01508,-0,-3.97031,41,33,3,0,0,27.2799,0,-0.0872665,-4.01508,0.0797676,0.258446,0.00658578,0.105553,0.1
2729,2.65494,0.0261799,0.0234365,0.778271,0.796991,6.07389,-0.0351548,-4.01422,-0,-4.00415,41,33,3,0,0,27.2899,0,-0.0872665,-4.01422,0.0797511,0.258704,0.00665136,0.102065,0.1
2730,2.65522,0.0174533,0.0245018,0.778271,0.725154,6.07389,0.00639178,-4.01589,-0,-4.00415,41,33,3,0,0,27.2999,0,-0.0872665,-4.01589,0.0797585,0.258951,0.00661086,0.0985741,0.1
2731,2.65542,0.0244346,0.0298283,0.744434,0.75656,6.07389,0.00426119,-4.00977,-0,-4.01543,41,33,3,0,0,27.3099,0,-0.0872665,-4.00977,0.0797811,0.259188,0.006656,0.0950818,0.1
2732,2.6557,0.0174533,0.0266324,0.733154,0.727249,6.07389,0.00745708,-4.01131,-0,-4.09438,41,33,3,0,0,27.3199,0,-0.0872665,-4.01131,0.0797971,0.259414,0.00659503,0.0915877,0.1
2733,2.65599,0.020944,0.0340895,0.755713,0.713965,6.07389,0.00745708,-4.02271,-0,-4.11694,41,33,3,0,0,27.3299,0,-0.0872665,-4.02271,0.079737,0.259631,0.00652381,0.0880921,0.1
2734,2.65628,0.0261799,0.057526,0.755713,0.666933,6.07389,-0.0223712,-4.01419,-0,-4.10566,41,33,3,0,0,27.3399,0,-0.0872665,-4.01419,0.0797651,0.259837,0.00644237,0.0845946,0.1
2735,2.65647,0.0174533,0.0149142,0.676758,0.66284,6.07389,0.01811,-4.02276,-0,-4.12822,41,33,3,0,0,27.3499,0,-0.0872665,-4.02276,0.079737,0.260033,0.00644652,0.0810962,0.1
2736,2.65666,0.0261799,0.0191753,0.744434,0.745193,6.07389,-0.00213059,-4.01392,-0,-4.09438,41,33,3,0,0,27.3599,0,-0.0872665,-4.01392,0.0797534,0.260218,0.00644041,0.0775963,0.1
2737,2.65695,0.0191986,0.0127836,0.778271,0.771441,6.07389,-0.00532648,-4.01289,-0,-4.10566,41,33,3,0,0,27.3699,0,-0.0872665,-4.01289,0.0797643,0.260394,0.00632817,0.0740953,0.1
2738,2.65714,0.00698132,0.010653,0.744434,0.761041,6.07389,-6.52306e-19,-4.00935,-0,-4.09438,41,33,3,0,0,27.3799,0,-0.0872665,-4.00935,0.0797868,0.260559,0.0063015,0.0705935,0.1
2739,2.65733,0.020944,0.0266324,0.755713,0.74253,6.07389,0.0234365,-4.01593,-0,-3.97031,41,33,3,0,0,27.3899,0,-0.0872665,-4.01593,0.0797763,0.260714,0.00626456,0.0670907,0.1
2740,2.65753,0.0174533,0.0266324,0.733154,0.712309,6.07389,-0.0298283,-4.00764,-0,-4.10566,41,33,3,0,0,27.3999,0,-0.0872665,-4.00764,0.0797912,0.260858,0.00621732,0.0635873,0.1
2741,2.65772,0.0174533,0.00532648,0.744434,0.699017,6.07389,0.0308936,-4.0137,-0,-4.09438,41,33,3,0,0,27.4099,0,-0.0872665,-4.01392,0.0797828,0.260992,0.00615978,0.0600835,0.1
2742,2.65781,0.00349066,0.0127836,0.710596,0.708878,6.07389,-0.00426119,-4.00658,-0,-3.97031,41,33,3,0,0,27.4199,0,-0.0872665,-4.00658,0.0797996,0.261116,0.00618782,0.0565791,0.1
2743,2.6581,0.0226893,0.0330242,0.766992,0.694549,6.07389,0.010653,-4.00781,-0,-4.09438,41,33,3,0,0,27.4299,0,-0.0872665,-4.00781,0.0797958,0.26123,0.0060138,0.0530745,0.1
2744,2.6582,0.0226893,0.01811,0.766992,0.736766,6.07389,0.00213059,-4.01352,-0,-3.93647,41,33,3,0,0,27.4399,0,-0.0872665,-4.01352,0.0797737,0.261333,0.00602121,0.0495699,0.1
2745,2.65839,0.0174533,0.0127836,0.699316,0.695861,6.07389,-0.0117183,-4.001,-0,-3.95903,41,33,3,0,0,27.45,0,-0.0872665,-4.001,0.0798322,0.261426,0.0059224,0.0460665,0.1
2746,2.65858,0.00523599,0.0159795,0.676758,0.647856,6.07389,0.00745708,-4.00777,-0,-4.02671,41,33,3,0,0,27.46,0,-0.0872665,-4.00777,0.079823,0.261509,0.0058137,0.042544,0.1
2747,2.65877,0.0261799,0.00213059,0.665479,0.696054,6.07389,-0.0127836,-4.003,-0,-3.98159,41,33,3,0,0,27.4699,0,-0.0872665,-4.003,0.0798352,0.261581,0.00569391,0.0390564,0.1
2748,2.65896,0.010472,0.0117183,0.721875,0.654538,6.07389,0.010653,-4.00762,-0,-3.98159,41,33,3,0,0,27.4799,0,-0.0872665,-4.00762,0.0798437,0.261643,0.00556416,0.0355526,0.1
2749,2.65906,0.0174533,0.00639178,0.64292,0.635685,6.07389,-0.010653,-3.99824,-0,-3.95903,41,33,3,0,0,27.4899,0,-0.0872665,-3.99824,0.0798835,0.261695,0.00551996,0.0320493,0.1
2750,2.65935,0.0174533,0.0266324,0.597803,0.541824,6.07389,-0.0010653,-4.00158,-0,-3.97031,41,33,3,0,0,27.4999,0,-0.0872665,-4.00158,0.0798796,0.261736,0.00527367,0.0285468,0.1
2751,2.65944,0.0226893,0.0127836,0.48501,0.552404,6.07389,0.00958767,-4.00931,-0,-4.10566,41,33,3,0,0,27.5099,0,-0.0872665,-4.00931,0.0798534,0.261767,0.0052088,0.0250453,0.1
2752,2.65964,0,0.0266324,0.462451,0.504671,6.07389,0.0340895,-4.01136,-0,-3.98159,41,33,3,0,0,27.5199,0,-0.0872665,-4.01255,0.0798527,0.261788,0.00503773,0.0215445,0.1
2753,2.65973,0.0174533,-0.0010653,0.439893,0.565369,6.07389,0.00532648,-4.01109,-0,-3.95903,41,33,3,0,0,27.5299,0,-0.0872665,-4.01109,0.0798325,0.261798,0.00495219,0.0180447,0.1
2754,2.65992,0.0174533,-0.00213059,0.48501,0.581435,6.07389,0.00639178,-4.00563,-0,-3.95903,41,33,3,0,0,27.5399,0,-0.0872665,-4.00563,0.0798713,0.261798,0.00476044,0.0145468,0.1
2755,2.66002,0.00698132,0.0149142,0.586523,0.559626,6.07389,0.00319589,-4.0121,-0,-4.09438,41,33,3,0,0,27.5499,0,-0.0872665,-4.0121,0.0798492,0.261788,0.00465417,0.0110362,0.1
2756,2.66002,0.00349066,0.010653,0.462451,0.516292,6.07389,0.01811,-4.00757,-0,-3.98159,41,33,3,0,0,27.5599,0,-0.0872665,-4.00757,0.0798845,0.261767,0.00463356,0.00755409,0.1
2757,2.66011,0.00523599,0.0191753,0.530127,0.508937,6.07389,0.0138489,-4.00923,-0,-3.99287,41,33,3,0,0,27.5699,0,-0.0872665,-4.00923,0.0798694,0.261736,0.00450668,0.00406068,0.1
2758,2.66021,0,0.00639178,0.530127,0.522777,6.07389,-0.0223712,-3.99593,-0,-3.97031,41,33,3,0,0,27.5799,0,-0.0872665,-3.99593,0.0799165,0.261695,0.00436947,0.000568896,0.1
2759,2.66021,0,-0.00213059,0.394775,0.547208,6.07389,0.00426119,-4.01014,-0,-3.95903,41,33,3,0,0,27.5899,0,-0.0872665,-4.01014,0.0798595,0.261643,0.00431781,-0.00292104,0.1
2760,2.66031,0,-0.00319589,0.417334,0.506547,6.07389,-0.0127836,-4.00044,-0,-3.98159,41,33,3,0,0,27.5999,0,-0.0872665,-4.00044,0.0798899,0.261581,0.00415993,-0.0064089,0.1
2761,2.66031,0,0.00958767,0.451172,0.534662,6.07389,0.0138489,-4.00752,-0,-3.97031,41,33,3,0,0,27.6099,0,-0.0872665,-4.00752,0.0798876,0.261509,0.00408761,-0.00989453,0.1
2762,2.66031,0,0.00426119,0.428613,0.505119,6.07389,-0.0149142,-3.99601,-0,-3.99287,41,33,3,0,0,27.6199,0,-0.0872665,-3.99601,0.0799097,0.261426,0.00400496,-0.0133777,0.1
2763,2.66031,0,-0.0159795,0.541406,0.48339,6.07389,-0.00213059,-4.00989,-0,-3.98159,41,33,3,0,0,27.6299,0,-0.0872665,-4.00989,0.0798712,0.261333,0.00391199,-0.0168585,0.1
2764,2.66031,0,-0.0010653,0.394775,0.516824,6.07389,-0.0308936,-3.99943,-0,-3.99287,41,33,3,0,0,27.6399,0,-0.0872665,-3.99943,0.0799085,0.26123,0.0038087,-0.0203368,0.1
2765,2.66031,0,-0.0159795,0.530127,0.519241,6.07389,0.00319589,-4.00231,-0,-3.98159,41,33,3,0,0,27.6499,0,-0.0872665,-4.00231,0.079915,0.261116,0.0036951,-0.0238121,0.1
2766,2.66031,0,0.00958767,0.575244,0.502067,6.07389,-0.00532648,-4.00495,-0,-3.98159,41,33,3,0,0,27.6599,0,-0.0872665,-4.00495,0.079894,0.260992,0.0035712,-0.0272845,0.1
2767,2.66031,0,0.0404813,0.507568,0.381348,6.07389,-0.00852238,-4.00606,-0,-3.98159,41,33,3,0,0,27.6699,0,-0.0872665,-4.00606,0.0799158,0.260858,0.00343699,-0.0307537,0.1
2768,2.66031,0,0.00426119,0.451172,0.424957,6.07389,-0.010653,-4.00745,-0,-3.98159,41,33,3,0,0,27.6799,0,-0.0872665,-4.00745,0.0799105,0.260714,0.00329248,-0.03422,0.1
2769,2.66031,0,-0.00426119,0.496289,0.394541,6.07389,-0.00532648,-3.99767,-0,-3.98159,41,33,3,0,0,27.6899,0,-0.0872665,-3.99767,0.0799501,0.260559,0.00313766,-0.0376831,0.1
2770,2.66031,0,-0.00213059,0.293262,0.380996,6.07389,-0.0255671,-3.99651,-0,-3.98159,41,33,3,0,0,27.6999,0,-0.0872665,-3.99651,0.0799573,0.260394,0.00297259,-0.0411422,0.1
2771,2.66031,0,-0.0170448,0.406055,0.366533,6.07389,-0.0234365,-3.99234,-0,-3.97031,41,33,3,0,0,27.7099,0,-0.0872665,-3.99234,0.0799832,0.260218,0.00279723,-0.0445979,0.1
2772,2.66031,0,0.0234365,0.383496,0.336405,6.07389,0.0191753,-4.00606,-0,-3.94775,41,33,3,0,0,27.7199,0,-0.0872665,-4.00606,0.0799337,0.260033,0.00261159,-0.04805,0.1
2773,2.66031,-0.015708,0.0149142,0.360938,0.292545,6.07389,0.00426119,-3.99723,-0,-3.98159,41,33,3,0,0,27.7299,0,-0.0872665,-3.99723,0.0799544,0.259837,0.00241568,-0.0514982,0.1
2774,2.66031,-0.0139626,0.00213059,0.293262,0.251092,6.07389,0.0159795,-4.00306,-0,-4.07183,41,33,3,0,0,27.7399,0,-0.0872665,-4.00306,0.0799275,0.259631,0.00220951,-0.0549424,0.1
2775,2.66021,0,-0.00852238,0.3271,0.31227,6.07389,-0.00639178,-3.99264,-0,-4.10566,41,33,3,0,0,27.7499,0,-0.0872665,-3.99264,0.0799551,0.259414,0.00208898,-0.0583824,0.1
2776,2.66021,0,-0.0213059,0.281982,0.240106,6.07389,0.00426119,-4.0041,-0,-4.09438,41,33,3,0,0,27.7599,0,-0.0872665,-4.0041,0.0799354,0.259188,0.00186232,-0.0618182,0.1
2777,2.66021,0,-0.00639178,0.236865,0.207776,6.07389,-0.0170448,-3.99716,-0,-4.10566,41,33,3,0,0,27.7699,0,-0.0872665,-3.99716,0.079959,0.258951,0.00162544,-0.0652494,0.1
2778,2.66021,0,0.0127836,0.281982,0.136645,6.07389,-0.00319589,-3.99775,-0,-4.09438,41,33,3,0,0,27.7799,0,-0.0872665,-3.99775,0.0799442,0.258704,0.00137832,-0.0686763,0.1
2779,2.66011,-0.00349066,-0.00958767,0.191748,0.140947,6.07389,-0.0149142,-3.99704,-0,-4.10566,41,33,3,0,0,27.7899,0,-0.0872665,-3.99704,0.0799411,0.258446,0.00121688,-0.0720983,0.1
2780,2.66011,0,-0.00852238,0.191748,0.13375,6.07389,0.00745708,-3.99604,-0,-4.06055,41,33,3,0,0,27.7999,0,-0.0872665,-3.99604,0.0799741,0.258179,0.000949348,-0.0755157,0.1
2781,2.66011,0,-0.010653,0.191748,0.0806406,6.07389,-0.010653,-3.98954,-0,-4.09438,41,33,3,0,0,27.8099,0,-0.0872665,-3.98954,0.0799899,0.257901,0.000671618,-0.0789282,0.1
2782,2.66002,-0.00872665,-0.00852238,0.15791,0.0566923,6.07389,0.00426119,-3.99213,-0,-4.08311,41,33,3,0,0,27.8199,0,-0.0872665,-3.99213,0.0799897,0.257613,0.000479591,-0.0823354,0.1
2783,2.66002,0,-1.04369e-18,0.101514,-0.0411807,6.07389,-0.0170448,-3.9978,-0,-4.09438,41,33,3,0,0,27.8299,0,-0.0872665,-3.9978,0.0799589,0.257315,0.000181535,-0.0857373,0.1
2784,2.65992,-0.00872665,0.00319589,0.0676758,-0.0379927,6.07389,0.00426119,-3.99258,-0,-4.07183,41,33,3,0,0,27.8399,0,-0.0872665,-3.99258,0.080007,0.257007,-3.08237e-05,-0.089134,0.1
2785,2.65983,-0.0174533,-0.0127836,-0.0676758,-0.021927,6.07389,0.0149142,-3.99529,-0,-3.94775,41,33,3,0,0,27.8499,0,-0.0872665,-3.99529,0.0799921,0.256688,-0.000253334,-0.0925253,0.1
2786,2.65983,0,0.00213059,0.0112793,-0.102776,6.07389,-0.00852238,-3.99116,-0,-3.94775,41,33,3,0,0,27.8599,0,-0.0872665,-3.99116,0.080012,0.25636,-0.000581835,-0.0959108,0.1
2787,2.65973,-0.0139626,-0.010653,-0.0112793,-0.10949,6.07389,0.0191753,-4.00627,-0,-3.94775,41,33,3,0,0,27.8699,0,-0.0872665,-4.00627,0.0799576,0.256021,-0.000824587,-0.0992905,0.1
2788,2.65964,-0.0174533,0.0245018,-0.0225586,-0.0669802,6.07389,-0.00958767,-3.99404,-0,-3.97031,41,33,3,0,0,27.8799,0,-0.0872665,-3.99404,0.0799891,0.255673,-0.00107747,-0.102665,0.1
2789,2.65944,-0.0122173,-0.0308936,-0.0563965,-0.0743765,6.07389,0.0213059,-3.99976,-0,-4.00415,41,33,3,0,0,27.8899,0,-0.0872665,-3.99976,0.0799736,0.255314,-0.00124456,-0.106032,0.1
2790,2.65935,-0.020944,-0.010653,-0.0789551,-0.155485,6.07389,-0.00852238,-3.99918,-0,-3.95903,41,33,3,0,0,27.8999,0,-0.0872665,-3.99918,0.079967,0.254945,-0.00151757,-0.109394,0.1
2791,2.65906,-0.0226893,-0.0138489,-0.0902344,-0.122278,6.07389,0.00319589,-4.00115,-0,-3.98159,41,33,3,0,0,27.9099,0,-0.0872665,-4.00115,0.0799642,0.254566,-0.00160892,-0.112749,0.1
2792,2.65877,-0.0261799,0.010653,-0.124072,-0.0833291,6.07389,0.0170448,-4.0003,-0,-3.94775,41,33,3,0,0,27.9199,0,-0.0872665,-4.0003,0.0799757,0.254177,-0.00171034,-0.116099,0.1
2793,2.65848,-0.0331613,-0.0138489,-0.112793,-0.101658,6.07389,0.0191753,-4.00464,-0,-3.95903,41,33,3,0,0,27.9299,0,-0.0872665,-4.00464,0.0799552,0.253778,-0.00182176,-0.119441,0.1
2794,2.6581,-0.0453786,-0.0191753,-0.0563965,-0.0874782,6.07389,-0.0202406,-4.00077,-0,-3.95903,41,33,3,0,0,27.9399,0,-0.0872665,-4.00077,0.0799516,0.253369,-0.00184736,-0.122777,0.1
2795,2.65753,-0.0383972,-0.0149142,-0.0451172,-0.0671315,6.07389,0.00532648,-4.00426,-0,-4.02671,41,33,3,0,0,27.9499,0,-0.0872665,-4.00426,0.079927,0.25295,-0.00169118,-0.126106,0.1
2796,2.65714,-0.0436332,-0.00852238,-0.0676758,-0.050546,6.07389,-0.0138489,-4.00509,-0,-3.97031,41,33,3,0,0,27.9599,0,-0.0872665,-4.00509,0.079909,0.252521,-0.00173676,-0.129428,0.1
2797,2.65685,-0.020944,-0.0276977,-0.0563965,-0.0885085,6.07389,-0.010653,-3.99195,-0,-3.99287,41,33,3,0,0,27.9699,0,-0.0872665,-3.99195,0.0799701,0.252082,-0.00188815,-0.132742,0.1
2798,2.65657,-0.0314159,-0.0202406,-0.135352,-0.080359,6.07389,-0.0159795,-3.99742,-0,-3.95903,41,33,3,0,0,27.9799,0,-0.0872665,-3.99742,0.0799639,0.251633,-0.00204955,-0.13605,0.1
2799,2.65628,-0.0279253,-0.0234365,-0.0789551,-0.119633,6.07389,0.00319589,-3.9964,-0,-3.95903,41,33,3,0,0,27.9899,0,-0.0872665,-3.9964,0.0799808,0.251174,-0.00222086,-0.139351,0.1
2800,2.65599,-0.0244346,-0.028763,-0.0902344,-0.14583,6.07389,1.76123e-18,-3.9988,-0,-3.97031,41,33,3,0,0,27.9999,0,-0.0872665,-3.9988,0.0799822,0.250705,-0.00240207,-0.142643,0.1
2801,2.65561,-0.0261799,-0.0330242,-0.169189,-0.142557,6.07389,-0.0138489,-3.99314,-0,-3.97031,41,33,3,0,0,28.0099,0,-0.0872665,-3.99314,0.0800056,0.250226,-0.00249729,-0.145929,0.1
2802,2.65532,-0.0331613,-0.0234365,-0.191748,-0.208723,6.07389,-0.00958767,-3.99535,-0,-3.97031,41,33,3,0,0,28.0199,0,-0.0872665,-3.99535,0.0800024,0.249737,-0.00269826,-0.149206,0.1
2803,2.65494,-0.0349066,-0.0234365,-0.15791,-0.168383,6.07389,-0.0415466,-3.99091,-0,-3.95903,41,33,3,0,0,28.0299,0,-0.0872665,-3.99091,0.0800055,0.249239,-0.00281327,-0.152476,0.1
2804,2.65455,-0.0418879,-0.0213059,-0.203027,-0.170102,6.07389,0.0149142,-4.00175,-0,-3.95903,41,33,3,0,0,28.0399,0,-0.0872665,-4.00175,0.0799704,0.248731,-0.00293806,-0.155737,0.1
2805,2.65417,-0.0244346,-0.0404813,-0.169189,-0.173232,6.07389,-0.0245018,-3.98825,-0,-3.97031,41,33,3,0,0,28.0499,0,-0.0872665,-3.98825,0.0800142,0.248213,-0.0030727,-0.158991,0.1
2806,2.65379,-0.0418879,-0.0607219,-0.169189,-0.141723,6.07389,0.00745708,-3.99112,-0,-3.98159,41,33,3,0,0,28.0599,0,-0.0872665,-3.99112,0.0800424,0.247685,-0.00321716,-0.162236,0.1
2807,2.6534,-0.0401426,-0.0340895,-0.191748,-0.188633,6.07389,0.0159795,-3.99776,-0,-3.97031,41,33,3,0,0,28.0699,0,-0.0872665,-3.99776,0.0800265,0.247147,-0.00337138,-0.165473,0.1
2808,2.65302,-0.0383972,-0.0117183,-0.191748,-0.209387,6.07389,0.01811,-3.99221,-0,-3.97031,41,33,3,0,0,28.0799,0,-0.0872665,-3.99221,0.0800503,0.246599,-0.00353535,-0.168702,0.1
2809,2.65264,-0.0296706,-0.0511343,-0.191748,-0.178156,6.07389,-0.0170448,-3.99002,-0,-4.07183,41,33,3,0,0,28.0899,0,-0.0872665,-3.99002,0.0800531,0.246042,-0.00370906,-0.171922,0.1
2810,2.65225,-0.0331613,-0.0564607,-0.191748,-0.190816,6.07389,-0.0245018,-3.98968,-0,-3.99287,41,33,3,0,0,28.0999,0,-0.0872665,-3.98968,0.0800581,0.245475,-0.00389247,-0.175132,0.1
2811,2.65187,-0.0436332,-0.0351548,-0.248145,-0.26413,6.07389,-0.00852238,-3.99699,-0,-3.95903,41,33,3,0,0,28.1099,0,-0.0872665,-3.99699,0.0800354,0.244899,-0.00408554,-0.178334,0.1
2812,2.65129,-0.0575959,-0.0426119,-0.31582,-0.336832,6.07389,-0.0010653,-3.99794,-0,-3.99287,41,33,3,0,0,28.1199,0,-0.0872665,-3.99794,0.0800373,0.244312,-0.00409661,-0.181528,0.1
2813,2.65081,-0.0471239,-0.0543301,-0.360938,-0.313899,6.07389,0.01811,-4.00381,-0,-4.07183,41,33,3,0,0,28.1299,0,-0.0872665,-4.00381,0.0799971,0.243716,-0.00421315,-0.184712,0.1
2814,2.65043,-0.0401426,-0.0564607,-0.304541,-0.248698,6.07389,-0.0223712,-3.99524,-0,-4.10566,41,33,3,0,0,28.1399,0,-0.0872665,-3.99524,0.0800028,0.243111,-0.00443517,-0.187886,0.1
2815,2.64995,-0.0418879,-0.028763,-0.248145,-0.256395,6.07389,0.00213059,-3.9956,-0,-3.98159,41,33,3,0,0,28.15,0,-0.0872665,-3.9956,0.0800373,0.242493,-0.00457389,-0.191067,0.1
2816,2.64938,-0.0610865,-0.0436772,-0.248145,-0.271457,6.07389,-0.00745708,-3.99689,-0,-4.07183,41,33,3,0,0,28.1599,0,-0.0872665,-3.99689,0.0800533,0.241871,-0.00462049,-0.194208,0.1
2817,2.6489,-0.0488692,-0.0436772,-0.31582,-0.272281,6.07389,0.0127836,-4.00454,-0,-4.07183,41,33,3,0,0,28.1699,0,-0.0872665,-4.00454,0.0800202,0.241237,-0.00477531,-0.197354,0.1
2818,2.64832,-0.0506145,-0.0553954,-0.338379,-0.324004,6.07389,-0.00745708,-3.99538,-0,-4.09438,41,33,3,0,0,28.1799,0,-0.0872665,-3.99538,0.0800409,0.240593,-0.00484383,-0.20049,0.1
2819,2.64775,-0.0558505,-0.050069,-0.31582,-0.331985,6.07389,0.0149142,-3.98906,-0,-4.08311,41,33,3,0,0,28.1899,0,-0.0872665,-3.98906,0.0800772,0.23994,-0.00492187,-0.203616,0.1
2820,2.64727,-0.0541052,-0.0404813,-0.349658,-0.336652,6.07389,0.0202406,-3.99794,-0,-3.95903,41,33,3,0,0,28.1999,0,-0.0872665,-3.99794,0.0800709,0.239277,-0.00510531,-0.206733,0.1
2821,2.64669,-0.0575959,-0.0543301,-0.270703,-0.351313,6.07389,-0.0213059,-3.98392,-0,-4.10566,41,33,3,0,0,28.2099,0,-0.0872665,-3.98392,0.0801007,0.238605,-0.00520225,-0.209839,0.1
2822,2.64602,-0.0575959,-0.068179,-0.383496,-0.286541,6.07389,0.00745708,-3.99362,-0,-4.08311,41,33,3,0,0,28.2199,0,-0.0872665,-3.99362,0.0800761,0.237923,-0.00521273,-0.212935,0.1
2823,2.64554,-0.0558505,-0.0351548,-0.31582,-0.328901,6.07389,-0.00958767,-3.97775,-0,-4.07183,41,33,3,0,0,28.2299,0,-0.0872665,-3.97775,0.0801312,0.237232,-0.00542435,-0.216021,0.1
2824,2.64487,-0.0575959,-0.0521996,-0.3271,-0.298056,6.07389,0.0010653,-3.97931,-0,-4.08311,41,33,3,0,0,28.2399,0,-0.0872665,-3.97931,0.0801531,0.236532,-0.00545362,-0.219096,0.1
2825,2.6443,-0.0645772,-0.0468731,-0.225586,-0.336472,6.07389,-0.00319589,-3.98243,-0,-4.08311,41,33,3,0,0,28.2499,0,-0.0872665,-3.98243,0.080143,0.235822,-0.00558813,-0.222161,0.1
2826,2.64362,-0.0645772,-0.0671137,-0.360938,-0.339514,6.07389,0.0138489,-3.99571,-0,-4.00415,41,33,3,0,0,28.2599,0,-0.0872665,-3.99571,0.0801301,0.235103,-0.00563601,-0.225215,0.1
2827,2.64295,-0.0645772,-0.0756361,-0.372217,-0.337414,6.07389,-0.0223712,-3.98659,-0,-3.94775,41,33,3,0,0,28.2699,0,-0.0872665,-3.98659,0.0801455,0.234375,-0.0056932,-0.228258,0.1
2828,2.64238,-0.0558505,-0.0713749,-0.372217,-0.372453,6.07389,0.0159795,-3.98924,-0,-3.9252,41,33,3,0,0,28.2799,0,-0.0872665,-3.98924,0.080162,0.233637,-0.00585552,-0.23129,0.1
2829,2.6418,-0.0575959,-0.0585913,-0.394775,-0.421108,6.07389,0.00852238,-3.991,-0,-3.98159,41,33,3,0,0,28.2899,0,-0.0872665,-3.991,0.0801585,0.23289,-0.00602704,-0.234311,0.1
2830,2.64113,-0.0541052,-0.0777667,-0.3271,-0.447742,6.07389,0.0266324,-3.99733,-0,-3.94775,41,33,3,0,0,28.2999,0,-0.0872665,-3.99733,0.0801428,0.232134,-0.0061119,-0.23732,0.1
2831,2.64056,-0.0628319,-0.0671137,-0.48501,-0.477881,6.07389,-0.0340895,-3.98675,-0,-3.93647,41,33,3,0,0,28.3099,0,-0.0872665,-3.98675,0.0801758,0.231369,-0.00630181,-0.240319,0.1
2832,2.63998,-0.0645772,-0.039416,-0.518848,-0.541266,6.07389,0.028763,-3.98743,-0,-3.95903,41,33,3,0,0,28.3199,0,-0.0872665,-3.9881,0.0801791,0.230595,-0.00650084,-0.243306,0.1
2833,2.63921,-0.0645772,-0.0596566,-0.541406,-0.532483,6.07389,-0.010653,-3.98431,-0,-3.99287,41,33,3,0,0,28.3299,0,-0.0872665,-3.98431,0.0801798,0.229812,-0.00651728,-0.246281,0.1
2834,2.63854,-0.0820305,-0.0692443,-0.462451,-0.522323,6.07389,-0.00639178,-3.98713,-0,-3.99287,41,33,3,0,0,28.3399,0,-0.0872665,-3.98713,0.080161,0.229019,-0.00663853,-0.249244,0.1
2835,2.63787,-0.0610865,-0.0724402,-0.383496,-0.439591,6.07389,0.0127836,-3.98004,-0,-3.98159,41,33,3,0,0,28.3499,0,-0.0872665,-3.98004,0.0801873,0.228218,-0.00676896,-0.252196,0.1
2836,2.6372,-0.0750492,-0.0756361,-0.47373,-0.472878,6.07389,0.00213059,-3.98002,-0,-3.98159,41,33,3,0,0,28.3599,0,-0.0872665,-3.98002,0.0802259,0.227407,-0.00690837,-0.255136,0.1
2837,2.63653,-0.0767945,-0.0692443,-0.48501,-0.479387,6.07389,0.0138489,-3.992,-0,-3.98159,41,33,3,0,0,28.3699,0,-0.0872665,-3.992,0.080212,0.226588,-0.00705665,-0.258064,0.1
2838,2.63576,-0.0628319,-0.078832,-0.417334,-0.543376,6.07389,-0.00319589,-3.9859,-0,-3.95903,41,33,3,0,0,28.3799,0,-0.0872665,-3.9859,0.0802297,0.225759,-0.00711816,-0.26098,0.1
2839,2.635,-0.0645772,-0.0798973,-0.518848,-0.535379,6.07389,0.00852238,-3.99176,-0,-3.95903,41,33,3,0,0,28.3899,0,-0.0872665,-3.99176,0.08021,0.224922,-0.00718848,-0.263883,0.1
2840,2.63432,-0.0645772,-0.050069,-0.48501,-0.570931,6.07389,-0.028763,-3.97382,-0,-3.97031,41,33,3,0,0,28.3999,0,-0.0872665,-3.97382,0.0802638,0.224076,-0.00736363,-0.266774,0.1
2841,2.63365,-0.0785398,-0.0735055,-0.631641,-0.676287,6.07389,0.0159795,-3.97712,-0,-3.93647,41,33,3,0,0,28.4099,0,-0.0872665,-3.97712,0.0802516,0.223221,-0.00754751,-0.269652,0.1
2842,2.63279,-0.0715585,-0.0703096,-0.64292,-0.627578,6.07389,-0.028763,-3.97037,-0,-3.94775,41,33,3,0,0,28.4199,0,-0.0872665,-3.97037,0.0802733,0.222357,-0.00754856,-0.272518,0.1
2843,2.63193,-0.0837758,-0.0841585,-0.631641,-0.583194,6.07389,0.0223712,-3.98162,-0,-3.94775,41,33,3,0,0,28.4299,0,-0.0872665,-3.98162,0.0802522,0.221484,-0.00755835,-0.275372,0.1
2844,2.63106,-0.0907571,-0.0905502,-0.552686,-0.497858,6.07389,-0.00213059,-3.98604,-0,-3.93647,41,33,3,0,0,28.4399,0,-0.0872665,-3.98604,0.0802144,0.220603,-0.0075769,-0.278212,0.1
2845,2.63011,-0.0802851,-0.0958767,-0.417334,-0.40167,6.07389,-0.00958767,-3.97706,-0,-3.98159,41,33,3,0,0,28.4499,0,-0.0872665,-3.97706,0.0802504,0.219713,-0.00750821,-0.281039,0.1
2846,2.62915,-0.101229,-0.0948114,-0.349658,-0.323891,6.07389,-0.0149142,-3.98181,-0,-3.95903,41,33,3,0,0,28.4599,0,-0.0872665,-3.98181,0.08023,0.218814,-0.0074483,-0.283853,0.1
2847,2.62809,-0.101229,-0.118248,-0.293262,-0.246393,6.07389,0.00213059,-3.97825,-0,-3.94775,41,33,3,0,0,28.4699,0,-0.0872665,-3.97825,0.0802799,0.217906,-0.00730111,-0.286654,0.1
2848,2.62713,-0.0855211,-0.116117,-0.214307,-0.246888,6.07389,0.00213059,-3.98354,-0,-3.9252,41,33,3,0,0,28.4799,0,-0.0872665,-3.98354,0.080254,0.21699,-0.00725838,-0.289442,0.1
2849,2.62618,-0.0942478,-0.104399,-0.236865,-0.305267,6.07389,-0.00958767,-3.97255,-0,-3.95903,41,33,3,0,0,28.4899,0,-0.0872665,-3.97255,0.0803239,0.216066,-0.00722424,-0.292217,0.1
2850,2.62531,-0.0820305,-0.0841585,-0.31582,-0.341544,6.07389,0.010653,-3.9815,-0,-3.95903,41,33,3,0,0,28.4999,0,-0.0872665,-3.9815,0.0803072,0.215133,-0.00729449,-0.294978,0.1
2851,2.62435,-0.0942478,-0.0671137,-0.360938,-0.418158,6.07389,-0.00319589,-3.97243,-0,-3.95903,41,33,3,0,0,28.5099,0,-0.0872665,-3.97243,0.0803495,0.214191,-0.00727734,-0.297725,0.1
2852,2.62339,-0.102974,-0.107595,-0.439893,-0.431384,6.07389,-0.00639178,-3.97473,-0,-3.95903,41,33,3,0,0,28.5199,0,-0.0872665,-3.97473,0.0803348,0.213241,-0.00726872,-0.300458,0.1
2853,2.62244,-0.0820305,-0.10653,-0.338379,-0.345174,6.07389,0.0117183,-3.98078,-0,-4.07183,41,33,3,0,0,28.5299,0,-0.0872665,-3.98078,0.0802953,0.212283,-0.00726842,-0.303178,0.1
2854,2.62138,-0.10472,-0.0926808,-0.281982,-0.341167,6.07389,0.010653,-3.97956,-0,-4.06055,41,33,3,0,0,28.5399,0,-0.0872665,-3.97956,0.0802827,0.211316,-0.0071807,-0.305884,0.1
2855,2.62042,-0.0855211,-0.115052,-0.191748,-0.213695,6.07389,-0.0223712,-3.97467,-0,-4.06055,41,33,3,0,0,28.5499,0,-0.0872665,-3.97467,0.0802905,0.21034,-0.00719717,-0.308575,0.1
2856,2.61946,-0.10472,-0.10866,-0.169189,-0.280532,6.07389,0.00213059,-3.97793,-0,-4.06055,41,33,3,0,0,28.5599,0,-0.0872665,-3.97793,0.0802875,0.209357,-0.00722196,-0.311253,0.1
2857,2.61841,-0.0977384,-0.0916155,-0.259424,-0.270185,6.07389,-0.010653,-3.97587,-0,-4.07183,41,33,3,0,0,28.5699,0,-0.0872665,-3.97587,0.0803005,0.208365,-0.0071591,-0.313916,0.1
2858,2.61745,-0.0994838,-0.104399,-0.383496,-0.290161,6.07389,0.0202406,-3.97308,-0,-4.06055,41,33,3,0,0,28.5799,0,-0.0872665,-3.97308,0.0803345,0.207365,-0.00720039,-0.316565,0.1
2859,2.61649,-0.0925025,-0.0958767,-0.31582,-0.288741,6.07389,-0.00745708,-3.97563,-0,-4.08311,41,33,3,0,0,28.5899,0,-0.0872665,-3.97563,0.0803324,0.206357,-0.00724976,-0.3192,0.1
2860,2.61563,-0.0994838,-0.0798973,-0.349658,-0.399054,6.07389,-0.0127836,-3.96847,-0,-3.93647,41,33,3,0,0,28.5999,0,-0.0872665,-3.96847,0.0803575,0.205341,-0.00740325,-0.321819,0.1
2861,2.61457,-0.0942478,-0.0852238,-0.394775,-0.42146,6.07389,-0.0149142,-3.97996,-0,-4.06055,41,33,3,0,0,28.6099,0,-0.0872665,-3.97996,0.0803299,0.204316,-0.00737314,-0.324425,0.1
2862,2.61371,-0.0942478,-0.0756361,-0.383496,-0.423044,6.07389,0.0010653,-3.9689,-0,-4.06055,41,33,3,0,0,28.6199,0,-0.0872665,-3.9689,0.0803674,0.203284,-0.0075428,-0.327015,0.1
2863,2.61275,-0.0855211,-0.107595,-0.383496,-0.383573,6.07389,6.58829e-18,-3.98091,-0,-4.06055,41,33,3,0,0,28.6299,0,-0.0872665,-3.98091,0.080342,0.202243,-0.00762457,-0.329591,0.1
2864,2.61179,-0.0942478,-0.102269,-0.360938,-0.430491,6.07389,0.00213059,-3.97408,-0,-3.93647,41,33,3,0,0,28.6399,0,-0.0872665,-3.97408,0.0803702,0.201195,-0.00771434,-0.332151,0.1
2865,2.61093,-0.0855211,-0.0905502,-0.417334,-0.48671,6.07389,0.00532648,-3.96569,-0,-4.06055,41,33,3,0,0,28.6499,0,-0.0872665,-3.96569,0.0804206,0.200138,-0.00790796,-0.334697,0.1
2866,2.60997,-0.0925025,-0.0798973,-0.507568,-0.541896,6.07389,-0.0255671,-3.96447,-0,-3.94775,41,33,3,0,0,28.6599,0,-0.0872665,-3.96447,0.0804261,0.199074,-0.00801353,-0.337227,0.1
2867,2.60911,-0.0925025,-0.0830932,-0.575244,-0.612465,6.07389,-0.0213059,-3.9631,-0,-3.9252,41,33,3,0,0,28.6699,0,-0.0872665,-3.9631,0.0804561,0.198002,-0.00822292,-0.339742,0.1
2868,2.60815,-0.0925025,-0.0532648,-0.631641,-0.660587,6.07389,0.00532648,-3.96563,-0,-3.94775,41,33,3,0,0,28.6799,0,-0.0872665,-3.96563,0.080446,0.196922,-0.00834421,-0.342242,0.1
2869,2.60729,-0.0925025,-0.0628525,-0.676758,-0.593911,6.07389,0.00852238,-3.96679,-0,-3.91392,41,33,3,0,0,28.6899,0,-0.0872665,-3.96679,0.0804512,0.195834,-0.0085692,-0.344726,0.1
2870,2.60623,-0.115192,-0.0894849,-0.64292,-0.609602,6.07389,0.00532648,-3.96926,-0,-3.94775,41,33,3,0,0,28.6999,0,-0.0872665,-3.96926,0.0804458,0.194738,-0.0086101,-0.347194,0.1
2871,2.60518,-0.109956,-0.128901,-0.575244,-0.495843,6.07389,0.010653,-3.96583,-0,-3.93647,41,33,3,0,0,28.7099,0,-0.0872665,-3.96583,0.0804533,0.193635,-0.00865869,-0.349647,0.1
2872,2.60422,-0.102974,-0.0948114,-0.451172,-0.474918,6.07389,-0.00745708,-3.96814,-0,-3.93647,41,33,3,0,0,28.7199,0,-0.0872665,-3.96814,0.0804505,0.192524,-0.00881084,-0.352084,0.1
2873,2.60317,-0.0994838,-0.131032,-0.439893,-0.410883,6.07389,0.00532648,-3.95852,-0,-3.91392,41,33,3,0,0,28.7299,0,-0.0872665,-3.95852,0.0805107,0.191406,-0.00887469,-0.354505,0.1
2874,2.60211,-0.115192,-0.0948114,-0.47373,-0.505376,6.07389,0.0127836,-3.96414,-0,-3.93647,41,33,3,0,0,28.7399,0,-0.0872665,-3.96414,0.0805323,0.19028,-0.00894616,-0.356911,0.1
2875,2.60096,-0.0942478,-0.107595,-0.597803,-0.52829,6.07389,-0.0234365,-3.95389,-0,-3.98159,41,33,3,0,0,28.7499,0,-0.0872665,-3.95389,0.0805751,0.189146,-0.00892923,-0.3593,0.1
2876,2.59991,-0.10821,-0.0841585,-0.631641,-0.544951,6.07389,-0.010653,-3.95656,-0,-3.91392,41,33,3,0,0,28.7599,0,-0.0872665,-3.95656,0.0805838,0.188005,-0.00901559,-0.361673,0.1
2877,2.59895,-0.113446,-0.111856,-0.496289,-0.574482,6.07389,0.0010653,-3.95237,-0,-3.9252,41,33,3,0,0,28.7699,0,-0.0872665,-3.95237,0.0806275,0.186857,-0.00920533,-0.36403,0.1
2878,2.59789,-0.101229,-0.102269,-0.439893,-0.611489,6.07389,0.0223712,-3.95293,-0,-3.90264,41,33,3,0,0,28.7799,0,-0.0872665,-3.95293,0.0806379,0.185701,-0.00930647,-0.36637,0.1
2879,2.59693,-0.0942478,-0.0884196,-0.586523,-0.638276,6.07389,-0.0159795,-3.95165,-0,-3.9252,41,33,3,0,0,28.7899,0,-0.0872665,-3.95165,0.0806507,0.184538,-0.00951093,-0.368694,0.1
2880,2.59588,-0.0925025,-0.110791,-0.496289,-0.590568,6.07389,0.00639178,-3.95094,-0,-3.93647,41,33,3,0,0,28.7999,0,-0.0872665,-3.95094,0.0806775,0.183367,-0.00962674,-0.371001,0.1
2881,2.59482,-0.10472,-0.0980073,-0.496289,-0.65719,6.07389,-0.0255671,-3.94453,-0,-3.97031,41,33,3,0,0,28.8099,0,-0.0872665,-3.94453,0.0807015,0.18219,-0.00974982,-0.373292,0.1
2882,2.59367,-0.101229,-0.10866,-0.563965,-0.625532,6.07389,0.0138489,-3.95113,-0,-3.94775,41,33,3,0,0,28.8199,0,-0.0872665,-3.95113,0.0806967,0.181005,-0.00978416,-0.375566,0.1
2883,2.59252,-0.115192,-0.117183,-0.541406,-0.526231,6.07389,0.00426119,-3.95284,-0,-3.90264,41,33,3,0,0,28.8299,0,-0.0872665,-3.95284,0.0806763,0.179813,-0.00982562,-0.377824,0.1
2884,2.59137,-0.122173,-0.135293,-0.518848,-0.493949,6.07389,0.00639178,-3.94816,-0,-3.9252,41,33,3,0,0,28.8399,0,-0.0872665,-3.94816,0.0806958,0.178614,-0.00987426,-0.380064,0.1
2885,2.59022,-0.113446,-0.10866,-0.496289,-0.541069,6.07389,-0.00532648,-3.94495,-0,-3.90264,41,33,3,0,0,28.8499,0,-0.0872665,-3.94495,0.0807268,0.177407,-0.00992994,-0.382287,0.1
2886,2.58907,-0.109956,-0.110791,-0.496289,-0.587232,6.07389,6.78398e-18,-3.9413,-0,-4.04927,41,33,3,0,0,28.8599,0,-0.0872665,-3.9413,0.0807626,0.176194,-0.00999265,-0.384494,0.1
2887,2.58783,-0.118682,-0.107595,-0.530127,-0.59091,6.07389,0.0340895,-3.9512,-0,-3.91392,41,33,3,0,0,28.8699,0,-0.0872665,-3.95215,0.0807393,0.174974,-0.00996639,-0.386683,0.1
2888,2.58658,-0.125664,-0.117183,-0.654199,-0.598102,6.07389,0.00745708,-3.94362,-0,-3.93647,41,33,3,0,0,28.8799,0,-0.0872665,-3.94362,0.0807762,0.173747,-0.00994709,-0.388855,0.1
2889,2.58552,-0.115192,-0.115052,-0.586523,-0.604231,6.07389,-0.0149142,-3.94651,-0,-3.90264,41,33,3,0,0,28.8899,0,-0.0872665,-3.94651,0.0807634,0.172513,-0.0101263,-0.39101,0.1
2890,2.58428,-0.113446,-0.104399,-0.563965,-0.626698,6.07389,-0.0127836,-3.94091,-0,-4.00415,41,33,3,0,0,28.8999,0,-0.0872665,-3.94091,0.0807825,0.171273,-0.0101206,-0.393147,0.1
2891,2.58313,-0.106465,-0.134227,-0.575244,-0.573901,6.07389,0.0298283,-3.95,-0,-3.90264,42,33,3,0,0,28.9099,0,-0.0872665,-3.95,0.0807783,0.170025,-0.0102176,-0.395267,0.1
2892,2.58188,-0.113446,-0.119313,-0.631641,-0.604541,6.07389,-0.00532648,-3.94241,-0,-4.03799,42,33,3,0,0,28.9199,0,-0.0872665,-3.94241,0.0808137,0.168771,-0.0102255,-0.397369,0.1
2893,2.58073,-0.115192,-0.105464,-0.575244,-0.567688,6.07389,0.00532648,-3.93869,-0,-3.93647,42,33,3,0,0,28.9299,0,-0.0872665,-3.93869,0.0808475,0.16751,-0.0103358,-0.399454,0.1
2894,2.57948,-0.13439,-0.132097,-0.609082,-0.590645,6.07389,-0.0255671,-3.94321,-0,-3.91392,42,33,3,0,0,28.9399,0,-0.0872665,-3.94321,0.0808115,0.166243,-0.0103568,-0.40152,0.1
2895,2.57824,-0.141372,-0.128901,-0.597803,-0.600897,6.07389,0.0255671,-3.94668,-0,-3.93647,42,33,3,0,0,28.9499,0,-0.0872665,-3.94668,0.0808124,0.164969,-0.0103845,-0.403569,0.1
2896,2.5769,-0.123918,-0.134227,-0.48501,-0.478381,6.07389,-0.0159795,-3.9401,-0,-4.02671,42,33,3,0,0,28.9599,0,-0.0872665,-3.9401,0.0808105,0.163688,-0.0103228,-0.4056,0.1
2897,2.57555,-0.136136,-0.136358,-0.394775,-0.437878,6.07389,0.00745708,-3.93482,-0,-4.02671,42,33,3,0,0,28.9699,0,-0.0872665,-3.93482,0.0808502,0.162401,-0.0102675,-0.407613,0.1
2898,2.57421,-0.1309,-0.139554,-0.360938,-0.41792,6.07389,-0.00319589,-3.93945,-0,-4.02671,42,33,3,0,0,28.9799,0,-0.0872665,-3.93945,0.0808448,0.161108,-0.0102187,-0.409608,0.1
2899,2.57297,-0.120428,-0.129966,-0.304541,-0.379949,6.07389,-0.00426119,-3.92715,-0,-4.01543,42,33,3,0,0,28.9899,0,-0.0872665,-3.92715,0.0809162,0.159808,-0.0102721,-0.411585,0.1
2900,2.57162,-0.136136,-0.121444,-0.428613,-0.499958,6.07389,0.0170448,-3.93442,-0,-4.01543,42,33,3,0,0,28.9999,0,-0.0872665,-3.93442,0.0809312,0.158502,-0.0102359,-0.413544,0.1
2901,2.57028,-0.1309,-0.121444,-0.541406,-0.582154,6.07389,0.00639178,-3.92791,-0,-4.00415,42,33,3,0,0,29.0099,0,-0.0872665,-3.92791,0.0809695,0.15719,-0.0102059,-0.415484,0.1
2902,2.56884,-0.129154,-0.137423,-0.496289,-0.473224,6.07389,0.0117183,-3.938,-0,-3.88008,42,33,3,0,0,29.0199,0,-0.0872665,-3.938,0.0809172,0.155871,-0.0100864,-0.417406,0.1
2903,2.5675,-0.1309,-0.133162,-0.406055,-0.388935,6.07389,0.0170448,-3.94032,-0,-4.02671,42,33,3,0,0,29.0299,0,-0.0872665,-3.94032,0.0808904,0.154546,-0.0100689,-0.41931,0.1
2904,2.56616,-0.141372,-0.151272,-0.360938,-0.344684,6.07389,0.01811,-3.93473,-0,-3.94775,42,33,3,0,0,29.0399,0,-0.0872665,-3.93473,0.0809356,0.153216,-0.0100574,-0.421195,0.1
2905,2.56482,-0.132645,-0.129966,-0.338379,-0.372507,6.07389,-0.0245018,-3.93719,-0,-3.88008,42,33,3,0,0,29.0499,0,-0.0872665,-3.93719,0.0809365,0.151879,-0.010052,-0.423061,0.1
2906,2.56357,-0.123918,-0.121444,-0.394775,-0.445445,6.07389,0.01811,-3.93607,-0,-3.88008,42,33,3,0,0,29.0599,0,-0.0872665,-3.93607,0.0809612,0.150536,-0.0101484,-0.424909,0.1
2907,2.56232,-0.132645,-0.111856,-0.518848,-0.565451,6.07389,-0.00852238,-3.93842,-0,-3.91392,42,33,3,0,0,29.0699,0,-0.0872665,-3.93842,0.0809568,0.149187,-0.0102508,-0.426738,0.1
2908,2.56098,-0.123918,-0.109726,-0.609082,-0.614691,6.07389,0.0010653,-3.9351,-0,-3.89136,42,33,3,0,0,29.0799,0,-0.0872665,-3.9351,0.0809652,0.147833,-0.0102632,-0.428548,0.1
2909,2.55983,-0.118682,-0.14488,-0.563965,-0.561682,6.07389,-0.01811,-3.93839,-0,-3.90264,42,33,3,0,0,29.0899,0,-0.0872665,-3.93839,0.0809527,0.146472,-0.0104733,-0.430339,0.1
2910,2.55878,-0.111701,-0.120379,-0.530127,-0.581594,6.07389,0.0191753,-3.93539,-0,-3.94775,42,33,3,0,0,29.0999,0,-0.0872665,-3.93539,0.080977,0.145106,-0.010785,-0.432111,0.1
2911,2.55753,-0.122173,-0.119313,-0.676758,-0.701598,6.07389,0.00532648,-3.92889,-0,-3.90264,42,33,3,0,0,29.1099,0,-0.0872665,-3.92889,0.0810228,0.143734,-0.0109105,-0.433865,0.1
2912,2.55638,-0.113446,-0.104399,-0.789551,-0.814282,6.07389,0.00852238,-3.92082,-0,-3.88008,42,33,3,0,0,29.1199,0,-0.0872665,-3.92082,0.081059,0.142356,-0.0111378,-0.435599,0.1
2913,2.55513,-0.122173,-0.12464,-0.857227,-0.803585,6.07389,0.00213059,-3.92928,-0,-3.90264,42,33,3,0,0,29.1299,0,-0.0872665,-3.92928,0.0810223,0.140973,-0.0112746,-0.437314,0.1
2914,2.55398,-0.125664,-0.115052,-0.699316,-0.793476,6.07389,-0.0170448,-3.91825,-0,-3.89136,42,33,3,0,0,29.1399,0,-0.0872665,-3.91825,0.0810741,0.139584,-0.0115131,-0.43901,0.1
2915,2.55264,-0.125664,-0.138489,-0.744434,-0.702403,6.07389,0.00426119,-3.92908,-0,-3.89136,42,33,3,0,0,29.1499,0,-0.0872665,-3.92908,0.0810202,0.13819,-0.0115652,-0.440686,0.1
2916,2.55139,-0.13439,-0.14488,-0.586523,-0.617781,6.07389,-0.0319589,-3.92228,-0,-3.91392,42,33,3,0,0,29.1599,0,-0.0872665,-3.92228,0.0810441,0.13679,-0.0117186,-0.442343,0.1
2917,2.55005,-0.132645,-0.141684,-0.530127,-0.605694,6.07389,0.0170448,-3.92476,-0,-3.88008,42,33,3,0,0,29.1699,0,-0.0872665,-3.92476,0.0810515,0.135385,-0.0117817,-0.443981,0.1
2918,2.54861,-0.13439,-0.132097,-0.699316,-0.624534,6.07389,-0.0149142,-3.92172,-0,-3.91392,42,33,3,0,0,29.1799,0,-0.0872665,-3.92172,0.0810883,0.133974,-0.0117542,-0.445599,0.1
2919,2.54727,-0.143117,-0.12464,-0.676758,-0.685851,6.07389,0.0117183,-3.91892,-0,-3.89136,42,33,3,0,0,29.1899,0,-0.0872665,-3.91892,0.0811106,0.132558,-0.0118278,-0.447197,0.1
2920,2.54583,-0.13439,-0.138489,-0.676758,-0.639725,6.07389,-0.0213059,-3.91924,-0,-3.90264,42,33,3,0,0,29.1999,0,-0.0872665,-3.91924,0.0810994,0.131137,-0.0118108,-0.448776,0.1
2921,2.54449,-0.137881,-0.141684,-0.575244,-0.629845,6.07389,-0.00958767,-3.91415,-0,-3.91392,42,33,3,0,0,29.2099,0,-0.0872665,-3.91415,0.0811446,0.129711,-0.0118948,-0.450336,0.1
2922,2.54305,-0.153589,-0.122509,-0.665479,-0.599591,6.07389,-0.0010653,-3.91912,-0,-3.91392,42,33,3,0,0,29.2199,0,-0.0872665,-3.91912,0.0811441,0.128279,-0.0118881,-0.451875,0.1
2923,2.54161,-0.15708,-0.122509,-0.688037,-0.658149,6.07389,-0.00532648,-3.91043,-0,-3.88008,42,33,3,0,0,29.2299,0,-0.0872665,-3.91043,0.0811972,0.126843,-0.0118864,-0.453395,0.1
2924,2.54008,-0.148353,-0.157664,-0.609082,-0.533741,6.07389,-0.00213059,-3.9179,-0,-3.90264,42,33,3,0,0,29.2399,0,-0.0872665,-3.9179,0.0811624,0.125401,-0.0117939,-0.454895,0.1
2925,2.53864,-0.164061,-0.161925,-0.47373,-0.435752,6.07389,-0.00745708,-3.90394,-0,-3.89136,42,33,3,0,0,29.2499,0,-0.0872665,-3.90394,0.0812236,0.123955,-0.0118021,-0.456374,0.1
2926,2.53711,-0.144862,-0.14275,-0.394775,-0.404761,6.07399,0.00213059,-3.91106,-0,-3.97031,42,33,3,0,0,29.2599,0,-0.0872665,-3.91106,0.0812159,0.122504,-0.0117195,-0.457834,0.1
2927,2.53567,-0.15708,-0.12464,-0.428613,-0.465009,6.07399,0.00426119,-3.90037,-0,-3.89136,42,33,3,0,0,29.2699,0,-0.0872665,-3.90037,0.0813093,0.121048,-0.0117376,-0.459274,0.1
2928,2.53423,-0.146608,-0.129966,-0.48501,-0.560441,6.07399,0.0234365,-3.91288,-0,-4.00415,42,33,3,0,0,29.2799,0,-0.0872665,-3.91288,0.0813114,0.119587,-0.0117604,-0.460694,0.1
2929,2.5327,-0.151844,-0.154468,-0.665479,-0.563219,6.07399,-0.0340895,-3.89424,-0,-3.99287,42,33,3,0,0,29.2899,0,-0.0872665,-3.89424,0.0813808,0.118121,-0.0116921,-0.462093,0.1
2930,2.53136,-0.146608,-0.138489,-0.507568,-0.559467,6.07399,0.00639178,-3.90309,-0,-3.98159,42,33,3,0,0,29.2999,0,-0.0872665,-3.90309,0.0813656,0.116651,-0.0118201,-0.463473,0.1
2931,2.52992,-0.137881,-0.134227,-0.530127,-0.634984,6.07399,-0.0117183,-3.89971,-0,-4.00415,42,33,3,0,0,29.3099,0,-0.0872665,-3.89971,0.0813949,0.115176,-0.0118569,-0.464832,0.1
2932,2.52848,-0.144862,-0.148076,-0.597803,-0.628315,6.07399,0.01811,-3.90627,-0,-3.97031,42,33,3,0,0,29.3199,0,-0.0872665,-3.90627,0.0813894,0.113696,-0.0118983,-0.466171,0.1
2933,2.52695,-0.151844,-0.145946,-0.586523,-0.562583,6.07399,0.00319589,-3.90453,-0,-3.95903,42,33,3,0,0,29.3299,0,-0.0872665,-3.90453,0.0813682,0.112212,-0.0118483,-0.467489,0.1
2934,2.52541,-0.15708,-0.16086,-0.552686,-0.538172,6.07399,0.0010653,-3.903,-0,-3.98159,42,33,3,0,0,29.3399,0,-0.0872665,-3.903,0.0813573,0.110724,-0.0118027,-0.468787,0.1
2935,2.52378,-0.15708,-0.14275,-0.48501,-0.423411,6.07399,-0.0127836,-3.91009,-0,-3.99287,42,33,3,0,0,29.3499,0,-0.0872665,-3.91009,0.0813327,0.109231,-0.0116655,-0.470064,0.1
2936,2.52234,-0.143117,-0.161925,-0.383496,-0.386331,6.07399,0.0223712,-3.90408,-0,-3.99287,42,33,3,0,0,29.3599,0,-0.0872665,-3.90408,0.081375,0.107734,-0.0117245,-0.471321,0.1
2937,2.52081,-0.169297,-0.145946,-0.439893,-0.506328,6.07399,-0.0159795,-3.90233,-0,-3.85752,42,33,3,0,0,29.3699,0,-0.0872665,-3.90233,0.081406,0.106233,-0.0116918,-0.472558,0.1
2938,2.51918,-0.150098,-0.151272,-0.597803,-0.582776,6.07399,0.0149142,-3.89889,-0,-3.84624,42,33,3,0,0,29.3799,0,-0.0872665,-3.89889,0.0814521,0.104727,-0.0115675,-0.473773,0.1
2939,2.51765,-0.162316,-0.120379,-0.631641,-0.617921,6.07399,-0.010653,-3.90236,-0,-3.8688,42,33,3,0,0,29.3899,0,-0.0872665,-3.90236,0.0814241,0.103218,-0.0115431,-0.474969,0.1
2940,2.51611,-0.150098,-0.173643,-0.631641,-0.474066,6.07399,1.06326e-17,-3.89743,-0,-3.84624,42,33,3,0,0,29.3999,0,-0.0872665,-3.89743,0.0814268,0.101704,-0.0115229,-0.476143,0.1
2941,2.51477,-0.155334,-0.138489,-0.48501,-0.502419,6.07399,0.0276977,-3.8996,-0,-3.88008,42,33,3,0,0,29.4099,0,-0.0872665,-3.8996,0.081432,0.100186,-0.0116984,-0.477296,0.1
2942,2.51333,-0.151844,-0.14275,-0.496289,-0.570238,6.07399,-0.0149142,-3.89057,-0,-3.91392,42,33,3,0,0,29.4199,0,-0.0872665,-3.89057,0.081499,0.0986646,-0.011782,-0.478429,0.1
2943,2.5118,-0.129154,-0.138489,-0.597803,-0.607242,6.07399,0.0127836,-3.89223,-0,-3.8688,42,33,3,0,0,29.4299,0,-0.0872665,-3.89223,0.0815263,0.097139,-0.0117736,-0.479541,0.1
2944,2.51036,-0.13439,-0.104399,-0.676758,-0.635367,6.07399,-0.0234365,-3.89074,-0,-3.91392,42,33,3,0,0,29.4399,0,-0.0872665,-3.89074,0.0815271,0.0956097,-0.0118649,-0.480632,0.1
2945,2.50892,-0.143117,-0.12677,-0.575244,-0.691247,6.07399,0.0149142,-3.89557,-0,-3.89136,42,33,3,0,0,29.4499,0,-0.0872665,-3.89557,0.081515,0.0940765,-0.01196,-0.481702,0.1
2946,2.50758,-0.136136,-0.14275,-0.721875,-0.765647,6.07399,-0.0266324,-3.88865,-0,-3.84624,42,33,3,0,0,29.4599,0,-0.0872665,-3.88865,0.0815534,0.0925396,-0.0121546,-0.482751,0.1
2947,2.50624,-0.136136,-0.112921,-0.778271,-0.78593,6.07399,0.0234365,-3.8861,-0,-3.84624,42,33,3,0,0,29.4699,0,-0.0872665,-3.8861,0.0815923,0.090999,-0.012353,-0.483779,0.1
2948,2.50489,-0.13439,-0.127836,-0.891064,-0.862216,6.07399,7.82767e-18,-3.88919,-0,-3.84624,42,33,3,0,0,29.4799,0,-0.0872665,-3.88919,0.0815989,0.0894549,-0.0125549,-0.484786,0.1
2949,2.50355,-0.151844,-0.129966,-0.924902,-0.876767,6.07399,0.0117183,-3.87698,0.00872665,-3.84624,42,33,3,0,0,29.4899,0,-0.0872665,-3.87698,0.0816634,0.0879072,-0.0127603,-0.485772,0.1
2950,2.50211,-0.150098,-0.148076,-0.902344,-0.817449,6.07399,-0.010653,-3.88743,-0,-3.88008,42,33,3,0,0,29.4999,0,-0.0872665,-3.88743,0.0816166,0.086356,-0.0128734,-0.486737,0.1
2951,2.50068,-0.144862,-0.16299,-0.755713,-0.750032,6.07399,-0.0138489,-3.87925,-0,-3.8688,42,33,3,0,0,29.5099,0,-0.0872665,-3.87925,0.0816392,0.0848014,-0.0129899,-0.48768,0.1
2952,2.49914,-0.146608,-0.137423,-0.654199,-0.692315,6.07399,0.0138489,-3.8889,-0,-3.88008,42,33,3,0,0,29.5199,0,-0.0872665,-3.8889,0.0816209,0.0832435,-0.0130138,-0.488602,0.1
2953,2.49761,-0.158825,-0.164056,-0.699316,-0.673543,6.07399,-0.00958767,-3.88797,-0,-3.88008,42,33,3,0,0,29.5299,0,-0.0872665,-3.88797,0.0816366,0.0816823,-0.013041,-0.489503,0.1
2954,2.49598,-0.143117,-0.175774,-0.654199,-0.595989,6.07399,0.0276977,-3.88711,-0,-3.8688,42,33,3,0,0,29.5399,0,-0.0872665,-3.88711,0.0816574,0.0801178,-0.0129756,-0.490383,0.1
2955,2.49444,-0.165806,-0.171513,-0.609082,-0.576548,6.07399,-0.00958767,-3.88444,-0,-3.84624,42,33,3,0,0,29.5499,0,-0.0872665,-3.88444,0.0816669,0.0785503,-0.0130092,-0.491241,0.1
2956,2.49281,-0.162316,-0.143815,-0.552686,-0.615319,6.07399,0.0276977,-3.88513,-0,-3.88008,42,33,3,0,0,29.5599,0,-0.0872665,-3.88776,0.0816598,0.0769796,-0.0129501,-0.492078,0.1
2957,2.49118,-0.165806,-0.157664,-0.575244,-0.613803,6.07399,-0.0276977,-3.87977,-0,-3.8688,42,33,3,0,0,29.5699,0,-0.0872665,-3.87977,0.0816944,0.0754059,-0.0128938,-0.492894,0.1
2958,2.48946,-0.167552,-0.185362,-0.563965,-0.500918,6.07399,-0.0159795,-3.87746,-0,-3.84624,42,33,3,0,0,29.5799,0,-0.0872665,-3.87746,0.0816908,0.0738292,-0.0127448,-0.493688,0.1
2959,2.48783,-0.174533,-0.189623,-0.462451,-0.471969,6.07399,-0.0234365,-3.88803,-0,-3.89136,42,33,3,0,0,29.5899,0,-0.0872665,-3.88803,0.0816514,0.0722496,-0.0126945,-0.494461,0.1
2960,2.4862,-0.158825,-0.172578,-0.406055,-0.423194,6.07399,0.0170448,-3.88246,-0,-3.97031,42,33,3,0,0,29.5999,0,-0.0872665,-3.88246,0.0816917,0.0706671,-0.0126473,-0.495212,0.1
2961,2.48457,-0.162316,-0.166186,-0.383496,-0.458143,6.07399,0.0191753,-3.88237,-0,-3.95903,42,33,3,0,0,29.6099,0,-0.0872665,-3.88237,0.0817226,0.0690818,-0.0126026,-0.495942,0.1
2962,2.48294,-0.162316,-0.155533,-0.47373,-0.514216,6.07399,-0.0127836,-3.87367,-0,-3.97031,42,33,3,0,0,29.6199,0,-0.0872665,-3.87367,0.0817625,0.0674939,-0.0125607,-0.49665,0.1
2963,2.48131,-0.151844,-0.166186,-0.530127,-0.550093,6.07399,0.00745708,-3.88666,-0,-3.98159,42,33,3,0,0,29.6299,0,-0.0872665,-3.88666,0.0817123,0.0659032,-0.0125215,-0.497336,0.1
2964,2.47987,-0.153589,-0.151272,-0.563965,-0.627784,6.07399,-0.0191753,-3.87784,-0,-3.97031,42,33,3,0,0,29.6399,0,-0.0872665,-3.87784,0.0817218,0.06431,-0.0126767,-0.498001,0.1
2965,2.47834,-0.136136,-0.16086,-0.64292,-0.612852,6.07399,0.00426119,-3.8776,-0,-3.8688,42,33,3,0,0,29.6499,0,-0.0872665,-3.8776,0.081731,0.0627142,-0.0127385,-0.498645,0.1
2966,2.4769,-0.141372,-0.166186,-0.586523,-0.680768,6.07399,-0.00213059,-3.86675,-0,-3.8688,42,33,3,0,0,29.6599,0,-0.0872665,-3.86675,0.0817942,0.0611159,-0.0128987,-0.499266,0.1
2967,2.47527,-0.158825,-0.139554,-0.688037,-0.694106,6.07399,-0.00852238,-3.87833,-0,-3.94775,42,33,3,0,0,29.6699,0,-0.0872665,-3.87833,0.0817534,0.0595153,-0.0128694,-0.499866,0.1
2968,2.47364,-0.165806,-0.156599,-0.744434,-0.723172,6.07399,-0.0010653,-3.87826,-0,-3.84624,42,33,3,0,0,29.6799,0,-0.0872665,-3.87826,0.0817112,0.0579121,-0.0128427,-0.500445,0.1
2969,2.47201,-0.164061,-0.177905,-0.676758,-0.571209,6.07399,0.010653,-3.87354,-0,-3.97031,42,33,3,0,0,29.6899,0,-0.0872665,-3.87354,0.0817338,0.056307,-0.0128181,-0.501001,0.1
2970,2.47038,-0.148353,-0.16299,-0.48501,-0.430488,6.07399,-0.0223712,-3.87776,-0,-3.84624,42,33,3,0,0,29.6999,0,-0.0872665,-3.87776,0.0817172,0.0546994,-0.0127958,-0.501536,0.1
2971,2.46875,-0.167552,-0.169382,-0.428613,-0.504849,6.07399,0.0234365,-3.87358,-0,-3.82368,42,33,3,0,0,29.7099,0,-0.0872665,-3.87358,0.0817938,0.0530896,-0.0127757,-0.502049,0.1
2972,2.46702,-0.162316,-0.16086,-0.552686,-0.562389,6.07399,-0.00532648,-3.86834,-0,-3.84624,42,33,3,0,0,29.7199,0,-0.0872665,-3.86834,0.081855,0.0514779,-0.0126617,-0.50254,0.1
2973,2.46549,-0.164061,-0.151272,-0.665479,-0.682391,6.07399,0.0191753,-3.8757,-0,-3.82368,42,33,3,0,0,29.7299,0,-0.0872665,-3.8757,0.0818435,0.049864,-0.0127416,-0.50301,0.1
2974,2.46376,-0.15708,-0.139554,-0.710596,-0.633787,6.07399,0.00639178,-3.87896,-0,-3.84624,42,33,3,0,0,29.7399,0,-0.0872665,-3.87896,0.0818079,0.0482483,-0.0126316,-0.503457,0.1
2975,2.46233,-0.144862,-0.153403,-0.609082,-0.601692,6.07399,0.00958767,-3.86509,-0,-3.83496,42,33,3,0,0,29.7499,0,-0.0872665,-3.86509,0.081888,0.0466305,-0.0128112,-0.503883,0.1
2976,2.4607,-0.151844,-0.164056,-0.518848,-0.614615,6.07399,0.00319589,-3.86808,-0,-3.82368,42,33,3,0,0,29.7599,0,-0.0872665,-3.86808,0.0818865,0.045011,-0.0128009,-0.504287,0.1
2977,2.45907,-0.153589,-0.158729,-0.541406,-0.665435,6.07399,-0.00426119,-3.85623,-0,-3.83496,42,33,3,0,0,29.7699,0,-0.0872665,-3.85623,0.0819676,0.0433897,-0.0127924,-0.504669,0.1
2978,2.45744,-0.15708,-0.172578,-0.609082,-0.662268,6.07399,-0.00426119,-3.85869,-0,-3.85752,42,33,3,0,0,29.7799,0,-0.0872665,-3.85869,0.0819584,0.0417666,-0.0127856,-0.505029,0.1
2979,2.456,-0.155334,-0.155533,-0.631641,-0.699651,6.07399,-0.0298283,-3.85794,-0,-3.82368,42,33,3,0,0,29.7899,0,-0.0872665,-3.85794,0.0819727,0.040142,-0.0129721,-0.505367,0.1
2980,2.45447,-0.146608,-0.118248,-0.620361,-0.705105,6.07399,0.0159795,-3.85956,-0,-3.94775,42,33,3,0,0,29.7999,0,-0.0872665,-3.85956,0.0819966,0.0385156,-0.0130645,-0.505683,0.1
2981,2.45293,-0.151844,-0.136358,-0.733154,-0.759835,6.07399,-0.0127836,-3.84882,-0,-3.94775,42,33,3,0,0,29.8099,0,-0.0872665,-3.84882,0.0820698,0.0368879,-0.0131582,-0.505977,0.1
2982,2.4513,-0.146608,-0.141684,-0.778271,-0.805832,6.07399,0.0138489,-3.85914,-0,-3.8124,42,33,3,0,0,29.8199,0,-0.0872665,-3.85914,0.0820543,0.0352588,-0.0131575,-0.50625,0.1
2983,2.44977,-0.165806,-0.16299,-0.778271,-0.766869,6.07399,-0.00958767,-3.86017,-0,-3.9252,42,33,3,0,0,29.8299,0,-0.0872665,-3.86017,0.0820508,0.0336281,-0.0132542,-0.5065,0.1
2984,2.44814,-0.169297,-0.159795,-0.721875,-0.674459,6.07399,-0.0010653,-3.8524,-0,-3.82368,42,33,3,0,0,29.8399,0,-0.0872665,-3.8524,0.0820836,0.031996,-0.0132564,-0.506729,0.1
2985,2.44641,-0.169297,-0.17897,-0.609082,-0.572201,6.07399,-0.00532648,-3.8612,-0,-3.82368,42,33,3,0,0,29.8499,0,-0.0872665,-3.8612,0.0820452,0.0303576,-0.0131691,-0.506936,0.1
2986,2.44469,-0.176278,-0.165121,-0.575244,-0.553792,6.07399,0.0276977,-3.8593,-0,-3.8124,42,33,3,0,0,29.8599,0,-0.0872665,-3.8593,0.0820591,0.0287279,-0.0130731,-0.50712,0.1
2987,2.44296,-0.176278,-0.174709,-0.575244,-0.519036,6.07399,-0.00213059,-3.854,-0,-3.84624,42,33,3,0,0,29.8699,0,-0.0872665,-3.854,0.0820827,0.0270929,-0.0129823,-0.507282,0.1
2988,2.44123,-0.171042,-0.172578,-0.48501,-0.480443,6.07399,0.0170448,-3.85764,-0,-3.85752,42,33,3,0,0,29.8799,0,-0.0872665,-3.85764,0.0820772,0.0254564,-0.0128932,-0.507422,0.1
2989,2.4396,-0.165806,-0.164056,-0.496289,-0.551951,6.07408,-0.00319589,-3.853,-0,-3.84624,42,33,3,0,0,29.8899,0,-0.0872665,-3.853,0.0821334,0.0238186,-0.0129011,-0.507541,0.1
2990,2.43788,-0.174533,-0.154468,-0.541406,-0.557418,6.07408,-0.0117183,-3.84065,-0,-3.93647,42,33,3,0,0,29.8999,0,-0.0872665,-3.84065,0.082198,0.02218,-0.0128139,-0.507637,0.1
2991,2.43606,-0.15708,-0.172578,-0.496289,-0.470254,6.07408,0.0149142,-3.85162,-0,-3.8124,42,33,3,0,0,29.9099,0,-0.0872665,-3.85162,0.082163,0.0205406,-0.0126318,-0.507712,0.1
2992,2.43443,-0.18326,-0.206668,-0.507568,-0.456395,6.07408,-0.00958767,-3.84672,-0,-3.82368,42,33,3,0,0,29.9199,0,-0.0872665,-3.84672,0.0821861,0.0189003,-0.0126422,-0.507764,0.1
2993,2.4327,-0.167552,-0.196015,-0.383496,-0.405019,6.07408,0.0191753,-3.84817,-0,-3.80112,42,33,3,0,0,29.9299,0,-0.0872665,-3.84817,0.0822139,0.0172594,-0.0125574,-0.507795,0.1
2994,2.43117,-0.165806,-0.148076,-0.428613,-0.48568,6.07408,-0.00745708,-3.83984,-0,-3.80112,42,33,3,0,0,29.9399,0,-0.0872665,-3.83984,0.0822946,0.0156177,-0.012665,-0.507803,0.1
2995,2.42954,-0.16057,-0.14488,-0.586523,-0.605687,6.07408,0.0436772,-3.84088,-0,-3.82368,42,33,3,0,0,29.9499,0,-0.0872665,-3.84365,0.0823139,0.0139753,-0.0126776,-0.507789,0.1
2996,2.428,-0.146608,-0.154468,-0.665479,-0.682848,6.07408,-0.0213059,-3.83692,0.00523599,-3.82368,42,33,3,0,0,29.9599,0,-0.0872665,-3.83692,0.0823178,0.0123325,-0.0127864,-0.507754,0.1
2997,2.42647,-0.141372,-0.149142,-0.676758,-0.695995,6.07408,0.0149142,-3.84152,-0,-3.80112,42,33,3,0,0,29.9699,0,-0.0872665,-3.84152,0.0823275,0.0106891,-0.0128958,-0.507696,0.1
2998,2.42503,-0.143117,-0.140619,-0.676758,-0.721968,6.07408,-0.00319589,-3.83758,-0,-3.77856,42,33,3,0,0,29.9799,0,-0.0872665,-3.83758,0.0823394,0.00904536,-0.0131015,-0.507616,0.1
2999,2.4235,-0.158825,-0.137423,-0.688037,-0.801318,6.07408,8.41475e-18,-3.82975,-0,-3.85752,42,33,3,0,0,29.9899,0,-0.0872665,-3.82975,0.0823879,0.00740131,-0.0132116,-0.507515,0.1
3000,2.42196,-0.151844,-0.148076,-0.733154,-0.824398,6.07408,-0.00532648,-3.833,-0,-3.8124,42,33,3,0,0,29.9999,0,-0.0872665,-3.833,0.0823868,0.00575696,-0.0133219,-0.507391,0.1
3001,2.42033,-0.148353,-0.169382,-0.710596,-0.750808,6.07408,0.00852238,-3.83576,-0,-3.8124,42,33,3,0,0,30.0099,0,-0.0872665,-3.83576,0.0823597,0.00411222,-0.0133368,-0.507245,0.1
3002,2.4188,-0.150098,-0.170448,-0.699316,-0.647218,6.07408,-0.00532648,-3.84065,-0,-3.80112,42,33,3,0,0,30.0199,0,-0.0872665,-3.84065,0.0823334,0.00246735,-0.0134477,-0.507077,0.1
3003,2.41717,-0.151844,-0.168317,-0.620361,-0.63444,6.07408,-0.00958767,-3.82736,-0,-3.80112,42,33,3,0,0,30.0299,0,-0.0872665,-3.82736,0.0824132,0.000822464,-0.0134627,-0.506888,0.1
3004,2.41554,-0.164061,-0.14488,-0.710596,-0.712614,6.07408,0.0202406,-3.82708,-0,-3.77856,42,33,3,0,0,30.0399,0,-0.0872665,-3.82708,0.082443,-0.000822477,-0.0134778,-0.506676,0.1
3005,2.41391,-0.16057,-0.143815,-0.80083,-0.738313,6.07408,-0.0202406,-3.82218,-0,-3.80112,42,33,3,0,0,30.0499,0,-0.0872665,-3.82218,0.0824584,-0.00246725,-0.0134927,-0.506442,0.1
3006,2.41218,-0.171042,-0.159795,-0.755713,-0.758017,6.07408,0.01811,-3.83249,-0,-3.77856,42,33,3,0,0,30.0599,0,-0.0872665,-3.83249,0.082433,-0.00411225,-0.013412,-0.506187,0.1
3007,2.41055,-0.151844,-0.159795,-0.688037,-0.624238,6.07408,-0.010653,-3.82791,-0,-3.8124,42,33,3,0,0,30.0699,0,-0.0872665,-3.82791,0.0824362,-0.00575671,-0.0134266,-0.505909,0.1
3008,2.40893,-0.16057,-0.169382,-0.64292,-0.606865,6.07408,0.0191753,-3.815,-0,-3.8124,42,33,3,0,0,30.0799,0,-0.0872665,-3.815,0.0825277,-0.00740126,-0.0134413,-0.50561,0.1
3009,2.4072,-0.178024,-0.170448,-0.654199,-0.599809,6.07408,0.00639178,-3.81301,-0,-3.8124,42,33,3,0,0,30.0899,0,-0.0872665,-3.81301,0.0825587,-0.00904533,-0.0133596,-0.505288,0.1
3010,2.40557,-0.162316,-0.177905,-0.620361,-0.650774,6.07408,0.0202406,-3.81464,-0,-3.78984,42,33,3,0,0,30.0999,0,-0.0872665,-3.81464,0.0825772,-0.010689,-0.0133735,-0.504945,0.1
3011,2.40384,-0.16057,-0.161925,-0.575244,-0.612529,6.07408,-0.00426119,-3.81687,-0,-3.77856,42,33,3,0,0,30.1099,0,-0.0872665,-3.81687,0.0825824,-0.0123324,-0.0132912,-0.504579,0.1
3012,2.40221,-0.162316,-0.177905,-0.631641,-0.573037,6.07408,0.0255671,-3.81217,-0,-3.78984,42,33,3,0,0,30.1199,0,-0.0872665,-3.81217,0.0826368,-0.0139753,-0.0133042,-0.504192,0.1
3013,2.40058,-0.165806,-0.152337,-0.586523,-0.617073,6.07408,-0.00319589,-3.80635,-0,-3.80112,42,33,3,0,0,30.1299,0,-0.0872665,-3.80635,0.0827047,-0.0156175,-0.0133166,-0.503783,0.1
3014,2.39886,-0.169297,-0.154468,-0.755713,-0.688645,6.07408,0.0010653,-3.80368,-0,-3.78984,42,33,3,0,0,30.1399,0,-0.0872665,-3.80368,0.0827426,-0.0172593,-0.0132326,-0.503352,0.1
3015,2.39723,-0.162316,-0.152337,-0.64292,-0.696137,6.07408,0.0266324,-3.82122,-0,-3.78984,42,33,3,0,0,30.1499,0,-0.0872665,-3.82122,0.082679,-0.0189002,-0.0132437,-0.502899,0.1
3016,2.3956,-0.162316,-0.159795,-0.620361,-0.675762,6.07408,0.00852238,-3.80595,-0,-3.75601,42,33,3,0,0,30.1599,0,-0.0872665,-3.80595,0.0827337,-0.0205405,-0.0132541,-0.502425,0.1
3017,2.39387,-0.162316,-0.186427,-0.530127,-0.496531,6.07408,0.0202406,-3.81384,-0,-3.89136,42,33,3,0,0,30.1699,0,-0.0872665,-3.81384,0.0827052,-0.02218,-0.0131679,-0.501928,0.1
3018,2.39215,-0.174533,-0.169382,-0.462451,-0.520952,6.07408,-0.0138489,-3.80655,-0,-3.77856,42,33,3,0,0,30.1799,0,-0.0872665,-3.80655,0.0827505,-0.0238184,-0.0130805,-0.50141,0.1
3019,2.39042,-0.162316,-0.16299,-0.462451,-0.475665,6.07408,0.00745708,-3.80181,-0,-3.89136,42,33,3,0,0,30.1899,0,-0.0872665,-3.80181,0.0828078,-0.0254562,-0.0129926,-0.50087,0.1
3020,2.3887,-0.174533,-0.170448,-0.47373,-0.550464,6.07418,-0.010653,-3.80102,0.0122173,-3.8688,42,33,3,0,0,30.1999,0,-0.0872665,-3.80102,0.0828149,-0.0270928,-0.0129035,-0.500308,0.1
3021,2.38707,-0.169297,-0.158729,-0.507568,-0.540195,6.07418,0.0276977,-3.80239,-0,-3.88008,42,33,3,0,0,30.2099,0,-0.0872665,-3.80239,0.0828448,-0.0287284,-0.0129092,-0.499725,0.1
3022,2.38534,-0.188496,-0.161925,-0.586523,-0.575997,6.07418,-0.0170448,-3.80344,-0,-3.76729,42,33,3,0,0,30.2199,0,-0.0872665,-3.80344,0.0828557,-0.0303627,-0.0128178,-0.49912,0.1
3023,2.38361,-0.16057,-0.171513,-0.563965,-0.495674,6.07418,0.0255671,-3.8036,-0,-3.89136,42,33,3,0,0,30.2299,0,-0.0872665,-3.8036,0.0828672,-0.031996,-0.0127254,-0.498493,0.1
3024,2.38198,-0.178024,-0.149142,-0.541406,-0.475777,6.07418,9.13229e-18,-3.80207,-0,-3.89136,42,33,3,0,0,30.2399,0,-0.0872665,-3.80207,0.0828774,-0.0336279,-0.0127274,-0.497845,0.1
3025,2.38035,-0.151844,-0.161925,-0.507568,-0.471385,6.07418,0.0234365,-3.79638,-0,-3.89136,42,33,3,0,0,30.2499,0,-0.0872665,-3.79638,0.0829329,-0.0352586,-0.0127282,-0.497174,0.1
3026,2.37882,-0.153589,-0.156599,-0.507568,-0.55379,6.07418,-0.0202406,-3.79195,-0,-3.88008,42,33,3,0,0,30.2599,0,-0.0872665,-3.79195,0.0829687,-0.0368878,-0.0128234,-0.496483,0.1
3027,2.37729,-0.155334,-0.150207,-0.654199,-0.673793,6.07418,-0.0138489,-3.77727,-0,-3.88008,42,33,3,0,0,30.2699,0,-0.0872665,-3.77727,0.0830554,-0.0385156,-0.0129173,-0.495769,0.1
3028,2.37585,-0.143117,-0.137423,-0.766992,-0.793798,6.07418,-0.00213059,-3.78706,-0,-3.74473,42,33,3,0,0,30.2799,0,-0.0872665,-3.78706,0.0830117,-0.0401419,-0.0131055,-0.495035,0.1
3029,2.37441,-0.143117,-0.127836,-0.868506,-0.860772,6.07418,0.00852238,-3.78719,-0,-3.77856,42,33,3,0,0,30.2899,0,-0.0872665,-3.78719,0.0830241,-0.0417665,-0.013292,-0.494278,0.1
3030,2.37307,-0.144862,-0.153403,-0.868506,-0.8601,6.07418,0.010653,-3.78991,-0,-3.71089,42,33,3,0,0,30.2999,0,-0.0872665,-3.78991,0.0830294,-0.0433896,-0.0135728,-0.4935,0.1
3031,2.37163,-0.144862,-0.151272,-0.891064,-0.899354,6.07418,-0.00426119,-3.78501,0.0139626,-3.75601,42,33,3,0,0,30.3099,0,-0.0872665,-3.78501,0.0830724,-0.045011,-0.0137561,-0.492701,0.1
3032,2.37019,-0.150098,-0.148076,-0.924902,-0.948742,6.07418,0.0149142,-3.78135,-0,-3.75601,42,33,3,0,0,30.3199,0,-0.0872665,-3.78135,0.0830853,-0.0466304,-0.0139375,-0.49188,0.1
3033,2.36856,-0.162316,-0.153403,-1.00386,-0.900198,6.07418,-0.0010653,-3.78817,-0,-3.74473,42,33,3,0,0,30.3299,0,-0.0872665,-3.78817,0.0830463,-0.048248,-0.0139252,-0.491038,0.1
3034,2.36703,-0.15708,-0.159795,-0.812109,-0.737118,6.07418,0.00745708,-3.78562,-0,-3.74473,42,33,3,0,0,30.3399,0,-0.0872665,-3.78562,0.0830531,-0.049864,-0.0140072,-0.490175,0.1
3035,2.3654,-0.165806,-0.169382,-0.699316,-0.695013,6.07418,0.0127836,-3.79326,-0,-3.78984,42,33,3,0,0,30.3499,0,-0.0872665,-3.79326,0.0830357,-0.0514777,-0.0139911,-0.48929,0.1
3036,2.36367,-0.165806,-0.171513,-0.688037,-0.68287,6.07418,-0.00426119,-3.77443,-0,-3.75601,42,33,3,0,0,30.36,0,-0.0872665,-3.77443,0.0831447,-0.0530896,-0.0138772,-0.488384,0.1
3037,2.36195,-0.176278,-0.182166,-0.710596,-0.635026,6.07418,-0.0245018,-3.78246,-0,-3.75601,42,33,3,0,0,30.3699,0,-0.0872665,-3.78246,0.0831454,-0.0546992,-0.0137611,-0.487457,0.1
3038,2.36022,-0.169297,-0.173643,-0.609082,-0.629963,6.07418,0.0255671,-3.78088,-0,-3.74473,42,33,3,0,0,30.3799,0,-0.0872665,-3.78088,0.0831521,-0.0563068,-0.0136429,-0.486508,0.1
3039,2.3585,-0.165806,-0.153403,-0.552686,-0.596664,6.07418,9.39321e-18,-3.78106,-0,-3.74473,42,33,3,0,0,30.3899,0,-0.0872665,-3.78106,0.0831402,-0.0579121,-0.0135225,-0.485538,0.1
3040,2.35677,-0.158825,-0.173643,-0.541406,-0.57599,6.07418,-0.0202406,-3.76959,-0,-3.80112,42,33,3,0,0,30.3999,0,-0.0872665,-3.76959,0.0832062,-0.0595152,-0.0133999,-0.484547,0.1
3041,2.35504,-0.172788,-0.165121,-0.563965,-0.569611,6.07418,0.00319589,-3.78045,-0,-3.78984,42,33,3,0,0,30.4099,0,-0.0872665,-3.78045,0.0831995,-0.0611158,-0.0132748,-0.483535,0.1
3042,2.35332,-0.155334,-0.196015,-0.64292,-0.486831,6.07418,1.20024e-17,-3.77966,-0,-3.76729,42,33,3,0,0,30.4199,0,-0.0872665,-3.77966,0.0831992,-0.062714,-0.0131473,-0.482502,0.1
3043,2.35159,-0.172788,-0.156599,-0.451172,-0.481566,6.07418,0.00958767,-3.77728,-0,-3.73345,42,33,3,0,0,30.4299,0,-0.0872665,-3.77728,0.0832205,-0.0643099,-0.0130174,-0.481448,0.1
3044,2.34996,-0.164061,-0.175774,-0.451172,-0.509474,6.07418,-0.00426119,-3.76836,-0,-3.75601,42,33,3,0,0,30.4399,0,-0.0872665,-3.76836,0.083281,-0.0659031,-0.0129808,-0.480373,0.1
3045,2.34843,-0.150098,-0.143815,-0.496289,-0.5574,6.07418,0.0245018,-3.77645,-0,-3.73345,42,33,3,0,0,30.4499,0,-0.0872665,-3.77645,0.0833004,-0.0674938,-0.0130374,-0.479277,0.1
3046,2.34689,-0.16057,-0.152337,-0.721875,-0.677396,6.07418,-0.0127836,-3.77595,-0,-3.72217,42,33,3,0,0,30.4599,0,-0.0872665,-3.77595,0.0832986,-0.0690818,-0.0130915,-0.47816,0.1
3047,2.34546,-0.150098,-0.147011,-0.733154,-0.767391,6.07418,0.01811,-3.7755,-0,-3.73345,42,33,3,0,0,30.4699,0,-0.0872665,-3.7755,0.0833105,-0.070667,-0.0132386,-0.477023,0.1
3048,2.34383,-0.164061,-0.153403,-0.812109,-0.785322,6.07418,-0.0117183,-3.77079,-0,-3.76729,42,33,3,0,0,30.4799,0,-0.0872665,-3.77079,0.0832923,-0.0722495,-0.0131913,-0.475864,0.1
3049,2.34229,-0.158825,-0.174709,-0.766992,-0.69473,6.07418,0.028763,-3.77626,-0,-3.72217,42,33,3,0,0,30.4899,0,-0.0872665,-3.77643,0.0832419,-0.0738291,-0.0132368,-0.474685,0.1
3050,2.34066,-0.171042,-0.173643,-0.654199,-0.563261,6.07418,-0.00852238,-3.77675,-0,-3.73345,42,33,3,0,0,30.4999,0,-0.0872665,-3.77675,0.0832338,-0.0754058,-0.0131837,-0.473485,0.1
3051,2.33894,-0.167552,-0.17897,-0.575244,-0.534714,6.07418,0.00852238,-3.77279,-0,-3.73345,42,33,3,0,0,30.5099,0,-0.0872665,-3.77279,0.0832662,-0.0769795,-0.0130317,-0.472264,0.1
3052,2.33731,-0.162316,-0.149142,-0.541406,-0.549065,6.07418,0.0127836,-3.7797,-0,-3.75601,42,33,3,0,0,30.5199,0,-0.0872665,-3.7797,0.0832371,-0.0785501,-0.0129724,-0.471023,0.1
3053,2.33568,-0.158825,-0.170448,-0.563965,-0.571022,6.07418,-0.00319589,-3.76851,-0,-3.76729,42,33,3,0,0,30.5299,0,-0.0872665,-3.76851,0.0833037,-0.0801178,-0.0129103,-0.469761,0.1
3054,2.33414,-0.153589,-0.131032,-0.586523,-0.639281,6.07418,0.00319589,-3.77276,-0,-3.75601,42,33,3,0,0,30.5399,0,-0.0872665,-3.77276,0.0832967,-0.0816822,-0.0129406,-0.468479,0.1
3055,2.33251,-0.151844,-0.134227,-0.586523,-0.651472,6.07418,8.21906e-18,-3.77355,-0,-3.76729,42,33,3,0,0,30.5499,0,-0.0872665,-3.77355,0.0832911,-0.0832434,-0.012872,-0.467176,0.1
3056,2.33088,-0.146608,-0.136358,-0.699316,-0.6578,6.07418,0.0276977,-3.77412,-0,-3.85752,42,33,3,0,0,30.5599,0,-0.0872665,-3.77412,0.0833106,-0.0848013,-0.0128001,-0.465853,0.1
3057,2.32935,-0.162316,-0.151272,-0.64292,-0.685867,6.07418,-0.010653,-3.7644,-0,-3.84624,42,33,3,0,0,30.5699,0,-0.0872665,-3.7644,0.0833211,-0.0863558,-0.0128206,-0.464509,0.1
3058,2.32791,-0.143117,-0.166186,-0.563965,-0.67572,6.07418,0.0234365,-3.7639,-0,-3.85752,42,33,3,0,0,30.5799,0,-0.0872665,-3.7639,0.083348,-0.0879071,-0.0129338,-0.463145,0.1
3059,2.32647,-0.148353,-0.133162,-0.721875,-0.674516,6.07418,-0.0276977,-3.75909,-0,-3.85752,42,33,3,0,0,30.5899,0,-0.0872665,-3.75909,0.083381,-0.0894548,-0.0130434,-0.461761,0.1
3060,2.32494,-0.151844,-0.128901,-0.64292,-0.77011,6.07418,0.0170448,-3.75805,-0,-3.84624,42,33,3,0,0,30.5999,0,-0.0872665,-3.75805,0.0834282,-0.0909989,-0.0130535,-0.460357,0.1
3061,2.3235,-0.143117,-0.127836,-0.766992,-0.807789,6.07418,-0.0010653,-3.76489,-0,-3.8688,42,33,3,0,0,30.6099,0,-0.0872665,-3.76489,0.083407,-0.0925395,-0.013156,-0.458932,0.1
3062,2.32216,-0.13439,-0.143815,-0.80083,-0.834821,6.07418,0.0149142,-3.75795,-0,-3.85752,42,33,3,0,0,30.6199,0,-0.0872665,-3.75795,0.0834373,-0.0940764,-0.0133506,-0.457487,0.1
3063,2.32072,-0.137881,-0.149142,-0.845947,-0.870344,6.07418,-0.00958767,-3.76053,-0,-3.85752,42,33,3,0,0,30.6299,0,-0.0872665,-3.76053,0.0834247,-0.0956095,-0.0134457,-0.456023,0.1
3064,2.31938,-0.132645,-0.133162,-0.891064,-0.884707,6.07418,0.00852238,-3.75242,-0,-3.84624,42,33,3,0,0,30.6399,0,-0.0872665,-3.75242,0.0834807,-0.0971389,-0.0136329,-0.454538,0.1
3065,2.31794,-0.151844,-0.127836,-0.924902,-0.87846,6.07418,-0.00745708,-3.75995,-0,-3.82368,42,33,3,0,0,30.6499,0,-0.0872665,-3.75995,0.0834637,-0.0986646,-0.0137204,-0.453033,0.1
3066,2.31641,-0.150098,-0.127836,-0.891064,-0.79911,6.07418,0.00319589,-3.75968,-0,-3.71089,42,33,3,0,0,30.6599,0,-0.0872665,-3.75968,0.0834513,-0.100186,-0.0137081,-0.451509,0.1
3067,2.31497,-0.153589,-0.170448,-0.721875,-0.704419,6.07418,-0.00213059,-3.76129,-0,-3.84624,42,33,3,0,0,30.6699,0,-0.0872665,-3.76129,0.0834365,-0.101704,-0.0137876,-0.449965,0.1
3068,2.31334,-0.167552,-0.172578,-0.631641,-0.667074,6.07428,-0.0117183,-3.75213,-0,-3.72217,42,33,3,0,0,30.6799,0,-0.0872665,-3.75213,0.0835004,-0.103218,-0.0136717,-0.448401,0.1
3069,2.31171,-0.151844,-0.152337,-0.609082,-0.594899,6.07428,0.0138489,-3.75331,-0,-3.71089,42,33,3,0,0,30.6899,0,-0.0872665,-3.75331,0.0835398,-0.104727,-0.0135513,-0.446817,0.1
3070,2.31008,-0.158825,-0.16299,-0.64292,-0.536515,6.07428,-0.01811,-3.74563,-0,-3.83496,42,33,3,0,0,30.6999,0,-0.0872665,-3.74563,0.0836028,-0.106233,-0.0134271,-0.445214,0.1
3071,2.30845,-0.16057,-0.158729,-0.541406,-0.560002,6.07428,0.0010653,-3.74583,-0,-3.83496,42,33,3,0,0,30.7099,0,-0.0872665,-3.74583,0.0836179,-0.107734,-0.0132985,-0.443591,0.1
3072,2.30672,-0.171042,-0.173643,-0.518848,-0.532115,6.07428,0.00745708,-3.75314,-0,-3.69961,42,33,3,0,0,30.7199,0,-0.0872665,-3.75314,0.0836078,-0.109231,-0.0130698,-0.441949,0.1
3073,2.30519,-0.155334,-0.153403,-0.48501,-0.489823,6.07428,0.0362201,-3.75025,-0,-3.68833,42,33,3,0,0,30.7299,0,-0.0872665,-3.75165,0.0836167,-0.110724,-0.0130286,-0.440287,0.1
3074,2.30356,-0.15708,-0.165121,-0.451172,-0.462254,6.07428,-0.01811,-3.74576,-0,-3.72217,42,33,3,0,0,30.7399,0,-0.0872665,-3.74576,0.0836385,-0.112212,-0.0128871,-0.438606,0.1
3075,2.30193,-0.15708,-0.140619,-0.48501,-0.499633,6.07428,-0.00213059,-3.74557,-0,-3.71089,42,33,3,0,0,30.7499,0,-0.0872665,-3.74557,0.0836495,-0.113696,-0.0127412,-0.436906,0.1
3076,2.3004,-0.150098,-0.169382,-0.507568,-0.525415,6.07428,-0.0319589,-3.74811,-0,-3.71089,42,33,3,0,0,30.7599,0,-0.0872665,-3.74811,0.083646,-0.115176,-0.0126867,-0.435186,0.1
3077,2.29886,-0.148353,-0.165121,-0.530127,-0.603212,6.07428,0.0149142,-3.75045,0.00872665,-3.69961,42,33,3,0,0,30.7699,0,-0.0872665,-3.75045,0.0836636,-0.116651,-0.0126277,-0.433448,0.1
3078,2.29742,-0.136136,-0.149142,-0.541406,-0.560061,6.07428,0.0010653,-3.74545,-0,-3.73345,42,33,3,0,0,30.7799,0,-0.0872665,-3.74545,0.083702,-0.118121,-0.0126598,-0.43169,0.1
3079,2.29599,-0.148353,-0.132097,-0.597803,-0.60822,6.07428,0.00852238,-3.73365,-0,-3.68833,42,33,3,0,0,30.7899,0,-0.0872665,-3.73365,0.0837595,-0.119587,-0.0126874,-0.429913,0.1
3080,2.29455,-0.146608,-0.134227,-0.676758,-0.698077,6.07428,0.0362201,-3.74264,-0,-3.69961,42,33,3,0,0,30.7999,0,-0.0872665,-3.74321,0.0837663,-0.121048,-0.0127101,-0.428117,0.1
3081,2.29321,-0.13439,-0.115052,-0.755713,-0.791349,6.07428,-0.00745708,-3.74042,-0,-3.73345,42,33,3,0,0,30.8099,0,-0.0872665,-3.74042,0.0837628,-0.122504,-0.0128241,-0.426303,0.1
3082,2.29167,-0.150098,-0.166186,-0.778271,-0.743857,6.07428,-0.010653,-3.74003,-0,-3.71089,42,33,3,0,0,30.8199,0,-0.0872665,-3.74003,0.083733,-0.123955,-0.0127414,-0.424469,0.1
3083,2.29023,-0.144862,-0.159795,-0.699316,-0.717988,6.07428,-0.00639178,-3.743,-0,-3.74473,42,33,3,0,0,30.8299,0,-0.0872665,-3.743,0.0837044,-0.125401,-0.0127498,-0.422617,0.1
3084,2.2888,-0.141372,-0.14488,-0.699316,-0.629868,6.07428,0.0117183,-3.73783,-0,-3.69961,42,33,3,0,0,30.8399,0,-0.0872665,-3.73783,0.083744,-0.126843,-0.012753,-0.420746,0.1
3085,2.28736,-0.148353,-0.131032,-0.620361,-0.605731,6.07428,0.00319589,-3.73614,-0,-3.73345,42,33,3,0,0,30.8499,0,-0.0872665,-3.73614,0.083741,-0.128279,-0.0127514,-0.418857,0.1
3086,2.28582,-0.141372,-0.140619,-0.552686,-0.607821,6.07428,0.0276977,-3.73909,-0,-3.69961,42,33,3,0,0,30.8599,0,-0.0872665,-3.73909,0.0837648,-0.129711,-0.0126488,-0.416949,0.1
3087,2.28439,-0.153589,-0.14488,-0.64292,-0.655758,6.07428,-0.01811,-3.72996,-0,-3.73345,42,33,3,0,0,30.8699,0,-0.0872665,-3.72996,0.0838043,-0.131137,-0.012637,-0.415022,0.1
3088,2.28295,-0.1309,-0.129966,-0.541406,-0.667201,6.07428,0.00213059,-3.7312,-0,-3.82368,42,33,3,0,0,30.8799,0,-0.0872665,-3.7312,0.0838366,-0.132558,-0.01262,-0.413078,0.1
3089,2.2816,-0.151844,-0.139554,-0.64292,-0.762275,6.07428,0.00639178,-3.73182,-0,-3.71089,42,33,3,0,0,30.8899,0,-0.0872665,-3.73182,0.0838515,-0.133974,-0.0126937,-0.411115,0.1
3090,2.28017,-0.143117,-0.127836,-0.676758,-0.748731,6.07428,-0.0223712,-3.71819,-0,-3.71089,42,33,3,0,0,30.8999,0,-0.0872665,-3.71819,0.0839048,-0.135385,-0.0126661,-0.409133,0.1
3091,2.27873,-0.137881,-0.150207,-0.665479,-0.700678,6.07428,0.010653,-3.7306,-0,-3.69961,42,33,3,0,0,30.9099,0,-0.0872665,-3.7306,0.0838414,-0.13679,-0.0126331,-0.407134,0.1
3092,2.27739,-0.139626,-0.133162,-0.699316,-0.65422,6.07428,0.0010653,-3.7267,-0,-3.73345,42,33,3,0,0,30.9199,0,-0.0872665,-3.7267,0.0838616,-0.13819,-0.0126908,-0.405117,0.1
3093,2.27595,-0.143117,-0.137423,-0.575244,-0.63339,6.07428,0.0308936,-3.7358,-0,-3.68833,42,33,3,0,0,30.9299,0,-0.0872665,-3.7358,0.0838722,-0.139584,-0.0126471,-0.403081,0.1
3094,2.27451,-0.143117,-0.129966,-0.620361,-0.7004,6.07428,-0.0010653,-3.72018,-0,-3.73345,42,33,3,0,0,30.9399,0,-0.0872665,-3.72018,0.0839449,-0.140973,-0.0125978,-0.401028,0.1
3095,2.27307,-0.141372,-0.148076,-0.688037,-0.688462,6.07428,0.0234365,-3.72602,-0,-3.69961,42,33,3,0,0,30.9499,0,-0.0872665,-3.72602,0.0839413,-0.142356,-0.012543,-0.398957,0.1
3096,2.27173,-0.137881,-0.152337,-0.755713,-0.714544,6.07428,-0.0138489,-3.71518,-0,-3.69961,42,33,3,0,0,30.9599,0,-0.0872665,-3.71518,0.0840062,-0.143734,-0.0125785,-0.396868,0.1
3097,2.27039,-0.143117,-0.136358,-0.721875,-0.730657,6.07428,0.0213059,-3.71795,-0,-3.67705,42,33,3,0,0,30.9699,0,-0.0872665,-3.71795,0.0840218,-0.145106,-0.0126082,-0.394762,0.1
3098,2.26905,-0.132645,-0.118248,-0.699316,-0.692286,6.07428,-0.00639178,-3.71723,-0,-3.71089,42,33,3,0,0,30.9799,0,-0.0872665,-3.71723,0.0840247,-0.146472,-0.0126323,-0.392638,0.1
3099,2.2677,-0.113446,-0.134227,-0.688037,-0.684327,6.07428,0.0266324,-3.71788,-0,-3.69961,42,33,3,0,0,30.9899,0,-0.0872665,-3.71802,0.0840398,-0.147833,-0.0126505,-0.390497,0.1
3100,2.26646,-0.13439,-0.12677,-0.721875,-0.79731,6.07428,-0.0127836,-3.71439,-0,-3.80112,42,33,3,0,0,30.9999,0,-0.0872665,-3.71439,0.0840502,-0.149187,-0.0127588,-0.388338,0.1
3101,2.26511,-0.132645,-0.134227,-0.891064,-0.839038,6.07428,0.0138489,-3.71483,-0,-3.78984,42,33,3,0,0,31.0099,0,-0.0872665,-3.71483,0.0840682,-0.150536,-0.0127653,-0.386162,0.1
3102,2.26368,-0.137881,-0.132097,-0.778271,-0.704858,6.07428,0.0010653,-3.73252,-0,-3.71089,42,33,3,0,0,31.0199,0,-0.0872665,-3.73252,0.0839525,-0.151879,-0.01267,-0.383968,0.1
3103,2.26224,-0.155334,-0.132097,-0.631641,-0.590964,6.07428,-0.00319589,-3.72024,-0,-3.77856,42,33,3,0,0,31.0299,0,-0.0872665,-3.72024,0.0839822,-0.153216,-0.0125688,-0.381758,0.1
3104,2.2608,-0.155334,-0.148076,-0.507568,-0.475393,6.07428,0.0308936,-3.72444,-0,-3.78984,42,33,3,0,0,31.0399,0,-0.0872665,-3.72509,0.0839955,-0.154546,-0.0124614,-0.37953,0.1
3105,2.25946,-0.143117,-0.127836,-0.428613,-0.478449,6.07428,-0.0213059,-3.71053,-0,-3.80112,42,33,3,0,0,31.0499,0,-0.0872665,-3.71053,0.0840589,-0.155871,-0.0124439,-0.377286,0.1
3106,2.25792,-0.148353,-0.129966,-0.507568,-0.590017,6.07437,-0.00639178,-3.71526,-0,-3.80112,42,33,3,0,0,31.0599,0,-0.0872665,-3.71526,0.084084,-0.15719,-0.0122284,-0.375025,0.1
3107,2.25649,-0.141372,-0.127836,-0.64292,-0.638817,6.07437,-0.0170448,-3.71208,-0,-3.8124,42,33,3,0,0,31.0699,0,-0.0872665,-3.71208,0.0840946,-0.158502,-0.0121027,-0.372746,0.1
3108,2.25505,-0.144862,-0.151272,-0.609082,-0.592246,6.07437,9.26275e-18,-3.70825,-0,-3.8124,42,33,3,0,0,31.0799,0,-0.0872665,-3.70825,0.0841184,-0.159808,-0.0119707,-0.370452,0.1
3109,2.25371,-0.139626,-0.154468,-0.530127,-0.491186,6.07437,-0.00426119,-3.717,-0,-3.69961,42,33,3,0,0,31.0899,0,-0.0872665,-3.717,0.0840723,-0.161108,-0.0119281,-0.36814,0.1
3110,2.25236,-0.13439,-0.120379,-0.428613,-0.493655,6.07437,0.00319589,-3.71379,-0,-3.66577,42,33,3,0,0,31.0999,0,-0.0872665,-3.71379,0.0841103,-0.162401,-0.0118792,-0.365812,0.1
3111,2.25102,-0.1309,-0.125705,-0.541406,-0.575561,6.07437,-0.00639178,-3.7023,-0,-3.69961,42,33,3,0,0,31.1099,0,-0.0872665,-3.7023,0.0841891,-0.163688,-0.011824,-0.363468,0.1
3112,2.24958,-0.141372,-0.12677,-0.620361,-0.589489,6.07437,-0.00319589,-3.70706,-0,-3.69961,42,33,3,0,0,31.1199,0,-0.0872665,-3.70706,0.0841943,-0.164969,-0.0116664,-0.361107,0.1
3113,2.24834,-0.125664,-0.129966,-0.620361,-0.63549,6.07437,-0.00213059,-3.71191,-0,-3.68833,42,33,3,0,0,31.1299,0,-0.0872665,-3.71191,0.0841864,-0.166243,-0.0116941,-0.35873,0.1
3114,2.24709,-0.132645,-0.134227,-0.665479,-0.589925,6.07437,0.0170448,-3.70236,-0,-3.66577,42,33,3,0,0,31.1399,0,-0.0872665,-3.70236,0.0842377,-0.16751,-0.0117152,-0.356337,0.1
3115,2.24584,-0.122173,-0.140619,-0.586523,-0.630216,6.07437,-0.0159795,-3.69604,-0,-3.66577,42,33,3,0,0,31.1499,0,-0.0872665,-3.69604,0.0842744,-0.168771,-0.0117296,-0.353928,0.1
3116,2.24469,-0.10472,-0.115052,-0.620361,-0.65419,6.07437,-0.00745708,-3.69571,-0,-3.64321,42,33,3,0,0,31.1599,0,-0.0872665,-3.69571,0.0843016,-0.170025,-0.0118333,-0.351503,0.1
3117,2.24354,-0.106465,-0.116117,-0.721875,-0.77269,6.07437,0.0319589,-3.70997,-0,-3.66577,42,33,3,0,0,31.1699,0,-0.0872665,-3.71063,0.0842738,-0.171273,-0.0119303,-0.349063,0.1
3118,2.24239,-0.111701,-0.101203,-0.845947,-0.892686,6.07437,-0.00213059,-3.69561,-0,-3.67705,42,33,3,0,0,31.1799,0,-0.0872665,-3.69561,0.0843313,-0.172513,-0.0120205,-0.346606,0.1
3119,2.24134,-0.106465,-0.105464,-0.981299,-0.912929,6.07437,0.00319589,-3.70008,-0,-3.67705,42,33,3,0,0,31.1899,0,-0.0872665,-3.70008,0.0843121,-0.173747,-0.0121998,-0.344134,0.1
3120,2.24019,-0.118682,-0.118248,-0.913623,-0.858677,6.07437,-0.0117183,-3.68882,-0,-3.66577,42,33,3,0,0,31.1999,0,-0.0872665,-3.68882,0.0843551,-0.174974,-0.0122763,-0.341646,0.1
3121,2.23894,-0.116937,-0.12677,-0.699316,-0.785549,6.07437,0.0266324,-3.69855,-0,-3.64321,42,33,3,0,0,31.2099,0,-0.0872665,-3.69867,0.0843233,-0.176194,-0.01225,-0.339143,0.1
3122,2.23779,-0.115192,-0.10866,-0.766992,-0.727059,6.07437,-0.00213059,-3.70106,0.0139626,-3.66577,42,33,3,0,0,31.2199,0,-0.0872665,-3.70106,0.0843086,-0.177407,-0.0123127,-0.336624,0.1
3123,2.23645,-0.1309,-0.110791,-0.766992,-0.765425,6.07437,0.00426119,-3.69707,-0,-3.66577,42,33,3,0,0,31.2299,0,-0.0872665,-3.69707,0.08436,-0.178614,-0.0121766,-0.33409,0.1
3124,2.2352,-0.122173,-0.128901,-0.766992,-0.69733,6.07437,-0.0202406,-3.69281,-0,-3.66577,42,33,3,0,0,31.2399,0,-0.0872665,-3.69281,0.0843792,-0.179813,-0.0121293,-0.331541,0.1
3125,2.23396,-0.123918,-0.129966,-0.733154,-0.717435,6.07437,0.0010653,-3.68934,-0,-3.66577,42,33,3,0,0,31.2499,0,-0.0872665,-3.68934,0.0844144,-0.181005,-0.012075,-0.328977,0.1
3126,2.23261,-0.125664,-0.0980073,-0.710596,-0.656134,6.07437,-0.0127836,-3.69704,-0,-3.66577,42,33,3,0,0,31.2599,0,-0.0872665,-3.69704,0.0843792,-0.182189,-0.0119176,-0.326398,0.1
3127,2.23137,-0.120428,-0.125705,-0.64292,-0.714402,6.07437,0.00213059,-3.68658,-0,-3.64321,42,33,3,0,0,31.2699,0,-0.0872665,-3.68658,0.0844236,-0.183367,-0.0118489,-0.323804,0.1
3128,2.23012,-0.120428,-0.112921,-0.699316,-0.642784,6.07437,-0.00639178,-3.69125,-0,-3.66577,42,33,3,0,0,31.2799,0,-0.0872665,-3.69125,0.0844239,-0.184538,-0.011773,-0.321195,0.1
3129,2.22887,-0.132645,-0.10866,-0.665479,-0.684487,6.07437,0.0223712,-3.69149,-0,-3.64321,42,33,3,0,0,31.2899,0,-0.0872665,-3.69149,0.0844467,-0.185701,-0.0116898,-0.318572,0.1
3130,2.22753,-0.127409,-0.122509,-0.665479,-0.585,6.07437,-0.0149142,-3.68919,-0,-3.67705,42,33,3,0,0,31.2999,0,-0.0872665,-3.68919,0.0844353,-0.186857,-0.0115034,-0.315934,0.1
3131,2.22629,-0.1309,-0.119313,-0.575244,-0.551632,6.07437,-0.00532648,-3.69337,-0,-3.66577,42,33,3,0,0,31.3099,0,-0.0872665,-3.69337,0.0844366,-0.188005,-0.0114054,-0.313281,0.1
3132,2.22504,-0.127409,-0.127836,-0.541406,-0.560234,6.07437,0.0234365,-3.69884,-0,-3.67705,42,33,3,0,0,31.3199,0,-0.0872665,-3.69884,0.0844092,-0.189146,-0.0113001,-0.310615,0.1
3133,2.22379,-0.122173,-0.128901,-0.530127,-0.517602,6.07437,-0.0127836,-3.68688,-0,-3.67705,42,33,3,0,0,31.3299,0,-0.0872665,-3.68688,0.0844566,-0.19028,-0.0111873,-0.307934,0.1
3134,2.22264,-0.120428,-0.105464,-0.530127,-0.590329,6.07437,0.0127836,-3.69299,-0,-3.66577,42,33,3,0,0,31.3399,0,-0.0872665,-3.69299,0.0844407,-0.191406,-0.0111628,-0.305239,0.1
3135,2.2214,-0.115192,-0.096942,-0.654199,-0.621818,6.07437,0.0117183,-3.68563,-0,-3.66577,42,33,3,0,0,31.3499,0,-0.0872665,-3.68563,0.0844849,-0.192524,-0.011035,-0.302529,0.1
3136,2.22025,-0.118682,-0.118248,-0.631641,-0.632664,6.07437,-0.00426119,-3.68097,-0,-3.66577,42,33,3,0,0,31.3599,0,-0.0872665,-3.68097,0.0845171,-0.193635,-0.0109954,-0.299807,0.1
3137,2.21909,-0.106465,-0.12464,-0.688037,-0.601803,6.07437,0.00639178,-3.67923,-0,-3.65449,42,33,3,0,0,31.3699,0,-0.0872665,-3.67923,0.0845292,-0.194738,-0.0109481,-0.29707,0.1
3138,2.21794,-0.111701,-0.119313,-0.665479,-0.568157,6.07437,0.0276977,-3.68751,-0,-3.66577,42,33,3,0,0,31.3799,0,-0.0872665,-3.68751,0.0845182,-0.195834,-0.0108932,-0.294319,0.1
3139,2.21679,-0.116937,-0.122509,-0.530127,-0.574191,6.07437,-0.0149142,-3.68207,-0,-3.65449,42,33,3,0,0,31.3899,0,-0.0872665,-3.68207,0.0845207,-0.196922,-0.0108305,-0.291555,0.1
3140,2.21574,-0.10472,-0.10653,-0.541406,-0.643286,6.07437,-0.0159795,-3.67117,-0,-3.66577,42,33,3,0,0,31.3999,0,-0.0872665,-3.67117,0.0845834,-0.198002,-0.0108559,-0.288777,0.1
3141,2.21468,-0.106465,-0.0894849,-0.609082,-0.683525,6.07437,0.00532648,-3.68621,-0,-3.75601,42,33,3,0,0,31.4099,0,-0.0872665,-3.68621,0.0845407,-0.199074,-0.0108735,-0.285987,0.1
3142,2.21363,-0.113446,-0.117183,-0.710596,-0.74574,6.07437,0.0010653,-3.68653,-0,-3.67705,42,33,3,0,0,31.4199,0,-0.0872665,-3.68653,0.084527,-0.200138,-0.0108833,-0.283182,0.1
3143,2.21248,-0.113446,-0.104399,-0.699316,-0.681887,6.07437,-0.00213059,-3.69762,-0,-3.77856,42,33,3,0,0,31.4299,0,-0.0872665,-3.69762,0.0844522,-0.201195,-0.0107892,-0.280365,0.1
3144,2.21133,-0.111701,-0.113987,-0.710596,-0.585028,6.07437,6.97968e-18,-3.6915,-0,-3.77856,42,33,3,0,0,31.4399,0,-0.0872665,-3.6915,0.08444,-0.202243,-0.0106873,-0.277534,0.1
3145,2.21008,-0.123918,-0.148076,-0.530127,-0.471311,6.07437,0.0202406,-3.68914,-0,-3.77856,42,33,3,0,0,31.4499,0,-0.0872665,-3.68914,0.08445,-0.203284,-0.0104815,-0.274691,0.1
3146,2.20893,-0.122173,-0.116117,-0.417334,-0.428685,6.07437,0.00852238,-3.69441,-0,-3.77856,42,33,3,0,0,31.4599,0,-0.0872665,-3.69441,0.0844424,-0.204316,-0.0103635,-0.271835,0.1
3147,2.20778,-0.111701,-0.118248,-0.47373,-0.463651,6.07437,0.0138489,-3.68805,-0,-3.77856,42,33,3,0,0,31.4699,0,-0.0872665,-3.68805,0.084483,-0.205341,-0.0102374,-0.268966,0.1
3148,2.20673,-0.106465,-0.0958767,-0.47373,-0.492449,6.07447,-0.00319589,-3.68724,-0,-3.67705,42,33,3,0,0,31.4799,0,-0.0872665,-3.68724,0.0845029,-0.206357,-0.0101992,-0.266085,0.1
3149,2.20567,-0.0994838,-0.101203,-0.541406,-0.612445,6.07447,0.010653,-3.68228,-0,-3.77856,42,33,3,0,0,31.4899,0,-0.0872665,-3.68228,0.0845417,-0.207365,-0.0101527,-0.263191,0.1
3150,2.20471,-0.0994838,-0.068179,-0.676758,-0.707881,6.07447,0.00639178,-3.69149,-0,-3.63193,42,33,3,0,0,31.4999,0,-0.0872665,-3.69149,0.08451,-0.208365,-0.010194,-0.260284,0.1
3151,2.20366,-0.106465,-0.101203,-0.755713,-0.688642,6.07447,-0.00319589,-3.67839,-0,-3.77856,42,33,3,0,0,31.5099,0,-0.0872665,-3.67839,0.0845274,-0.209357,-0.0101311,-0.257366,0.1
3152,2.2027,-0.102974,-0.110791,-0.64292,-0.605101,6.07447,-0.00745708,-3.67706,-0,-3.64321,42,33,3,0,0,31.5199,0,-0.0872665,-3.67706,0.0845327,-0.21034,-0.010156,-0.254435,0.1
3153,2.20165,-0.10821,-0.123574,-0.609082,-0.542326,6.07447,0.0010653,-3.67429,-0,-3.64321,42,33,3,0,0,31.5299,0,-0.0872665,-3.67429,0.084543,-0.211316,-0.0100765,-0.251492,0.1
3154,2.20069,-0.101229,-0.129966,-0.518848,-0.495573,6.07447,-0.0213059,-3.67109,-0,-3.63193,42,33,3,0,0,31.5399,0,-0.0872665,-3.67109,0.0845855,-0.212283,-0.0100847,-0.248538,0.1
3155,2.19973,-0.0907571,-0.0862891,-0.451172,-0.5763,6.07447,0.0234365,-3.67063,-0,-3.64321,42,33,3,0,0,31.5499,0,-0.0872665,-3.67063,0.0846367,-0.213241,-0.0100844,-0.245571,0.1
3156,2.19877,-0.0977384,-0.0916155,-0.64292,-0.668659,6.07447,0.0159795,-3.67778,-0,-3.64321,42,33,3,0,0,31.5599,0,-0.0872665,-3.67778,0.0846395,-0.214191,-0.0100757,-0.242593,0.1
3157,2.19781,-0.0994838,-0.0767014,-0.721875,-0.722669,6.07447,0.0117183,-3.67647,-0,-3.63193,42,33,3,0,0,31.5699,0,-0.0872665,-3.67647,0.0846357,-0.215133,-0.0100586,-0.239604,0.1
3158,2.19704,-0.0820305,-0.111856,-0.778271,-0.735074,6.07447,-0.00319589,-3.67185,-0,-3.63193,42,33,3,0,0,31.5799,0,-0.0872665,-3.67185,0.0846491,-0.216066,-0.0102248,-0.236603,0.1
3159,2.19618,-0.0820305,-0.100138,-0.733154,-0.695941,6.07447,6.13168e-18,-3.6743,-0,-3.63193,42,33,3,0,0,31.5899,0,-0.0872665,-3.6743,0.0846591,-0.21699,-0.0102865,-0.23359,0.1
3160,2.19522,-0.0977384,-0.0948114,-0.733154,-0.728713,6.07447,0.00745708,-3.66745,-0,-3.60938,42,33,3,0,0,31.5999,0,-0.0872665,-3.66745,0.0847031,-0.217906,-0.0102437,-0.230567,0.1
3161,2.19436,-0.0837758,-0.0980073,-0.721875,-0.716601,6.07447,-0.00532648,-3.67426,-0,-3.62065,42,33,3,0,0,31.6099,0,-0.0872665,-3.67426,0.0846555,-0.218814,-0.0102883,-0.227532,0.1
3162,2.1935,-0.0890118,-0.0873543,-0.744434,-0.758981,6.07447,0.0191753,-3.66606,-0,-3.63193,42,33,3,0,0,31.6199,0,-0.0872665,-3.66606,0.0847144,-0.219713,-0.0103242,-0.224486,0.1
3163,2.19263,-0.0802851,-0.101203,-0.789551,-0.741095,6.07447,-0.0159795,-3.66417,-0,-3.64321,42,33,3,0,0,31.6299,0,-0.0872665,-3.66417,0.0847344,-0.220603,-0.0103515,-0.22143,0.1
3164,2.19187,-0.0767945,-0.057526,-0.778271,-0.812058,6.07447,-0.00213059,-3.66526,-0,-3.63193,42,33,3,0,0,31.6399,0,-0.0872665,-3.66526,0.0847685,-0.221484,-0.0104659,-0.218363,0.1
3165,2.1911,-0.0820305,-0.0745708,-0.868506,-0.905887,6.07447,-0.0149142,-3.66718,-0,-3.63193,42,33,3,0,0,31.6499,0,-0.0872665,-3.66718,0.08477,-0.222357,-0.0105716,-0.215285,0.1
3166,2.19033,-0.0715585,-0.0767014,-0.947461,-0.91764,6.07447,0.00958767,-3.65976,-0,-3.63193,42,33,3,0,0,31.6599,0,-0.0872665,-3.65976,0.0848006,-0.223221,-0.0106685,-0.212197,0.1
3167,2.18957,-0.0855211,-0.0585913,-0.95874,-0.957029,6.07447,0.00639178,-3.6678,-0,-3.64321,42,33,3,0,0,31.6699,0,-0.0872665,-3.6678,0.0847527,-0.224076,-0.0107565,-0.209098,0.1
3168,2.1887,-0.0820305,-0.0809626,-0.97002,-0.874522,6.07447,-0.0010653,-3.66251,-0,-3.69961,42,33,3,0,0,31.68,0,-0.0872665,-3.66251,0.0847837,-0.224926,-0.0107439,-0.205975,0.1
3169,2.18784,-0.0907571,-0.0745708,-0.891064,-0.788641,6.07447,0.00745708,-3.67011,-0,-3.60938,42,33,3,0,0,31.6899,0,-0.0872665,-3.67011,0.0847526,-0.225759,-0.0107143,-0.202871,0.1
3170,2.18698,-0.0872665,-0.0916155,-0.676758,-0.726186,6.07447,-0.0234365,-3.66375,-0,-3.60938,42,33,3,0,0,31.6999,0,-0.0872665,-3.66375,0.0847855,-0.226588,-0.0106799,-0.199742,0.1
3171,2.18602,-0.0977384,-0.096942,-0.654199,-0.693647,6.07447,0.0127836,-3.67222,-0,-3.60938,42,33,3,0,0,31.7099,0,-0.0872665,-3.67222,0.0847551,-0.227407,-0.0105407,-0.196603,0.1
3172,2.18506,-0.0977384,-0.123574,-0.64292,-0.623433,6.07447,-0.010653,-3.66748,-0,-3.64321,42,33,3,0,0,31.7199,0,-0.0872665,-3.66748,0.0847707,-0.228218,-0.0103924,-0.193454,0.1
3173,2.1842,-0.10472,-0.0756361,-0.665479,-0.679578,6.07447,0.0127836,-3.6671,-0,-3.64321,42,33,3,0,0,31.7299,0,-0.0872665,-3.6671,0.0847979,-0.229019,-0.010331,-0.190296,0.1
3174,2.18324,-0.0942478,-0.0862891,-0.665479,-0.645742,6.07447,-0.00532648,-3.66267,-0,-3.64321,42,33,3,0,0,31.7399,0,-0.0872665,-3.66267,0.0847949,-0.229812,-0.0101647,-0.187129,0.1
3175,2.18238,-0.0855211,-0.0958767,-0.64292,-0.621623,6.07447,-0.00319589,-3.66341,-0,-3.65449,42,33,3,0,0,31.7499,0,-0.0872665,-3.66341,0.0848037,-0.230595,-0.0100852,-0.183952,0.1
3176,2.18142,-0.0890118,-0.078832,-0.609082,-0.559677,6.07447,-0.00213059,-3.66164,-0,-3.65449,42,33,3,0,0,31.7599,0,-0.0872665,-3.66164,0.0848231,-0.231369,-0.00990081,-0.180766,0.1
3177,2.18055,-0.101229,-0.0767014,-0.575244,-0.637101,6.07447,0.00852238,-3.66284,-0,-3.62065,42,33,3,0,0,31.7699,0,-0.0872665,-3.66284,0.0848373,-0.232134,-0.00980308,-0.17757,0.1
3178,2.17969,-0.0925025,-0.0724402,-0.64292,-0.628072,6.07447,-0.0117183,-3.66199,-0,-3.64321,42,33,3,0,0,31.7799,0,-0.0872665,-3.66199,0.0848514,-0.23289,-0.00969619,-0.174366,0.1
3179,2.17883,-0.0802851,-0.0916155,-0.631641,-0.585724,6.07447,-0.010653,-3.6536,-0,-3.74473,42,33,3,0,0,31.7899,0,-0.0872665,-3.6536,0.0848769,-0.233637,-0.00958012,-0.171153,0.1
3180,2.17806,-0.0837758,-0.0905502,-0.563965,-0.587676,6.07447,-0.0138489,-3.65521,-0,-3.62065,42,33,3,0,0,31.8,0,-0.0872665,-3.65521,0.084877,-0.234375,-0.00955067,-0.167931,0.1
3181,2.1772,-0.0855211,-0.0852238,-0.575244,-0.579456,6.07447,0.00426119,-3.64848,-0,-3.65449,42,33,3,0,0,31.8099,0,-0.0872665,-3.64848,0.0849207,-0.235103,-0.00941612,-0.164701,0.1
3182,2.17634,-0.0890118,-0.0798973,-0.631641,-0.573925,6.07447,-0.00319589,-3.66197,-0,-3.63193,42,33,3,0,0,31.8199,0,-0.0872665,-3.66197,0.0848795,-0.235822,-0.0092723,-0.161462,0.1
3183,2.17547,-0.0837758,-0.0777667,-0.518848,-0.541714,6.07447,-0.0127836,-3.65275,-0,-3.63193,42,33,3,0,0,31.8299,0,-0.0872665,-3.65275,0.0849009,-0.236532,-0.00911916,-0.158214,0.1
3184,2.17451,-0.0837758,-0.0937461,-0.496289,-0.48163,6.07447,0.00745708,-3.65845,-0,-3.74473,42,33,3,0,0,31.8399,0,-0.0872665,-3.65845,0.0848866,-0.237232,-0.00886079,-0.154959,0.1
3185,2.17365,-0.0872665,-0.0926808,-0.552686,-0.473747,6.07447,-0.01811,-3.64998,-0,-3.74473,42,33,3,0,0,31.8499,0,-0.0872665,-3.64998,0.0849432,-0.237923,-0.00868893,-0.151695,0.1
3186,2.17279,-0.0820305,-0.0745708,-0.417334,-0.431181,6.07447,0.00852238,-3.65111,-0,-3.74473,42,33,3,0,0,31.8599,0,-0.0872665,-3.65111,0.0849611,-0.238605,-0.00850766,-0.148424,0.1
3187,2.17193,-0.0855211,-0.0820279,-0.338379,-0.400825,6.07447,-0.00532648,-3.64515,-0,-3.64321,42,33,3,0,0,31.8699,0,-0.0872665,-3.64515,0.0849806,-0.239277,-0.00831699,-0.145145,0.1
3188,2.17116,-0.0680678,-0.0585913,-0.48501,-0.43238,6.07447,0.0234365,-3.65099,-0,-3.72217,42,33,3,0,0,31.8799,0,-0.0872665,-3.65099,0.0849978,-0.23994,-0.00821278,-0.141857,0.1
3189,2.17049,-0.0767945,-0.0745708,-0.439893,-0.486403,6.07447,0.0010653,-3.65608,-0,-3.74473,42,33,3,0,0,31.8899,0,-0.0872665,-3.65608,0.0850082,-0.240593,-0.00819492,-0.138563,0.1
3190,2.16991,-0.0645772,-0.0543301,-0.496289,-0.606402,6.07447,-0.00213059,-3.64356,-0,-3.63193,42,33,3,0,0,31.8999,0,-0.0872665,-3.64356,0.0850615,-0.241237,-0.00826345,-0.135261,0.1
3191,2.16924,-0.0645772,-0.050069,-0.733154,-0.679574,6.07447,0.00319589,-3.65443,-0,-3.72217,42,33,3,0,0,31.9099,0,-0.0872665,-3.65443,0.0850105,-0.241871,-0.00822665,-0.131951,0.1
3192,2.16867,-0.0506145,-0.068179,-0.654199,-0.689797,6.07447,-0.010653,-3.64616,-0,-3.73345,42,33,3,0,0,31.9199,0,-0.0872665,-3.64616,0.0850189,-0.242496,-0.00827609,-0.128635,0.1
3193,2.16799,-0.0645772,-0.0628525,-0.64292,-0.609062,6.07447,0.0245018,-3.65439,-0,-3.73345,42,33,3,0,0,31.9299,0,-0.0872665,-3.65439,0.0849724,-0.243111,-0.00822009,-0.125311,0.1
3194,2.16742,-0.0645772,-0.0479384,-0.597803,-0.604877,6.07456,-0.0127836,-3.64413,-0,-3.62065,42,33,3,0,0,31.9399,0,-0.0872665,-3.64413,0.0850072,-0.243716,-0.00825042,-0.12198,0.1
3195,2.16675,-0.0698132,-0.0873543,-0.631641,-0.588585,6.07456,0.00852238,-3.64742,-0,-3.60938,42,33,3,0,0,31.9499,0,-0.0872665,-3.64742,0.0850024,-0.244312,-0.00817521,-0.118643,0.1
3196,2.16617,-0.0645772,-0.0564607,-0.563965,-0.580819,6.07456,0.00213059,-3.64576,-0,-3.60938,42,33,3,0,0,31.9599,0,-0.0872665,-3.64576,0.0850354,-0.244899,-0.00818622,-0.115299,0.1
3197,2.1655,-0.0558505,-0.0767014,-0.563965,-0.579633,6.07456,0.0117183,-3.6571,-0,-3.63193,42,33,3,0,0,31.9699,0,-0.0872665,-3.6571,0.0850135,-0.245475,-0.00809173,-0.111949,0.1
3198,2.16493,-0.0593412,-0.0585913,-0.586523,-0.616288,6.07456,-0.00639178,-3.64621,-0,-3.62065,42,33,3,0,0,31.9799,0,-0.0872665,-3.64621,0.0850525,-0.246042,-0.00808342,-0.108592,0.1
3199,2.16445,-0.0488692,-0.0543301,-0.586523,-0.655918,6.07456,0.0319589,-3.64581,-0,-3.62065,42,33,3,0,0,31.9899,0,-0.0872665,-3.64667,0.0850651,-0.246599,-0.00816123,-0.105228,0.1
3200,2.16387,-0.0506145,-0.0521996,-0.688037,-0.672268,6.07456,-0.0351548,-3.63655,-0,-3.63193,42,33,3,0,0,31.9999,0,-0.0872665,-3.63655,0.0850906,-0.247147,-0.00813344,-0.101859,0.1
3201,2.16339,-0.0558505,-0.0511343,-0.710596,-0.699297,6.07456,-0.00745708,-3.64157,-0,-3.58682,42,33,3,0,0,32.0099,0,-0.0872665,-3.64157,0.0850818,-0.247685,-0.0081918,-0.0984838,0.1
3202,2.16291,-0.0436332,-0.0330242,-0.721875,-0.730253,6.07456,0.00745708,-3.64981,-0,-3.63193,42,33,3,0,0,32.0199,0,-0.0872665,-3.64981,0.085044,-0.248212,-0.00824036,-0.0951026,0.1
3203,2.16243,-0.0453786,-0.0585913,-0.744434,-0.788373,6.07456,3.58768e-18,-3.64172,-0,-3.5981,42,33,3,0,0,32.0299,0,-0.0872665,-3.64172,0.0850851,-0.248731,-0.00827914,-0.0917156,0.1
3204,2.16195,-0.0488692,-0.0511343,-0.733154,-0.724424,6.07456,-0.0170448,-3.64962,-0,-3.60938,42,33,3,0,0,32.0399,0,-0.0872665,-3.64962,0.0850417,-0.249237,-0.00830636,-0.0413696,0.1
3205,2.16138,-0.0541052,-0.0607219,-0.733154,-0.641991,6.07456,0.00213059,-3.64283,-0,-3.64321,42,33,3,0,0,32.0499,0,-0.0872665,-3.64283,0.0850766,-0.249722,-0.00821589,-0.0330663,0.1
3206,2.1609,-0.0488692,-0.0490037,-0.64292,-0.607025,6.07456,-0.0010653,-3.64792,-0,-3.60938,42,33,3,0,0,32.0599,0,-0.0872665,-3.64792,0.0850302,-0.250183,-0.00819768,-0.0247469,0.1
3207,2.16032,-0.0575959,-0.0596566,-0.631641,-0.595081,6.07456,-0.00426119,-3.63929,-0,-3.62065,42,33,3,0,0,32.0699,0,-0.0872665,-3.63929,0.085088,-0.250621,-0.00805986,-0.0164138,0.1
3208,2.15975,-0.0558505,-0.050069,-0.575244,-0.515535,6.07456,-0.00958767,-3.64102,-0,-3.63193,42,33,3,0,0,32.0799,0,-0.0872665,-3.64102,0.0850883,-0.251034,-0.00789819,-0.00806951,0.1
3209,2.15917,-0.0610865,-0.0532648,-0.552686,-0.503759,6.07456,-0.010653,-3.64095,-0,-3.60938,42,33,3,0,0,32.0899,0,-0.0872665,-3.64095,0.0850902,-0.251424,-0.00771269,0.000286286,0.1
3210,2.1586,-0.0506145,-0.0703096,-0.507568,-0.46586,6.07456,0.0298283,-3.64531,-0,-3.5981,42,33,3,0,0,32.0999,0,-0.0872665,-3.64542,0.0850992,-0.25179,-0.00750319,0.00864985,0.1
3211,2.15812,-0.0593412,-0.0553954,-0.48501,-0.439814,6.07456,-0.0213059,-3.63957,-0,-3.63193,42,33,3,0,0,32.1099,0,-0.0872665,-3.63957,0.0851167,-0.252131,-0.00736551,0.0170196,0.1
3212,2.15764,-0.0488692,-0.028763,-0.439893,-0.44675,6.07456,0.0149142,-3.64907,-0,-3.60938,42,33,3,0,0,32.1199,0,-0.0872665,-3.64907,0.0850868,-0.252449,-0.00720373,0.0253945,0.1
3213,2.15716,-0.0471239,-0.0426119,-0.47373,-0.492896,6.07456,-0.0117183,-3.64191,-0,-3.62065,42,33,3,0,0,32.1299,0,-0.0872665,-3.64191,0.0850896,-0.252742,-0.00701775,0.0337716,0.1
3214,2.15678,-0.0366519,-0.0372854,-0.451172,-0.475841,6.07456,0.0149142,-3.64021,-0,-3.73345,42,33,3,0,0,32.1399,0,-0.0872665,-3.64021,0.0851123,-0.253011,-0.00690342,0.0421498,0.1
3215,2.15639,-0.0279253,-0.039416,-0.496289,-0.50633,6.07456,0.0138489,-3.64685,-0,-3.60938,42,33,3,0,0,32.1499,0,-0.0872665,-3.64685,0.0850879,-0.253256,-0.00676482,0.0505275,0.1
3216,2.15611,-0.0279253,-0.039416,-0.496289,-0.579375,6.07456,0.00426119,-3.64582,-0,-3.62065,42,33,3,0,0,32.1599,0,-0.0872665,-3.64582,0.08511,-0.253477,-0.00669776,0.0589024,0.1
3217,2.15591,-0.0139626,-0.0170448,-0.586523,-0.613396,6.07456,0.00958767,-3.64894,-0,-3.63193,42,33,3,0,0,32.1699,0,-0.0872665,-3.64894,0.0850934,-0.253673,-0.00670219,0.0672722,0.1
3218,2.15572,-0.0174533,-0.0170448,-0.563965,-0.652992,6.07456,-0.00319589,-3.64333,-0,-3.73345,42,33,3,0,0,32.1799,0,-0.0872665,-3.64333,0.0851039,-0.253845,-0.00668224,0.0756365,0.1
3219,2.15553,-0.020944,-0.00639178,-0.710596,-0.727141,6.07456,-0.00426119,-3.65125,-0,-3.60938,42,33,3,0,0,32.1899,0,-0.0872665,-3.65125,0.0850371,-0.253992,-0.00663784,0.083992,0.1
3220,2.15543,-0.00523599,-0.0127836,-0.654199,-0.693068,6.07456,0.0010653,-3.64446,-0,-3.76729,42,33,3,0,0,32.1999,0,-0.0872665,-3.64446,0.085061,-0.254115,-0.00666485,0.0923374,0.1
3221,2.15524,0,-0.0127836,-0.688037,-0.652811,6.07456,0.0245018,-3.65094,-0,-3.63193,42,33,3,0,0,32.2099,0,-0.0872665,-3.65094,0.0850361,-0.254214,-0.00657152,0.100672,0.1
3222,2.15515,-0.0174533,-0.0159795,-0.620361,-0.680601,6.07456,-0.0319589,-3.64755,-0,-3.74473,42,33,3,0,0,32.2199,0,-0.0872665,-3.64755,0.0850331,-0.254287,-0.00654956,0.108991,0.1
3223,2.15496,0,-0.0149142,-0.688037,-0.625003,6.07456,0.0245018,-3.65335,-0,-3.63193,42,33,3,0,0,32.2299,0,-0.0872665,-3.65335,0.0850126,-0.254337,-0.00640723,0.117296,0.1
3224,2.15486,-0.015708,0.00958767,-0.688037,-0.687589,6.07456,-0.00958767,-3.65044,-0,-3.63193,42,33,3,0,0,32.2399,0,-0.0872665,-3.65044,0.0850153,-0.254362,-0.00633627,0.125583,0.1
3225,2.15476,0,-7.17537e-19,-0.688037,-0.671085,6.07456,-0.0117183,-3.64755,-0,-3.73345,42,33,3,0,0,32.2499,0,-0.0872665,-3.64755,0.0850094,-0.254362,-0.0062408,0.13385,0.1
3226,2.15476,0,-0.00319589,-0.688037,-0.662281,6.07456,-0.0159795,-3.64272,-0,-3.73345,42,33,3,0,0,32.2599,0,-0.0872665,-3.64272,0.0850241,-0.254338,-0.00621671,0.142098,0.1
3227,2.15467,-0.0139626,8.47998e-19,-0.699316,-0.681253,6.07456,0.0138489,-3.63705,-0,-3.60938,42,33,3,0,0,32.2699,0,-0.0872665,-3.63705,0.0850647,-0.25429,-0.00607227,0.150322,0.1
3228,2.15467,0,0.00426119,-0.688037,-0.664468,6.07456,-0.0138489,-3.64128,-0,-3.73345,42,33,3,0,0,32.2799,0,-0.0872665,-3.64128,0.0850482,-0.254217,-0.00599924,0.158521,0.1
3229,2.15467,0,-0.00319589,-0.676758,-0.652144,6.07456,-0.0159795,-3.63552,-0,-3.60938,42,33,3,0,0,32.2899,0,-0.0872665,-3.63552,0.0850882,-0.254119,-0.00590177,0.166694,0.1
3230,2.15467,0,0.00745708,-0.586523,-0.631573,6.07456,0.0170448,-3.64254,-0,-3.73345,42,33,3,0,0,32.2999,0,-0.0872665,-3.64254,0.085078,-0.253997,-0.00577988,0.174839,0.1
3231,2.15467,-0.015708,0.00958767,-0.688037,-0.671693,6.07456,-0.00745708,-3.64051,-0,-3.72217,42,33,3,0,0,32.3099,0,-0.0872665,-3.64051,0.0850771,-0.253851,-0.00563361,0.182954,0.1
3232,2.15467,0,0.00532648,-0.654199,-0.611659,6.07456,0.010653,-3.65207,-0,-3.73345,42,33,3,0,0,32.3199,0,-0.0872665,-3.65207,0.0850368,-0.25368,-0.00546303,0.191037,0.1
3233,2.15467,0,-0.00958767,-0.631641,-0.523844,6.07456,0.00958767,-3.6409,-0,-3.73345,42,33,3,0,0,32.3299,0,-0.0872665,-3.6409,0.0850906,-0.253485,-0.00526814,0.199087,0.1
3234,2.15467,0,-0.00852238,-0.563965,-0.5255,6.07456,0.00532648,-3.64514,-0,-3.73345,42,33,3,0,0,32.3399,0,-0.0872665,-3.64514,0.0850649,-0.253266,-0.005049,0.207102,0.1
3235,2.15467,0,0.00639178,-0.541406,-0.505271,6.07456,-0.00745708,-3.63968,-0,-3.5981,42,33,3,0,0,32.3499,0,-0.0872665,-3.63968,0.0850682,-0.253023,-0.00480557,0.215083,0.1
3236,2.15467,0,-0.0149142,-0.507568,-0.431448,6.07456,0.00852238,-3.63868,-0,-3.63193,42,33,3,0,0,32.3599,0,-0.0872665,-3.63868,0.0851028,-0.252756,-0.00453824,0.223018,0.1
3237,2.15467,0,-9.13229e-19,-0.451172,-0.373535,6.07456,-0.0149142,-3.63885,-0,-3.60938,42,33,3,0,0,32.3699,0,-0.0872665,-3.63885,0.085106,-0.252464,-0.00424674,0.230917,0.1
3238,2.15467,0.00872665,-0.0138489,-0.360938,-0.318253,6.07456,0.0319589,-3.64701,-0,-3.5981,42,33,3,0,0,32.3799,0,-0.0872665,-3.64742,0.0850893,-0.252149,-0.00393125,0.238773,0.1
3239,2.15476,0,0.0213059,-0.259424,-0.289974,6.07456,-0.00639178,-3.64116,-0,-3.60938,42,33,3,0,0,32.3899,0,-0.0872665,-3.64116,0.0850978,-0.251809,-0.00368772,0.246586,0.1
3240,2.15476,0.00349066,0.0191753,-0.304541,-0.262979,6.07456,0.0245018,-3.65364,-0,-3.62065,42,33,3,0,0,32.3999,0,-0.0872665,-3.65364,0.0850424,-0.251446,-0.0033245,0.254353,0.1
3241,2.15486,0.0174533,0.00319589,-0.281982,-0.231651,6.07456,-0.00852238,-3.64955,-0,-3.62065,42,33,3,0,0,32.4099,0,-0.0872665,-3.64955,0.0850341,-0.251059,-0.00303321,0.262077,0.1
3242,2.15486,0.00174533,0.00852238,-0.248145,-0.178092,6.07456,0.0223712,-3.64776,-0,-3.60938,42,33,3,0,0,32.4199,0,-0.0872665,-3.64776,0.0850363,-0.250648,-0.0026228,0.269744,0.1
3243,2.15496,0,0.0138489,-0.191748,-0.118554,6.07456,-0.0255671,-3.64668,-0,-3.63193,42,33,3,0,0,32.4299,0,-0.0872665,-3.64668,0.0850228,-0.250214,-0.00228448,0.277366,0.1
3244,2.15496,0,0.01811,-0.135352,-0.115362,6.07456,0.00639178,-3.64005,-0,-3.64321,42,33,3,0,0,32.4399,0,-0.0872665,-3.64005,0.085057,-0.249757,-0.00182691,0.284934,0.1
3245,2.15505,0.015708,0.00213059,-0.124072,-0.0342511,6.07456,0.0340895,-3.65018,-0,-3.5981,42,33,3,0,0,32.4499,0,-0.0872665,-3.65184,0.0850328,-0.249276,-0.00144178,0.292449,0.1
3246,2.15515,0.0174533,0.00958767,-0.0563965,0.0200501,6.07456,-0.00852238,-3.64169,-0,-3.62065,42,33,3,0,0,32.4599,0,-0.0872665,-3.64169,0.0850513,-0.248771,-0.00103346,0.299909,0.1
3247,2.15524,0.015708,0.0234365,-0.0676758,0.115844,6.07456,0.00852238,-3.64412,-0,-3.64321,42,33,3,0,0,32.4699,0,-0.0872665,-3.64412,0.0850372,-0.248244,-0.000602057,0.307312,0.1
3248,2.15543,0.0174533,0.0308936,0,0.142517,6.07456,0.0245018,-3.64075,-0,-3.63193,42,33,3,0,0,32.4799,0,-0.0872665,-3.64075,0.0850623,-0.247694,-0.000243493,0.314657,0.1
3249,2.15553,0.020944,0.0319589,0.0451172,0.130092,6.07456,0.00426119,-3.6465,-0,-3.58682,42,33,3,0,0,32.4899,0,-0.0872665,-3.6465,0.0850394,-0.247121,0.000233793,0.321942,0.1
3250,2.15582,0.0366519,0.0117183,0.101514,0.17306,6.07456,-0.00532648,-3.64248,-0,-3.60938,42,33,3,0,0,32.4999,0,-0.0872665,-3.64248,0.08507,-0.246525,0.000542017,0.329164,0.1
3251,2.1562,0.0261799,0.0213059,0.146631,0.228476,6.07456,0.0202406,-3.64782,-0,-3.65449,42,33,3,0,0,32.5099,0,-0.0872665,-3.64782,0.0850751,-0.245906,0.00077702,0.336325,0.1
3252,2.15649,0.0401426,0.00958767,0.214307,0.23456,6.07456,-0.0159795,-3.64081,-0,-3.64321,42,33,3,0,0,32.5199,0,-0.0872665,-3.64081,0.0850722,-0.245265,0.00113033,0.34342,0.1
3253,2.15697,0.0418879,0.0266324,0.214307,0.179085,6.07456,-0.00532648,-3.63935,-0,-3.63193,42,33,3,0,0,32.5299,0,-0.0872665,-3.63935,0.0850727,-0.244602,0.00131417,0.35045,0.1
3254,2.15716,0.0174533,0.0319589,0.214307,0.24168,6.07456,-0.0010653,-3.64796,-0,-3.73345,42,33,3,0,0,32.5399,0,-0.0872665,-3.64796,0.0850568,-0.243917,0.00180785,0.357412,0.1
3255,2.15735,0.0366519,0.0372854,0.281982,0.326025,6.07456,-0.00958767,-3.64642,-0,-3.63193,42,33,3,0,0,32.5499,0,-0.0872665,-3.64642,0.085054,-0.243209,0.00232348,0.364305,0.1
3256,2.15802,0.0994838,0.0138489,0.304541,0.331871,6.07456,-0.00426119,-3.64553,-0,-3.63193,42,33,3,0,0,32.5599,0,-0.0872665,-3.64553,0.08505,-0.24248,0.00238155,0.371128,0.1
3257,2.15927,0.0907571,0.0383507,0.31582,0.251392,6.07456,-0.0245018,-3.63271,-0,-3.5981,42,33,3,0,0,32.5699,0,-0.0872665,-3.63271,0.0851036,-0.241729,0.00188608,0.377879,0.1
3258,2.15984,0.0139626,0.0553954,0.236865,0.18779,6.07456,0.0149142,-3.64817,-0,-3.60938,42,33,3,0,0,32.5799,0,-0.0872665,-3.64817,0.0850711,-0.240957,0.00208324,0.384557,0.1
3259,2.16004,0.0191986,0.039416,0.214307,0.257228,6.07456,-0.0138489,-3.63852,-0,-3.62065,42,33,3,0,0,32.5899,0,-0.0872665,-3.63852,0.085091,-0.240163,0.00268516,0.39116,0.1
3260,2.16032,0.0558505,0.0351548,0.248145,0.315856,6.07456,0.0202406,-3.64645,-0,-3.62065,42,33,3,0,0,32.5999,0,-0.0872665,-3.64645,0.0850528,-0.239348,0.0032124,0.397688,0.1
3261,2.16119,0.0959931,0.0585913,0.349658,0.338821,6.07456,-0.0159795,-3.63711,-0,-3.64321,42,33,3,0,0,32.6099,0,-0.0872665,-3.63711,0.0850882,-0.238512,0.00318535,0.404138,0.1
3262,2.16195,0.0610865,0.0639178,0.3271,0.311298,6.07456,-0.0170448,-3.63846,-0,-3.73345,42,33,3,0,0,32.6199,0,-0.0872665,-3.63846,0.0850895,-0.237656,0.00327491,0.41051,0.1
3263,2.16263,0.0593412,0.0735055,0.293262,0.202387,6.07456,-0.0117183,-3.63198,-0,-3.73345,42,33,3,0,0,32.6299,0,-0.0872665,-3.63198,0.0851474,-0.236779,0.00348099,0.416802,0.1
3264,2.1632,0.0628319,0.0671137,0.236865,0.213084,6.07456,0.0138489,-3.63529,-0,-3.60938,42,33,3,0,0,32.6399,0,-0.0872665,-3.63529,0.0851444,-0.235881,0.00380327,0.423013,0.1
3265,2.16387,0.0733038,0.078832,0.236865,0.234509,6.07456,-0.00745708,-3.63986,-0,-3.60938,42,33,3,0,0,32.6499,0,-0.0872665,-3.63986,0.0851283,-0.234963,0.00404993,0.429142,0.1
3266,2.16454,0.0593412,0.0660484,0.259424,0.166113,6.07456,-0.01811,-3.63213,-0,-3.73345,42,33,3,0,0,32.6599,0,-0.0872665,-3.63213,0.0851504,-0.234026,0.00431651,0.435187,0.1
3267,2.16521,0.0628319,0.0820279,0.225586,0.184542,6.07456,-0.00639178,-3.64715,-0,-3.73345,42,33,3,0,0,32.6699,0,-0.0872665,-3.64715,0.0850803,-0.233068,0.0046028,0.441147,0.1
3268,2.16579,0.0715585,0.0553954,0.236865,0.286492,6.07456,0.0149142,-3.64213,-0,-3.73345,42,33,3,0,0,32.6799,0,-0.0872665,-3.64213,0.0850922,-0.232091,0.00500463,0.447022,0.1
3269,2.16675,0.0959931,0.0692443,0.293262,0.333439,6.07456,-0.00532648,-3.64423,-0,-3.73345,42,33,3,0,0,32.6899,0,-0.0872665,-3.64423,0.0850609,-0.231095,0.00504222,0.45281,0.1
3270,2.16742,0.0750492,0.0820279,0.360938,0.342123,6.07456,0.00852238,-3.63948,-0,-3.73345,42,33,3,0,0,32.6999,0,-0.0872665,-3.63948,0.0850847,-0.230079,0.00538668,0.45851,0.1
3271,2.16819,0.0680678,0.0703096,0.349658,0.359449,6.07456,-0.0010653,-3.64031,-0,-3.71089,42,33,3,0,0,32.7099,0,-0.0872665,-3.64031,0.0850735,-0.229045,0.00565405,0.46412,0.1
3272,2.16895,0.0645772,0.0894849,0.349658,0.329942,6.07456,-0.010653,-3.63214,-0,-3.73345,42,33,3,0,0,32.7199,0,-0.0872665,-3.63214,0.0851056,-0.227992,0.0059401,0.46964,0.1
3273,2.16972,0.0959931,0.0862891,0.383496,0.429154,6.07456,0.0149142,-3.64442,-0,-3.5981,42,33,3,0,0,32.7299,0,-0.0872665,-3.64442,0.0850645,-0.22692,0.0062446,0.475069,0.1
3274,2.17068,0.0959931,0.104399,0.47373,0.395014,6.07456,-0.0159795,-3.63561,-0,-3.73345,42,33,3,0,0,32.7399,0,-0.0872665,-3.63561,0.085098,-0.225831,0.00637545,0.480405,0.1
3275,2.17145,0.0907571,0.0948114,0.462451,0.446163,6.07456,0.0170448,-3.63697,-0,-3.73345,42,33,3,0,0,32.7499,0,-0.0872665,-3.63697,0.0851207,-0.224723,0.00671612,0.485648,0.1
3276,2.1724,0.0802851,0.0884196,0.47373,0.388895,6.07456,-0.0010653,-3.6458,-0,-3.64321,42,33,3,0,0,32.7599,0,-0.0872665,-3.6458,0.0850855,-0.223598,0.00688275,0.490797,0.1
3277,2.17327,0.0994838,0.0948114,0.417334,0.415242,6.07456,0.00213059,-3.64529,-0,-3.62065,42,33,3,0,0,32.7699,0,-0.0872665,-3.64529,0.0850622,-0.222455,0.00716269,0.49585,0.1
3278,2.17423,0.0907571,0.105464,0.428613,0.422842,6.07456,0.00426119,-3.64831,-0,-3.60938,42,33,3,0,0,32.7799,0,-0.0872665,-3.64831,0.085045,-0.221295,0.00736398,0.500807,0.1
3279,2.17509,0.0925025,0.0852238,0.462451,0.481751,6.07456,-0.0010653,-3.6509,-0,-3.60938,42,33,3,0,0,32.7899,0,-0.0872665,-3.6509,0.0850259,-0.220118,0.00767811,0.505667,0.1
3280,2.17614,0.102974,0.0937461,0.518848,0.539905,6.07456,0.00426119,-3.65082,-0,-3.62065,42,33,3,0,0,32.7999,0,-0.0872665,-3.65082,0.0850245,-0.218924,0.00781723,0.510429,0.1
3281,2.1772,0.111701,0.0713749,0.47373,0.592248,6.07456,-0.0276977,-3.64545,-0,-3.60938,42,33,3,0,0,32.8099,0,-0.0872665,-3.64545,0.0850086,-0.217714,0.00797269,0.515092,0.1
3282,2.17825,0.101229,0.0937461,0.563965,0.527928,6.07456,-0.0010653,-3.64436,-0,-3.60938,42,33,3,0,0,32.8199,0,-0.0872665,-3.64436,0.0850433,-0.216488,0.00814435,0.519655,0.1
3283,2.1794,0.111701,0.119313,0.48501,0.417655,6.07456,0.00426119,-3.63847,-0,-3.62065,42,33,3,0,0,32.8299,0,-0.0872665,-3.63847,0.0850723,-0.215246,0.00823611,0.524118,0.1
3284,2.18055,0.123918,0.136358,0.428613,0.363985,6.07456,0.00213059,-3.63663,-0,-3.67705,42,33,3,0,0,32.8399,0,-0.0872665,-3.63663,0.0850949,-0.213988,0.00834352,0.52848,0.1
3285,2.1817,0.115192,0.12677,0.304541,0.340644,6.07456,-0.0340895,-3.63475,-0,-3.60938,42,33,3,0,0,32.8499,0,-0.0872665,-3.63475,0.0850862,-0.212715,0.00846622,0.532739,0.1
3286,2.18285,0.101229,0.125705,0.248145,0.287338,6.07456,0.0213059,-3.63932,-0,-3.60938,42,33,3,0,0,32.8599,0,-0.0872665,-3.63932,0.0850836,-0.211426,0.00860416,0.536897,0.1
3287,2.18401,0.137881,0.12464,0.293262,0.366233,6.07456,-0.0117183,-3.64735,-0,-3.58682,42,33,3,0,0,32.8699,0,-0.0872665,-3.64735,0.0850252,-0.210123,0.00875678,0.54095,0.1
3288,2.18535,0.111701,0.121444,0.394775,0.438451,6.07456,0.0159795,-3.65217,-0,-3.64321,42,33,3,0,0,32.8799,0,-0.0872665,-3.65217,0.0850102,-0.208805,0.0087322,0.5449,0.1
3289,2.18659,0.120428,0.12464,0.428613,0.39203,6.07456,-0.0234365,-3.64606,-0,-3.63193,42,33,3,0,0,32.8899,0,-0.0872665,-3.64606,0.0850043,-0.207473,0.00881783,0.548745,0.1
3290,2.18784,0.141372,0.120379,0.394775,0.433485,6.07456,0.00745708,-3.6448,-0,-3.64321,42,33,3,0,0,32.8999,0,-0.0872665,-3.6448,0.0850283,-0.206128,0.0089174,0.552485,0.1
3291,2.18928,0.136136,0.143815,0.451172,0.324601,6.07456,-0.00852238,-3.6487,-0,-3.60938,42,33,3,0,0,32.9099,0,-0.0872665,-3.6487,0.0850076,-0.204768,0.00883892,0.556119,0.1
3292,2.19052,0.122173,0.151272,0.236865,0.243632,6.07456,0.00532648,-3.6497,-0,-3.63193,42,33,3,0,0,32.9199,0,-0.0872665,-3.6497,0.0850029,-0.203395,0.00896551,0.559647,0.1
3293,2.19196,0.148353,0.151272,0.180469,0.177208,6.07456,0.00426119,-3.64795,-0,-3.74473,42,33,3,0,0,32.9299,0,-0.0872665,-3.64795,0.0850028,-0.202009,0.00891357,0.563068,0.1
3294,2.1934,0.122173,0.145946,0.248145,0.128228,6.07456,0.0010653,-3.65351,-0,-3.63193,42,33,3,0,0,32.9399,0,-0.0872665,-3.65351,0.0849377,-0.20061,0.00887438,0.566382,0.1
3295,2.19465,0.137881,0.149142,0.15791,0.219588,6.07456,-0.00213059,-3.65281,-0,-3.60938,42,33,3,0,0,32.9499,0,-0.0872665,-3.65281,0.0849123,-0.199199,0.00903931,0.569588,0.1
3296,2.19609,0.153589,0.12464,0.3271,0.309953,6.07456,-0.0138489,-3.6535,-0,-3.64321,42,33,3,0,0,32.9599,0,-0.0872665,-3.6535,0.0848842,-0.197775,0.00902483,0.572686,0.1
3297,2.19743,0.1309,0.117183,0.406055,0.360318,6.07456,0.00639178,-3.65629,-0,-3.62065,42,33,3,0,0,32.9699,0,-0.0872665,-3.65629,0.0848549,-0.196339,0.00911812,0.575675,0.1
3298,2.19867,0.13439,0.139554,0.338379,0.470209,6.07456,-0.00745708,-3.65187,-0,-3.64321,42,33,3,0,0,32.9799,0,-0.0872665,-3.65187,0.0848552,-0.194892,0.00931881,0.578555,0.1
3299,2.20002,0.125664,0.116117,0.496289,0.469199,6.07456,0.00958767,-3.65351,-0,-3.73345,42,33,3,0,0,32.9899,0,-0.0872665,-3.65351,0.0848621,-0.193434,0.00943501,0.581326,0.1
3300,2.20117,0.109956,0.107595,0.451172,0.447182,6.07456,-0.0447425,-3.64394,-0,-3.64321,42,33,3,0,0,32.9999,0,-0.0872665,-3.64394,0.0848753,-0.191965,0.00975396,0.583987,0.1
3301,2.20241,0.1309,0.12677,0.541406,0.567183,6.07456,0.0298283,-3.65802,-0,-3.63193,42,33,3,0,0,33.0099,0,-0.0872665,-3.65865,0.0848273,-0.190484,0.00998767,0.586539,0.1
3302,2.20376,0.141372,0.120379,0.631641,0.560366,6.07456,-0.0127836,-3.65419,-0,-3.75601,42,33,3,0,0,33.0199,0,-0.0872665,-3.65419,0.084831,-0.188994,0.0101359,0.58898,0.1
3303,2.205,0.13439,0.133162,0.597803,0.580093,6.07456,0.00213059,-3.64712,-0,-3.64321,42,33,3,0,0,33.0299,0,-0.0872665,-3.64712,0.0848722,-0.187493,0.0103901,0.591311,0.1
3304,2.20634,0.136136,0.134227,0.563965,0.603456,6.07456,-0.0117183,-3.65278,-0,-3.62065,42,33,3,0,0,33.0399,0,-0.0872665,-3.65278,0.0848471,-0.185983,0.0105581,0.593532,0.1
3305,2.20778,0.129154,0.153403,0.451172,0.493167,6.07456,-0.00213059,-3.65087,-0,-3.62065,42,33,3,0,0,33.0499,0,-0.0872665,-3.65087,0.0848587,-0.184464,0.0106396,0.595642,0.1
3306,2.20912,0.136136,0.14488,0.428613,0.491694,6.07456,-0.0010653,-3.6611,-0,-3.73345,42,33,3,0,0,33.0599,0,-0.0872665,-3.6611,0.0847946,-0.182935,0.0108262,0.597641,0.1
3307,2.21047,0.144862,0.117183,0.575244,0.57298,6.07456,-0.00532648,-3.65869,-0,-3.73345,42,33,3,0,0,33.0699,0,-0.0872665,-3.65869,0.0847793,-0.181397,0.0110216,0.599529,0.1
3308,2.21181,0.146608,0.155533,0.654199,0.617516,6.07456,0.0138489,-3.66768,-0,-3.73345,42,33,3,0,0,33.0799,0,-0.0872665,-3.66768,0.0847591,-0.179851,0.0112254,0.601306,0.1
3309,2.21315,0.136136,0.154468,0.631641,0.665798,6.07456,-0.0138489,-3.65562,-0,-3.76729,42,33,3,0,0,33.0899,0,-0.0872665,-3.65562,0.08478,-0.178297,0.0114373,0.602973,0.1
3310,2.21468,0.155334,0.152337,0.609082,0.597473,6.07456,0.00958767,-3.66106,-0,-3.73345,42,33,3,0,0,33.0999,0,-0.0872665,-3.66106,0.084765,-0.176735,0.0114656,0.604528,0.1
3311,2.21612,0.136136,0.16086,0.609082,0.544628,6.07456,-0.01811,-3.65679,-0,-3.74473,42,33,3,0,0,33.1099,0,-0.0872665,-3.65679,0.0847825,-0.175165,0.011597,0.605972,0.1
3312,2.21775,0.151844,0.168317,0.563965,0.45296,6.07456,0.010653,-3.66713,-0,-3.74473,42,33,3,0,0,33.1199,0,-0.0872665,-3.66713,0.0847547,-0.173588,0.0115439,0.607306,0.1
3313,2.21929,0.151844,0.161925,0.462451,0.446502,6.07456,-0.0117183,-3.66763,-0,-3.74473,42,33,3,0,0,33.1299,0,-0.0872665,-3.66763,0.0847256,-0.172005,0.0115937,0.608528,0.1
3314,2.22072,0.139626,0.198145,0.439893,0.396899,6.07456,0.00213059,-3.66354,-0,-3.74473,42,33,3,0,0,33.1399,0,-0.0872665,-3.66354,0.0847352,-0.170414,0.0117458,0.60964,0.1
3315,2.22226,0.158825,0.128901,0.417334,0.453084,6.07456,-0.0159795,-3.67424,-0,-3.63193,42,33,3,0,0,33.1499,0,-0.0872665,-3.67424,0.084652,-0.168818,0.0118082,0.610641,0.1
3316,2.2237,0.141372,0.148076,0.518848,0.549004,6.07456,0.0223712,-3.66735,-0,-3.65449,42,33,3,0,0,33.1599,0,-0.0872665,-3.6675,0.0846589,-0.167216,0.0119725,0.611532,0.1
3317,2.22523,0.153589,0.134227,0.620361,0.624413,6.07456,0.00426119,-3.67075,-0,-3.65449,42,33,3,0,0,33.1699,0,-0.0872665,-3.67075,0.0846451,-0.165608,0.0120464,0.612313,0.1
3318,2.22667,0.136136,0.140619,0.597803,0.612873,6.07456,-0.00426119,-3.67118,-0,-3.62065,42,33,3,0,0,33.1799,0,-0.0872665,-3.67118,0.0846316,-0.163994,0.0122216,0.612983,0.1
3319,2.22811,0.148353,0.16086,0.597803,0.594778,6.07456,-0.00426119,-3.67533,-0,-3.63193,42,33,3,0,0,33.1899,0,-0.0872665,-3.67533,0.0846128,-0.162376,0.0124016,0.613544,0.1
3320,2.22964,0.165806,0.161925,0.597803,0.636309,6.07456,0.00213059,-3.67116,-0,-3.64321,42,33,3,0,0,33.1999,0,-0.0872665,-3.67116,0.0846164,-0.160754,0.0124904,0.613995,0.1
3321,2.23127,0.151844,0.150207,0.609082,0.535098,6.07456,0.0010653,-3.6783,-0,-3.66577,42,33,3,0,0,33.2099,0,-0.0872665,-3.6783,0.0845955,-0.159126,0.0124877,0.614338,0.1
3322,2.2329,0.172788,0.159795,0.552686,0.48108,6.07456,-0.00639178,-3.6683,-0,-3.63193,42,33,3,0,0,33.2199,0,-0.0872665,-3.6683,0.084618,-0.157495,0.0124888,0.614571,0.1
3323,2.23453,0.169297,0.168317,0.439893,0.439343,6.07456,0.0117183,-3.67939,-0,-3.63193,42,33,3,0,0,33.2299,0,-0.0872665,-3.67939,0.0845803,-0.155861,0.0124937,0.614696,0.1
3324,2.23616,0.178024,0.177905,0.372217,0.424362,6.07456,-0.0127836,-3.67374,-0,-3.65449,42,33,3,0,0,33.2399,0,-0.0872665,-3.67374,0.0845578,-0.154223,0.0125018,0.614714,0.1
3325,2.23789,0.158825,0.152337,0.394775,0.439167,6.07456,0.01811,-3.66622,-0,-3.63193,42,33,3,0,0,33.2499,0,-0.0872665,-3.66622,0.0846018,-0.152582,0.0124171,0.614623,0.1
3326,2.23961,0.178024,0.158729,0.428613,0.459276,6.07456,-0.0117183,-3.6809,-0,-3.62065,43,33,3,0,0,33.2599,0,-0.0872665,-3.6809,0.0845413,-0.150938,0.012335,0.614426,0.1
3327,2.24143,0.174533,0.148076,0.518848,0.396889,6.07456,0.010653,-3.67184,-0,-3.65449,43,33,3,0,0,33.2699,0,-0.0872665,-3.67184,0.0845957,-0.149292,0.0121595,0.614121,0.1
3328,2.24306,0.165806,0.172578,0.417334,0.355856,6.07456,-0.0223712,-3.6814,-0.00872665,-3.63193,43,33,3,0,0,33.2799,0,-0.0872665,-3.6814,0.0845385,-0.147644,0.0121777,0.613711,0.1
3329,2.24479,0.164061,0.174709,0.304541,0.347378,6.07456,-0.00852238,-3.67334,-0,-3.63193,43,33,3,0,0,33.2899,0,-0.0872665,-3.67334,0.0845486,-0.145994,0.0121017,0.613195,0.1
3330,2.24642,0.153589,0.175774,0.360938,0.365794,6.07456,0.00532648,-3.68129,-0,-3.64321,43,33,3,0,0,33.2999,0,-0.0872665,-3.68129,0.0844996,-0.144343,0.0121231,0.612575,0.1
3331,2.24805,0.171042,0.147011,0.428613,0.450133,6.07456,-0.0149142,-3.67893,-0,-3.65449,43,33,3,0,0,33.3099,0,-0.0872665,-3.67893,0.0844804,-0.142691,0.0121455,0.611849,0.1
3332,2.24968,0.146608,0.137423,0.507568,0.539766,6.07456,0.00532648,-3.68526,-0,-3.66577,43,33,3,0,0,33.3199,0,-0.0872665,-3.68526,0.0844389,-0.141038,0.0121686,0.61102,0.1
3333,2.25121,0.139626,0.136358,0.507568,0.535322,6.07456,-0.0202406,-3.68042,-0,-3.66577,43,33,3,0,0,33.3299,0,-0.0872665,-3.68042,0.0844518,-0.139384,0.012288,0.610089,0.1
3334,2.25265,0.146608,0.147011,0.518848,0.655326,6.07456,-0.00319589,-3.691,-0,-3.66577,43,33,3,0,0,33.3399,0,-0.0872665,-3.691,0.0843937,-0.137731,0.0125035,0.609054,0.1
3335,2.25399,0.1309,0.150207,0.665479,0.695473,6.07456,0.00532648,-3.68884,-0,-3.63193,43,33,3,0,0,33.3499,0,-0.0872665,-3.68884,0.084356,-0.136077,0.0128146,0.607918,0.1
3336,2.25562,0.148353,0.123574,0.789551,0.749468,6.07456,0.0213059,-3.69408,-0,-3.67705,43,33,3,0,0,33.3599,0,-0.0872665,-3.69408,0.0843556,-0.134424,0.0128377,0.606681,0.1
3337,2.25706,0.144862,0.157664,0.755713,0.745032,6.07456,-0.0010653,-3.69496,-0,-3.68833,43,33,3,0,0,33.3699,0,-0.0872665,-3.69496,0.0843564,-0.132772,0.0130516,0.605344,0.1
3338,2.25859,0.144862,0.152337,0.507568,0.614577,6.07456,0.0117183,-3.69158,-0,-3.67705,43,33,3,0,0,33.3799,0,-0.0872665,-3.69158,0.084377,-0.131122,0.0131685,0.603907,0.1
3339,2.26013,0.144862,0.180035,0.609082,0.629804,6.07456,-0.0127836,-3.68881,-0,-3.68833,43,33,3,0,0,33.3899,0,-0.0872665,-3.68881,0.0843645,-0.129472,0.013284,0.602372,0.1
3340,2.26176,0.162316,0.16299,0.530127,0.62352,6.07456,0.00639178,-3.68984,-0,-3.65449,43,33,3,0,0,33.3999,0,-0.0872665,-3.68984,0.0843454,-0.127824,0.0133021,0.600739,0.1
3341,2.26339,0.153589,0.16086,0.665479,0.647264,6.07456,-0.01811,-3.69538,-0,-3.67705,43,33,3,0,0,33.4099,0,-0.0872665,-3.69538,0.084304,-0.126178,0.0133179,0.599009,0.1
3342,2.26492,0.158825,0.164056,0.586523,0.694682,6.07456,-0.0138489,-3.69367,-0,-3.67705,43,33,3,0,0,33.4199,0,-0.0872665,-3.69367,0.084307,-0.124535,0.0134273,0.597184,0.1
3343,2.26674,0.178024,0.177905,0.597803,0.681042,6.07456,-0.00426119,-3.70087,-0,-3.67705,43,33,3,0,0,33.4299,0,-0.0872665,-3.70087,0.0842645,-0.122894,0.0132464,0.595263,0.1
3344,2.26847,0.171042,0.171513,0.665479,0.573684,6.07447,0.00213059,-3.6966,-0,-3.67705,43,33,3,0,0,33.4399,0,-0.0872665,-3.6966,0.084289,-0.121257,0.0131585,0.593248,0.1
3345,2.2702,0.176278,0.184296,0.552686,0.446762,6.07447,0.0202406,-3.70217,-0,-3.67705,43,33,3,0,0,33.4499,0,-0.0872665,-3.70217,0.0842693,-0.119622,0.0130673,0.59114,0.1
3346,2.27192,0.158825,0.191753,0.417334,0.405565,6.07447,-0.00958767,-3.69565,-0,-3.78984,43,33,3,0,0,33.4599,0,-0.0872665,-3.69565,0.0842672,-0.117991,0.0129727,0.58894,0.1
3347,2.27374,0.18675,0.169382,0.394775,0.419236,6.07447,-0.00426119,-3.71531,-0,-3.76729,43,33,3,0,0,33.4699,0,-0.0872665,-3.71531,0.0841436,-0.116364,0.0127782,0.586649,0.1
3348,2.27547,0.172788,0.164056,0.406055,0.44557,6.07447,-0.010653,-3.71112,-0,-3.80112,43,33,3,0,0,33.4799,0,-0.0872665,-3.71112,0.0841093,-0.114741,0.0126757,0.584267,0.1
3349,2.2771,0.155334,0.173643,0.462451,0.434785,6.07447,0.0170448,-3.70825,-0,-3.80112,43,33,3,0,0,33.4899,0,-0.0872665,-3.70825,0.0840973,-0.113122,0.0126645,0.581797,0.1
3350,2.27873,0.148353,0.170448,0.428613,0.527399,6.07447,-0.0213059,-3.7043,-0,-3.82368,43,33,3,0,0,33.4999,0,-0.0872665,-3.7043,0.0840861,-0.111508,0.0126485,0.579238,0.1
3351,2.28026,0.146608,0.16086,0.451172,0.607587,6.07447,0.00852238,-3.70987,-0,-3.77856,43,33,3,0,0,33.5099,0,-0.0872665,-3.70987,0.0840565,-0.109899,0.0127235,0.576593,0.1
3352,2.28199,0.165806,0.154468,0.541406,0.580296,6.07447,-0.0202406,-3.70792,-0,-3.80112,43,33,3,0,0,33.5199,0,-0.0872665,-3.70792,0.0840545,-0.108295,0.0126016,0.573862,0.1
3353,2.28352,0.150098,0.172578,0.48501,0.470745,6.07447,-0.0010653,-3.69697,-0,-3.80112,43,33,3,0,0,33.5299,0,-0.0872665,-3.69697,0.0841094,-0.106697,0.0126659,0.571047,0.1
3354,2.28515,0.169297,0.158729,0.496289,0.475265,6.07447,-0.00532648,-3.70809,-0,-3.78984,43,33,3,0,0,33.5399,0,-0.0872665,-3.70809,0.0840818,-0.105105,0.0126283,0.568148,0.1
3355,2.28678,0.151844,0.171513,0.451172,0.401441,6.07447,0.00532648,-3.71125,-0,-3.65449,43,33,3,0,0,33.5499,0,-0.0872665,-3.71125,0.0840636,-0.103518,0.0125848,0.565167,0.1
3356,2.28822,0.169297,0.174709,0.394775,0.476226,6.07447,-0.010653,-3.7169,-0,-3.65449,43,33,3,0,0,33.5599,0,-0.0872665,-3.7169,0.0839994,-0.101938,0.0127267,0.562105,0.1
3357,2.28985,0.146608,0.159795,0.428613,0.507765,6.07447,-0.0138489,-3.70915,-0,-3.68833,43,33,3,0,0,33.5699,0,-0.0872665,-3.70915,0.0840112,-0.100365,0.0126703,0.558964,0.1
3358,2.29138,0.16057,0.131032,0.552686,0.587154,6.07447,-0.0010653,-3.72089,-0,-3.67705,43,33,3,0,0,33.5799,0,-0.0872665,-3.72089,0.0839608,-0.0987986,0.0127026,0.555744,0.1
3359,2.29311,0.167552,0.169382,0.631641,0.51905,6.07447,-0.00958767,-3.70951,-0,-3.71089,43,33,3,0,0,33.5899,0,-0.0872665,-3.70951,0.0840092,-0.0972392,0.0125363,0.552446,0.1
3360,2.29464,0.144862,0.166186,0.530127,0.487374,6.07447,-0.00319589,-3.71656,-0,-3.68833,43,33,3,0,0,33.5999,0,-0.0872665,-3.71656,0.0840054,-0.0956872,0.0125543,0.549073,0.1
3361,2.29618,0.158825,0.198145,0.451172,0.388352,6.07447,-1.21329e-17,-3.71639,-0,-3.67705,43,33,3,0,0,33.6099,0,-0.0872665,-3.71639,0.083968,-0.0941429,0.0125647,0.545625,0.1
3362,2.29771,0.150098,0.158729,0.394775,0.474786,6.07447,0.00426119,-3.72329,-0,-3.67705,43,33,3,0,0,33.6199,0,-0.0872665,-3.72329,0.0838887,-0.0926065,0.0125671,0.542105,0.1
3363,2.29925,0.155334,0.167252,0.552686,0.552665,6.07447,-0.00958767,-3.72267,-0,-3.71089,43,33,3,0,0,33.6299,0,-0.0872665,-3.72267,0.0838482,-0.0910783,0.0125613,0.538512,0.1
3364,2.30078,0.136136,0.143815,0.597803,0.597263,6.07447,0.0191753,-3.72222,-0,-3.68833,43,33,3,0,0,33.6399,0,-0.0872665,-3.72222,0.0838596,-0.0895583,0.0125472,0.534848,0.1
3365,2.30222,0.1309,0.139554,0.620361,0.647156,6.07447,-0.00958767,-3.7271,-0,-3.71089,43,33,3,0,0,33.6499,0,-0.0872665,-3.7271,0.0838187,-0.0880471,0.0126204,0.531116,0.1
3366,2.30366,0.146608,0.137423,0.541406,0.713007,6.07447,0.0245018,-3.72688,-0,-3.69961,43,33,3,0,0,33.6599,0,-0.0872665,-3.72688,0.0838022,-0.0865448,0.0126846,0.527316,0.1
3367,2.30509,0.129154,0.140619,0.733154,0.762639,6.07447,0.00319589,-3.73779,-0,-3.75601,43,33,3,0,0,33.6699,0,-0.0872665,-3.73779,0.0837513,-0.0850515,0.0127398,0.52345,0.1
3368,2.30644,0.137881,0.121444,0.789551,0.749646,6.07447,-0.0266324,-3.73011,-0,-3.68833,43,33,3,0,0,33.6799,0,-0.0872665,-3.73011,0.0837648,-0.0835675,0.0128815,0.519518,0.1
3369,2.30797,0.15708,0.140619,0.823389,0.740289,6.07447,-0.00532648,-3.74069,-0.00698132,-3.72217,43,33,3,0,0,33.6899,0,-0.0872665,-3.74069,0.0837112,-0.0820932,0.0128219,0.515524,0.1
3370,2.30931,0.143117,0.145946,0.733154,0.715294,6.07447,0.00532648,-3.73391,-0,-3.71089,43,33,3,0,0,33.6999,0,-0.0872665,-3.73391,0.0837278,-0.0806286,0.0129442,0.511468,0.1
3371,2.31085,0.146608,0.165121,0.654199,0.665565,6.07447,0.01811,-3.74621,-0,-3.72217,43,33,3,0,0,33.7099,0,-0.0872665,-3.74621,0.0836716,-0.079174,0.0128648,0.507351,0.1
3372,2.31228,0.132645,0.151272,0.654199,0.660003,6.07447,-0.00213059,-3.7382,-0,-3.72217,43,33,3,0,0,33.7199,0,-0.0872665,-3.7382,0.0836744,-0.0777296,0.0128712,0.503175,0.1
3373,2.31382,0.146608,0.159795,0.688037,0.615486,6.07447,-9.78459e-18,-3.74866,-0,-3.71089,43,33,3,0,0,33.7299,0,-0.0872665,-3.74866,0.0836037,-0.0762956,0.0127711,0.498942,0.1
3374,2.31526,0.146608,0.145946,0.586523,0.558613,6.07447,-0.0340895,-3.74304,-0,-3.71089,43,33,3,0,0,33.7399,0,-0.0872665,-3.74304,0.0835835,-0.0748721,0.0127565,0.494653,0.1
3375,2.31679,0.155334,0.137423,0.575244,0.626347,6.07447,-0.00639178,-3.73986,-0,-3.73345,43,33,3,0,0,33.7499,0,-0.0872665,-3.73986,0.0835867,-0.0734596,0.0126351,0.490309,0.1
3376,2.31842,0.176278,0.152337,0.609082,0.612367,6.07447,-0.0223712,-3.74531,-0,-3.71089,43,33,3,0,0,33.7599,0,-0.0872665,-3.74531,0.0835504,-0.0720581,0.0124067,0.485913,0.1
3377,2.31995,0.153589,0.172578,0.552686,0.522077,6.07447,0.0159795,-3.74015,-0,-3.73345,43,33,3,0,0,33.7699,0,-0.0872665,-3.74015,0.0836201,-0.0706678,0.012263,0.481466,0.1
3378,2.32158,0.151844,0.174709,0.507568,0.325812,6.07447,-0.0159795,-3.74033,-0,-3.74473,43,33,3,0,0,33.7799,0,-0.0872665,-3.74033,0.0836039,-0.0692889,0.012012,0.476969,0.1
3379,2.32321,0.153589,0.171513,0.360938,0.282338,6.07447,0.010653,-3.75189,-0,-3.72217,43,33,3,0,0,33.7899,0,-0.0872665,-3.75189,0.083555,-0.0679216,0.0117495,0.472424,0.1
3380,2.32475,0.153589,0.164056,0.383496,0.330662,6.07447,-0.00852238,-3.75631,-0,-3.73345,43,33,3,0,0,33.7999,0,-0.0872665,-3.75631,0.0834689,-0.0665661,0.0115711,0.467833,0.1
3381,2.32628,0.151844,0.172578,0.281982,0.322618,6.07447,0.00532648,-3.75458,-0,-3.69961,43,33,3,0,0,33.8099,0,-0.0872665,-3.75458,0.0834467,-0.0652225,0.0113806,0.463196,0.1
3382,2.32772,0.136136,0.147011,0.451172,0.418757,6.07447,0.0383507,-3.75085,-0,-3.72217,43,33,3,0,0,33.8199,0,-0.0872665,-3.75392,0.0834693,-0.0638911,0.0112739,0.458517,0.1
3383,2.32906,0.1309,0.12464,0.406055,0.480832,6.07447,-0.00958767,-3.7559,-0,-3.73345,43,33,3,0,0,33.8299,0,-0.0872665,-3.7559,0.0834306,-0.0625719,0.0112509,0.453796,0.1
3384,2.3304,0.132645,0.123574,0.64292,0.541759,6.07447,-0.0159795,-3.75311,-0,-3.71089,43,33,3,0,0,33.8399,0,-0.0872665,-3.75311,0.0834223,-0.0612652,0.0112154,0.449036,0.1
3385,2.33165,0.113446,0.140619,0.518848,0.513658,6.07447,-0.00426119,-3.7495,-0,-3.72217,43,33,3,0,0,33.8499,0,-0.0872665,-3.7495,0.083431,-0.059971,0.0112632,0.444236,0.1
3386,2.3329,0.127409,0.109726,0.597803,0.572,6.07447,0.00958767,-3.75273,-0,-3.72217,43,33,3,0,0,33.8599,0,-0.0872665,-3.75273,0.0834247,-0.0586898,0.0112981,0.439401,0.1
3387,2.33424,0.123918,0.131032,0.609082,0.631714,6.07447,-0.0234365,-3.75805,-0,-3.73345,43,33,3,0,0,33.8699,0,-0.0872665,-3.75805,0.0833956,-0.0574214,0.0112243,0.43453,0.1
3388,2.33549,0.111701,0.125705,0.586523,0.614396,6.07447,-0.00958767,-3.7524,-0,-3.83496,43,33,3,0,0,33.8799,0,-0.0872665,-3.7524,0.0834197,-0.056166,0.0112333,0.429626,0.1
3389,2.33683,0.136136,0.129966,0.631641,0.589778,6.07447,-0.01811,-3.75643,-0,-3.84624,43,33,3,0,0,33.8899,0,-0.0872665,-3.75643,0.0834052,-0.0549238,0.0111332,0.424691,0.1
3390,2.33807,0.141372,0.145946,0.64292,0.56993,6.07447,0.0170448,-3.75489,-0,-3.83496,43,33,3,0,0,33.8999,0,-0.0872665,-3.75489,0.0834064,-0.0536951,0.0111156,0.419726,0.1
3391,2.33932,0.113446,0.14275,0.507568,0.510152,6.07447,0.00426119,-3.75726,-0,-3.84624,43,33,3,0,0,33.9099,0,-0.0872665,-3.75726,0.0833956,-0.0524797,0.0110847,0.414732,0.1
3392,2.34057,0.122173,0.113987,0.518848,0.529678,6.07447,-0.00213059,-3.75734,-0,-3.72217,43,33,3,0,0,33.9199,0,-0.0872665,-3.75734,0.0833592,-0.051278,0.01104,0.409712,0.1
3393,2.34181,0.116937,0.118248,0.541406,0.56708,6.07437,-7.2406e-18,-3.76715,-0.00349066,-3.83496,43,33,3,0,0,33.9299,0,-0.0872665,-3.76715,0.0832956,-0.0500899,0.0109817,0.404667,0.1
3394,2.34296,0.122173,0.115052,0.64292,0.68708,6.07437,-0.00426119,-3.76789,-0,-3.85752,43,33,3,0,0,33.9399,0,-0.0872665,-3.76789,0.0832688,-0.0489158,0.0110054,0.3996,0.1
3395,2.34421,0.123918,0.116117,0.755713,0.706818,6.07437,0.0010653,-3.77335,-0,-3.85752,43,33,3,0,0,33.9499,0,-0.0872665,-3.77335,0.0832464,-0.0477556,0.0109192,0.394511,0.1
3396,2.34546,0.127409,0.122509,0.766992,0.622126,6.07437,0.00532648,-3.75915,-0,-3.85752,43,33,3,0,0,33.9599,0,-0.0872665,-3.75915,0.0833306,-0.0466093,0.0108191,0.389402,0.1
3397,2.34661,0.122173,0.127836,0.665479,0.534413,6.07437,0.00639178,-3.77181,-0,-3.85752,43,33,3,0,0,33.9699,0,-0.0872665,-3.77181,0.0832845,-0.0454773,0.0108006,0.384275,0.1
3398,2.34785,0.13439,0.125705,0.507568,0.482613,6.07437,-0.00852238,-3.7662,-0,-3.85752,43,33,3,0,0,33.9799,0,-0.0872665,-3.7662,0.0832683,-0.0443595,0.010672,0.379132,0.1
3399,2.3491,0.125664,0.131032,0.518848,0.409193,6.07437,0.0138489,-3.77244,-0,-3.83496,43,33,3,0,0,33.9899,0,-0.0872665,-3.77244,0.0832295,-0.0432562,0.010529,0.373975,0.1
3400,2.35035,0.113446,0.110791,0.451172,0.415285,6.07437,-0.0362201,-3.7655,-0,-3.74473,43,33,3,0,0,33.9999,0,-0.0872665,-3.7655,0.0832042,-0.0421671,0.0103717,0.368805,0.1
3401,2.3514,0.125664,0.0948114,0.496289,0.525745,6.07437,0.0234365,-3.77245,-0,-3.73345,43,33,3,0,0,34.0099,0,-0.0872665,-3.77245,0.0831772,-0.0410927,0.0103916,0.363624,0.1
3402,2.35255,0.0942478,0.100138,0.563965,0.590962,6.07437,-0.00639178,-3.7734,-0,-3.72217,43,33,3,0,0,34.0199,0,-0.0872665,-3.7734,0.0831386,-0.0400327,0.010301,0.358433,0.1
3403,2.35351,0.102974,0.105464,0.654199,0.708648,6.07437,0.01811,-3.78296,-0,-3.74473,43,33,3,0,0,34.0299,0,-0.0872665,-3.78296,0.0830801,-0.0389875,0.0103875,0.353236,0.1
3404,2.35456,0.0977384,0.100138,0.721875,0.742089,6.07437,0.00745708,-3.77976,-0,-3.74473,43,33,3,0,0,34.0399,0,-0.0872665,-3.77976,0.0830853,-0.0379571,0.0103633,0.348032,0.1
3405,2.35552,0.106465,0.105464,0.699316,0.694027,6.07437,0.0159795,-3.78329,-0,-3.74473,43,33,3,0,0,34.0499,0,-0.0872665,-3.78329,0.0830557,-0.0369414,0.0104202,0.342824,0.1
3406,2.35658,0.106465,0.109726,0.699316,0.721443,6.07437,0.00532648,-3.78425,-0,-3.77856,43,33,3,0,0,34.0599,0,-0.0872665,-3.78425,0.0830503,-0.0359406,0.0103665,0.337614,0.1
3407,2.35763,0.0959931,0.116117,0.676758,0.638071,6.07437,0.0138489,-3.78097,-0,-3.74473,43,33,3,0,0,34.0699,0,-0.0872665,-3.78097,0.0830598,-0.0349547,0.0102977,0.332403,0.1
3408,2.35859,0.0977384,0.105464,0.609082,0.631092,6.07437,-0.0245018,-3.78154,-0,-3.73345,43,33,3,0,0,34.0799,0,-0.0872665,-3.78154,0.0830261,-0.0339838,0.0103099,0.327193,0.1
3409,2.35974,0.125664,0.113987,0.665479,0.63824,6.07437,0.00852238,-3.78264,-0,-3.74473,43,33,3,0,0,34.0899,0,-0.0872665,-3.78264,0.0830063,-0.0330278,0.0101154,0.321986,0.1
3410,2.3607,0.0994838,0.0841585,0.631641,0.60568,6.07437,0.00639178,-3.78811,-0,-3.74473,43,33,3,0,0,34.0999,0,-0.0872665,-3.78811,0.0829809,-0.032087,0.0100975,0.316784,0.1
3411,2.36176,0.102974,0.103334,0.575244,0.612082,6.07437,-0.01811,-3.78108,-0,-3.77856,43,33,3,0,0,34.1099,0,-0.0872665,-3.78108,0.0830049,-0.0311611,0.0099688,0.311587,0.1
3412,2.36291,0.111701,0.104399,0.586523,0.571361,6.07437,0.0245018,-3.78616,-0,-3.74473,43,33,3,0,0,34.1199,0,-0.0872665,-3.78618,0.0830022,-0.0302504,0.00972901,0.306399,0.1
3413,2.36396,0.111701,0.101203,0.609082,0.55326,6.07437,-0.00426119,-3.78433,-0,-3.74473,43,33,3,0,0,34.1299,0,-0.0872665,-3.78433,0.0830021,-0.0293548,0.00956999,0.301221,0.1
3414,2.36501,0.0959931,0.113987,0.518848,0.521594,6.07437,0.00213059,-3.78165,-0,-3.74473,43,33,3,0,0,34.1399,0,-0.0872665,-3.78165,0.0830263,-0.0284743,0.00939585,0.296053,0.1
3415,2.36607,0.0942478,0.131032,0.563965,0.454625,6.07437,-0.039416,-3.78118,-0,-3.77856,43,33,3,0,0,34.1499,0,-0.0872665,-3.78118,0.0830078,-0.0276089,0.00920665,0.290898,0.1
3416,2.36712,0.10821,0.10653,0.462451,0.465839,6.07437,0.0308936,-3.78909,-0,-3.77856,43,33,3,0,0,34.1599,0,-0.0872665,-3.78994,0.0829692,-0.0267588,0.00900213,0.285759,0.1
3417,2.36808,0.0977384,0.0873543,0.428613,0.528344,6.07437,-0.0202406,-3.79474,-0,-3.74473,43,33,3,0,0,34.1699,0,-0.0872665,-3.79474,0.0829129,-0.0259238,0.0088784,0.280635,0.1
3418,2.36914,0.0855211,0.0830932,0.620361,0.519131,6.07437,-0.0010653,-3.78401,-0,-3.8124,43,33,3,0,0,34.1799,0,-0.0872665,-3.78401,0.0829462,-0.0251039,0.0086437,0.27553,0.1
3419,2.37,0.0959931,0.0767014,0.575244,0.536543,6.07437,-0.0223712,-3.79902,-0.0174533,-3.77856,43,33,3,0,0,34.1899,0,-0.0872665,-3.79902,0.0828812,-0.0242992,0.00858555,0.270444,0.1
3420,2.37105,0.0925025,0.0767014,0.462451,0.44108,6.07437,-0.0117183,-3.78786,-0,-3.80112,43,33,3,0,0,34.1999,0,-0.0872665,-3.78786,0.0829268,-0.0235097,0.00832041,0.26538,0.1
3421,2.37211,0.101229,0.0884196,0.48501,0.39282,6.07437,0.0138489,-3.79378,-0,-3.75601,43,33,3,0,0,34.2099,0,-0.0872665,-3.79378,0.0829025,-0.0227352,0.00804028,0.260338,0.1
3422,2.37307,0.0907571,0.096942,0.439893,0.304926,6.07437,-0.0170448,-3.79199,-0,-3.78984,43,33,3,0,0,34.2199,0,-0.0872665,-3.79199,0.0829059,-0.0219759,0.00784084,0.255322,0.1
3423,2.37403,0.0942478,0.10653,0.383496,0.252285,6.07437,-0.0010653,-3.79266,-0,-3.89136,43,33,3,0,0,34.2299,0,-0.0872665,-3.79266,0.0828724,-0.0212316,0.00762641,0.250331,0.1
3424,2.37489,0.0837758,0.0990726,0.203027,0.252989,6.07437,-0.00532648,-3.79385,-0,-3.89136,43,33,3,0,0,34.2399,0,-0.0872665,-3.79385,0.0828342,-0.0205024,0.00749279,0.245368,0.1
3425,2.37575,0.0820305,0.0884196,0.383496,0.309478,6.07437,-0.0127836,-3.8015,-0,-3.8688,43,33,3,0,0,34.2499,0,-0.0872665,-3.8015,0.0827844,-0.0197881,0.00734416,0.240435,0.1
3426,2.37652,0.0645772,0.0713749,0.372217,0.304273,6.07437,-0.0255671,-3.79552,-0,-3.88008,43,33,3,0,0,34.2599,0,-0.0872665,-3.79552,0.0827804,-0.0190888,0.00727645,0.235532,0.1
3427,2.37729,0.0750492,0.0585913,0.304541,0.387349,6.07437,0.0202406,-3.80946,-0,-3.88008,43,33,3,0,0,34.2699,0,-0.0872665,-3.80946,0.0827213,-0.0184045,0.00719379,0.230663,0.1
3428,2.37786,0.0663225,0.0415466,0.48501,0.507354,6.07437,-0.0340895,-3.80595,-0,-3.80112,43,33,3,0,0,34.2799,0,-0.0872665,-3.80595,0.0826982,-0.0177351,0.007288,0.225828,0.1
3429,2.37853,0.0663225,0.0660484,0.507568,0.60865,6.07437,-4.0443e-18,-3.79644,-0,-3.88008,43,33,3,0,0,34.2899,0,-0.0872665,-3.79644,0.0827502,-0.0170804,0.00727158,0.221028,0.1
3430,2.3792,0.0558505,0.0703096,0.563965,0.597158,6.07437,0.0191753,-3.80567,-0,-3.88008,43,33,3,0,0,34.2999,0,-0.0872665,-3.80567,0.0827259,-0.0164404,0.00724042,0.216266,0.1
3431,2.37978,0.0558505,0.0777667,0.631641,0.557119,6.07437,-0.00532648,-3.80115,-0,-3.89136,43,33,3,0,0,34.3099,0,-0.0872665,-3.80115,0.0827468,-0.0158151,0.00729048,0.211542,0.1
3432,2.38045,0.0558505,0.0671137,0.518848,0.484043,6.07437,-0.0010653,-3.80656,-0,-3.89136,43,33,3,0,0,34.3199,0,-0.0872665,-3.80656,0.08273,-0.0152045,0.00722999,0.206859,0.1
3433,2.38103,0.0680678,0.0671137,0.518848,0.573049,6.07437,-0.00745708,-3.80718,-0,-3.90264,43,33,3,0,0,34.3299,0,-0.0872665,-3.80718,0.0826967,-0.0146083,0.0072509,0.202218,0.1
3434,2.3817,0.0506145,0.0639178,0.552686,0.551962,6.07437,-0.00319589,-3.80946,-0,-3.77856,43,33,3,0,0,34.3399,0,-0.0872665,-3.80946,0.0826796,-0.0140266,0.00716147,0.19762,0.1
3435,2.38227,0.0558505,0.0511343,0.563965,0.629725,6.07428,-0.00213059,-3.80989,-0,-3.91392,43,33,3,0,0,34.3499,0,-0.0872665,-3.80989,0.0826553,-0.0134593,0.00715357,0.193066,0.1
3436,2.38285,0.0471239,0.0596566,0.654199,0.645366,6.07428,0.0010653,-3.81324,-0,-3.90264,43,33,3,0,0,34.3599,0,-0.0872665,-3.81324,0.0826322,-0.0129062,0.00713138,0.188559,0.1
3437,2.38333,0.0541052,0.0767014,0.688037,0.616617,6.07428,-0.00745708,-3.80664,-0,-3.89136,43,33,3,0,0,34.3699,0,-0.0872665,-3.80664,0.0826524,-0.0123674,0.0071909,0.1841,0.1
3438,2.38381,0.0436332,0.0596566,0.586523,0.616366,6.07428,0.0362201,-3.81462,-0,-3.88008,43,33,3,0,0,34.3799,0,-0.0872665,-3.81802,0.0826292,-0.0118426,0.00723633,0.17969,0.1
3439,2.38438,0.0436332,0.0511343,0.609082,0.607104,6.07428,-0.0490037,-3.80424,-0,-3.82368,43,33,3,0,0,34.3899,0,-0.0872665,-3.80424,0.0826483,-0.0113318,0.00717187,0.175331,0.1
3440,2.38486,0.0471239,0.0330242,0.665479,0.656491,6.07428,0.0276977,-3.81666,-0,-3.77856,43,33,3,0,0,34.3999,0,-0.0872665,-3.81701,0.0825939,-0.0108348,0.00718946,0.171023,0.1
3441,2.38524,0.0401426,0.0202406,0.665479,0.721133,6.07428,-0.00852238,-3.8209,-0,-3.78984,43,33,3,0,0,34.4099,0,-0.0872665,-3.8209,0.0825762,-0.0103516,0.00728919,0.166769,0.1
3442,2.38572,0.0453786,0.0415466,0.755713,0.744543,6.07428,0.00532648,-3.81257,-0,-3.75601,43,33,3,0,0,34.4199,0,-0.0872665,-3.81257,0.0826206,-0.00988204,0.00727937,0.162569,0.1
3443,2.38611,0.0488692,0.0404813,0.778271,0.782134,6.07428,-0.010653,-3.81678,-0,-3.77856,43,33,3,0,0,34.4299,0,-0.0872665,-3.81678,0.0825981,-0.00942599,0.00735192,0.158426,0.1
3444,2.38659,0.0401426,0.0245018,0.778271,0.663892,6.07428,-0.00532648,-3.80976,-0,-3.77856,43,33,3,0,0,34.4399,0,-0.0872665,-3.80976,0.0826246,-0.00898333,0.00731522,0.15434,0.1
3445,2.38707,0.0453786,0.0543301,0.676758,0.593257,6.07428,0.00426119,-3.8161,-0,-3.75601,43,33,3,0,0,34.4499,0,-0.0872665,-3.8161,0.0826107,-0.00855394,0.00726524,0.150312,0.1
3446,2.38755,0.0610865,0.0223712,0.64292,0.59172,6.07428,-0.00213059,-3.80947,-0,-3.78984,43,33,3,0,0,34.4599,0,-0.0872665,-3.80947,0.0826249,-0.00813765,0.00720216,0.146344,0.1
3447,2.38793,0.0610865,0.0458078,0.665479,0.651101,6.07428,0.00958767,-3.81978,-0,-3.83496,43,33,3,0,0,34.4699,0,-0.0872665,-3.81978,0.0825754,-0.00773437,0.00722194,0.142438,0.1
3448,2.38841,0.0383972,0.0585913,0.654199,0.592329,6.07428,0.00852238,-3.82156,-0,-3.80112,43,33,3,0,0,34.4799,0,-0.0872665,-3.82156,0.082547,-0.00734394,0.007133,0.138594,0.1
3449,2.38889,0.0523599,0.0479384,0.552686,0.654925,6.07428,0.0010653,-3.82156,-0,-3.77856,43,33,3,0,0,34.4899,0,-0.0872665,-3.82156,0.0825506,-0.00696616,0.00703142,0.134813,0.1
3450,2.38927,0.0279253,0.0521996,0.654199,0.595199,6.07428,-0.00745708,-3.81968,-0,-3.77856,43,33,3,0,0,34.4999,0,-0.0872665,-3.81968,0.0825343,-0.00660096,0.00701312,0.131097,0.1
3451,2.38965,0.0436332,0.0330242,0.609082,0.639027,6.07428,0.0170448,-3.82814,-0,-3.77856,43,33,3,0,0,34.5099,0,-0.0872665,-3.82814,0.0824884,-0.00624819,0.0069824,0.127447,0.1
3452,2.39013,0.0436332,0.0521996,0.654199,0.623846,6.07428,-0.00852238,-3.81977,-0,-3.8124,43,33,3,0,0,34.5199,0,-0.0872665,-3.81977,0.0825047,-0.00590759,0.00684363,0.123865,0.1
3453,2.39061,0.0436332,0.0266324,0.64292,0.57918,6.07428,0.01811,-3.81869,-0,-3.77856,43,33,3,0,0,34.5299,0,-0.0872665,-3.81869,0.0825011,-0.0055791,0.00669274,0.120351,0.1
3454,2.391,0.0506145,0.0372854,0.552686,0.642108,6.07428,-0.00319589,-3.82458,-0,-3.83496,43,33,3,0,0,34.5399,0,-0.0872665,-3.82458,0.0824716,-0.00526248,0.00662587,0.116906,0.1
3455,2.39138,0.0331613,0.0372854,0.518848,0.600449,6.07428,-0.0117183,-3.81503,-0,-3.77856,43,33,3,0,0,34.5499,0,-0.0872665,-3.81503,0.0825024,-0.00495762,0.00654723,0.113531,0.1
3456,2.39176,0.0366519,0.0511343,0.609082,0.63989,6.07428,-0.0149142,-3.82145,-0,-3.80112,43,33,3,0,0,34.5599,0,-0.0872665,-3.82145,0.0824504,-0.00466431,0.00645705,0.110228,0.1
3457,2.39205,0.0244346,0.0511343,0.654199,0.65901,6.07428,-0.00319589,-3.82777,-0,-3.8124,43,33,3,0,0,34.5699,0,-0.0872665,-3.82777,0.0824307,-0.00438237,0.00645137,0.106998,0.1
3458,2.39243,0.0261799,0.0245018,0.665479,0.65485,6.07428,-0.0202406,-3.82387,-0,-3.80112,43,33,3,0,0,34.5799,0,-0.0872665,-3.82387,0.0824262,-0.00411165,0.0063386,0.103842,0.1
3459,2.39272,0.0279253,0.0191753,0.699316,0.70469,6.07428,-0.039416,-3.82496,-0,-3.8124,43,33,3,0,0,34.5899,0,-0.0872665,-3.82496,0.0824134,-0.00385193,0.00631069,0.10076,0.1
3460,2.39301,0.0244346,0.0372854,0.563965,0.652539,6.07428,0.0234365,-3.83292,-0,-3.80112,43,33,3,0,0,34.5999,0,-0.0872665,-3.83292,0.082398,-0.00360305,0.00627195,0.0977534,0.1
3461,2.3933,0.0314159,0.00319589,0.563965,0.688655,6.07428,-0.0234365,-3.82454,-0,-3.77856,43,33,3,0,0,34.6099,0,-0.0872665,-3.82454,0.0824174,-0.0033648,0.00622258,0.0948237,0.1
3462,2.39359,0.020944,0.0447425,0.665479,0.612829,6.07428,0.0340895,-3.82873,-0,-3.80112,43,33,3,0,0,34.6199,0,-0.0872665,-3.82996,0.0824119,-0.00313698,0.00616278,0.0919713,0.1
3463,2.39387,0.0296706,0.0213059,0.518848,0.611546,6.07428,-0.0127836,-3.83127,-0,-3.8124,43,33,3,0,0,34.6299,0,-0.0872665,-3.83127,0.0823893,-0.0029194,0.00609273,0.0891974,0.1
3464,2.39416,0.0349066,0.0436772,0.530127,0.64398,6.07428,0.0266324,-3.8296,-0,-3.77856,43,33,3,0,0,34.6399,0,-0.0872665,-3.8296,0.082399,-0.00271187,0.00601264,0.0865028,0.1
3465,2.39435,0.0226893,0.0362201,0.575244,0.685183,6.07428,-0.00639178,-3.83159,-0,-3.8124,43,33,3,0,0,34.6499,0,-0.0872665,-3.83159,0.0823832,-0.00251418,0.00601859,0.0838884,0.1
3466,2.39464,0.0174533,0.0276977,0.563965,0.590074,6.07428,0.0010653,-3.82528,-0,-3.8124,43,33,3,0,0,34.6599,0,-0.0872665,-3.82528,0.0824098,-0.00232609,0.00591905,0.0813547,0.1
3467,2.39483,0.0174533,0.0372854,0.518848,0.629558,6.07428,-0.0170448,-3.83319,-0,-3.8124,43,33,3,0,0,34.6699,0,-0.0872665,-3.83319,0.0823655,-0.00214743,0.00590597,0.0789028,0.1
3468,2.39502,0.0174533,0.0255671,0.563965,0.649311,6.07428,-0.00852238,-3.82075,-0,-3.90264,43,33,3,0,0,34.6799,0,-0.0872665,-3.82075,0.0824217,-0.00197795,0.0058837,0.0765332,0.1
3469,2.39522,0.0174533,0.0159795,0.710596,0.624767,6.07428,-0.0255671,-3.82792,-0,-3.90264,43,33,3,0,0,34.6899,0,-0.0872665,-3.82792,0.0823946,-0.00181747,0.00585243,0.074247,0.1
3470,2.39541,0.020944,0.00639178,0.541406,0.671121,6.07428,0.0127836,-3.83289,-0,-3.80112,43,33,3,0,0,34.6999,0,-0.0872665,-3.83289,0.0823767,-0.00166576,0.00581239,0.072045,0.1
3471,2.3956,0.0174533,0.0266324,0.733154,0.644925,6.07428,0.0010653,-3.83921,-0,-3.9252,43,33,3,0,0,34.7099,0,-0.0872665,-3.83921,0.0823151,-0.00152258,0.00576383,0.0699275,0.1
3472,2.39579,0.010472,0.0191753,0.688037,0.657421,6.07428,-0.0138489,-3.8344,-0,-3.9252,43,33,3,0,0,34.7199,0,-0.0872665,-3.8344,0.0823121,-0.0013877,0.00570696,0.0678951,0.1
3473,2.39589,0.00349066,-0.00745708,0.721875,0.707931,6.07428,0.00426119,-3.84075,-0,-3.91392,43,33,3,0,0,34.7299,0,-0.0872665,-3.84075,0.0822709,-0.00126093,0.00573786,0.0659489,0.1
3474,2.39608,0.015708,-0.00745708,0.766992,0.667244,6.07428,-0.0202406,-3.836,-0,-3.9252,43,33,3,0,0,34.7399,0,-0.0872665,-3.836,0.0822768,-0.001142,0.00566504,0.0640892,0.1
3475,2.39627,0.0191986,0.0276977,0.733154,0.628675,6.07428,0.00319589,-3.83583,-0,-3.78984,43,33,3,0,0,34.7499,0,-0.0872665,-3.83583,0.0822734,-0.0010307,0.00558459,0.0623166,0.1
3476,2.39637,0.0174533,0.00319589,0.665479,0.612813,6.07428,-0.0340895,-3.82584,-0,-3.90264,43,33,3,0,0,34.7599,0,-0.0872665,-3.82584,0.0823127,-0.000926781,0.00559264,0.0606318,0.1
3477,2.39656,0.0174533,0.00639178,0.654199,0.581069,6.07428,0.0223712,-3.83917,-0,-3.80112,43,33,3,0,0,34.7699,0,-0.0872665,-3.83917,0.082276,-0.00083002,0.00549765,0.0590353,0.1
3478,2.39675,0.0279253,0.0213059,0.64292,0.625289,6.07428,-0.00639178,-3.8361,-0,-3.78984,43,33,3,0,0,34.7799,0,-0.0872665,-3.8361,0.0822685,-0.000740162,0.00539576,0.0575274,0.1
3479,2.39694,0.0191986,0.0117183,0.64292,0.602776,6.07428,-7.17537e-19,-3.83857,-0,-3.80112,43,33,3,0,0,34.7899,0,-0.0872665,-3.83857,0.0822769,-0.000656971,0.0052872,0.0561088,0.1
3480,2.39713,0.0244346,0.0362201,0.676758,0.573683,6.07428,0.00852238,-3.83515,-0,-3.9252,43,33,3,0,0,34.7999,0,-0.0872665,-3.83515,0.0823089,-0.0005802,0.00517223,0.0547798,0.1
3481,2.39732,0.0174533,0.0202406,0.575244,0.548439,6.07428,-0.00213059,-3.8303,-0,-3.8124,43,33,3,0,0,34.8099,0,-0.0872665,-3.8303,0.0823134,-0.000509614,0.00505107,0.0535411,0.1
3482,2.39752,0.015708,0.028763,0.575244,0.509929,6.07428,0.00958767,-3.84002,-0,-3.78984,43,33,3,0,0,34.8199,0,-0.0872665,-3.84002,0.0822789,-0.000444946,0.00492399,0.0523926,0.1
3483,2.39771,0.020944,0.0340895,0.496289,0.464839,6.07428,0.0202406,-3.83494,-0,-3.78984,43,33,3,0,0,34.8299,0,-0.0872665,-3.83494,0.0823042,-0.000385957,0.00479123,0.051335,0.1
3484,2.3979,0.0139626,0.0340895,0.496289,0.437146,6.07428,0.0234365,-3.84013,-0,-3.78984,43,33,3,0,0,34.8399,0,-0.0872665,-3.84013,0.0822788,-0.000332399,0.00465304,0.0503687,0.1
3485,2.39809,0.0279253,0.0138489,0.507568,0.52233,6.07428,0.0010653,-3.83428,-0,-3.80112,43,33,3,0,0,34.8499,0,-0.0872665,-3.83428,0.0822785,-0.000284005,0.00450969,0.0494937,0.1
3486,2.39828,0,0.0191753,0.507568,0.445728,6.07428,-0.00639178,-3.83349,-0,-3.78984,43,33,3,0,0,34.8599,0,-0.0872665,-3.83349,0.082279,-0.00024053,0.00436141,0.0487106,0.1
3487,2.39838,0.0279253,0.0010653,0.48501,0.494823,6.07428,-0.0213059,-3.8281,-0,-3.78984,43,33,3,0,0,34.8699,0,-0.0872665,-3.8281,0.0823127,-0.000201716,0.00430435,0.0480194,0.1
3488,2.39857,0.0174533,0.0245018,0.507568,0.465471,6.07428,0.0127836,-3.83121,-0,-3.78984,43,33,3,0,0,34.8799,0,-0.0872665,-3.83121,0.0823132,-0.000167304,0.00414702,0.0474204,0.1
3489,2.39876,0.0191986,0.00319589,0.496289,0.426338,6.07428,0.00319589,-3.83526,-0,-3.82368,43,33,3,0,0,34.8899,0,-0.0872665,-3.83526,0.0822875,-0.00013703,0.00398554,0.0469138,0.1
3490,2.39886,0.0139626,0.0138489,0.31582,0.411797,6.07428,0.00852238,-3.8356,-0,-3.78984,43,33,3,0,0,34.8999,0,-0.0872665,-3.8356,0.0822907,-0.000110638,0.00391606,0.0464998,0.1
3491,2.39905,0.0174533,0.0159795,0.439893,0.449094,6.07428,-0.0266324,-3.8349,-0,-3.8124,43,33,3,0,0,34.9099,0,-0.0872665,-3.8349,0.0822801,-8.78644e-05,0.00374709,0.0461784,0.1
3492,2.39915,0,0.0149142,0.47373,0.455034,6.07428,0.0010653,-3.84352,-0,-3.80112,43,33,3,0,0,34.9199,0,-0.0872665,-3.84352,0.0822562,-6.84449e-05,0.00367063,0.0459499,0.1
3493,2.39924,0.00872665,0.00639178,0.451172,0.418101,6.07428,-0.0117183,-3.84071,-0,-3.82368,43,33,3,0,0,34.9299,0,-0.0872665,-3.84071,0.0822566,-5.21156e-05,0.00359109,0.0458142,0.1
3494,2.39934,0,-0.00319589,0.360938,0.435725,6.07428,0.0213059,-3.84501,-0,-3.80112,43,33,3,0,0,34.9399,0,-0.0872665,-3.84501,0.0822418,-3.8611e-05,0.00350872,0.0457713,0.1
3495,2.39934,0.0122173,-0.00532648,0.394775,0.469809,6.07428,-0.00532648,-3.85189,-0,-3.82368,43,33,3,0,0,34.9499,0,-0.0872665,-3.85189,0.0821911,-2.76639e-05,0.00351967,0.0458214,0.1
3496,2.39943,0.00872665,0.00532648,0.406055,0.504999,6.07428,0.00426119,-3.84067,-0,-3.82368,43,33,3,0,0,34.9599,0,-0.0872665,-3.84067,0.0822285,-1.90084e-05,0.00343245,0.0459644,0.1
3497,2.39953,0,0.0138489,0.47373,0.458776,6.07428,-0.0170448,-3.84922,-0,-3.8124,43,33,3,0,0,34.9699,0,-0.0872665,-3.84922,0.0821833,-1.23768e-05,0.00334321,0.0462002,0.1
3498,2.39963,0,0.00958767,0.451172,0.439069,6.07428,-0.00852238,-3.8388,-0,-3.82368,43,33,3,0,0,34.9799,0,-0.0872665,-3.8388,0.082216,-7.49944e-06,0.00325221,0.0465289,0.1
3499,2.39972,0.0174533,0.01811,0.507568,0.43661,6.07428,0.00532648,-3.84209,-0,-3.84624,43,33,3,0,0,34.9899,0,-0.0872665,-3.84209,0.082197,-4.10819e-06,0.00315973,0.0469501,0.1
3500,2.39972,0,0.00852238,0.338379,0.455619,6.07428,-0.00745708,-3.84518,-0,-3.84624,43,33,3,0,0,34.9999,0,-0.0872665,-3.84518,0.0821819,-1.9332e-06,0.0031619,0.0474639,0.1
3501,2.39982,0.00872665,0.0138489,0.451172,0.438599,6.07428,0.0202406,-3.84765,-0,-3.82368,43,33,3,0,0,35.0099,0,-0.0872665,-3.84765,0.0821904,-7.04563e-07,0.00306726,0.0480702,0.1
3502,2.39982,0,0.0191753,0.383496,0.430893,6.07428,-0.00745708,-3.84149,-0,-3.82368,43,33,3,0,0,35.0199,0,-0.0872665,-3.84149,0.0821878,-1.52211e-07,0.00306781,0.0487685,0.1
3503,2.39991,0.00349066,0.00958767,0.394775,0.483087,6.07428,-0.00319589,-3.83634,-0,-3.8124,43,33,3,0,0,35.0299,0,-0.0872665,-3.83634,0.0822112,-5.63745e-09,0.00297208,0.0495589,0.1
3504,2.39991,0,0.00639178,0.394775,0.4168,6.07428,-0.0191753,-3.83877,-0,-3.8124,43,33,2,0,1,35.0399,0,-0.0872665,-3.83877,0.082219,0,0.00297209,0,0.1
3505,2.39991,0.010472,-0.0010653,0.338379,0.420527,6.07428,0.0213059,-3.84336,-0,-3.80112,43,33,2,0,1,35.0499,0,-0.0872665,-3.84336,0.0822111,0,0.00297209,0,0.1
3506,2.39991,0,0.00319589,0.406055,0.396937,6.07428,0.0138489,-3.84254,-0,-3.82368,43,33,2,0,1,35.0599,0,-0.0872665,-3.84254,0.0822037,0,0.00297209,0,0.1
3507,2.39991,0.00698132,-0.00745708,0.451172,0.434186,6.07428,-0.0170448,-3.8405,-0,-3.83496,43,33,2,0,1,35.0699,0,-0.0872665,-3.8405,0.0821844,0,0.00297209,0,0.1
3508,2.39991,0,0.0010653,0.451172,0.413249,6.07428,0.0308936,-3.8498,-0,-3.93647,43,33,2,0,1,35.0799,0,-0.0872665,-3.85039,0.0821603,0,0.00297209,0,0.1
3509,2.39991,0.00523599,-0.0202406,0.496289,0.448301,6.07428,-0.0202406,-3.84251,-0,-3.9252,43,33,2,0,1,35.0899,0,-0.0872665,-3.84251,0.0821649,0,0.00297209,0,0.1
3510,2.40001,0,-0.0010653,0.451172,0.404201,6.07428,-0.0117183,-3.85035,-0,-3.80112,43,33,2,0,1,35.0999,0,-0.0872665,-3.85035,0.0821431,0,0.00287621,0,0.1
3511,2.40001,0,0.00319589,0.304541,0.366611,6.07428,-0.0117183,-3.84632,-0,-3.8124,43,33,2,0,1,35.1099,0,-0.0872665,-3.84632,0.0821871,0,0.00287621,0,0.1
3512,2.40001,0,0.00213059,0.338379,0.408902,6.07428,0.00639178,-3.85024,-0,-3.9252,43,33,2,0,1,35.1199,0,-0.0872665,-3.85024,0.0821716,0,0.00287621,0,0.1
3513,2.40001,0,0.0127836,0.439893,0.378681,6.07428,0.00426119,-3.84708,-0,-3.94775,43,33,2,0,1,35.1299,0,-0.0872665,-3.84708,0.0821787,0,0.00287621,0,0.1
3514,2.40001,0,-2.60922e-19,0.451172,0.40834,6.07428,-0.00426119,-3.85335,-0,-3.91392,43,33,2,0,1,35.1399,0,-0.0872665,-3.85335,0.0821531,0,0.00287621,0,0.1
3515,2.40001,0,0.00532648,0.31582,0.421294,6.07428,-0.00958767,-3.84508,-0,-3.9252,43,33,2,0,1,35.1499,0,-0.0872665,-3.84508,0.0821624,0,0.00287621,0,0.1
3516,2.40001,0,0.00639178,0.451172,0.382049,6.07428,0.0159795,-3.85002,-0,-3.9252,43,33,2,0,1,35.1599,0,-0.0872665,-3.85002,0.0821376,0,0.00287621,0,0.1
3517,2.40001,0,-0.00213059,0.439893,0.453655,6.07428,0.0149142,-3.85192,-0,-3.91392,43,33,2,0,1,35.1699,0,-0.0872665,-3.85192,0.0821159,0,0.00287621,0,0.1
3518,2.40001,0,-0.0010653,0.428613,0.428786,6.07428,0.00532648,-3.84766,-0,-3.93647,43,33,2,0,1,35.1799,0,-0.0872665,-3.84766,0.0821408,0,0.00287621,0,0.1
3519,2.40001,0,0.0010653,0.417334,0.425219,6.07428,-0.01811,-3.84457,-0,-3.80112,43,33,2,0,1,35.1899,0,-0.0872665,-3.84457,0.0821445,0,0.00287621,0,0.1
3520,2.40001,0,-0.0127836,0.428613,0.416477,6.07428,0.0010653,-3.8365,-0,-3.91392,43,33,2,0,1,35.1999,0,-0.0872665,-3.8365,0.0821822,0,0.00287621,0,0.1
3521,2.40001,0,0.0010653,0.451172,0.441592,6.07428,-6.52306e-20,-3.84641,-0,-3.80112,43,33,2,0,1,35.2099,0,-0.0872665,-3.84641,0.0821527,0,0.00287621,0,0.1
3522,2.40001,0,-0.0170448,0.451172,0.433105,6.07428,-0.00852238,-3.84063,-0,-3.78984,43,33,2,0,1,35.2199,0,-0.0872665,-3.84063,0.0821696,0,0.00287621,0,0.1
3523,2.40001,0,0.00213059,0.439893,0.420519,6.07428,0.0170448,-3.85316,-0,-3.82368,43,33,2,0,1,35.2299,0,-0.0872665,-3.85316,0.0821205,0,0.00287621,0,0.1
3524,2.40001,0,0.0223712,0.439893,0.406647,6.07428,-0.00426119,-3.8399,-0,-3.8124,43,33,2,0,1,35.2399,0,-0.0872665,-3.8399,0.0821719,0,0.00287621,0,0.1
3525,2.40001,0,-0.00745708,0.417334,0.433512,6.07428,0.00639178,-3.85025,-0,-3.82368,43,33,2,0,1,35.2499,0,-0.0872665,-3.85025,0.0821417,0,0.00287621,0,0.1
3526,2.40001,0,0.0149142,0.439893,0.396098,6.07428,-0.0191753,-3.85397,-0,-3.80112,43,33,2,0,1,35.2599,0,-0.0872665,-3.85397,0.0821202,0,0.00287621,0,0.1
3527,2.40001,0,0.0191753,0.349658,0.351045,6.07428,0.0255671,-3.84754,-0,-3.78984,43,33,2,0,1,35.2699,0,-0.0872665,-3.84754,0.0821499,0,0.00287621,0,0.1
3528,2.40001,0,0.0149142,0.372217,0.362567,6.07428,0.00213059,-3.8449,-0,-3.8124,43,33,2,0,1,35.2799,0,-0.0872665,-3.8449,0.0821603,0,0.00287621,0,0.1
3529,2.40001,0,0.0223712,0.406055,0.350606,6.07428,-0.00426119,-3.85139,-0,-3.8124,43,33,2,0,1,35.2899,0,-0.0872665,-3.85139,0.082138,0,0.00287621,0,0.1
3530,2.40001,0,0.0010653,0.394775,0.400364,6.07428,-0.00426119,-3.84955,-0,-3.80112,43,33,2,0,1,35.2999,0,-0.0872665,-3.84955,0.0821311,0,0.00287621,0,0.1
3531,2.40001,0,-0.0127836,0.406055,0.379045,6.07428,0.00319589,-3.84144,-0,-3.85752,43,33,2,0,1,35.3099,0,-0.0872665,-3.84144,0.0821735,0,0.00287621,0,0.1
3532,2.40001,0,0.0266324,0.417334,0.394106,6.07428,0.00426119,-3.84408,-0,-3.8124,43,33,2,0,1,35.3199,0,-0.0872665,-3.84408,0.0821732,0,0.00287621,0,0.1
3533,2.40001,0,-0.01811,0.439893,0.396301,6.07428,0.01811,-3.84528,-0,-3.82368,43,33,2,0,1,35.3299,0,-0.0872665,-3.84528,0.0821781,0,0.00287621,0,0.1
3534,2.40001,0,-0.0234365,0.417334,0.407922,6.07428,1.43507e-18,-3.85489,-0,-3.8124,43,33,2,0,1,35.3399,0,-0.0872665,-3.85489,0.0821164,0,0.00287621,0,0.1
3535,2.40001,0,0.010653,0.451172,0.400481,6.07428,-0.0202406,-3.83735,-0,-3.82368,43,33,2,0,1,35.3499,0,-0.0872665,-3.83735,0.0821831,0,0.00287621,0,0.1
3536,2.40001,0,-0.00426119,0.451172,0.394375,6.07428,-0.00639178,-3.84979,-0,-3.8124,43,33,2,0,1,35.36,0,-0.0872665,-3.84979,0.0821218,0,0.00287621,0,0.1
3537,2.40001,0,-0.00532648,0.417334,0.434425,6.07428,-0.00852238,-3.84357,-0,-3.8124,43,33,2,0,1,35.3699,0,-0.0872665,-3.84357,0.0821328,0,0.00287621,0,0.1
3538,2.40001,0,-0.0149142,0.428613,0.440955,6.07428,9.13229e-19,-3.85009,-0,-3.84624,43,33,2,0,1,35.3799,0,-0.0872665,-3.85009,0.0821191,0,0.00287621,0,0.1
3539,2.40001,0,-0.0138489,0.451172,0.475068,6.07428,0.00426119,-3.84772,-0,-3.82368,43,33,2,0,1,35.3899,0,-0.0872665,-3.84772,0.0821342,0,0.00287621,0,0.1
3540,2.4001,0,-0.00532648,0.462451,0.444152,6.07428,0.0298283,-3.85704,-0,-3.8688,43,33,2,0,1,35.3999,0,-0.0872665,-3.85755,0.0820897,0,0.00278034,0,0.1
3541,2.4001,0,0.0159795,0.462451,0.348348,6.07428,-0.0213059,-3.84252,-0,-3.82368,43,33,2,0,1,35.4099,0,-0.0872665,-3.84252,0.0821357,0,0.00278034,0,0.1
3542,2.4001,0,-0.00426119,0.259424,0.353628,6.07428,0.0149142,-3.84396,-0,-3.82368,43,33,2,0,1,35.4199,0,-0.0872665,-3.84396,0.082146,0,0.00278034,0,0.1
3543,2.4001,0,-0.0159795,0.417334,0.365139,6.07428,-0.0404813,-3.84628,-0,-3.80112,43,33,2,0,1,35.4299,0,-0.0872665,-3.84628,0.0821122,0,0.00278034,0,0.1
3544,2.4001,0,0.00426119,0.417334,0.399437,6.07428,0.01811,-3.84217,-0,-3.82368,43,33,2,0,1,35.4399,0,-0.0872665,-3.84217,0.0821618,0,0.00278034,0,0.1
3545,2.4001,0,-4.56614e-19,0.451172,0.423115,6.07428,-0.00745708,-3.84459,-0,-3.80112,43,33,2,0,1,35.4499,0,-0.0872665,-3.84459,0.0821558,0,0.00278034,0,0.1
3546,2.4001,0,0.00532648,0.3271,0.396812,6.07428,0.00745708,-3.84475,-0,-3.93647,43,33,2,0,1,35.4599,0,-0.0872665,-3.84475,0.0821711,0,0.00278034,0,0.1
3547,2.4001,0,-0.0010653,0.31582,0.395308,6.07428,-0.0170448,-3.84584,-0,-3.84624,43,33,2,0,1,35.4699,0,-0.0872665,-3.84584,0.0821527,0,0.00278034,0,0.1
3548,2.4001,0,0.00426119,0.338379,0.397594,6.07428,0.01811,-3.84953,-0,-3.91392,43,33,2,0,1,35.4799,0,-0.0872665,-3.84953,0.082144,0,0.00278034,0,0.1
3549,2.4001,0,-0.0159795,0.451172,0.463941,6.07428,-0.0117183,-3.85145,-0,-3.83496,43,33,2,0,1,35.4899,0,-0.0872665,-3.85145,0.0821172,0,0.00278034,0,0.1
3550,2.4001,0,0.0234365,0.372217,0.380849,6.07428,-0.00639178,-3.84026,-0,-3.8124,43,33,2,0,1,35.4999,0,-0.0872665,-3.84026,0.082178,0,0.00278034,0,0.1
3551,2.4001,0,-0.00213059,0.439893,0.39903,6.07428,1.30461e-19,-3.84548,-0,-3.82368,43,33,2,0,1,35.5099,0,-0.0872665,-3.84548,0.0821492,0,0.00278034,0,0.1
3552,2.4001,0,0.00958767,0.394775,0.382643,6.07428,0.01811,-3.84358,-0,-3.9252,43,33,2,0,1,35.5199,0,-0.0872665,-3.84358,0.0821594,0,0.00278034,0,0.1
3553,2.4001,0,0.0170448,0.406055,0.362886,6.07428,-0.0010653,-3.84691,-0,-3.9252,43,33,2,0,1,35.5299,0,-0.0872665,-3.84691,0.0821549,0,0.00278034,0,0.1
3554,2.4001,0,0.00319589,0.372217,0.387118,6.07428,-0.0117183,-3.84658,-0,-3.9252,43,33,2,0,1,35.5399,0,-0.0872665,-3.84658,0.0821436,0,0.00278034,0,0.1
3555,2.4001,0,-0.00958767,0.439893,0.407674,6.07428,-0.00319589,-3.84927,-0,-3.93647,43,33,2,0,1,35.5499,0,-0.0872665,-3.84927,0.0821362,0,0.00278034,0,0.1
3556,2.4001,0,0.00639178,0.428613,0.396069,6.07428,-0.00639178,-3.8445,-0,-3.93647,43,33,2,0,1,35.5599,0,-0.0872665,-3.8445,0.0821605,0,0.00278034,0,0.1
3557,2.4001,0,0.0010653,0.428613,0.391856,6.07428,0.0159795,-3.84131,-0,-3.80112,43,33,2,0,1,35.5699,0,-0.0872665,-3.84131,0.0821888,0,0.00278034,0,0.1
3558,2.4001,0,0.00319589,0.451172,0.42835,6.07428,-0.00213059,-3.84855,-0,-3.94775,43,33,2,0,1,35.5799,0,-0.0872665,-3.84855,0.0821591,0,0.00278034,0,0.1
3559,2.4001,0,-0.00532648,0.439893,0.391585,6.07428,0.01811,-3.84774,-0,-3.83496,43,33,2,0,1,35.5899,0,-0.0872665,-3.84774,0.0821666,0,0.00278034,0,0.1
3560,2.4001,0,0.0170448,0.462451,0.36487,6.07428,-0.00852238,-3.85154,-0,-3.82368,43,33,2,0,1,35.5999,0,-0.0872665,-3.85154,0.0821461,0,0.00278034,0,0.1
3561,2.4001,0,-0.00319589,0.406055,0.371514,6.07428,0.00639178,-3.84498,-0,-3.9252,43,33,2,0,1,35.6099,0,-0.0872665,-3.84498,0.0821756,0,0.00278034,0,0.1
3562,2.4001,0,0.00213059,0.428613,0.432433,6.07418,-0.00319589,-3.84584,-0,-3.93647,43,33,2,0,1,35.6199,0,-0.0872665,-3.84584,0.0821601,0,0.00278034,0,0.1
3563,2.4001,0.0122173,0.00319589,0.428613,0.414059,6.07418,-0.0138489,-3.84472,-0,-3.93647,43,33,2,0,1,35.6299,0,-0.0872665,-3.84472,0.0821393,0,0.00278034,0,0.1
3564,2.4001,0,-0.0170448,0.428613,0.410014,6.07418,0.0202406,-3.84683,-0,-3.8124,43,33,2,0,1,35.6399,0,-0.0872665,-3.84683,0.0821468,0,0.00278034,0,0.1
3565,2.4001,0,-0.00745708,0.406055,0.422952,6.07418,-0.0117183,-3.84501,-0,-3.80112,43,33,2,0,1,35.6499,0,-0.0872665,-3.84501,0.0821542,0,0.00278034,0,0.1
3566,2.4001,0,0.0117183,0.417334,0.389805,6.07418,-0.0010653,-3.84822,-0,-3.8124,43,33,2,0,1,35.6599,0,-0.0872665,-3.84822,0.0821378,0,0.00278034,0,0.1
3567,2.4001,0,-0.00319589,0.417334,0.43154,6.07418,-0.010653,-3.84206,-0,-3.82368,43,33,2,0,1,35.6699,0,-0.0872665,-3.84206,0.0821708,0,0.00278034,0,0.1
3568,2.4001,0,-0.00852238,0.451172,0.424704,6.07418,0.0010653,-3.83663,-0,-3.78984,43,33,2,0,1,35.6799,0,-0.0872665,-3.83663,0.082192,0,0.00278034,0,0.1
3569,2.4001,0,-0.00745708,0.349658,0.401349,6.07418,-0.0149142,-3.84117,-0,-3.83496,43,33,2,0,1,35.6899,0,-0.0872665,-3.84117,0.0821684,0,0.00278034,0,0.1
3570,2.4001,0,-0.00532648,0.417334,0.423575,6.07418,0.0191753,-3.84106,-0,-3.80112,43,33,2,0,1,35.6999,0,-0.0872665,-3.84106,0.0821801,0,0.00278034,0,0.1
3571,2.4001,0,-0.0138489,0.31582,0.426631,6.07418,-0.0159795,-3.84178,-0,-3.8124,43,33,2,0,1,35.7099,0,-0.0872665,-3.84178,0.0821666,0,0.00278034,0,0.1
3572,2.4001,0,0.0223712,0.406055,0.357454,6.07418,0.0010653,-3.84371,-0,-3.80112,43,33,2,0,1,35.72,0,-0.0872665,-3.84371,0.0821667,0,0.00278034,0,0.1
3573,2.4001,0,0.00213059,0.406055,0.422778,6.07418,-0.00745708,-3.84822,-0,-3.80112,43,33,2,0,1,35.7299,0,-0.0872665,-3.84822,0.0821591,0,0.00278034,0,0.1
3574,2.4001,0,-0.00213059,0.394775,0.406852,6.07418,-0.010653,-3.84163,-0,-3.8124,43,33,2,0,1,35.7399,0,-0.0872665,-3.84163,0.0821819,0,0.00278034,0,0.1
3575,2.4001,0,0.00213059,0.428613,0.427573,6.07418,-0.0149142,-3.84292,-0,-3.82368,43,33,2,0,1,35.7499,0,-0.0872665,-3.84292,0.0821864,0,0.00278034,0,0.1
3576,2.4001,0,0.0117183,0.417334,0.376988,6.07418,-0.00213059,-3.84363,-0,-3.8124,43,33,2,0,1,35.7599,0,-0.0872665,-3.84363,0.0821891,0,0.00278034,0,0.1
3577,2.4001,0,1.696e-18,0.417334,0.407055,6.07418,0.0276977,-3.84282,-0,-3.82368,43,33,2,0,1,35.7699,0,-0.0872665,-3.84282,0.0822018,0,0.00278034,0,0.1
3578,2.4001,0,0.01811,0.383496,0.373037,6.07418,-0.0202406,-3.84793,-0,-3.83496,43,33,2,0,1,35.7799,0,-0.0872665,-3.84793,0.0821799,0,0.00278034,0,0.1
3579,2.4001,0,0.00426119,0.3271,0.40263,6.07418,0.00426119,-3.84473,-0,-3.82368,43,33,2,0,1,35.7899,0,-0.0872665,-3.84473,0.0821897,0,0.00278034,0,0.1
3580,2.4001,0,0.0127836,0.451172,0.358667,6.07418,-0.00532648,-3.84638,-0,-3.82368,43,33,2,0,1,35.7999,0,-0.0872665,-3.84638,0.0821834,0,0.00278034,0,0.1
3581,2.4001,0,0.00319589,0.304541,0.397583,6.07418,0.0319589,-3.85754,-0,-3.8124,43,33,2,0,1,35.8099,0,-0.0872665,-3.85851,0.0821237,0,0.00278034,0,0.1
3582,2.4001,0,-0.010653,0.406055,0.411369,6.07418,-0.0202406,-3.83916,-0,-3.8124,43,33,2,0,1,35.8199,0,-0.0872665,-3.83916,0.0821821,0,0.00278034,0,0.1
3583,2.4001,0,0.00532648,0.3271,0.450811,6.07418,-3.26153e-19,-3.84269,-0,-3.80112,43,33,2,0,1,35.8299,0,-0.0872665,-3.84269,0.0821775,0,0.00278034,0,0.1
3584,2.4001,0,-0.00532648,0.394775,0.417174,6.07418,-0.00319589,-3.85058,-0,-3.82368,43,33,2,0,1,35.8399,0,-0.0872665,-3.85058,0.0821438,0,0.00278034,0,0.1
3585,2.4001,0,-0.00639178,0.428613,0.379303,6.07418,0.00852238,-3.85102,-0,-3.84624,43,33,2,0,1,35.8499,0,-0.0872665,-3.85102,0.0821412,0,0.00278034,0,0.1
3586,2.4001,0,7.17537e-19,0.439893,0.445839,6.07418,0.0117183,-3.8487,-0,-3.82368,43,33,2,0,1,35.8599,0,-0.0872665,-3.8487,0.0821386,0,0.00278034,0,0.1
3587,2.4001,0,0.00745708,0.451172,0.391971,6.07418,-0.00532648,-3.84647,-0,-3.8124,43,33,2,0,1,35.8699,0,-0.0872665,-3.84647,0.082135,0,0.00278034,0,0.1
3588,2.4001,0,-0.0138489,0.349658,0.413464,6.07418,-0.00958767,-3.85117,-0,-3.93647,43,33,2,0,1,35.8799,0,-0.0872665,-3.85117,0.0821048,0,0.00278034,0,0.1
3589,2.4001,0,0.0298283,0.439893,0.354936,6.07418,0.0138489,-3.84963,-0,-3.83496,43,33,2,0,1,35.8899,0,-0.0872665,-3.84963,0.0821226,0,0.00278034,0,0.1
3590,2.4001,0,-0.0127836,0.31582,0.409891,6.07418,0.00532648,-3.85613,-0,-3.83496,43,33,2,0,1,35.8999,0,-0.0872665,-3.85613,0.0821077,0,0.00278034,0,0.1
3591,2.4001,0,0.0170448,0.338379,0.418486,6.07418,-0.0138489,-3.84534,-0,-3.84624,43,33,2,0,1,35.9099,0,-0.0872665,-3.84534,0.0821161,0,0.00278034,0,0.1
3592,2.4001,0,1.82646e-18,0.338379,0.434286,6.07418,0.0298283,-3.85833,-0,-3.82368,43,33,2,0,1,35.9199,0,-0.0872665,-3.85841,0.0820889,0,0.00278034,0,0.1
3593,2.4001,0,0.0149142,0.451172,0.365653,6.07418,0.0127836,-3.85231,-0,-3.93647,43,33,2,0,1,35.9299,0,-0.0872665,-3.85231,0.0821056,0,0.00278034,0,0.1
3594,2.4001,-0.00872665,0.00852238,0.293262,0.366724,6.07418,0.0223712,-3.84725,-0,-3.93647,43,33,2,0,1,35.9399,0,-0.0872665,-3.84725,0.0821304,0,0.00278034,0,0.1
3595,2.4001,0,0.00639178,0.372217,0.366761,6.07418,-0.0159795,-3.84012,-0,-3.93647,43,33,2,0,1,35.9499,0,-0.0872665,-3.84012,0.0821752,0,0.00278034,0,0.1
3596,2.4001,0,0.0191753,0.394775,0.365111,6.07418,0.00745708,-3.84187,-0,-3.95903,43,33,2,0,1,35.9599,0,-0.0872665,-3.84187,0.0821845,0,0.00278034,0,0.1
3597,2.4001,0,0.01811,0.406055,0.37546,6.07418,-0.00639178,-3.84444,-0,-3.9252,43,33,2,0,1,35.9699,0,-0.0872665,-3.84444,0.0821905,0,0.00278034,0,0.1
3598,2.4001,0,0.0149142,0.281982,0.349211,6.07428,-0.00532648,-3.83792,-0,-3.9252,43,33,2,0,1,35.9799,0,-0.0872665,-3.83792,0.0822224,0,0.00278034,0,0.1
3599,2.4001,0,0.0010653,0.417334,0.421527,6.07428,-0.0223712,-3.84649,-0,-3.78984,43,33,2,0,1,35.9899,0,-0.0872665,-3.84649,0.0821901,0,0.00278034,0,0.1
3600,2.4001,0,0.00426119,0.406055,0.356118,6.07428,-0.00639178,-3.83223,-0,-3.80112,43,33,2,0,1,35.9999,0,-0.0872665,-3.83223,0.082258,0,0.00278034,0,0.1
3601,2.4001,0,0.0138489,0.406055,0.368075,6.07428,0.0340895,-3.8494,-0,-3.78984,43,33,2,0,1,36.0099,0,-0.0872665,-3.85024,0.0822054,0,0.00278034,0,0.1
3602,2.4001,0,-0.00319589,0.417334,0.373606,6.07428,-0.0191753,-3.8389,-0,-3.8124,43,33,2,0,1,36.0199,0,-0.0872665,-3.8389,0.0822186,0,0.00278034,0,0.1
3603,2.4001,0,0.0298283,0.406055,0.372062,6.07428,0.0202406,-3.84829,-0,-3.93647,43,33,2,0,1,36.0299,0,-0.0872665,-3.84829,0.0821913,0,0.00278034,0,0.1
3604,2.4001,0,0.0234365,0.383496,0.378409,6.07428,-0.01811,-3.83828,-0,-3.80112,43,33,2,0,1,36.0399,0,-0.0872665,-3.83828,0.0822365,0,0.00278034,0,0.1
3605,2.4001,0,-0.0010653,0.439893,0.37738,6.07428,0.00639178,-3.84423,-0,-3.78984,43,33,2,0,1,36.0499,0,-0.0872665,-3.84423,0.0822145,0,0.00278034,0,0.1
3606,2.4001,0,0.0372854,0.394775,0.375187,6.07428,-0.0234365,-3.83919,-0,-3.8124,43,33,2,0,1,36.0599,0,-0.0872665,-3.83919,0.0822273,0,0.00278034,0,0.1
3607,2.4001,0,0.00958767,0.338379,0.430851,6.07428,0.0127836,-3.84061,-0,-3.8124,43,33,2,0,1,36.0699,0,-0.0872665,-3.84061,0.082234,0,0.00278034,0,0.1
3608,2.4001,0,0.00319589,0.439893,0.451574,6.07428,0.00639178,-3.846,-0,-3.88008,43,33,2,0,1,36.0799,0,-0.0872665,-3.846,0.0822123,0,0.00278034,0,0.1
3609,2.4001,0,0.00213059,0.417334,0.421787,6.07428,-0.00852238,-3.83786,-0,-3.78984,43,33,2,0,1,36.0899,0,-0.0872665,-3.83786,0.0822329,0,0.00278034,0,0.1
3610,2.4001,0,0.0191753,0.394775,0.38497,6.07428,-0.00213059,-3.84573,-0,-3.80112,43,33,2,0,1,36.0999,0,-0.0872665,-3.84573,0.0821963,0,0.00278034,0,0.1
3611,2.4001,0,-0.0351548,0.439893,0.375829,6.07428,-0.0308936,-3.83167,-0,-3.84624,43,33,2,0,1,36.1099,0,-0.0872665,-3.83167,0.0822666,0,0.00278034,0,0.1
3612,2.4001,0,0.00532648,0.428613,0.392235,6.07428,-0.00639178,-3.84193,-0,-3.82368,43,33,2,0,1,36.1199,0,-0.0872665,-3.84193,0.0822269,0,0.00278034,0,0.1
3613,2.4001,0,-0.00532648,0.383496,0.385564,6.07428,-0.01811,-3.83335,-0,-3.8124,43,33,2,0,1,36.1299,0,-0.0872665,-3.83335,0.0822754,0,0.00278034,0,0.1
3614,2.4001,0,-9.13229e-19,0.372217,0.403679,6.07428,-0.0149142,-3.83913,-0,-3.85752,43,33,2,0,1,36.1399,0,-0.0872665,-3.83913,0.082242,0,0.00278034,0,0.1
3615,2.4001,0,0.00958767,0.406055,0.390015,6.07428,-0.00958767,-3.83468,-0,-3.78984,43,33,2,0,1,36.1499,0,-0.0872665,-3.83468,0.0822691,0,0.00278034,0,0.1
3616,2.4001,0,-0.0127836,0.417334,0.404748,6.07428,0.00852238,-3.83639,-0,-3.8124,43,33,2,0,1,36.1599,0,-0.0872665,-3.83639,0.0822664,0,0.00278034,0,0.1
3617,2.4001,0,-0.0010653,0.3271,0.356669,6.07428,-0.0255671,-3.83295,-0,-3.8124,43,33,2,0,1,36.1699,0,-0.0872665,-3.83295,0.0822697,0,0.00278034,0,0.1
3618,2.4001,0,-0.00213059,0.394775,0.418091,6.07428,0.0127836,-3.84192,-0,-3.82368,43,33,2,0,1,36.1799,0,-0.0872665,-3.84192,0.0822475,0,0.00278034,0,0.1
3619,2.4001,0,0.00639178,0.417334,0.373634,6.07428,-0.0191753,-3.8383,-0,-3.80112,43,33,2,0,1,36.1899,0,-0.0872665,-3.8383,0.0822534,0,0.00278034,0,0.1
3620,2.4001,0,0.0117183,0.31582,0.377945,6.07428,0.00319589,-3.85108,-0,-3.82368,43,33,2,0,1,36.1999,0,-0.0872665,-3.85108,0.0822053,0,0.00278034,0,0.1
3621,2.4001,0,-0.0266324,0.372217,0.375256,6.07428,-0.0149142,-3.84529,-0,-3.8124,43,33,2,0,1,36.2099,0,-0.0872665,-3.84529,0.0822111,0,0.00278034,0,0.1
3622,2.4001,0,-0.00213059,0.417334,0.39337,6.07428,0.0245018,-3.84171,-0,-3.84624,43,33,2,0,1,36.2199,0,-0.0872665,-3.84171,0.0822403,0,0.00278034,0,0.1
3623,2.4001,0,-0.010653,0.3271,0.379099,6.07428,-0.0170448,-3.84284,-0,-3.82368,43,33,2,0,1,36.2299,0,-0.0872665,-3.84284,0.0822284,0,0.00278034,0,0.1
3624,2.4001,0,0.00319589,0.293262,0.394801,6.07428,-0.00426119,-3.83654,-0,-3.80112,43,33,2,0,1,36.2399,0,-0.0872665,-3.83654,0.0822597,0,0.00278034,0,0.1
3625,2.4001,0,4.56614e-19,0.439893,0.419582,6.07428,0.00745708,-3.84554,-0,-3.82368,43,33,2,0,1,36.2499,0,-0.0872665,-3.84554,0.082228,0,0.00278034,0,0.1
3626,2.4001,0,0.00319589,0.360938,0.416584,6.07428,0.0319589,-3.84597,-0,-3.82368,43,33,2,0,1,36.2599,0,-0.0872665,-3.84679,0.0822338,0,0.00278034,0,0.1
3627,2.4001,0,-0.0010653,0.372217,0.415208,6.07428,-0.0159795,-3.83848,-0,-3.82368,43,33,2,0,1,36.2699,0,-0.0872665,-3.83848,0.0822643,0,0.00278034,0,0.1
3628,2.4001,0,0.00319589,0.439893,0.372352,6.07428,-0.0138489,-3.83586,-0,-3.82368,43,33,2,0,1,36.2799,0,-0.0872665,-3.83586,0.0822578,0,0.00278034,0,0.1
3629,2.4001,0,0.0202406,0.349658,0.42104,6.07428,0.0213059,-3.84391,-0,-3.90264,43,33,2,0,1,36.2899,0,-0.0872665,-3.84391,0.0822349,0,0.00278034,0,0.1
3630,2.4002,0,-0.0127836,0.383496,0.416247,6.07428,-0.0213059,-3.84157,-0,-3.85752,43,33,2,0,1,36.2999,0,-0.0872665,-3.84157,0.0822335,0,0.00268447,0,0.1
3631,2.4002,0,0.0159795,0.360938,0.404489,6.07428,0.010653,-3.8444,-0,-3.82368,43,33,2,0,1,36.3099,0,-0.0872665,-3.8444,0.0822255,0,0.00268447,0,0.1
3632,2.4002,0,0.00213059,0.439893,0.414807,6.07428,-0.0319589,-3.84089,-0,-3.94775,43,33,2,0,1,36.3199,0,-0.0872665,-3.84089,0.0822206,0,0.00268447,0,0.1
3633,2.4002,0,0.00852238,0.428613,0.354181,6.07428,0.010653,-3.83454,-0,-3.94775,43,33,2,0,1,36.3299,0,-0.0872665,-3.83454,0.0822566,0,0.00268447,0,0.1
3634,2.4002,0,0.0170448,0.394775,0.371473,6.07428,-0.00745708,-3.84191,-0,-3.91392,43,33,2,0,1,36.3399,0,-0.0872665,-3.84191,0.0822072,0,0.00268447,0,0.1
3635,2.4002,0,-0.0191753,0.417334,0.387343,6.07428,0.00319589,-3.83445,-0,-3.9252,43,33,2,0,1,36.3499,0,-0.0872665,-3.83445,0.0822481,0,0.00268447,0,0.1
3636,2.4002,0,0.0010653,0.451172,0.41497,6.07428,0.00426119,-3.8425,-0,-3.9252,43,33,2,0,1,36.3599,0,-0.0872665,-3.8425,0.0822021,0,0.00268447,0,0.1
3637,2.4002,0,-0.00745708,0.439893,0.411079,6.07428,0.0117183,-3.84075,-0,-3.9252,43,33,2,0,1,36.3699,0,-0.0872665,-3.84075,0.082216,0,0.00268447,0,0.1
3638,2.4002,0,0.0191753,0.451172,0.408416,6.07428,0.00532648,-3.84289,-0,-3.9252,43,33,2,0,1,36.3799,0,-0.0872665,-3.84289,0.0821943,0,0.00268447,0,0.1
3639,2.4002,0,0.00319589,0.406055,0.368284,6.07428,0.00213059,-3.83602,-0,-3.9252,43,33,2,0,1,36.3899,0,-0.0872665,-3.83602,0.0822401,0,0.00268447,0,0.1
3640,2.4002,0,0.00213059,0.406055,0.417962,6.07428,0.0159795,-3.85296,-0,-3.9252,43,33,2,0,1,36.3999,0,-0.0872665,-3.85296,0.0821752,0,0.00268447,0,0.1
3641,2.4002,0,0.00426119,0.417334,0.389485,6.07428,-0.0127836,-3.8479,-0,-3.94775,43,33,2,0,1,36.4099,0,-0.0872665,-3.8479,0.0821949,0,0.00268447,0,0.1
3642,2.4002,0,0.0127836,0.462451,0.353813,6.07428,0.0330242,-3.8475,-0,-3.80112,43,33,2,0,1,36.4199,0,-0.0872665,-3.84872,0.0821998,0,0.00268447,0,0.1
3643,2.4002,0,0.00958767,0.394775,0.385738,6.07428,-0.0170448,-3.83881,-0,-3.80112,43,33,2,0,1,36.4299,0,-0.0872665,-3.83881,0.0822275,0,0.00268447,0,0.1
3644,2.4002,0,0.0213059,0.383496,0.34967,6.07428,0.0298283,-3.83965,-0,-3.78984,43,33,2,0,1,36.4399,0,-0.0872665,-3.83985,0.082257,0,0.00268447,0,0.1
3645,2.4002,0,-0.0159795,0.372217,0.340325,6.07428,0.00213059,-3.84717,-0,-3.80112,43,33,2,0,1,36.4499,0,-0.0872665,-3.84717,0.0822095,0,0.00268447,0,0.1
3646,2.4001,0,-0.0170448,0.406055,0.402118,6.07428,0.0138489,-3.84163,-0,-3.8124,43,33,2,0,1,36.4599,0,-0.0872665,-3.84163,0.0822296,0,0.00278034,0,0.1
3647,2.4002,0,0.0138489,0.417334,0.361502,6.07428,-0.028763,-3.84679,-0,-3.82368,43,33,2,0,1,36.4699,0,-0.0872665,-3.84679,0.08219,0,0.00268447,0,0.1
3648,2.4002,0,-0.0010653,0.360938,0.354608,6.07428,0.00745708,-3.84131,-0,-3.83496,43,33,2,0,1,36.4799,0,-0.0872665,-3.84131,0.0822051,0,0.00268447,0,0.1
3649,2.4002,0,-1.10892e-18,0.383496,0.366089,6.07428,-0.01811,-3.84911,-0,-3.8124,43,33,2,0,1,36.4899,0,-0.0872665,-3.84911,0.0821545,0,0.00268447,0,0.1
3650,2.4002,0,-1.5003e-18,0.406055,0.400877,6.07428,-0.0245018,-3.83453,-0,-3.82368,43,33,2,0,1,36.4999,0,-0.0872665,-3.83453,0.0822315,0,0.00268447,0,0.1
3651,2.4002,0,-0.00958767,0.372217,0.374391,6.07428,0.0138489,-3.8463,-0,-3.93647,43,33,2,0,1,36.5099,0,-0.0872665,-3.8463,0.0822023,0,0.00268447,0,0.1
3652,2.4002,0,0.0202406,0.3271,0.362794,6.07428,-0.00213059,-3.83989,-0,-3.78984,43,33,2,0,1,36.5199,0,-0.0872665,-3.83989,0.0822238,0,0.00268447,0,0.1
3653,2.4002,0,0.00532648,0.417334,0.413745,6.07428,-0.0010653,-3.84031,-0,-3.78984,43,33,2,0,1,36.5299,0,-0.0872665,-3.84031,0.0822004,0,0.00268447,0,0.1
3654,2.4002,0,-0.00319589,0.406055,0.388377,6.07428,-0.0234365,-3.83969,-0,-3.84624,43,33,2,0,1,36.5399,0,-0.0872665,-3.83969,0.0822132,0,0.00268447,0,0.1
3655,2.4002,0,-0.0127836,0.394775,0.380661,6.07428,0.0351548,-3.84335,-0,-3.78984,43,33,2,0,1,36.5499,0,-0.0872665,-3.84461,0.0822076,0,0.00268447,0,0.1
3656,2.4002,0,0.00213059,0.383496,0.347452,6.07428,-0.0149142,-3.84256,-0,-3.8124,43,33,2,0,1,36.5599,0,-0.0872665,-3.84256,0.0822138,0,0.00268447,0,0.1
3657,2.4002,0,-0.00319589,0.372217,0.403395,6.07428,0.0266324,-3.84926,-0,-3.84624,43,33,2,0,1,36.5699,0,-0.0872665,-3.84926,0.0821987,0,0.00268447,0,0.1
3658,2.4002,0,0.0149142,0.31582,0.371304,6.07428,-0.0330242,-3.84331,-0,-3.83496,43,33,2,0,1,36.5799,0,-0.0872665,-3.84331,0.0822023,0,0.00268447,0,0.1
3659,2.4002,0,0.00958767,0.31582,0.381696,6.07428,0.010653,-3.84301,-0,-3.80112,43,33,2,0,1,36.5899,0,-0.0872665,-3.84301,0.082208,0,0.00268447,0,0.1
3660,2.4002,0,-0.010653,0.394775,0.337884,6.07428,0.0010653,-3.8533,-0,-3.8124,43,33,2,0,1,36.5999,0,-0.0872665,-3.8533,0.0821597,0,0.00268447,0,0.1
3661,2.4002,0,-0.0117183,0.406055,0.380752,6.07418,0.028763,-3.83925,-0,-3.82368,43,33,2,0,1,36.6099,0,-0.0872665,-3.83966,0.0822224,0,0.00268447,0,0.1
3662,2.4002,0,-0.0159795,0.406055,0.388573,6.07428,0.0127836,-3.8486,-0,-3.82368,43,33,2,0,1,36.6199,0,-0.0872665,-3.8486,0.0821843,0,0.00268447,0,0.1
3663,2.4002,0,0.0149142,0.417334,0.374714,6.07418,0.010653,-3.84399,-0,-3.9252,43,33,2,0,1,36.6299,0,-0.0872665,-3.84399,0.0822069,0,0.00268447,0,0.1
3664,2.4002,0,0.0117183,0.383496,0.344161,6.07418,-0.0191753,-3.84526,-0,-3.80112,43,33,2,0,1,36.6399,0,-0.0872665,-3.84526,0.0821902,0,0.00268447,0,0.1
3665,2.4002,0,9.13229e-19,0.259424,0.35664,6.07418,0.0149142,-3.84011,-0,-3.8688,43,33,2,0,1,36.6499,0,-0.0872665,-3.84011,0.082227,0,0.00268447,0,0.1
3666,2.4002,0,0.00958767,0.304541,0.3878,6.07418,0.0170448,-3.84663,-0,-3.80112,43,33,2,0,1,36.6599,0,-0.0872665,-3.84663,0.0822071,0,0.00268447,0,0.1
3667,2.4002,0,0.00213059,0.406055,0.38823,6.07418,-0.0191753,-3.83595,-0,-3.8124,43,33,2,0,1,36.6699,0,-0.0872665,-3.83595,0.0822424,0,0.00268447,0,0.1
3668,2.4002,0,0.0010653,0.372217,0.350051,6.07428,-6.52306e-20,-3.84024,-0,-3.8124,43,33,2,0,1,36.6799,0,-0.0872665,-3.84024,0.0822307,0,0.00268447,0,0.1
3669,2.4002,0,0.0149142,0.293262,0.351807,6.07428,-0.0202406,-3.83847,-0,-3.8124,43,33,2,0,1,36.6899,0,-0.0872665,-3.83847,0.0822376,0,0.00268447,0,0.1
3670,2.4002,0,7.17537e-19,0.439893,0.427558,6.07428,0.0117183,-3.84227,-0,-3.80112,43,33,2,0,1,36.6999,0,-0.0872665,-3.84227,0.0822254,0,0.00268447,0,0.1
3671,2.4002,0.00872665,-0.00426119,0.439893,0.441956,6.07428,-0.0191753,-3.83825,-0,-3.95903,43,33,2,0,1,36.7099,0,-0.0872665,-3.83825,0.0822252,0,0.00268447,0,0.1
3672,2.4002,0,0.00213059,0.349658,0.383339,6.07428,0.0117183,-3.83933,-0,-3.91392,43,33,2,0,1,36.7199,0,-0.0872665,-3.83933,0.0822536,0,0.00268447,0,0.1
3673,2.4002,0,-0.00319589,0.304541,0.378412,6.07428,-0.0191753,-3.84074,-0,-3.82368,43,33,2,0,1,36.7299,0,-0.0872665,-3.84074,0.0822397,0,0.00268447,0,0.1
3674,2.4002,0,0.00958767,0.31582,0.415798,6.07428,-0.00319589,-3.83741,-0,-3.8124,43,33,2,0,1,36.7399,0,-0.0872665,-3.83741,0.0822653,0,0.00268447,0,0.1
3675,2.4002,0,-0.00426119,0.417334,0.408185,6.07428,-0.00213059,-3.84261,-0,-3.9252,43,33,2,0,1,36.7499,0,-0.0872665,-3.84261,0.0822453,0,0.00268447,0,0.1
3676,2.4002,0,-0.0117183,0.428613,0.425525,6.07418,-0.010653,-3.84487,-0,-3.93647,43,33,2,0,1,36.7599,0,-0.0872665,-3.84487,0.0822189,0,0.00268447,0,0.1
3677,2.4002,0,-0.00958767,0.439893,0.37008,6.07418,-0.00426119,-3.84657,-0,-3.93647,43,33,2,0,1,36.7699,0,-0.0872665,-3.84657,0.0821974,0,0.00268447,0,0.1
3678,2.4002,0,0.0149142,0.406055,0.394719,6.07418,0.00852238,-3.84881,-0,-3.93647,43,33,2,0,1,36.7799,0,-0.0872665,-3.84881,0.0821818,0,0.00268447,0,0.1
3679,2.4002,0,0.00958767,0.383496,0.352092,6.07418,-0.00319589,-3.84138,-0,-3.9252,43,33,2,0,1,36.7899,0,-0.0872665,-3.84138,0.082224,0,0.00268447,0,0.1
3680,2.4002,0,-0.0127836,0.372217,0.399262,6.07418,-0.00319589,-3.84187,-0,-3.93647,43,33,2,0,1,36.7999,0,-0.0872665,-3.84187,0.0822096,0,0.00268447,0,0.1
3681,2.4002,0,-0.00213059,0.383496,0.377212,6.07418,0.0149142,-3.84601,-0,-3.9252,43,33,2,0,1,36.8099,0,-0.0872665,-3.84601,0.082184,0,0.00268447,0,0.1
3682,2.4002,0,0.0127836,0.406055,0.369667,6.07418,-0.0308936,-3.83858,-0,-3.80112,43,33,2,0,1,36.8199,0,-0.0872665,-3.83858,0.0822132,0,0.00268447,0,0.1
3683,2.4002,0,0.00958767,0.372217,0.347272,6.07418,0.00426119,-3.83714,-0,-3.9252,43,33,2,0,1,36.8299,0,-0.0872665,-3.83714,0.0822338,0,0.00268447,0,0.1
3684,2.4002,0,-0.0010653,0.394775,0.370572,6.07418,-0.01811,-3.84173,-0,-3.82368,43,33,2,0,1,36.8399,0,-0.0872665,-3.84173,0.0822159,0,0.00268447,0,0.1
3685,2.4002,0,0.0202406,0.406055,0.411335,6.07418,0.01811,-3.84105,-0,-3.77856,43,33,2,0,1,36.8499,0,-0.0872665,-3.84105,0.0822288,0,0.00268447,0,0.1
3686,2.4002,0,-0.00213059,0.417334,0.398798,6.07418,-0.0351548,-3.83854,-0,-3.78984,43,33,2,0,1,36.8599,0,-0.0872665,-3.83854,0.0822235,0,0.00268447,0,0.1
3687,2.4002,0,-0.0010653,0.428613,0.375351,6.07418,0.00426119,-3.83443,-0,-3.8688,43,33,2,0,1,36.8699,0,-0.0872665,-3.83443,0.0822559,0,0.00268447,0,0.1
3688,2.4002,0,-0.0010653,0.417334,0.404832,6.07418,-0.00532648,-3.84874,-0,-3.85752,43,33,2,0,1,36.8799,0,-0.0872665,-3.84874,0.0821931,0,0.00268447,0,0.1
3689,2.4002,0,0.00639178,0.417334,0.4,6.07418,-0.0213059,-3.83265,-0,-3.78984,43,33,2,0,1,36.8899,0,-0.0872665,-3.83265,0.0822522,0,0.00268447,0,0.1
3690,2.4002,0,-0.00319589,0.417334,0.403951,6.07418,0.0255671,-3.83879,-0,-3.93647,43,33,2,0,1,36.8999,0,-0.0872665,-3.83952,0.0822336,0,0.00268447,0,0.1
3691,2.4002,0,0.00958767,0.428613,0.379443,6.07418,-0.0234365,-3.83544,-0,-3.80112,43,33,2,0,1,36.9099,0,-0.0872665,-3.83544,0.0822322,0,0.00268447,0,0.1
3692,2.4002,0,-0.00426119,0.406055,0.408538,6.07418,0.010653,-3.8418,-0,-3.77856,43,33,2,0,1,36.9199,0,-0.0872665,-3.8418,0.0822063,0,0.00268447,0,0.1
3693,2.4002,0,0.00852238,0.439893,0.369467,6.07418,-0.00958767,-3.84235,-0,-3.8124,43,33,2,0,1,36.9299,0,-0.0872665,-3.84235,0.0822172,0,0.00268447,0,0.1
3694,2.4002,0,0.0191753,0.417334,0.417158,6.07418,0.0149142,-3.84087,-0,-3.82368,43,33,2,0,1,36.9399,0,-0.0872665,-3.84087,0.0822233,0,0.00268447,0,0.1
3695,2.4002,0,0.00639178,0.428613,0.383767,6.07418,-0.0159795,-3.83555,-0,-3.78984,43,33,2,0,1,36.9499,0,-0.0872665,-3.83555,0.0822411,0,0.00268447,0,0.1
3696,2.4002,0,-0.010653,0.406055,0.367902,6.07418,0.0127836,-3.83957,-0,-3.80112,43,33,2,0,1,36.9599,0,-0.0872665,-3.83957,0.0822302,0,0.00268447,0,0.1
3697,2.4002,0,-0.00745708,0.394775,0.368793,6.07418,-0.0138489,-3.84001,-0,-3.82368,43,33,2,0,1,36.9699,0,-0.0872665,-3.84001,0.0822326,0,0.00268447,0,0.1
3698,2.4002,0,-0.00745708,0.406055,0.399083,6.07418,0.00319589,-3.84087,-0,-3.82368,43,33,2,0,1,36.9799,0,-0.0872665,-3.84087,0.0822348,0,0.00268447,0,0.1
3699,2.4002,0,-0.00426119,0.417334,0.386834,6.07418,-0.010653,-3.84489,-0,-3.82368,43,33,2,0,1,36.9899,0,-0.0872665,-3.84489,0.0822056,0,0.00268447,0,0.1
3700,2.4002,0,-7.17537e-19,0.406055,0.401124,6.07418,-0.0117183,-3.83677,-0,-3.78984,43,33,2,0,1,36.9999,0,-0.0872665,-3.83677,0.082232,0,0.00268447,0,0.1
3701,2.4002,0,-0.00852238,0.406055,0.410277,6.07428,0.00852238,-3.85014,-0,-3.82368,43,33,2,0,1,37.0099,0,-0.0872665,-3.85014,0.082201,0,0.00268447,0,0.1
3702,2.4002,0,0.0127836,0.383496,0.364141,6.07428,-0.0159795,-3.83586,-0,-3.82368,43,33,2,0,1,37.0199,0,-0.0872665,-3.83586,0.0822322,0,0.00268447,0,0.1
3703,2.4002,0,0.0010653,0.394775,0.384727,6.07428,0.0159795,-3.8525,-0,-3.82368,43,33,2,0,1,37.0299,0,-0.0872665,-3.85338,0.0821893,0,0.00268447,0,0.1
3704,2.4002,0,-0.00745708,0.394775,0.39455,6.07428,-0.00319589,-3.83721,-0,-3.78984,43,33,2,0,1,37.0399,0,-0.0872665,-3.83721,0.0822429,0,0.00268447,0,0.1
3705,2.4002,0,-8.47998e-19,0.293262,0.408899,6.07428,-0.0138489,-3.83791,-0,-3.82368,43,33,2,0,1,37.0499,0,-0.0872665,-3.83791,0.0822354,0,0.00268447,0,0.1
3706,2.4002,0,-0.0159795,0.406055,0.439157,6.07428,-0.0127836,-3.83939,-0,-3.82368,43,33,2,0,1,37.0599,0,-0.0872665,-3.83939,0.0822407,0,0.00268447,0,0.1
3707,2.4002,0,0.00639178,0.383496,0.416483,6.07428,-0.00426119,-3.84227,-0,-3.8124,43,33,2,0,1,37.0699,0,-0.0872665,-3.84227,0.0822377,0,0.00268447,0,0.1
3708,2.4002,0,0.00426119,0.304541,0.380512,6.07428,-0.010653,-3.84005,-0,-3.9252,43,33,2,0,1,37.0799,0,-0.0872665,-3.84005,0.0822332,0,0.00268447,0,0.1
3709,2.4002,0,0.00958767,0.3271,0.402076,6.07428,0.0298283,-3.84516,-0,-3.8124,43,33,2,0,1,37.0899,0,-0.0872665,-3.84554,0.0822201,0,0.00268447,0,0.1
3710,2.4002,0,-0.0170448,0.3271,0.406042,6.07428,-0.0372854,-3.83743,-0,-3.82368,43,33,2,0,1,37.0999,0,-0.0872665,-3.83743,0.082236,0,0.00268447,0,0.1
3711,2.4002,0,-0.00852238,0.293262,0.377705,6.07428,0.00852238,-3.83541,-0,-3.9252,43,33,2,0,1,37.1099,0,-0.0872665,-3.83541,0.0822364,0,0.00268447,0,0.1
3712,2.4002,0,-0.00639178,0.304541,0.370667,6.07428,-0.01811,-3.84055,-0,-3.93647,43,33,2,0,1,37.1199,0,-0.0872665,-3.84055,0.0822194,0,0.00268447,0,0.1
3713,2.4002,0,-0.00639178,0.406055,0.397354,6.07428,0.0234365,-3.83929,-0,-3.8124,43,33,2,0,1,37.1299,0,-0.0872665,-3.83929,0.0822303,0,0.00268447,0,0.1
3714,2.4002,0,6.52306e-19,0.439893,0.394425,6.07428,0.010653,-3.84865,-0,-3.83496,43,33,2,0,1,37.1399,0,-0.0872665,-3.84865,0.0821805,0,0.00268447,0,0.1
3715,2.4002,0,-0.00213059,0.406055,0.360846,6.07428,-0.0159795,-3.84202,-0,-3.93647,43,33,2,0,1,37.1499,0,-0.0872665,-3.84202,0.0822043,0,0.00268447,0,0.1
3716,2.4002,0,0,0.383496,0.364423,6.07428,0,-3.84608,-0,-3.94775,43,33,2,0,1,37.1599,0,-0.0872665,-3.84608,0.0821876,0,0.00268447,0,0.1
3717,2.4002,0,0.0010653,0.428613,0.395551,6.07428,-0.0170448,-3.83661,-0,-3.93647,43,33,2,0,1,37.1699,0,-0.0872665,-3.83661,0.082215,0,0.00268447,0,0.1
3718,2.4002,0,-0.0138489,0.428613,0.381409,6.07428,0.0266324,-3.84843,-0,-3.9252,43,33,2,0,1,37.1799,0,-0.0872665,-3.84875,0.0821608,0,0.00268447,0,0.1
3719,2.4002,0,-0.00745708,0.439893,0.409204,6.07428,-0.0479384,-3.84079,-0,-3.94775,43,33,2,0,1,37.1899,0,-0.0872665,-3.84079,0.0821862,0,0.00268447,0,0.1
3720,2.4002,0,0.00852238,0.417334,0.372914,6.07428,0.00426119,-3.84651,-0,-3.9252,43,33,2,0,1,37.1999,0,-0.0872665,-3.84651,0.0821589,0,0.00268447,0,0.1
3721,2.4002,0,0.00319589,0.417334,0.375411,6.07418,-0.0138489,-3.84729,-0,-3.93647,43,33,2,0,1,37.2099,0,-0.0872665,-3.84729,0.0821361,0,0.00268447,0,0.1
3722,2.4002,0,0.0117183,0.406055,0.348458,6.07418,0.00958767,-3.84613,-0,-3.93647,43,33,2,0,1,37.2199,0,-0.0872665,-3.84613,0.0821493,0,0.00268447,0,0.1
3723,2.4002,0,0.00958767,0.383496,0.296657,6.07418,-0.0159795,-3.84414,-0,-3.78984,43,33,2,0,1,37.2299,0,-0.0872665,-3.84414,0.0821598,0,0.00268447,0,0.1
3724,2.4002,0,-0.00745708,0.349658,0.406582,6.07418,0.0170448,-3.84598,-0,-3.9252,43,33,2,0,1,37.2399,0,-0.0872665,-3.84598,0.0821775,0,0.00268447,0,0.1
3725,2.4002,0,0.00852238,0.394775,0.365708,6.07418,-0.0170448,-3.83935,-0,-3.93647,43,33,2,0,1,37.2499,0,-0.0872665,-3.83935,0.0822056,0,0.00268447,0,0.1
3726,2.4002,0,-0.00532648,0.394775,0.403342,6.07418,3.26153e-19,-3.84389,-0,-3.9252,43,33,2,0,1,37.2599,0,-0.0872665,-3.84389,0.082195,0,0.00268447,0,0.1
3727,2.4002,0,0.0202406,0.417334,0.386029,6.07418,0.0383507,-3.84686,-0,-3.80112,43,33,2,0,1,37.2699,0,-0.0872665,-3.84926,0.0821809,0,0.00268447,0,0.1
3728,2.4002,0,-0.00319589,0.360938,0.359785,6.07418,-0.0159795,-3.83602,-0,-3.8124,43,33,2,0,1,37.2799,0,-0.0872665,-3.83602,0.0822373,0,0.00268447,0,0.1
3729,2.4002,0,-0.010653,0.406055,0.42629,6.07418,0.0213059,-3.84746,-0,-3.8124,43,33,2,0,1,37.2899,0,-0.0872665,-3.84746,0.0821891,0,0.00268447,0,0.1
3730,2.4002,0,0.0010653,0.360938,0.39391,6.07418,-0.00958767,-3.84379,-0,-3.85752,43,33,2,0,1,37.2999,0,-0.0872665,-3.84379,0.0822052,0,0.00268447,0,0.1
3731,2.4002,0,-0.00745708,0.417334,0.412979,6.07418,0.0138489,-3.83893,-0,-3.82368,43,33,2,0,1,37.3099,0,-0.0872665,-3.83893,0.0822286,0,0.00268447,0,0.1
3732,2.4002,0,0.0010653,0.417334,0.380585,6.07428,-0.0223712,-3.84016,-0,-3.80112,43,33,2,0,1,37.3199,0,-0.0872665,-3.84016,0.0822296,0,0.00268447,0,0.1
3733,2.4002,0,-0.00745708,0.293262,0.373601,6.07428,0.0213059,-3.84345,-0,-3.78984,43,33,2,0,1,37.3299,0,-0.0872665,-3.84345,0.0822413,0,0.00268447,0,0.1
3734,2.4002,0,0.010653,0.383496,0.3903,6.07428,-0.0266324,-3.84458,-0,-3.8124,43,33,2,0,1,37.3399,0,-0.0872665,-3.84458,0.0822234,0,0.00268447,0,0.1
3735,2.4002,0,0.0010653,0.417334,0.416077,6.07428,0.0149142,-3.84551,-0,-3.80112,43,33,2,0,1,37.3499,0,-0.0872665,-3.84551,0.0822234,0,0.00268447,0,0.1
3736,2.4002,0,0.00532648,0.406055,0.363815,6.07428,-0.00639178,-3.85187,-0,-3.82368,43,33,2,0,1,37.3599,0,-0.0872665,-3.85187,0.0821622,0,0.00268447,0,0.1
3737,2.4002,0,0.0170448,0.406055,0.380509,6.07428,0.0117183,-3.84624,-0,-3.80112,43,33,2,0,1,37.3699,0,-0.0872665,-3.84624,0.0821775,0,0.00268447,0,0.1
3738,2.4002,0,-0.00532648,0.304541,0.3903,6.07428,-0.00213059,-3.85116,-0,-3.8124,43,33,2,0,1,37.3799,0,-0.0872665,-3.85116,0.0821585,0,0.00268447,0,0.1
3739,2.4002,0,0.0234365,0.428613,0.349372,6.07428,0.010653,-3.84118,-0,-3.82368,43,33,2,0,1,37.3899,0,-0.0872665,-3.84118,0.0822164,0,0.00268447,0,0.1
3740,2.4002,0,-0.00426119,0.406055,0.388936,6.07428,0.010653,-3.84646,-0,-3.8124,43,33,2,0,1,37.3999,0,-0.0872665,-3.84646,0.0821761,0,0.00268447,0,0.1
3741,2.4002,0,0.0138489,0.383496,0.331659,6.07428,-0.0149142,-3.8377,-0,-3.82368,43,33,2,0,1,37.4099,0,-0.0872665,-3.8377,0.0822123,0,0.00268447,0,0.1
3742,2.4002,0,-0.00532648,0.349658,0.355531,6.07428,-0.0213059,-3.84261,-0,-3.80112,43,33,2,0,1,37.4199,0,-0.0872665,-3.84261,0.0822129,0,0.00268447,0,0.1
3743,2.4002,0,-1.95692e-19,0.428613,0.405486,6.07428,-0.00319589,-3.84066,-0,-3.84624,43,33,2,0,1,37.4299,0,-0.0872665,-3.84066,0.0822071,0,0.00268447,0,0.1
3744,2.4002,0,0.01811,0.417334,0.341936,6.07428,0.0213059,-3.84722,-0,-3.9252,43,33,2,0,1,37.4399,0,-0.0872665,-3.84722,0.0821855,0,0.00268447,0,0.1
3745,2.4002,0,0.0159795,0.372217,0.367506,6.07428,-0.0159795,-3.84197,-0,-3.8124,43,33,2,0,1,37.4499,0,-0.0872665,-3.84197,0.0822007,0,0.00268447,0,0.1
3746,2.4002,0,-0.0170448,0.349658,0.336229,6.07428,0.0127836,-3.84263,-0,-3.82368,43,33,2,0,1,37.4599,0,-0.0872665,-3.84263,0.0822112,0,0.00268447,0,0.1
3747,2.4002,0,0.00532648,0.417334,0.397577,6.07418,-0.0276977,-3.83509,-0,-3.8124,43,33,2,0,1,37.4699,0,-0.0872665,-3.83509,0.0822337,0,0.00268447,0,0.1
3748,2.4002,0,0.010653,0.417334,0.357514,6.07428,0.0159795,-3.83681,-0,-3.80112,43,33,2,0,1,37.4799,0,-0.0872665,-3.83681,0.0822401,0,0.00268447,0,0.1
3749,2.4002,0,0.0127836,0.406055,0.388785,6.07428,-0.0415466,-3.83693,-0,-3.80112,43,33,2,0,1,37.4899,0,-0.0872665,-3.83693,0.0822265,0,0.00268447,0,0.1
3750,2.4002,0,0.00213059,0.281982,0.352873,6.07428,-0.00745708,-3.83451,-0,-3.80112,43,33,2,0,1,37.4999,0,-0.0872665,-3.83451,0.0822526,0,0.00268447,0,0.1
3751,2.4002,0,0.00213059,0.372217,0.384546,6.07428,0.010653,-3.84824,-0,-3.82368,43,33,2,0,1,37.5099,0,-0.0872665,-3.84824,0.0822076,0,0.00268447,0,0.1
3752,2.4002,0,-0.00426119,0.428613,0.424727,6.07428,0.00745708,-3.83956,-0,-3.9252,43,33,2,0,1,37.5199,0,-0.0872665,-3.83956,0.0822409,0,0.00268447,0,0.1
3753,2.4002,0,0.00426119,0.451172,0.39485,6.07428,-0.00319589,-3.84774,-0,-3.8124,43,33,2,0,1,37.5299,0,-0.0872665,-3.84774,0.0822025,0,0.00268447,0,0.1
3754,2.4002,0,0.00319589,0.31582,0.368965,6.07428,-0.0127836,-3.83946,-0,-3.93647,43,33,2,0,1,37.5399,0,-0.0872665,-3.83946,0.0822148,0,0.00268447,0,0.1
3755,2.4002,0,0.010653,0.406055,0.393586,6.07428,-0.00745708,-3.84217,-0,-3.8124,43,33,2,0,1,37.5499,0,-0.0872665,-3.84217,0.0822168,0,0.00268447,0,0.1
3756,2.4002,0,-0.00426119,0.439893,0.37713,6.07428,-0.0266324,-3.83795,-0,-3.9252,43,33,2,0,1,37.5599,0,-0.0872665,-3.83795,0.0822449,0,0.00268447,0,0.1
3757,2.4002,0,-0.00426119,0.417334,0.352911,6.07428,0.0138489,-3.84264,-0,-3.90264,43,33,2,0,1,37.5699,0,-0.0872665,-3.84264,0.0822365,0,0.00268447,0,0.1
3758,2.4002,0,-0.0117183,0.417334,0.419589,6.07418,-0.00958767,-3.83666,-0,-3.90264,43,33,2,0,1,37.5799,0,-0.0872665,-3.83666,0.0822505,0,0.00268447,0,0.1
3759,2.4002,0,-0.010653,0.372217,0.433324,6.07428,0.0127836,-3.84296,-0,-3.78984,43,33,2,0,1,37.5899,0,-0.0872665,-3.84296,0.0822164,0,0.00268447,0,0.1
3760,2.4002,0,0.00532648,0.417334,0.409194,6.07428,0.00958767,-3.85302,-0,-3.94775,43,33,2,0,1,37.5999,0,-0.0872665,-3.85302,0.0821763,0,0.00268447,0,0.1
3761,2.4002,0,0.00426119,0.462451,0.404928,6.07428,0.0223712,-3.84071,-0,-3.93647,43,33,2,0,1,37.6099,0,-0.0872665,-3.84071,0.0822301,0,0.00268447,0,0.1
3762,2.4002,0,-0.00426119,0.338379,0.418065,6.07428,-0.0010653,-3.84483,-0,-3.94775,43,33,2,0,1,37.6199,0,-0.0872665,-3.84483,0.0822054,0,0.00268447,0,0.1
3763,2.4002,0,-0.010653,0.406055,0.394702,6.07428,-0.00213059,-3.84098,-0,-3.80112,43,33,2,0,1,37.6299,0,-0.0872665,-3.84098,0.082221,0,0.00268447,0,0.1
3764,2.4002,0,-0.00745708,0.406055,0.384464,6.07428,0.00213059,-3.85011,-0,-3.78984,43,33,2,0,1,37.6399,0,-0.0872665,-3.85011,0.0821783,0,0.00268447,0,0.1
3765,2.4002,0,-0.00213059,0.394775,0.397577,6.07428,-0.0138489,-3.8369,-0,-3.8124,43,33,2,0,1,37.6499,0,-0.0872665,-3.8369,0.0822204,0,0.00268447,0,0.1
3766,2.4002,0,-0.00426119,0.406055,0.370032,6.07428,0.0213059,-3.84957,-0,-3.82368,43,33,2,0,1,37.6599,0,-0.0872665,-3.84957,0.0821735,0,0.00268447,0,0.1
3767,2.4002,0,0.00213059,0.417334,0.376497,6.07428,-0.00532648,-3.83873,-0,-3.80112,43,33,2,0,1,37.6699,0,-0.0872665,-3.83873,0.0821889,0,0.00268447,0,0.1
3768,2.4002,0,-0.00745708,0.439893,0.396497,6.07428,0.0223712,-3.84605,-0,-3.78984,43,33,2,0,1,37.6799,0,-0.0872665,-3.84605,0.0821807,0,0.00268447,0,0.1
3769,2.4002,0,0.0191753,0.270703,0.295592,6.07428,-0.0255671,-3.8436,-0,-3.78984,43,33,2,0,1,37.6899,0,-0.0872665,-3.8436,0.0821839,0,0.00268447,0,0.1
3770,2.4002,0,0.00213059,0.349658,0.338152,6.07418,0.0245018,-3.84309,-0,-3.80112,43,33,2,0,1,37.6999,0,-0.0872665,-3.84309,0.0821889,0,0.00268447,0,0.1
3771,2.4002,0,0.01811,0.417334,0.359262,6.07418,-0.00639178,-3.84478,-0,-3.82368,43,33,2,0,1,37.7099,0,-0.0872665,-3.84478,0.0821782,0,0.00268447,0,0.1
3772,2.4002,0,-0.00532648,0.406055,0.369358,6.07418,0.0319589,-3.8476,-0,-3.84624,43,33,2,0,1,37.7199,0,-0.0872665,-3.84843,0.0821876,0,0.00268447,0,0.1
3773,2.4002,0,0.00426119,0.349658,0.350675,6.07418,-0.028763,-3.84336,-0,-3.8124,43,33,2,0,1,37.7299,0,-0.0872665,-3.84336,0.0821985,0,0.00268447,0,0.1
3774,2.4002,0,9.78459e-19,0.360938,0.382359,6.07418,0.0159795,-3.84384,-0,-3.8124,43,33,2,0,1,37.7399,0,-0.0872665,-3.84384,0.0822095,0,0.00268447,0,0.1
3775,2.4002,0,0.00639178,0.360938,0.353406,6.07418,-0.028763,-3.84065,-0,-3.82368,43,33,2,0,1,37.7499,0,-0.0872665,-3.84065,0.082204,0,0.00268447,0,0.1
3776,2.4002,0,0.00426119,0.360938,0.371942,6.07418,-0.0010653,-3.83728,-0,-3.77856,43,33,2,0,1,37.7599,0,-0.0872665,-3.83728,0.0822256,0,0.00268447,0,0.1
3777,2.4002,0,0.00958767,0.372217,0.380986,6.07428,0.00319589,-3.84978,-0,-3.8124,43,33,2,0,1,37.7699,0,-0.0872665,-3.84978,0.0821885,0,0.00268447,0,0.1
3778,2.4002,0,0.00639178,0.349658,0.389934,6.07428,-0.0138489,-3.84172,-0,-3.82368,43,33,2,0,1,37.7799,0,-0.0872665,-3.84172,0.0822063,0,0.00268447,0,0.1
3779,2.4002,0,0.00639178,0.406055,0.410186,6.07428,0.0191753,-3.84935,-0,-3.82368,43,33,2,0,1,37.7899,0,-0.0872665,-3.84935,0.0821808,0,0.00268447,0,0.1
3780,2.4002,0,0.00426119,0.406055,0.379207,6.07428,-0.00745708,-3.84918,-0,-3.82368,43,33,2,0,1,37.7999,0,-0.0872665,-3.84918,0.0821718,0,0.00268447,0,0.1
3781,2.4002,0,-0.00213059,0.338379,0.40162,6.07418,-0.00639178,-3.8515,-0,-3.82368,43,33,2,0,1,37.8099,0,-0.0872665,-3.8515,0.0821447,0,0.00268447,0,0.1
3782,2.4002,0,0.010653,0.417334,0.378406,6.07418,-0.010653,-3.84998,-0,-3.83496,43,33,2,0,1,37.8199,0,-0.0872665,-3.84998,0.0821459,0,0.00268447,0,0.1
3783,2.4002,0,0.0010653,0.406055,0.406816,6.07418,0.0191753,-3.85089,-0,-3.82368,43,33,2,0,1,37.8299,0,-0.0872665,-3.85089,0.0821431,0,0.00268447,0,0.1
3784,2.4002,0,0.00426119,0.31582,0.410076,6.07418,-0.0191753,-3.84931,-0,-3.83496,43,33,2,0,1,37.8399,0,-0.0872665,-3.84931,0.0821571,0,0.00268447,0,0.1
3785,2.4002,0,0.00213059,0.31582,0.384895,6.07418,0.0234365,-3.85077,-0,-3.83496,43,33,2,0,1,37.8499,0,-0.0872665,-3.85077,0.0821429,0,0.00268447,0,0.1
3786,2.4002,0,0.010653,0.293262,0.343296,6.07418,-0.0191753,-3.84847,-0,-3.83496,43,33,2,0,1,37.8599,0,-0.0872665,-3.84847,0.0821261,0,0.00268447,0,0.1
3787,2.4002,0,0.0255671,0.406055,0.352518,6.07418,0.0127836,-3.84774,-0,-3.85752,43,33,2,0,1,37.8699,0,-0.0872665,-3.84774,0.0821361,0,0.00268447,0,0.1
3788,2.4002,0,0.0234365,0.304541,0.357638,6.07418,0.0138489,-3.84975,-0,-3.82368,43,33,2,0,1,37.8799,0,-0.0872665,-3.84975,0.0821237,0,0.00268447,0,0.1
3789,2.4002,0,-0.00639178,0.417334,0.321988,6.07418,-0.0202406,-3.84015,-0,-3.83496,43,33,2,0,1,37.8899,0,-0.0872665,-3.84015,0.0821495,0,0.00268447,0,0.1
3790,2.4002,0,0.0223712,0.31582,0.356327,6.07418,0.00852238,-3.85444,-0,-3.8124,43,33,2,0,1,37.8999,0,-0.0872665,-3.85444,0.0821107,0,0.00268447,0,0.1
3791,2.4002,0,0.00213059,0.360938,0.388201,6.07418,-0.0223712,-3.8402,-0,-3.82368,43,33,2,0,1,37.9099,0,-0.0872665,-3.8402,0.0821607,0,0.00268447,0,0.1
3792,2.4002,0,-0.010653,0.293262,0.397413,6.07418,0.0159795,-3.84836,-0,-3.83496,43,33,2,0,1,37.9199,0,-0.0872665,-3.84836,0.0821254,0,0.00268447,0,0.1
3793,2.4002,0,-0.00639178,0.349658,0.429789,6.07418,0.0117183,-3.84024,-0,-3.78984,43,33,2,0,1,37.9299,0,-0.0872665,-3.84024,0.0821669,0,0.00268447,0,0.1
3794,2.4002,0,0.00213059,0.3271,0.40237,6.07418,0.00213059,-3.8427,-0,-3.93647,43,33,2,0,1,37.9399,0,-0.0872665,-3.8427,0.0821558,0,0.00268447,0,0.1
3795,2.4002,0,0.0276977,0.31582,0.342918,6.07418,-0.0159795,-3.8537,-0,-3.93647,43,33,2,0,1,37.9499,0,-0.0872665,-3.8537,0.0821214,0,0.00268447,0,0.1
3796,2.4002,0,-0.00852238,0.394775,0.438741,6.07418,0.0276977,-3.85446,-0,-3.83496,43,33,2,0,1,37.9599,0,-0.0872665,-3.85446,0.0821157,0,0.00268447,0,0.1
3797,2.4002,0,0.00532648,0.349658,0.382699,6.07418,0.0117183,-3.85102,-0,-3.80112,43,33,2,0,1,37.9699,0,-0.0872665,-3.85102,0.0821184,0,0.00268447,0,0.1
3798,2.4002,0,-0.00213059,0.406055,0.3882,6.07418,-0.00319589,-3.85062,-0,-3.95903,43,33,2,0,1,37.9799,0,-0.0872665,-3.85062,0.0821013,0,0.00268447,0,0.1
3799,2.4002,0,-0.0149142,0.439893,0.425823,6.07418,-0.0149142,-3.84736,-0,-3.93647,43,33,2,0,1,37.9899,0,-0.0872665,-3.84736,0.0821032,0,0.00268447,0,0.1
3800,2.4002,0,0.00213059,0.372217,0.39816,6.07418,0.0319589,-3.85122,-0,-3.93647,43,33,2,0,1,37.9999,0,-0.0872665,-3.85216,0.0820969,0,0.00268447,0,0.1
3801,2.4002,0,0.0149142,0.439893,0.38433,6.07418,-0.00745708,-3.85833,-0,-3.83496,43,33,2,0,1,38.0099,0,-0.0872665,-3.85833,0.0820591,0,0.00268447,0,0.1
3802,2.4002,0,-0.00532648,0.406055,0.413118,6.07418,0.010653,-3.85137,-0,-3.9252,43,33,2,0,1,38.0199,0,-0.0872665,-3.85137,0.0820978,0,0.00268447,0,0.1
3803,2.4002,0,-0.010653,0.304541,0.365677,6.07418,0.00745708,-3.86332,-0,-3.83496,43,33,2,0,1,38.0299,0,-0.0872665,-3.86332,0.0820474,0,0.00268447,0,0.1
3804,2.4002,0,0.010653,0.406055,0.36124,6.07418,0.010653,-3.85515,-0,-3.83496,43,33,2,0,1,38.0399,0,-0.0872665,-3.85515,0.0820656,0,0.00268447,0,0.1
3805,2.4002,0,0.0127836,0.394775,0.352855,6.07418,-0.0138489,-3.84907,-0,-3.93647,43,33,2,0,1,38.0499,0,-0.0872665,-3.84907,0.0820862,0,0.00268447,0,0.1
3806,2.4002,0,0.00958767,0.372217,0.366164,6.07418,0.0010653,-3.85184,-0,-3.85752,43,33,2,0,1,38.0599,0,-0.0872665,-3.85184,0.0820884,0,0.00268447,0,0.1
3807,2.4002,0,-0.00426119,0.394775,0.377155,6.07418,2.60922e-19,-3.85175,-0,-3.80112,43,33,2,0,1,38.0699,0,-0.0872665,-3.85175,0.0820834,0,0.00268447,0,0.1
3808,2.4002,0,0.0223712,0.372217,0.325728,6.07418,-0.00532648,-3.84682,-0,-3.78984,43,33,2,0,1,38.0799,0,-0.0872665,-3.84682,0.0820988,0,0.00268447,0,0.1
3809,2.4002,0,1.30461e-19,0.372217,0.370859,6.07418,0.00213059,-3.85546,-0,-3.78984,43,33,2,0,1,38.0899,0,-0.0872665,-3.85546,0.0820729,0,0.00268447,0,0.1
3810,2.4002,0,-0.00532648,0.406055,0.376242,6.07418,-0.0159795,-3.84791,-0,-3.82368,43,33,2,0,1,38.0999,0,-0.0872665,-3.84791,0.0821005,0,0.00268447,0,0.1
3811,2.4002,0,0.0127836,0.383496,0.418489,6.07418,0.0245018,-3.8464,-0,-3.8124,43,33,2,0,1,38.1099,0,-0.0872665,-3.8464,0.0821181,0,0.00268447,0,0.1
3812,2.4002,0,0.00213059,0.451172,0.433308,6.07418,-0.0127836,-3.84915,-0,-3.8124,43,33,2,0,1,38.1199,0,-0.0872665,-3.84915,0.0821174,0,0.00268447,0,0.1
3813,2.4002,0,0.0117183,0.439893,0.372385,6.07418,0.0159795,-3.85257,-0,-3.80112,43,33,2,0,1,38.1299,0,-0.0872665,-3.85257,0.0821053,0,0.00268447,0,0.1
3814,2.4002,0,-0.010653,0.360938,0.448919,6.07418,-0.00958767,-3.85726,-0,-3.85752,43,33,2,0,1,38.1399,0,-0.0872665,-3.85726,0.0820732,0,0.00268447,0,0.1
3815,2.4002,0.00872665,-0.00958767,0.372217,0.368166,6.07418,0.0138489,-3.85594,-0,-3.83496,43,33,2,0,1,38.1499,0,-0.0872665,-3.85594,0.0820691,0,0.00268447,0,0.1
3816,2.4002,0,0.00426119,0.406055,0.421318,6.07418,0.00426119,-3.85707,-0,-3.82368,43,33,2,0,1,38.1599,0,-0.0872665,-3.85707,0.0820604,0,0.00268447,0,0.1
3817,2.4002,0,0.00426119,0.394775,0.409037,6.07418,-0.0117183,-3.84299,-0,-3.8124,43,33,2,0,1,38.1699,0,-0.0872665,-3.84299,0.0821187,0,0.00268447,0,0.1
3818,2.4002,0,-0.0149142,0.417334,0.432444,6.07418,-0.010653,-3.84778,-0,-3.83496,43,33,2,0,1,38.1799,0,-0.0872665,-3.84778,0.0821182,0,0.00268447,0,0.1
3819,2.4002,0,0.01811,0.394775,0.355903,6.07418,-0.0117183,-3.8469,-0,-3.8124,43,33,2,0,1,38.1899,0,-0.0872665,-3.8469,0.0821302,0,0.00268447,0,0.1
3820,2.4002,0,0.00745708,0.281982,0.370462,6.07418,0.0543301,-3.84821,-0,-3.8124,43,33,2,0,1,38.1999,0,-0.0872665,-3.85346,0.0821162,0,0.00268447,0,0.1
3821,2.4002,0,0.0010653,0.293262,0.369639,6.07418,-0.00213059,-3.85564,-0,-3.83496,43,33,2,0,1,38.2099,0,-0.0872665,-3.85564,0.0821002,0,0.00268447,0,0.1
3822,2.4002,0,-0.0234365,0.406055,0.391698,6.07418,0.0362201,-3.85482,-0,-3.82368,43,33,2,0,1,38.2199,0,-0.0872665,-3.85702,0.0820906,0,0.00268447,0,0.1
3823,2.4002,0,-7.17537e-19,0.406055,0.362615,6.07418,-0.0117183,-3.84498,-0,-3.82368,43,33,2,0,1,38.2299,0,-0.0872665,-3.84498,0.0821196,0,0.00268447,0,0.1
3824,2.4002,0,-0.00426119,0.383496,0.372489,6.07418,0.0191753,-3.8483,-0,-3.83496,43,33,2,0,1,38.2399,0,-0.0872665,-3.8483,0.0821211,0,0.00268447,0,0.1
3825,2.4002,0,-0.00213059,0.304541,0.397686,6.07418,-0.0351548,-3.84667,-0,-3.83496,43,33,2,0,1,38.2499,0,-0.0872665,-3.84667,0.0821149,0,0.00268447,0,0.1
3826,2.4002,0,-0.00319589,0.270703,0.35472,6.07418,0.0010653,-3.84377,-0,-3.82368,43,33,2,0,1,38.2599,0,-0.0872665,-3.84377,0.0821368,0,0.00268447,0,0.1
3827,2.4002,0,0.00426119,0.304541,0.411566,6.07418,0.0127836,-3.8568,-0,-3.84624,43,33,2,0,1,38.2699,0,-0.0872665,-3.8568,0.0820896,0,0.00268447,0,0.1
3828,2.4002,0,0.0223712,0.338379,0.38526,6.07418,0.00958767,-3.84544,-0,-3.8124,43,33,2,0,1,38.2799,0,-0.0872665,-3.84544,0.0821352,0,0.00268447,0,0.1
3829,2.4002,0,-0.00852238,0.31582,0.406949,6.07418,-0.00852238,-3.85133,-0,-3.84624,43,33,2,0,1,38.2899,0,-0.0872665,-3.85133,0.0821066,0,0.00268447,0,0.1
3830,2.4002,0,0.00213059,0.349658,0.409328,6.07418,-0.00213059,-3.84452,-0,-3.82368,43,33,2,0,1,38.2999,0,-0.0872665,-3.84452,0.0821535,0,0.00268447,0,0.1
3831,2.4002,0,-0.00958767,0.3271,0.360624,6.07418,0.00852238,-3.85416,-0,-3.83496,43,33,2,0,1,38.3099,0,-0.0872665,-3.85416,0.0821131,0,0.00268447,0,0.1
3832,2.4002,0,6.52306e-19,0.428613,0.36485,6.07418,0.010653,-3.85017,-0,-3.8124,43,33,2,0,1,38.3199,0,-0.0872665,-3.85017,0.0821325,0,0.00268447,0,0.1
3833,2.4002,0,-0.0170448,0.270703,0.342556,6.07418,1.04369e-18,-3.84966,-0,-3.95903,43,33,2,0,1,38.3299,0,-0.0872665,-3.84966,0.0821273,0,0.00268447,0,0.1
3834,2.4002,0,0.0159795,0.394775,0.374137,6.07418,-0.00319589,-3.84683,-0,-3.83496,43,33,2,0,1,38.3399,0,-0.0872665,-3.84683,0.0821355,0,0.00268447,0,0.1
3835,2.4002,0,-5.87076e-19,0.31582,0.434207,6.07418,-0.00958767,-3.83922,-0,-3.91392,43,33,2,0,1,38.3499,0,-0.0872665,-3.83922,0.0821657,0,0.00268447,0,0.1
3836,2.4002,0,0.00532648,0.349658,0.391914,6.07418,-0.00852238,-3.84515,-0,-3.84624,43,33,2,0,1,38.3599,0,-0.0872665,-3.84515,0.0821403,0,0.00268447,0,0.1
3837,2.4002,0,0.00639178,0.439893,0.351405,6.07418,0.010653,-3.84308,-0,-3.93647,43,33,2,0,1,38.3699,0,-0.0872665,-3.84308,0.0821535,0,0.00268447,0,0.1
3838,2.4002,0,0.0159795,0.304541,0.381407,6.07418,-0.00319589,-3.84377,-0,-3.9252,43,33,2,0,1,38.3799,0,-0.0872665,-3.84377,0.0821606,0,0.00268447,0,0.1
3839,2.4002,0,-0.00426119,0.3271,0.385038,6.07418,-0.00532648,-3.84216,-0,-3.9252,43,33,2,0,1,38.3899,0,-0.0872665,-3.84216,0.0821627,0,0.00268447,0,0.1
3840,2.4002,0,-0.00639178,0.394775,0.40209,6.07418,-0.0330242,-3.84326,-0,-3.93647,43,33,2,0,1,38.3999,0,-0.0872665,-3.84326,0.0821481,0,0.00268447,0,0.1
3841,2.4002,0,-0.0202406,0.338379,0.412861,6.07418,-0.00213059,-3.84256,-0,-3.9252,43,33,2,0,1,38.4099,0,-0.0872665,-3.84256,0.082183,0,0.00268447,0,0.1
3842,2.4002,0,0.0213059,0.428613,0.373932,6.07418,-1.30461e-18,-3.85074,-0,-3.93647,43,33,2,0,1,38.4199,0,-0.0872665,-3.85074,0.0821389,0,0.00268447,0,0.1
3843,2.4002,0,0.0010653,0.394775,0.364605,6.07418,-0.0340895,-3.83439,-0,-3.93647,43,33,2,0,1,38.4299,0,-0.0872665,-3.83439,0.0821975,0,0.00268447,0,0.1
3844,2.4002,0,-0.0010653,0.417334,0.426573,6.07418,0.0149142,-3.84173,-0,-3.9252,43,33,2,0,1,38.4399,0,-0.0872665,-3.84173,0.0821904,0,0.00268447,0,0.1
3845,2.4002,0,0.00532648,0.451172,0.371082,6.07418,-0.00319589,-3.84266,-0,-3.9252,43,33,2,0,1,38.4499,0,-0.0872665,-3.84266,0.0821706,0,0.00268447,0,0.1
3846,2.4002,0,0.00745708,0.417334,0.386889,6.07418,-0.00213059,-3.84531,-0,-3.93647,43,33,2,0,1,38.4599,0,-0.0872665,-3.84531,0.0821874,0,0.00268447,0,0.1
3847,2.4002,0,0.0191753,0.406055,0.339729,6.07418,-0.0117183,-3.83881,-0,-3.9252,43,33,2,0,1,38.4699,0,-0.0872665,-3.83881,0.0821887,0,0.00268447,0,0.1
3848,2.4002,0,-0.00426119,0.406055,0.421759,6.07418,0.0138489,-3.84418,-0,-3.82368,43,33,2,0,1,38.4799,0,-0.0872665,-3.84418,0.0822053,0,0.00268447,0,0.1
3849,2.4002,0,0.0138489,0.439893,0.404914,6.07418,-0.0266324,-3.84604,-0,-3.8124,43,33,2,0,1,38.4899,0,-0.0872665,-3.84604,0.0821765,0,0.00268447,0,0.1
3850,2.4002,0,0.0010653,0.439893,0.381372,6.07418,0.0127836,-3.84551,-0,-3.80112,43,33,2,0,1,38.4999,0,-0.0872665,-3.84551,0.0821764,0,0.00268447,0,0.1
3851,2.4002,0,0.0170448,0.406055,0.356752,6.07418,-0.00745708,-3.84773,-0,-3.82368,43,33,2,0,1,38.5099,0,-0.0872665,-3.84773,0.0821555,0,0.00268447,0,0.1
3852,2.4002,0,-0.00852238,0.417334,0.403211,6.07418,0.0149142,-3.84508,-0,-3.8124,43,33,2,0,1,38.5199,0,-0.0872665,-3.84508,0.0821649,0,0.00268447,0,0.1
3853,2.4002,0,-0.00532648,0.383496,0.390909,6.07418,-0.00958767,-3.8466,-0,-3.80112,43,33,2,0,1,38.5299,0,-0.0872665,-3.8466,0.0821394,0,0.00268447,0,0.1
3854,2.4002,0,0.01811,0.417334,0.354692,6.07418,0.00426119,-3.84007,-0,-3.8124,43,33,2,0,1,38.5399,0,-0.0872665,-3.84007,0.0821631,0,0.00268447,0,0.1
3855,2.4002,-0.00872665,-0.00745708,0.360938,0.398763,6.07418,-0.0138489,-3.84551,-0,-3.83496,43,33,2,0,1,38.5499,0,-0.0872665,-3.84551,0.0821594,0,0.00268447,0,0.1
3856,2.4002,0,0.00745708,0.406055,0.342633,6.07418,-0.0127836,-3.84447,-0,-3.83496,43,33,2,0,1,38.5599,0,-0.0872665,-3.84447,0.0821757,0,0.00268447,0,0.1
3857,2.4002,0,0.0010653,0.406055,0.388504,6.07418,0.00852238,-3.84749,-0,-3.83496,43,33,2,0,1,38.5699,0,-0.0872665,-3.84749,0.0821485,0,0.00268447,0,0.1
3858,2.4002,0,-0.0010653,0.383496,0.375559,6.07418,-0.0330242,-3.83997,-0,-3.84624,43,33,2,0,1,38.5799,0,-0.0872665,-3.83997,0.0821814,0,0.00268447,0,0.1
3859,2.4002,0,0.00426119,0.406055,0.408252,6.07418,0.0245018,-3.85323,-0,-3.78984,43,33,2,0,1,38.5899,0,-0.0872665,-3.85323,0.0821354,0,0.00268447,0,0.1
3860,2.4002,0,0.0010653,0.417334,0.407276,6.07418,-0.028763,-3.84409,-0,-3.82368,43,33,2,0,1,38.5999,0,-0.0872665,-3.84409,0.0821509,0,0.00268447,0,0.1
3861,2.4002,0,0.00426119,0.417334,0.341147,6.07418,0.0170448,-3.84985,-0,-3.8124,43,33,2,0,1,38.6099,0,-0.0872665,-3.84985,0.0821388,0,0.00268447,0,0.1
3862,2.4002,0,-0.01811,0.372217,0.393332,6.07418,-0.0159795,-3.84577,-0,-3.8124,43,33,2,0,1,38.6199,0,-0.0872665,-3.84577,0.0821397,0,0.00268447,0,0.1
3863,2.4002,0,-0.00319589,0.394775,0.396738,6.07418,-0.00532648,-3.84019,-0,-3.82368,43,33,2,0,1,38.6299,0,-0.0872665,-3.84019,0.0821777,0,0.00268447,0,0.1
3864,2.4002,0,-0.00958767,0.406055,0.411469,6.07418,-0.0330242,-3.84723,-0,-3.85752,43,33,2,0,1,38.6399,0,-0.0872665,-3.84723,0.0821397,0,0.00268447,0,0.1
3865,2.4002,0,-6.52306e-19,0.394775,0.377877,6.07418,-0.010653,-3.84301,-0,-3.83496,43,33,2,0,1,38.6499,0,-0.0872665,-3.84301,0.0821678,0,0.00268447,0,0.1
3866,2.4002,0,-0.00532648,0.428613,0.439159,6.07418,0.00958767,-3.85323,-0,-3.8124,43,33,2,0,1,38.6599,0,-0.0872665,-3.85323,0.0821196,0,0.00268447,0,0.1
3867,2.4002,0,-0.0127836,0.383496,0.441904,6.07418,0.00852238,-3.84252,-0,-3.83496,43,33,2,0,1,38.6699,0,-0.0872665,-3.84252,0.0821616,0,0.00268447,0,0.1
3868,2.4002,0,-0.00532648,0.428613,0.415861,6.07418,0.0223712,-3.85267,-0,-3.85752,43,33,2,0,1,38.6799,0,-0.0872665,-3.85267,0.0821309,0,0.00268447,0,0.1
3869,2.4002,0,-0.00852238,0.3271,0.399296,6.07418,-0.00426119,-3.84929,-0,-3.8124,43,33,2,0,1,38.6899,0,-0.0872665,-3.84929,0.0821292,0,0.00268447,0,0.1
3870,2.4002,0,0.0117183,0.304541,0.375089,6.07418,-0.00319589,-3.84432,-0,-3.83496,43,33,2,0,1,38.6999,0,-0.0872665,-3.84432,0.0821576,0,0.00268447,0,0.1
3871,2.4002,0,0.00213059,0.293262,0.389312,6.07418,0.0276977,-3.84555,-0,-3.8124,43,33,2,0,1,38.7099,0,-0.0872665,-3.84555,0.0821544,0,0.00268447,0,0.1
3872,2.4002,0,-0.00213059,0.293262,0.394032,6.07418,0.0362201,-3.84922,-0,-3.82368,43,33,2,0,1,38.7199,0,-0.0872665,-3.85107,0.0821464,0,0.00268447,0,0.1
3873,2.4002,0,0.00639178,0.304541,0.39196,6.07418,-0.0223712,-3.84354,-0,-3.8124,43,33,2,0,1,38.7299,0,-0.0872665,-3.84354,0.082163,0,0.00268447,0,0.1
3874,2.4002,0,0.0159795,0.293262,0.387046,6.07418,0.0159795,-3.8405,-0,-3.8124,43,33,2,0,1,38.7399,0,-0.0872665,-3.8405,0.0822016,0,0.00268447,0,0.1
3875,2.4002,0,0.00958767,0.293262,0.357145,6.07418,-0.0170448,-3.84419,-0,-3.83496,43,33,2,0,1,38.7499,0,-0.0872665,-3.84419,0.0821676,0,0.00268447,0,0.1
3876,2.4002,0,0.00213059,0.293262,0.403204,6.07418,0.010653,-3.84571,-0,-3.80112,43,33,2,0,1,38.7599,0,-0.0872665,-3.84571,0.0821659,0,0.00268447,0,0.1
3877,2.4002,0,-0.010653,0.372217,0.399005,6.07418,-0.0308936,-3.8423,-0,-3.9252,43,33,2,0,1,38.7699,0,-0.0872665,-3.8423,0.0821743,0,0.00268447,0,0.1
3878,2.4002,0,0.0117183,0.451172,0.398091,6.07418,0.0010653,-3.8419,-0,-3.93647,43,33,2,0,1,38.7799,0,-0.0872665,-3.8419,0.0821892,0,0.00268447,0,0.1
3879,2.4002,0,0.0223712,0.417334,0.396645,6.07418,0.010653,-3.84443,-0,-3.93647,43,33,2,0,1,38.7899,0,-0.0872665,-3.84443,0.0821768,0,0.00268447,0,0.1
3880,2.4002,0,0.0191753,0.428613,0.346634,6.07418,0.01811,-3.83538,-0,-3.93647,43,33,2,0,1,38.7999,0,-0.0872665,-3.83538,0.082238,0,0.00268447,0,0.1
3881,2.4002,0,-0.00532648,0.372217,0.377373,6.07418,0.0191753,-3.84292,-0,-3.9252,43,33,2,0,1,38.8099,0,-0.0872665,-3.84292,0.0822173,0,0.00268447,0,0.1
3882,2.4002,0,0.00213059,0.383496,0.40718,6.07418,-0.00426119,-3.84007,-0,-3.93647,43,33,2,0,1,38.8199,0,-0.0872665,-3.84007,0.0822349,0,0.00268447,0,0.1
3883,2.4002,0,0.00213059,0.428613,0.415778,6.07418,0.0479384,-3.84143,-0,-3.9252,43,33,2,0,1,38.8299,0,-0.0872665,-3.84574,0.0822394,0,0.00268447,0,0.1
3884,2.4002,0,0.00639178,0.439893,0.340287,6.07418,-0.0213059,-3.83834,-0,-3.93647,43,33,2,0,1,38.8399,0,-0.0872665,-3.83834,0.0822552,0,0.00268447,0,0.1
3885,2.4002,0,0.0170448,0.428613,0.376998,6.07418,0.0202406,-3.84667,-0,-3.83496,43,33,2,0,1,38.8499,0,-0.0872665,-3.84667,0.0822314,0,0.00268447,0,0.1
3886,2.4002,0,-0.00639178,0.394775,0.355185,6.07418,-0.0298283,-3.83812,-0,-3.9252,43,33,2,0,1,38.8599,0,-0.0872665,-3.83812,0.0822516,0,0.00268447,0,0.1
3887,2.4002,0,-0.00213059,0.406055,0.427171,6.07418,0.0202406,-3.83948,-0,-3.82368,43,33,2,0,1,38.8699,0,-0.0872665,-3.83948,0.0822676,0,0.00268447,0,0.1
3888,2.4002,0,0.00319589,0.417334,0.408619,6.07418,-0.00745708,-3.84297,-0,-3.78984,43,33,2,0,1,38.8799,0,-0.0872665,-3.84297,0.0822336,0,0.00268447,0,0.1
3889,2.4002,0,0.00745708,0.462451,0.430972,6.07418,0.0298283,-3.84211,-0,-3.78984,43,33,2,0,1,38.8899,0,-0.0872665,-3.84264,0.0822516,0,0.00268447,0,0.1
3890,2.4003,0,0.0010653,0.439893,0.398588,6.07418,-0.0213059,-3.845,-0,-3.83496,43,33,2,0,1,38.8999,0,-0.0872665,-3.845,0.0822245,0,0.00258859,0,0.1
3891,2.4003,0,0.00426119,0.417334,0.410129,6.07418,-0.00639178,-3.84206,-0,-3.80112,43,33,2,0,1,38.9099,0,-0.0872665,-3.84206,0.0822285,0,0.00258859,0,0.1
3892,2.4003,0,0.0117183,0.428613,0.399087,6.07418,0.0138489,-3.85001,-0,-3.8124,43,33,2,0,1,38.9199,0,-0.0872665,-3.85001,0.0821949,0,0.00258859,0,0.1
3893,2.4003,0,-0.0202406,0.417334,0.325375,6.07418,-0.00426119,-3.84107,-0,-3.78984,43,33,2,0,1,38.9299,0,-0.0872665,-3.84107,0.0822267,0,0.00258859,0,0.1
3894,2.4002,0,0.00319589,0.372217,0.391186,6.07418,0.010653,-3.84731,-0,-3.78984,43,33,2,0,1,38.9399,0,-0.0872665,-3.84731,0.0821865,0,0.00268447,0,0.1
3895,2.4002,0,-0.0010653,0.394775,0.365431,6.07418,6.52306e-20,-3.83511,-0,-3.80112,43,33,2,0,1,38.9499,0,-0.0872665,-3.83511,0.0822423,0,0.00268447,0,0.1
3896,2.4002,0,0.0202406,0.394775,0.337502,6.07418,0.0127836,-3.84724,-0,-3.84624,43,33,2,0,1,38.9599,0,-0.0872665,-3.84724,0.082191,0,0.00268447,0,0.1
3897,2.4002,0,0.010653,0.406055,0.361781,6.07418,-0.00852238,-3.83992,-0,-3.80112,43,33,2,0,1,38.9699,0,-0.0872665,-3.83992,0.0822178,0,0.00268447,0,0.1
3898,2.4002,0,-0.00213059,0.417334,0.362344,6.07418,0.0351548,-3.84586,-0,-3.78984,43,33,2,0,1,38.9799,0,-0.0872665,-3.8477,0.0821852,0,0.00268447,0,0.1
3899,2.4002,0,-0.0010653,0.372217,0.387253,6.07418,0.0010653,-3.84663,-0,-3.82368,43,33,2,0,1,38.9899,0,-0.0872665,-3.84663,0.0821959,0,0.00268447,0,0.1
3900,2.4002,0,0.0202406,0.360938,0.354064,6.07418,0.00213059,-3.84875,-0,-3.8124,43,33,2,0,1,38.9999,0,-0.0872665,-3.84875,0.0821796,0,0.00268447,0,0.1
3901,2.4002,0,0.0362201,0.383496,0.344304,6.07418,-0.0191753,-3.84768,-0,-3.84624,43,33,2,0,1,39.0099,0,-0.0872665,-3.84768,0.0821747,0,0.00268447,0,0.1
3902,2.4002,0,-0.00852238,0.394775,0.396521,6.07418,0.00426119,-3.84099,-0,-3.80112,43,33,2,0,1,39.0199,0,-0.0872665,-3.84099,0.0821973,0,0.00268447,0,0.1
3903,2.4002,0,-0.00958767,0.383496,0.391576,6.07418,-0.0308936,-3.84715,-0,-3.83496,43,33,2,0,1,39.0299,0,-0.0872665,-3.84715,0.0821592,0,0.00268447,0,0.1
3904,2.4002,0,0.0298283,0.428613,0.369936,6.07418,0.0010653,-3.84336,-0,-3.8688,43,33,2,0,1,39.0399,0,-0.0872665,-3.84336,0.0821677,0,0.00268447,0,0.1
3905,2.4002,0,-0.0213059,0.304541,0.418825,6.07418,-0.00958767,-3.84587,-0,-3.84624,43,33,2,0,1,39.0499,0,-0.0872665,-3.84587,0.0821497,0,0.00268447,0,0.1
3906,2.4002,0,-0.0010653,0.428613,0.420918,6.07418,-0.0170448,-3.84702,-0,-3.78984,43,33,2,0,1,39.0599,0,-0.0872665,-3.84702,0.0821493,0,0.00268447,0,0.1
3907,2.4003,0,0.0149142,0.360938,0.341283,6.07418,0.00958767,-3.8552,-0,-3.83496,43,33,2,0,1,39.0699,0,-0.0872665,-3.8552,0.0821198,0,0.00258859,0,0.1
3908,2.4003,0,0.010653,0.360938,0.370266,6.07418,-0.00213059,-3.84588,-0,-3.8124,43,33,2,0,1,39.0799,0,-0.0872665,-3.84588,0.0821566,0,0.00258859,0,0.1
3909,2.4003,0,0.0159795,0.31582,0.355522,6.07418,0.0447425,-3.85239,-0,-3.83496,43,33,2,0,1,39.0899,0,-0.0872665,-3.85605,0.0821281,0,0.00258859,0,0.1
3910,2.4003,0,0.0010653,0.394775,0.366284,6.07418,-0.0191753,-3.84488,-0,-3.8124,43,33,2,0,1,39.0999,0,-0.0872665,-3.84488,0.0821679,0,0.00258859,0,0.1
3911,2.4003,0,0.0170448,0.406055,0.366506,6.07418,0.0127836,-3.84546,-0,-3.83496,43,33,2,0,1,39.1099,0,-0.0872665,-3.84546,0.0821845,0,0.00258859,0,0.1
3912,2.4003,0,-0.00426119,0.383496,0.403196,6.07418,-0.0127836,-3.8526,-0,-3.83496,43,33,2,0,1,39.1199,0,-0.0872665,-3.8526,0.0821148,0,0.00258859,0,0.1
3913,2.4003,0,-0.00319589,0.383496,0.402874,6.07418,0.0117183,-3.8529,-0,-3.83496,43,33,2,0,1,39.1299,0,-0.0872665,-3.8529,0.0821226,0,0.00258859,0,0.1
3914,2.4003,0,-0.0127836,0.417334,0.357702,6.07418,-0.01811,-3.84658,-0,-3.93647,43,33,2,0,1,39.1399,0,-0.0872665,-3.84658,0.0821319,0,0.00258859,0,0.1
3915,2.4003,0,0.0127836,0.372217,0.322942,6.07418,0.00745708,-3.84713,-0,-3.80112,43,33,2,0,1,39.1499,0,-0.0872665,-3.84713,0.0821487,0,0.00258859,0,0.1
3916,2.4002,0,-0.0010653,0.360938,0.384425,6.07418,0.0010653,-3.85224,-0,-3.83496,43,33,2,0,1,39.1599,0,-0.0872665,-3.85224,0.0821276,0,0.00268447,0,0.1
3917,2.4002,0,0.00852238,0.417334,0.392129,6.07418,0.00958767,-3.84789,-0,-3.93647,43,33,2,0,1,39.1699,0,-0.0872665,-3.84789,0.0821331,0,0.00268447,0,0.1
3918,2.4002,0,-0.00532648,0.451172,0.407174,6.07418,-0.00213059,-3.85265,-0,-3.82368,43,33,2,0,1,39.1799,0,-0.0872665,-3.85265,0.0821178,0,0.00268447,0,0.1
3919,2.4002,0,-0.00213059,0.304541,0.379784,6.07418,0.00532648,-3.84538,-0,-3.8124,43,33,2,0,1,39.1899,0,-0.0872665,-3.84538,0.0821506,0,0.00268447,0,0.1
3920,2.4002,0,0.00213059,0.394775,0.360645,6.07418,0.0191753,-3.85248,-0,-3.9252,43,33,2,0,1,39.1999,0,-0.0872665,-3.85248,0.0821332,0,0.00268447,0,0.1
3921,2.4002,0,-0.00532648,0.439893,0.444377,6.07418,-0.00852238,-3.84757,-0,-3.93647,43,33,2,0,1,39.2099,0,-0.0872665,-3.84757,0.0821562,0,0.00268447,0,0.1
3922,2.4003,0,0.00319589,0.31582,0.3865,6.07418,0.0138489,-3.85439,-0,-3.9252,43,33,2,0,1,39.2199,0,-0.0872665,-3.85439,0.0821378,0,0.00258859,0,0.1
3923,2.4003,0,0.0149142,0.439893,0.368592,6.07418,-0.0191753,-3.84073,-0,-3.9252,43,33,2,0,1,39.2299,0,-0.0872665,-3.84073,0.0821783,0,0.00258859,0,0.1
3924,2.4003,0,0.00745708,0.406055,0.387601,6.07418,0.01811,-3.84974,-0,-3.9252,43,33,2,0,1,39.2399,0,-0.0872665,-3.84974,0.0821352,0,0.00258859,0,0.1
3925,2.4003,0,0.00319589,0.406055,0.374291,6.07418,-0.00958767,-3.84934,-0,-3.95903,43,33,2,0,1,39.2499,0,-0.0872665,-3.84934,0.0821223,0,0.00258859,0,0.1
3926,2.4003,0,-0.00319589,0.372217,0.340298,6.07418,-0.00745708,-3.85019,-0,-3.91392,43,33,2,0,1,39.2599,0,-0.0872665,-3.85019,0.0821222,0,0.00258859,0,0.1
3927,2.4002,0,-0.00532648,0.372217,0.392378,6.07418,0.00213059,-3.85875,-0,-3.95903,43,33,2,0,1,39.2699,0,-0.0872665,-3.85875,0.0820813,0,0.00268447,0,0.1
3928,2.4002,0,0.00213059,0.428613,0.420593,6.07418,0.0298283,-3.85079,-0,-3.83496,43,33,2,0,1,39.2799,0,-0.0872665,-3.85132,0.0821002,0,0.00268447,0,0.1
3929,2.4002,0,0.0117183,0.417334,0.428759,6.07418,-0.00426119,-3.849,-0,-3.84624,43,33,2,0,1,39.2899,0,-0.0872665,-3.849,0.0821086,0,0.00268447,0,0.1
3930,2.4003,0,-0.00852238,0.439893,0.376222,6.07418,0.0149142,-3.85242,-0,-3.83496,43,33,2,0,1,39.2999,0,-0.0872665,-3.85242,0.0821094,0,0.00258859,0,0.1
3931,2.4003,0,-0.00319589,0.383496,0.335177,6.07418,0.00745708,-3.8551,-0,-3.8124,43,33,2,0,1,39.3099,0,-0.0872665,-3.8551,0.0820859,0,0.00258859,0,0.1
3932,2.4003,0,0.00426119,0.383496,0.368624,6.07418,-0.00639178,-3.8474,-0,-3.82368,43,33,2,0,1,39.3199,0,-0.0872665,-3.8474,0.0821016,0,0.00258859,0,0.1
3933,2.4003,0,-0.0010653,0.3271,0.413514,6.07418,0.00639178,-3.8506,-0,-3.8124,43,33,2,0,1,39.3299,0,-0.0872665,-3.8506,0.0820838,0,0.00258859,0,0.1
3934,2.4003,0,-0.010653,0.417334,0.373019,6.07418,-0.0351548,-3.84671,-0,-3.80112,43,33,2,0,1,39.3399,0,-0.0872665,-3.84671,0.0820867,0,0.00258859,0,0.1
3935,2.4003,0,-0.00213059,0.394775,0.42022,6.07418,-0.0202406,-3.84728,-0,-3.8124,43,33,2,0,1,39.3499,0,-0.0872665,-3.84728,0.0820947,0,0.00258859,0,0.1
3936,2.4003,0,-0.00745708,0.372217,0.393194,6.07418,-0.0191753,-3.84853,-0,-3.8124,43,33,2,0,1,39.3599,0,-0.0872665,-3.84853,0.0820978,0,0.00258859,0,0.1
3937,2.4003,0,0.01811,0.406055,0.401845,6.07418,0.01811,-3.85357,-0,-3.82368,43,33,2,0,1,39.3699,0,-0.0872665,-3.85357,0.0820911,0,0.00258859,0,0.1
3938,2.4003,0,0.0149142,0.417334,0.367648,6.07418,-9.13229e-19,-3.85603,-0,-3.84624,43,33,2,0,1,39.3799,0,-0.0872665,-3.85603,0.0820775,0,0.00258859,0,0.1
3939,2.4003,0,0.0213059,0.406055,0.35323,6.07418,-1.30461e-18,-3.84579,-0,-3.82368,43,33,2,0,1,39.3899,0,-0.0872665,-3.84579,0.0821182,0,0.00258859,0,0.1
3940,2.4003,0,0.0170448,0.360938,0.353637,6.07418,-0.00639178,-3.85591,-0,-3.83496,43,33,2,0,1,39.3999,0,-0.0872665,-3.85591,0.0820604,0,0.00258859,0,0.1
3941,2.4003,0,-0.0149142,0.383496,0.420482,6.07418,-0.0010653,-3.84883,-0,-3.82368,43,33,2,0,1,39.4099,0,-0.0872665,-3.84883,0.0820969,0,0.00258859,0,0.1
3942,2.4003,0,0.00958767,0.360938,0.40025,6.07418,0.0117183,-3.8558,-0,-3.83496,43,33,2,0,1,39.4199,0,-0.0872665,-3.8558,0.0820641,0,0.00258859,0,0.1
3943,2.4003,0,0.00426119,0.394775,0.404559,6.07418,-0.01811,-3.85003,-0,-3.8124,43,33,2,0,1,39.4299,0,-0.0872665,-3.85003,0.0820715,0,0.00258859,0,0.1
3944,2.4003,0,-0.00639178,0.417334,0.384396,6.07418,3.91384e-19,-3.86154,-0,-3.82368,43,33,2,0,1,39.4399,0,-0.0872665,-3.86154,0.0820467,0,0.00258859,0,0.1
3945,2.4003,0,4.56614e-19,0.360938,0.346786,6.07418,0.00745708,-3.84669,-0,-3.82368,43,33,2,0,1,39.4499,0,-0.0872665,-3.84669,0.0820997,0,0.00258859,0,0.1
3946,2.4003,0,0.00426119,0.372217,0.41813,6.07418,0.0117183,-3.85177,-0,-3.8124,43,33,2,0,1,39.4599,0,-0.0872665,-3.85177,0.082081,0,0.00258859,0,0.1
3947,2.4003,0,0.00532648,0.383496,0.346377,6.07418,-0.0298283,-3.84385,-0,-3.82368,43,33,2,0,1,39.4699,0,-0.0872665,-3.84385,0.0821102,0,0.00258859,0,0.1
3948,2.4003,0,-0.00639178,0.372217,0.365594,6.07418,0.0266324,-3.84573,-0,-3.8124,43,33,2,0,1,39.4799,0,-0.0872665,-3.84742,0.0821099,0,0.00258859,0,0.1
3949,2.4003,0,0.00319589,0.360938,0.330888,6.07418,-0.0276977,-3.84413,-0,-3.8124,43,33,2,0,1,39.4899,0,-0.0872665,-3.84413,0.082109,0,0.00258859,0,0.1
3950,2.4003,0,-0.0149142,0.406055,0.375077,6.07418,0.00213059,-3.84617,-0,-3.80112,43,33,2,0,1,39.4999,0,-0.0872665,-3.84617,0.0821348,0,0.00258859,0,0.1
3951,2.4003,0,0.00319589,0.31582,0.387598,6.07418,-0.0138489,-3.85052,-0,-3.84624,43,33,2,0,1,39.5099,0,-0.0872665,-3.85052,0.0821271,0,0.00258859,0,0.1
3952,2.4003,0,7.17537e-19,0.31582,0.411288,6.07418,0.0117183,-3.84892,-0,-3.80112,43,33,2,0,1,39.5199,0,-0.0872665,-3.84892,0.0821405,0,0.00258859,0,0.1
3953,2.4003,0,0.0202406,0.406055,0.324499,6.07418,-0.00532648,-3.84719,-0,-3.82368,43,33,2,0,1,39.5299,0,-0.0872665,-3.84719,0.0821439,0,0.00258859,0,0.1
3954,2.4003,0,0.00852238,0.360938,0.403091,6.07418,0.00532648,-3.84707,-0,-3.82368,43,33,2,0,1,39.5399,0,-0.0872665,-3.84707,0.0821384,0,0.00258859,0,0.1
3955,2.4003,0,0.0149142,0.349658,0.37712,6.07418,-0.00852238,-3.85092,-0,-3.95903,43,33,2,0,1,39.5499,0,-0.0872665,-3.85092,0.0821126,0,0.00258859,0,0.1
3956,2.4003,0,0.0010653,0.383496,0.363996,6.07418,-0.0149142,-3.84045,-0,-3.8124,43,33,2,0,1,39.5599,0,-0.0872665,-3.84045,0.0821772,0,0.00258859,0,0.1
3957,2.4003,0,-0.00319589,0.270703,0.373515,6.07418,-0.010653,-3.84995,-0,-3.83496,43,33,2,0,1,39.5699,0,-0.0872665,-3.84995,0.0821229,0,0.00258859,0,0.1
3958,2.4003,0,-0.00426119,0.372217,0.398504,6.07418,0.00426119,-3.84385,-0,-3.9252,43,33,2,0,1,39.5799,0,-0.0872665,-3.84385,0.0821494,0,0.00258859,0,0.1
3959,2.4003,0,-0.00745708,0.31582,0.393611,6.07418,-0.0117183,-3.85192,-0,-3.8124,43,33,2,0,1,39.5899,0,-0.0872665,-3.85192,0.0821169,0,0.00258859,0,0.1
3960,2.4003,0,0.0191753,0.417334,0.308469,6.07418,-0.0202406,-3.84106,-0,-3.93647,43,33,2,0,1,39.5999,0,-0.0872665,-3.84106,0.0821529,0,0.00258859,0,0.1
3961,2.4003,0,-0.00852238,0.406055,0.381139,6.07418,0.0362201,-3.85381,-0,-3.8124,43,33,2,0,1,39.6099,0,-0.0872665,-3.85537,0.0821046,0,0.00258859,0,0.1
3962,2.4003,0,0.00745708,0.372217,0.35787,6.07418,-0.00319589,-3.84897,-0,-3.93647,43,33,2,0,1,39.6199,0,-0.0872665,-3.84897,0.0821109,0,0.00258859,0,0.1
3963,2.4003,0,0.00639178,0.304541,0.345763,6.07418,0.0127836,-3.85077,-0,-3.93647,43,33,2,0,1,39.6299,0,-0.0872665,-3.85133,0.0821154,0,0.00258859,0,0.1
3964,2.4003,0,0.0149142,0.372217,0.362252,6.07418,-0.00213059,-3.84952,-0,-3.9252,43,33,2,0,1,39.6399,0,-0.0872665,-3.84952,0.0821154,0,0.00258859,0,0.1
3965,2.4003,0,0.00532648,0.372217,0.345735,6.07418,-0.010653,-3.84159,-0,-3.93647,43,33,2,0,1,39.6499,0,-0.0872665,-3.84159,0.0821473,0,0.00258859,0,0.1
3966,2.4003,0,-0.00319589,0.281982,0.359022,6.07418,-0.00958767,-3.8462,-0,-3.9252,43,33,2,0,1,39.6599,0,-0.0872665,-3.8462,0.0821583,0,0.00258859,0,0.1
3967,2.4003,0,-0.00319589,0.304541,0.381694,6.07418,0.0245018,-3.84521,-0,-3.9252,43,33,2,0,1,39.6699,0,-0.0872665,-3.84521,0.0821629,0,0.00258859,0,0.1
3968,2.4003,0,-0.00213059,0.406055,0.396316,6.07418,-0.00213059,-3.85615,-0,-3.93647,43,33,2,0,1,39.6799,0,-0.0872665,-3.85615,0.0821035,0,0.00258859,0,0.1
3969,2.4003,0,-0.010653,0.417334,0.392474,6.07418,-0.00426119,-3.84411,-0,-3.93647,43,33,2,0,1,39.6899,0,-0.0872665,-3.84411,0.0821413,0,0.00258859,0,0.1
3970,2.4003,0,0.00852238,0.451172,0.426431,6.07418,0.0372854,-3.85781,-0,-3.93647,43,33,2,0,1,39.6999,0,-0.0872665,-3.8598,0.0820849,0,0.00258859,0,0.1
3971,2.4003,0,0.0138489,0.428613,0.397509,6.07418,-0.00958767,-3.8419,-0,-3.93647,43,33,2,0,1,39.7099,0,-0.0872665,-3.8419,0.0821434,0,0.00258859,0,0.1
3972,2.4003,0,0.00532648,0.406055,0.391629,6.07418,-0.00958767,-3.84464,-0,-3.78984,43,33,2,0,1,39.7199,0,-0.0872665,-3.84464,0.0821501,0,0.00258859,0,0.1
3973,2.4003,0,0.010653,0.406055,0.337961,6.07418,-0.00745708,-3.84757,-0,-3.8124,43,33,2,0,1,39.7299,0,-0.0872665,-3.84757,0.0821367,0,0.00258859,0,0.1
3974,2.4003,0,-0.00319589,0.383496,0.391636,6.07418,-0.0223712,-3.84539,-0,-3.78984,43,33,2,0,1,39.7399,0,-0.0872665,-3.84539,0.0821458,0,0.00258859,0,0.1
3975,2.4003,0,-0.0010653,0.383496,0.349487,6.07418,-0.0138489,-3.84434,-0,-3.8124,43,33,2,0,1,39.7499,0,-0.0872665,-3.84434,0.0821358,0,0.00258859,0,0.1
3976,2.4003,0,-0.010653,0.372217,0.377778,6.07418,-0.00426119,-3.85075,-0,-3.80112,43,33,2,0,1,39.7599,0,-0.0872665,-3.85075,0.0820971,0,0.00258859,0,0.1
3977,2.4003,0,0.00319589,0.304541,0.397715,6.07418,-0.0149142,-3.85029,-0,-3.82368,43,33,2,0,1,39.7699,0,-0.0872665,-3.85029,0.0821044,0,0.00258859,0,0.1
3978,2.4003,0,0.00745708,0.451172,0.386055,6.07418,0.0117183,-3.84877,-0,-3.8124,43,33,2,0,1,39.7799,0,-0.0872665,-3.84877,0.0820923,0,0.00258859,0,0.1
3979,2.4003,0,0.0010653,0.394775,0.380162,6.07418,-0.00532648,-3.84761,-0,-3.83496,43,33,2,0,1,39.7899,0,-0.0872665,-3.84761,0.0820952,0,0.00258859,0,0.1
3980,2.4003,0,0.00958767,0.406055,0.409185,6.07418,-0.00213059,-3.85074,-0,-3.8124,43,33,2,0,1,39.7999,0,-0.0872665,-3.85074,0.082084,0,0.00258859,0,0.1
3981,2.4003,0,0.00852238,0.439893,0.385949,6.07418,0.00319589,-3.86205,-0,-3.82368,43,33,2,0,1,39.8099,0,-0.0872665,-3.86205,0.0820211,0,0.00258859,0,0.1
3982,2.4003,0,0.00639178,0.372217,0.357615,6.07418,-0.01811,-3.85028,-0,-3.83496,43,33,2,0,1,39.8199,0,-0.0872665,-3.85028,0.0820488,0,0.00258859,0,0.1
3983,2.4003,0,-0.00958767,0.360938,0.377261,6.07418,0.00532648,-3.85533,-0,-3.83496,43,33,2,0,1,39.8299,0,-0.0872665,-3.85533,0.0820315,0,0.00258859,0,0.1
3984,2.4003,0,-0.00426119,0.439893,0.436624,6.07418,-0.010653,-3.84511,-0,-3.8124,43,33,2,0,1,39.8399,0,-0.0872665,-3.84511,0.082076,0,0.00258859,0,0.1
3985,2.4003,0,-0.00213059,0.383496,0.395258,6.07418,0.0159795,-3.86158,-0,-3.93647,43,33,2,0,1,39.8499,0,-0.0872665,-3.86158,0.0820266,0,0.00258859,0,0.1
3986,2.4003,0,-0.0010653,0.360938,0.356486,6.07418,-0.0138489,-3.84517,-0,-3.83496,43,33,2,0,1,39.8599,0,-0.0872665,-3.84517,0.082084,0,0.00258859,0,0.1
3987,2.4003,0,-0.00958767,0.417334,0.3883,6.07418,0.0276977,-3.86281,-0,-3.82368,44,33,2,0,1,39.8699,0,-0.0872665,-3.86281,0.0820231,0,0.00258859,0,0.1
3988,2.4003,0,0.0117183,0.394775,0.372806,6.07418,-0.0127836,-3.85078,-0,-3.8124,44,33,2,0,1,39.8799,0,-0.0872665,-3.85078,0.0820505,0,0.00258859,0,0.1
3989,2.4003,0,0.00213059,0.372217,0.39411,6.07418,0.0010653,-3.85855,-0,-3.84624,44,33,2,0,1,39.8899,0,-0.0872665,-3.85855,0.0820324,0,0.00258859,0,0.1
3990,2.4003,0,-0.00319589,0.31582,0.367663,6.07418,0.0127836,-3.86074,-0,-3.83496,44,33,2,0,1,39.8999,0,-0.0872665,-3.86074,0.0820147,0,0.00258859,0,0.1
3991,2.4003,0,-0.0170448,0.406055,0.383756,6.07418,0.00213059,-3.85421,-0,-3.83496,44,33,2,0,1,39.9099,0,-0.0872665,-3.85421,0.0820468,0,0.00258859,0,0.1
3992,2.4003,0,-0.0010653,0.428613,0.382414,6.07418,0.0149142,-3.86184,-0,-3.85752,44,33,2,0,1,39.9199,0,-0.0872665,-3.86184,0.0820089,0,0.00258859,0,0.1
3993,2.4003,0,-0.0010653,0.270703,0.32437,6.07418,0.0010653,-3.85559,-0,-3.83496,44,33,2,0,1,39.9299,0,-0.0872665,-3.85559,0.0820338,0,0.00258859,0,0.1
3994,2.4003,0,-0.00532648,0.338379,0.365687,6.07418,-0.00639178,-3.86398,-0,-3.85752,44,33,2,0,1,39.9399,0,-0.0872665,-3.86398,0.0819968,0,0.00258859,0,0.1
3995,2.4003,0,-0.00852238,0.360938,0.394829,6.07418,-0.00958767,-3.85419,-0,-3.84624,44,33,2,0,1,39.9499,0,-0.0872665,-3.85419,0.0820291,0,0.00258859,0,0.1
3996,2.4003,0,-0.00639178,0.31582,0.415602,6.07418,-0.0191753,-3.85312,-0,-3.83496,44,33,2,0,1,39.9599,0,-0.0872665,-3.85312,0.0820071,0,0.00258859,0,0.1
3997,2.4003,0,0.00745708,0.3271,0.354008,6.07418,-0.00426119,-3.85318,-0,-3.82368,44,33,2,0,1,39.9699,0,-0.0872665,-3.85318,0.0820125,0,0.00258859,0,0.1
3998,2.4003,0,0.0149142,0.281982,0.349894,6.07418,0.0010653,-3.85599,-0,-3.83496,44,33,2,0,1,39.9799,0,-0.0872665,-3.85599,0.0820211,0,0.00258859,0,0.1
3999,2.4003,0,0.00213059,0.31582,0.383212,6.07418,-0.00426119,-3.85349,-0,-3.83496,44,33,2,0,1,39.9899,0,-0.0872665,-3.85349,0.0820303,0,0.00258859,0,0.1
4000,2.4003,0,-0.00213059,0.281982,0.37118,6.07418,0.0138489,-3.85402,-0,-3.83496,44,33,2,0,1,39.9999,0,-0.0872665,-3.85402,0.0820227,0,0.00258859,0,0.1
4001,2.4003,0,0.0010653,0.406055,0.394399,6.07418,0.00532648,-3.86358,-0,-3.93647,44,33,2,0,1,40.0099,0,-0.0872665,-3.86358,0.0819736,0,0.00258859,0,0.1
4002,2.4003,0,0.00958767,0.428613,0.377375,6.07418,0.0383507,-3.86234,-0,-3.93647,44,33,2,0,1,40.0199,0,-0.0872665,-3.86526,0.0819844,0,0.00258859,0,0.1
4003,2.4003,0,0.00426119,0.406055,0.37052,6.07418,-0.00852238,-3.86374,-0,-3.95903,44,33,2,0,1,40.0299,0,-0.0872665,-3.86374,0.0819674,0,0.00258859,0,0.1
4004,2.4003,0,-0.0117183,0.360938,0.373974,6.07418,-0.0191753,-3.85106,-0,-3.9252,44,33,2,0,1,40.0399,0,-0.0872665,-3.85106,0.0820102,0,0.00258859,0,0.1
4005,2.4003,0,0.010653,0.406055,0.350719,6.07418,-0.0223712,-3.85493,-0,-3.93647,44,33,2,0,1,40.0499,0,-0.0872665,-3.85493,0.0819904,0,0.00258859,0,0.1
4006,2.4003,0,-0.00319589,0.349658,0.385445,6.07418,1.95692e-19,-3.85271,-0,-3.9252,44,33,2,0,1,40.0599,0,-0.0872665,-3.85271,0.0820087,0,0.00258859,0,0.1
4007,2.4003,0,0.00745708,0.439893,0.355514,6.07418,0.00958767,-3.86394,-0,-3.9252,44,33,2,0,1,40.0699,0,-0.0872665,-3.86394,0.0819594,0,0.00258859,0,0.1
4008,2.4003,0,0.00639178,0.372217,0.406421,6.07418,0.0138489,-3.86162,-0,-3.83496,44,33,3,0,0,40.0799,0,-0.0872665,-3.86162,0.0819788,6.92681e-11,0.00258859,0.0501225,0.15
4009,2.4003,0,0.00319589,0.48501,0.471711,6.07418,-0.0149142,-3.85787,-0,-3.83496,44,33,3,0,0,40.0899,0,-0.0872665,-3.85787,0.0819918,9.00612e-08,0.00258868,0.051527,0.15
4010,2.4003,0,0.00639178,0.428613,0.439527,6.07418,-0.028763,-3.85292,-0,-3.93647,44,33,3,0,0,40.0999,0,-0.0872665,-3.85292,0.0820229,6.26442e-07,0.00258922,0.053069,0.15
4011,2.4003,0,-0.00426119,0.451172,0.427353,6.07418,-0.00319589,-3.85594,-0,-3.9252,44,33,3,0,0,40.1099,0,-0.0872665,-3.85594,0.0820052,2.01495e-06,0.00259061,0.054747,0.15
4012,2.4003,0,-0.00319589,0.417334,0.419333,6.07418,-0.0138489,-3.85597,-0,-3.8124,44,33,3,0,0,40.1199,0,-0.0872665,-3.85597,0.0820141,4.66049e-06,0.00259325,0.05656,0.15
4013,2.4003,0,-0.00958767,0.360938,0.439712,6.07418,-0.0351548,-3.84848,-0,-3.83496,44,33,3,0,0,40.1299,0,-0.0872665,-3.84848,0.0820357,8.96786e-06,0.00259756,0.0585072,0.15
4014,2.4003,0,-1.10892e-18,0.417334,0.419847,6.07418,-0.01811,-3.85487,-0,-3.8124,44,33,3,0,0,40.1399,0,-0.0872665,-3.85487,0.0820096,1.53448e-05,0.00260394,0.0605889,0.15
4015,2.4003,0,-0.0138489,0.428613,0.432123,6.07418,-0.0159795,-3.85631,-0,-3.8124,44,33,3,0,0,40.1499,0,-0.0872665,-3.85631,0.0820052,2.41825e-05,0.00261278,0.0628007,0.15
4016,2.4003,0.0174533,-0.00532648,0.462451,0.454247,6.07418,-0.0202406,-3.86011,-0,-3.83496,44,33,3,0,0,40.1599,0,-0.0872665,-3.86011,0.0819962,3.58936e-05,0.00262449,0.0651447,0.15
4017,2.4003,0.00872665,-0.0149142,0.496289,0.465121,6.07418,0.00958767,-3.85781,-0,-3.85752,44,33,3,0,0,40.1699,0,-0.0872665,-3.85781,0.0820138,5.08746e-05,0.00263947,0.0676188,0.15
4018,2.4003,0,-0.00213059,0.47373,0.462627,6.07418,-0.0170448,-3.84924,-0,-3.80112,44,33,3,0,0,40.1799,0,-0.0872665,-3.84924,0.0820496,6.95269e-05,0.00265812,0.0702221,0.15
4019,2.4003,0,-0.00426119,0.47373,0.465489,6.07418,-0.0010653,-3.85362,-0,-3.83496,44,33,3,0,0,40.1899,0,-0.0872665,-3.85362,0.0820526,9.22436e-05,0.00268084,0.0729529,0.15
4020,2.4003,0,0.00319589,0.47373,0.459851,6.07418,-0.0117183,-3.85955,-0,-3.83496,44,33,3,0,0,40.1999,0,-0.0872665,-3.85955,0.0820317,0.00011942,0.00270801,0.07581,0.15
4021,2.4003,0,-0.00532648,0.462451,0.47767,6.07418,-0.00426119,-3.84089,-0,-3.8124,44,33,3,0,0,40.2099,0,-0.0872665,-3.84089,0.0821036,0.000151451,0.00274004,0.0787922,0.15
4022,2.40039,0,0.0159795,0.394775,0.42269,6.07418,0.010653,-3.8541,-0,-3.80112,44,33,3,0,0,40.2199,0,-0.0872665,-3.8541,0.0820775,0.000188728,0.00268145,0.081898,0.15
4023,2.40039,0,0.0234365,0.462451,0.427002,6.07418,0.00852238,-3.84415,-0,-3.82368,44,33,3,0,0,40.2299,0,-0.0872665,-3.84415,0.082122,0.000231664,0.00272438,0.0851278,0.15
4024,2.40039,0,0.0276977,0.47373,0.469999,6.07418,-0.0010653,-3.85514,-0,-3.8124,44,33,3,0,0,40.2399,0,-0.0872665,-3.85514,0.0821082,0.00028056,0.00277328,0.0884741,0.15
4025,2.40039,0.010472,0.0138489,0.496289,0.486225,6.07418,-0.0223712,-3.84229,-0,-3.80112,44,33,3,0,0,40.2499,0,-0.0872665,-3.84229,0.0821477,0.000335882,0.0028286,0.0919411,0.15
4026,2.40039,0,0.0191753,0.518848,0.482057,6.07418,0.00639178,-3.84381,-0,-3.8124,44,33,3,0,0,40.2599,0,-0.0872665,-3.84381,0.0821481,0.000397989,0.00289071,0.0955257,0.15
4027,2.40039,0,0.00213059,0.496289,0.446129,6.07418,-0.0223712,-3.83873,-0,-3.80112,44,33,3,0,0,40.2699,0,-0.0872665,-3.83873,0.0821706,0.000467247,0.00295997,0.0992256,0.15
4028,2.40049,0.00872665,0.00958767,0.496289,0.478476,6.07418,0.00852238,-3.84733,-0,-3.82368,44,33,3,0,0,40.2799,0,-0.0872665,-3.84733,0.0821391,0.000544034,0.00294088,0.103039,0.15
4029,2.40049,0,0.00852238,0.496289,0.454456,6.07418,-0.0010653,-3.85105,-0,-3.8124,44,33,3,0,0,40.2899,0,-0.0872665,-3.85105,0.0821439,0.000628717,0.00302556,0.106965,0.15
4030,2.40049,0.00349066,0.00745708,0.507568,0.532826,6.07418,-0.00213059,-3.84038,-0,-3.77856,44,33,3,0,0,40.2999,0,-0.0872665,-3.84038,0.082181,0.00072166,0.0031185,0.111,0.15
4031,2.40058,0,-0.00745708,0.518848,0.555367,6.07418,-0.00745708,-3.84781,-0,-3.82368,44,33,3,0,0,40.3099,0,-0.0872665,-3.84781,0.0821632,0.000823233,0.0031242,0.115144,0.15
4032,2.40058,0,-0.0010653,0.451172,0.547779,6.07418,-0.0010653,-3.84353,-0,-3.83496,44,33,3,0,0,40.3199,0,-0.0872665,-3.84353,0.0821799,0.000933783,0.00323475,0.119393,0.15
4033,2.40068,0,0.01811,0.451172,0.491025,6.07418,0.00745708,-3.85104,-0,-3.83496,44,33,3,0,0,40.3299,0,-0.0872665,-3.85104,0.0821476,0.00105366,0.00325876,0.123747,0.15
4034,2.40078,0.0139626,0.0127836,0.530127,0.493002,6.07418,-0.01811,-3.84199,-0,-3.82368,44,33,3,0,0,40.3399,0,-0.0872665,-3.84199,0.0821803,0.00118322,0.00329245,0.128202,0.15
4035,2.40087,0.0174533,0.00745708,0.552686,0.598374,6.07418,-0.00958767,-3.8484,-0,-3.83496,44,33,3,0,0,40.3499,0,-0.0872665,-3.8484,0.0821616,0.00132282,0.00333617,0.132758,0.15
4036,2.40097,0.00523599,0.0340895,0.586523,0.532662,6.07418,-0.00319589,-3.84572,-0,-3.9252,44,33,3,0,0,40.36,0,-0.0872665,-3.84572,0.0821682,0.00147277,0.00339024,0.13741,0.15
4037,2.40106,0.0174533,-0.00852238,0.530127,0.549816,6.07418,-0.00426119,-3.83989,-0,-3.83496,44,33,3,0,0,40.3699,0,-0.0872665,-3.83989,0.0821818,0.00163342,0.00345502,0.142158,0.15
4038,2.40126,0.0174533,0.0213059,0.451172,0.485216,6.07418,-0.00958767,-3.84476,-0,-3.93647,44,33,3,0,0,40.3799,0,-0.0872665,-3.84476,0.0821345,0.00180509,0.00343494,0.146999,0.15
4039,2.40135,0.010472,0.0330242,0.530127,0.492841,6.07418,-0.0010653,-3.84736,-0,-3.9252,44,33,3,0,0,40.3899,0,-0.0872665,-3.84736,0.0821357,0.00198812,0.0035221,0.15193,0.15
4040,2.40154,0.0174533,0.0383507,0.48501,0.480046,6.07418,-0.0138489,-3.84901,-0,-3.93647,44,33,3,0,0,40.3999,0,-0.0872665,-3.84901,0.0821348,0.00218281,0.00352504,0.15695,0.15
4041,2.40164,0.015708,0.00532648,0.451172,0.530637,6.07418,0.0191753,-3.85098,-0,-3.93647,44,33,3,0,0,40.4099,0,-0.0872665,-3.85098,0.082128,0.00238949,0.00363585,0.162055,0.15
4042,2.40183,0.0174533,0.0266324,0.47373,0.496395,6.07418,-0.0266324,-3.84358,-0,-3.9252,44,33,3,0,0,40.4199,0,-0.0872665,-3.84358,0.0821486,0.00260843,0.00366305,0.167244,0.15
4043,2.40193,0.0174533,-0.00426119,0.541406,0.580744,6.07418,0.0010653,-3.84288,-0,-3.9252,44,33,3,0,0,40.4299,0,-0.0872665,-3.84288,0.0821497,0.00283999,0.00379873,0.172513,0.15
4044,2.40212,0.020944,-7.17537e-19,0.620361,0.572394,6.07418,-0.0117183,-3.84613,-0,-3.9252,44,33,3,0,0,40.4399,0,-0.0872665,-3.84613,0.0821465,0.0030844,0.00385139,0.17786,0.15
4045,2.40231,0.020944,0.0170448,0.575244,0.578378,6.07418,-1.04369e-18,-3.8471,-0,-3.93647,44,33,3,0,0,40.4499,0,-0.0872665,-3.8471,0.0821498,0.003342,0.00391724,0.183284,0.15
4046,2.40241,0.010472,0.00745708,0.530127,0.623295,6.07418,0.00852238,-3.85495,-0,-3.93647,44,33,3,0,0,40.4599,0,-0.0872665,-3.85495,0.0820956,0.00361303,0.0040924,0.188779,0.15
4047,2.4026,0.00698132,0.0404813,0.620361,0.595655,6.07418,-0.00852238,-3.84849,-0,-3.78984,44,33,3,0,0,40.4699,0,-0.0872665,-3.84849,0.0821171,0.00389779,0.00418541,0.194345,0.15
4048,2.40279,0.00872665,0.0436772,0.609082,0.525964,6.07418,0.0213059,-3.85232,-0,-3.8124,44,33,3,0,0,40.4799,0,-0.0872665,-3.85232,0.0821196,0.00419655,0.00429242,0.199978,0.15
4049,2.40298,0.0226893,0.0234365,0.552686,0.516104,6.07418,-0.0255671,-3.84585,-0,-3.80112,44,33,3,0,0,40.4899,0,-0.0872665,-3.84585,0.0821325,0.00450956,0.00441369,0.205676,0.15
4050,2.40317,0.0296706,0.00426119,0.586523,0.613248,6.07418,0.028763,-3.85705,-0,-3.80112,44,33,3,0,0,40.4999,0,-0.0872665,-3.85773,0.0820782,0.0048371,0.00454948,0.211436,0.15
4051,2.40346,0.0244346,0.0276977,0.665479,0.708974,6.07418,-0.0149142,-3.85135,-0,-3.93647,44,33,3,0,0,40.5099,0,-0.0872665,-3.85135,0.0820946,0.00517936,0.00460412,0.217255,0.15
4052,2.40365,0.020944,0.039416,0.699316,0.666577,6.07418,0.0191753,-3.8462,-0,-3.8124,44,33,3,0,0,40.5199,0,-0.0872665,-3.8462,0.0821509,0.00553661,0.00476962,0.22313,0.15
4053,2.40394,0.0244346,0.0308936,0.676758,0.653742,6.07418,-0.0298283,-3.84708,-0,-3.83496,44,33,3,0,0,40.5299,0,-0.0872665,-3.84708,0.0821384,0.00590911,0.0048545,0.229058,0.15
4054,2.40423,0.0261799,0.0308936,0.688037,0.676087,6.07418,0.0383507,-3.84868,-0,-3.80112,44,33,3,0,0,40.5399,0,-0.0872665,-3.85131,0.082109,0.00629709,0.00495486,0.235036,0.15
4055,2.40451,0.0331613,0.0436772,0.654199,0.619753,6.07418,-0.0191753,-3.84698,-0,-3.8124,44,33,3,0,0,40.5499,0,-0.0872665,-3.84698,0.0821191,0.00670073,0.00507088,0.241062,0.15
4056,2.4049,0.0436332,0.0521996,0.654199,0.610816,6.07418,-0.0149142,-3.84666,-0,-3.82368,44,33,3,0,0,40.5599,0,-0.0872665,-3.84666,0.0821388,0.00712022,0.00510687,0.247132,0.15
4057,2.40528,0.0331613,0.0511343,0.575244,0.579917,6.07418,-0.0213059,-3.85225,-0,-3.83496,44,33,3,0,0,40.5699,0,-0.0872665,-3.85225,0.082105,0.00755583,0.00515899,0.253243,0.15
4058,2.40567,0.0383972,0.0404813,0.586523,0.609921,6.07418,0.00745708,-3.84213,-0,-3.8124,44,33,3,0,0,40.5799,0,-0.0872665,-3.84213,0.082158,0.00800771,0.00522737,0.259393,0.15
4059,2.40605,0.0366519,0.0596566,0.586523,0.577585,6.07418,-0.0245018,-3.84502,-0,-3.8124,44,33,3,0,0,40.5899,0,-0.0872665,-3.84502,0.0821335,0.00847603,0.0053122,0.265577,0.15
4060,2.40643,0.0331613,0.0521996,0.552686,0.578627,6.07418,-0.00852238,-3.8363,-0,-3.82368,44,33,3,0,0,40.5999,0,-0.0872665,-3.8363,0.0821645,0.00896103,0.0054137,0.271794,0.15
4061,2.40691,0.0331613,0.0255671,0.552686,0.56638,6.07418,0.0127836,-3.85146,-0,-3.84624,44,33,3,0,0,40.6099,0,-0.0872665,-3.85146,0.0821018,0.00946283,0.00543613,0.278039,0.15
4062,2.4073,0.0488692,0.0362201,0.609082,0.644264,6.07418,-0.0298283,-3.84506,-0,-3.83496,44,33,3,0,0,40.6199,0,-0.0872665,-3.84506,0.0821074,0.00998159,0.00557139,0.28431,0.15
4063,2.40768,0.0279253,0.0415466,0.597803,0.637038,6.07418,0.0010653,-3.85092,-0,-3.80112,44,33,3,0,0,40.6299,0,-0.0872665,-3.85092,0.0820952,0.0105175,0.00572378,0.290604,0.15
4064,2.40816,0.0366519,0.0436772,0.631641,0.652559,6.07418,-0.0127836,-3.84822,-0,-3.82368,44,33,3,0,0,40.6399,0,-0.0872665,-3.84822,0.0821183,0.0110707,0.0057976,0.296918,0.15
4065,2.40864,0.0471239,0.057526,0.654199,0.669569,6.07418,0.0330242,-3.84936,-0,-3.80112,44,33,3,0,0,40.6499,0,-0.0872665,-3.85078,0.0821255,0.0116412,0.00588879,0.303247,0.15
4066,2.40912,0.0436332,0.0543301,0.676758,0.651769,6.07418,-0.00852238,-3.85055,-0,-3.82368,44,33,3,0,0,40.6599,0,-0.0872665,-3.85055,0.0821168,0.0122294,0.00599755,0.30959,0.15
4067,2.4096,0.0506145,0.0521996,0.597803,0.583531,6.07418,-3.1963e-18,-3.84164,-0,-3.80112,44,33,3,0,0,40.6699,0,-0.0872665,-3.84164,0.082156,0.0128351,0.00612396,0.315942,0.15
4068,2.41017,0.0628319,0.0639178,0.609082,0.592827,6.07418,0.0010653,-3.84932,-0,-3.82368,44,33,3,0,0,40.6799,0,-0.0872665,-3.84932,0.0821323,0.0134587,0.00617227,0.322301,0.15
4069,2.41065,0.0541052,0.0426119,0.665479,0.634804,6.07418,0.0010653,-3.84624,-0,-3.9252,44,33,3,0,0,40.6899,0,-0.0872665,-3.84624,0.0821408,0.0141001,0.00633429,0.328663,0.15
4070,2.41123,0.0558505,0.0713749,0.631641,0.63127,6.07418,0.010653,-3.85595,-0,-3.82368,44,33,3,0,0,40.6999,0,-0.0872665,-3.85595,0.082093,0.0147594,0.00641842,0.335025,0.15
4071,2.4118,0.0610865,0.0458078,0.654199,0.692829,6.07418,-0.00958767,-3.84411,-0,-3.82368,44,33,3,0,0,40.7099,0,-0.0872665,-3.84411,0.082136,0.0154368,0.00652055,0.341384,0.15
4072,2.41247,0.0610865,0.0671137,0.688037,0.681854,6.07418,-0.00745708,-3.85466,-0,-3.83496,44,33,3,0,0,40.7199,0,-0.0872665,-3.85466,0.0820926,0.0161323,0.00654493,0.347736,0.15
4073,2.41314,0.0750492,0.0713749,0.755713,0.642566,6.07418,-0.0266324,-3.8448,-0,-3.83496,44,33,3,0,0,40.7299,0,-0.0872665,-3.8448,0.0821403,0.016846,0.00658752,0.354079,0.15
4074,2.41381,0.0558505,0.0649831,0.631641,0.558371,6.07418,-0.0127836,-3.85104,-0,-3.83496,44,33,3,0,0,40.7399,0,-0.0872665,-3.85104,0.0821257,0.0175779,0.00664833,0.360408,0.15
4075,2.41449,0.0663225,0.068179,0.620361,0.508066,6.07418,-0.0266324,-3.84227,-0,-3.83496,44,33,3,0,0,40.7499,0,-0.0872665,-3.84227,0.0821276,0.0183281,0.00672738,0.366721,0.15
4076,2.41525,0.0837758,0.0777667,0.518848,0.567025,6.07418,0.00852238,-3.84881,-0,-3.8124,44,33,3,0,0,40.7599,0,-0.0872665,-3.84881,0.082107,0.0190967,0.00672894,0.373014,0.15
4077,2.41602,0.0715585,0.0735055,0.665479,0.595648,6.07418,-0.0319589,-3.83549,-0,-3.82368,44,33,3,0,0,40.7699,0,-0.0872665,-3.83549,0.0821665,0.0198835,0.00674882,0.379285,0.15
4078,2.41688,0.0750492,0.0958767,0.654199,0.488008,6.07418,0.0159795,-3.84543,-0,-3.78984,44,33,3,0,0,40.7799,0,-0.0872665,-3.84543,0.0821595,0.0206887,0.00669114,0.385528,0.15
4079,2.41765,0.0837758,0.0841585,0.586523,0.44597,6.07418,-0.0170448,-3.84423,-0,-3.9252,44,33,3,0,0,40.7899,0,-0.0872665,-3.84423,0.0821507,0.0215124,0.00674779,0.391743,0.15
4080,2.41842,0.0767945,0.0735055,0.428613,0.483269,6.07418,0.00852238,-3.84886,-0,-3.93647,44,33,3,0,0,40.7999,0,-0.0872665,-3.84886,0.0821285,0.0223542,0.00682264,0.397924,0.15
4081,2.41928,0.0750492,0.0873543,0.575244,0.511092,6.07418,0.0266324,-3.85295,-0,-3.9252,44,33,3,0,0,40.8099,0,-0.0872665,-3.85302,0.0821015,0.0232146,0.00682018,0.40407,0.15
4082,2.42005,0.0837758,0.0639178,0.665479,0.605978,6.07418,0.0117183,-3.85236,-0,-3.9252,44,33,3,0,0,40.8199,0,-0.0872665,-3.85236,0.0820749,0.0240932,0.0069318,0.410175,0.15
4083,2.42081,0.0802851,0.0703096,0.609082,0.662599,6.07418,0.0010653,-3.85578,-0,-3.9252,44,33,3,0,0,40.8299,0,-0.0872665,-3.85578,0.0820591,0.0249902,0.00706181,0.416238,0.15
4084,2.42158,0.0733038,0.0884196,0.676758,0.601537,6.07418,-0.010653,-3.83849,-0,-3.85752,44,33,3,0,0,40.8399,0,-0.0872665,-3.83849,0.0821496,0.0259054,0.00721004,0.422255,0.15
4085,2.42235,0.0785398,0.0916155,0.530127,0.560636,6.07418,-0.00213059,-3.85488,-0,-3.93647,44,33,3,0,0,40.8499,0,-0.0872665,-3.85488,0.0820619,0.0268389,0.00737649,0.428223,0.15
4086,2.42331,0.101229,0.0777667,0.631641,0.607094,6.07418,-4.76184e-18,-3.85539,-0,-3.93647,44,33,3,0,0,40.8599,0,-0.0872665,-3.85539,0.0820591,0.0277904,0.00736932,0.434138,0.15
4087,2.42426,0.0942478,0.0937461,0.609082,0.572211,6.07418,0.0170448,-3.855,-0,-3.80112,44,33,3,0,0,40.8699,0,-0.0872665,-3.855,0.08209,0.0287601,0.00738027,0.439997,0.15
4088,2.42513,0.10472,0.105464,0.518848,0.483591,6.07418,-0.0159795,-3.84949,-0,-3.93647,44,33,3,0,0,40.8799,0,-0.0872665,-3.84949,0.0820926,0.0297479,0.00750518,0.445798,0.15
4089,2.42609,0.0890118,0.0980073,0.439893,0.431324,6.07418,0.0138489,-3.85356,-0,-3.8124,44,33,3,0,0,40.8899,0,-0.0872665,-3.85356,0.0820661,0.0307535,0.00755205,0.451536,0.15
4090,2.42705,0.106465,0.102269,0.47373,0.498726,6.07418,-0.0276977,-3.84932,-0,-3.8124,44,33,3,0,0,40.8999,0,-0.0872665,-3.84932,0.0820549,0.0317766,0.00761643,0.457207,0.15
4091,2.4281,0.0907571,0.0798973,0.507568,0.500895,6.07418,0.00639178,-3.85345,-0,-3.8124,44,33,3,0,0,40.9099,0,-0.0872665,-3.85345,0.0820491,0.0328182,0.00760343,0.462814,0.15
4092,2.42906,0.0872665,0.103334,0.530127,0.539471,6.07418,-0.00745708,-3.85411,-0,-3.83496,44,33,3,0,0,40.9199,0,-0.0872665,-3.85411,0.0820239,0.033877,0.00770344,0.468346,0.15
4093,2.42992,0.0977384,0.0798973,0.586523,0.625771,6.07418,0.00319589,-3.85463,-0,-3.84624,44,33,3,0,0,40.9299,0,-0.0872665,-3.85463,0.0820217,0.0349533,0.0079169,0.473805,0.15
4094,2.43088,0.0942478,0.102269,0.563965,0.666429,6.07418,0.00532648,-3.8649,-0,-3.83496,44,33,3,0,0,40.9399,0,-0.0872665,-3.8649,0.081967,0.036047,0.00805185,0.479185,0.15
4095,2.43184,0.0994838,0.078832,0.609082,0.652712,6.07418,-0.0202406,-3.85463,-0,-3.83496,44,33,3,0,0,40.9499,0,-0.0872665,-3.85463,0.0819886,0.0371578,0.00820392,0.484484,0.15
4096,2.4328,0.10472,0.103334,0.699316,0.691833,6.07418,-0.0234365,-3.85417,-0,-3.82368,44,33,3,0,0,40.9599,0,-0.0872665,-3.85417,0.0819879,0.0382857,0.00837308,0.489699,0.15
4097,2.43366,0.0925025,0.0926808,0.710596,0.693787,6.07418,-5.67506e-18,-3.85809,-0,-3.83496,44,33,3,0,0,40.9699,0,-0.0872665,-3.85809,0.0819688,0.0394305,0.00865503,0.494827,0.15
4098,2.43472,0.101229,0.0830932,0.755713,0.726911,6.07418,0.00958767,-3.86395,-0,-3.82368,44,33,3,0,0,40.9799,0,-0.0872665,-3.86395,0.0819449,0.040592,0.00876192,0.499865,0.15
4099,2.43577,0.116937,0.111856,0.80083,0.722592,6.07418,-0.0383507,-3.85734,-0,-3.83496,44,33,3,0,0,40.9899,0,-0.0872665,-3.85734,0.0819452,0.0417701,0.00888539,0.50481,0.15
4100,2.43673,0.101229,0.0990726,0.721875,0.723746,6.07418,0.0127836,-3.86504,-0,-3.83496,44,33,3,0,0,40.9999,0,-0.0872665,-3.86504,0.0819385,0.0429645,0.00912109,0.509659,0.15
4101,2.43769,0.101229,0.104399,0.755713,0.704826,6.07418,-0.0202406,-3.86074,-0,-3.83496,44,33,3,0,0,41.0099,0,-0.0872665,-3.86074,0.0819293,0.0441751,0.00937288,0.514409,0.15
4102,2.43874,0.116937,0.0958767,0.733154,0.780428,6.07418,0.0213059,-3.87187,-0,-3.83496,44,33,3,0,0,41.0199,0,-0.0872665,-3.87187,0.0818858,0.0454015,0.00954474,0.519058,0.15
4103,2.43989,0.0994838,0.116117,0.789551,0.752856,6.07418,0.0149142,-3.87576,-0,-3.83496,44,33,3,0,0,41.0299,0,-0.0872665,-3.87576,0.0818627,0.0466439,0.00963658,0.523602,0.15
4104,2.44104,0.113446,0.0958767,0.834668,0.750534,6.07418,0.0138489,-3.86673,-0,-3.85752,44,33,3,0,0,41.0399,0,-0.0872665,-3.86673,0.0819014,0.0479015,0.0097437,0.528038,0.15
4105,2.44219,0.129154,0.135293,0.778271,0.655366,6.07418,-0.0159795,-3.86559,-0,-3.83496,44,33,3,0,0,41.0499,0,-0.0872665,-3.86559,0.0818889,0.0491746,0.0098663,0.532365,0.15
4106,2.44334,0.127409,0.120379,0.665479,0.615141,6.07418,-0.0159795,-3.86418,-0,-3.90264,44,33,3,0,0,41.0599,0,-0.0872665,-3.86418,0.0818598,0.0504625,0.0100037,0.536578,0.15
4107,2.44459,0.111701,0.12677,0.620361,0.619352,6.07418,0.00213059,-3.86787,-0,-3.85752,44,33,3,0,0,41.0699,0,-0.0872665,-3.86787,0.0818405,0.0517653,0.0100602,0.540676,0.15
4108,2.44584,0.136136,0.121444,0.575244,0.713995,6.07418,0.0255671,-3.86625,-0,-3.84624,44,33,3,0,0,41.0799,0,-0.0872665,-3.86625,0.0818363,0.0530825,0.010131,0.544655,0.15
4109,2.44708,0.109956,0.12677,0.609082,0.665924,6.07418,-0.010653,-3.86543,-0,-3.84624,44,33,3,0,0,41.0899,0,-0.0872665,-3.86543,0.0818426,0.054414,0.0102162,0.548514,0.15
4110,2.44833,0.13439,0.0862891,0.688037,0.714298,6.07418,-0.00426119,-3.86375,-0,-3.84624,44,33,3,0,0,41.0999,0,-0.0872665,-3.86375,0.0818404,0.0557595,0.0103153,0.552249,0.15
4111,2.44967,0.136136,0.133162,0.710596,0.655827,6.07418,0.00958767,-3.87407,-0,-3.85752,44,33,3,0,0,41.1099,0,-0.0872665,-3.87407,0.0818061,0.0571185,0.0103321,0.555858,0.15
4112,2.45111,0.132645,0.16086,0.64292,0.549453,6.07418,-0.0159795,-3.8632,-0,-3.84624,44,33,3,0,0,41.1199,0,-0.0872665,-3.8632,0.0818448,0.0584909,0.0102664,0.559339,0.15
4113,2.45245,0.148353,0.149142,0.507568,0.451161,6.07418,0.00319589,-3.86682,-0,-3.84624,44,33,3,0,0,41.1299,0,-0.0872665,-3.86682,0.081836,0.0598764,0.0103096,0.562688,0.15
4114,2.45399,0.155334,0.158729,0.48501,0.40737,6.07418,-0.0351548,-3.8646,-0,-3.84624,44,33,3,0,0,41.1399,0,-0.0872665,-3.8646,0.0818167,0.0612746,0.0101739,0.565905,0.15
4115,2.45542,0.141372,0.137423,0.383496,0.382109,6.07418,-0.00426119,-3.87029,-0,-3.85752,44,33,3,0,0,41.1499,0,-0.0872665,-3.87029,0.0817899,0.0626854,0.0101466,0.568986,0.15
4116,2.45686,0.148353,0.135293,0.496289,0.448677,6.07418,-0.0191753,-3.86964,-0,-3.97031,44,33,3,0,0,41.1599,0,-0.0872665,-3.86964,0.0817714,0.0641082,0.0101313,0.571929,0.15
4117,2.4583,0.139626,0.14275,0.428613,0.469588,6.07418,-0.0159795,-3.86932,-0,-3.94775,44,33,3,0,0,41.1699,0,-0.0872665,-3.86932,0.0817668,0.0655427,0.0101276,0.574731,0.15
4118,2.45964,0.123918,0.16086,0.360938,0.453267,6.07418,-0.0127836,-3.86725,-0,-3.93647,44,33,3,0,0,41.1799,0,-0.0872665,-3.86725,0.0817568,0.0669888,0.0102315,0.577392,0.15
4119,2.46108,0.141372,0.14275,0.563965,0.5392,6.07418,0.0319589,-3.87036,-0,-3.88008,44,33,3,0,0,41.1899,0,-0.0872665,-3.87204,0.0817229,0.0684457,0.0102503,0.579907,0.15
4120,2.46242,0.129154,0.148076,0.507568,0.590365,6.07418,0.0010653,-3.87393,-0,-3.8688,44,33,3,0,0,41.1999,0,-0.0872665,-3.87393,0.0817005,0.0699134,0.0103758,0.582276,0.15
4121,2.46376,0.1309,0.150207,0.688037,0.570736,6.07418,0.0266324,-3.87456,-0,-3.94775,44,33,3,0,0,41.2099,0,-0.0872665,-3.8748,0.0817108,0.0713916,0.0105117,0.584496,0.15
4122,2.46511,0.148353,0.139554,0.586523,0.586548,6.07418,-0.0138489,-3.88059,-0,-3.95903,44,33,3,0,0,41.2199,0,-0.0872665,-3.88059,0.0816746,0.0728796,0.0106575,0.586566,0.15
4123,2.46655,0.141372,0.139554,0.575244,0.582656,6.07418,-0.0010653,-3.87196,-0,-3.95903,44,33,3,0,0,41.2299,0,-0.0872665,-3.87196,0.0817076,0.0743773,0.0107171,0.588483,0.15
4124,2.46789,0.136136,0.136358,0.530127,0.613543,6.07418,0.00958767,-3.88028,-0,-3.82368,44,33,3,0,0,41.2399,0,-0.0872665,-3.88028,0.081664,0.0758842,0.0108817,0.590246,0.15
4125,2.46942,0.144862,0.165121,0.597803,0.568522,6.07418,0.00639178,-3.87748,-0,-3.82368,44,33,3,0,0,41.2499,0,-0.0872665,-3.87748,0.0816709,0.0773997,0.0108633,0.591852,0.15
4126,2.47076,0.13439,0.16299,0.552686,0.550921,6.07418,-0.00319589,-3.88114,-0,-3.84624,44,33,3,0,0,41.2599,0,-0.0872665,-3.88114,0.0816511,0.0789238,0.0110452,0.5933,0.15
4127,2.47211,0.13439,0.143815,0.575244,0.591173,6.07418,-0.00852238,-3.87816,-0,-3.82368,44,33,3,0,0,41.2699,0,-0.0872665,-3.87816,0.0816334,0.0804559,0.011235,0.594588,0.15
4128,2.47364,0.148353,0.139554,0.688037,0.711178,6.07418,0.0170448,-3.8874,-0,-3.84624,44,33,3,0,0,41.2799,0,-0.0872665,-3.8874,0.0815963,0.0819955,0.0112406,0.595715,0.15
4129,2.47508,0.141372,0.159795,0.699316,0.704342,6.07418,-0.0010653,-3.88607,-0,-3.84624,44,33,3,0,0,41.2899,0,-0.0872665,-3.88607,0.0815609,0.0835423,0.0113493,0.596679,0.15
4130,2.47652,0.151844,0.16299,0.676758,0.699571,6.07418,0.00532648,-3.87707,-0,-3.85752,44,33,3,0,0,41.2999,0,-0.0872665,-3.87707,0.0815902,0.0850959,0.0114648,0.597479,0.15
4131,2.47795,0.125664,0.155533,0.676758,0.627984,6.07418,0.0117183,-3.89348,-0,-3.85752,44,33,3,0,0,41.3099,0,-0.0872665,-3.89348,0.0815193,0.0866558,0.0115866,0.598112,0.15
4132,2.47939,0.150098,0.157664,0.654199,0.631476,6.07408,0.00532648,-3.88518,-0,-3.83496,44,33,3,0,0,41.3199,0,-0.0872665,-3.88518,0.0815342,0.0882214,0.0117141,0.598578,0.15
4133,2.48102,0.143117,0.164056,0.620361,0.565935,6.07408,-0.0245018,-3.89024,-0,-3.84624,44,33,3,0,0,41.3299,0,-0.0872665,-3.89024,0.0815073,0.0897926,0.0116554,0.598875,0.15
4134,2.48236,0.13439,0.154468,0.563965,0.604583,6.07408,0.00745708,-3.89172,-0,-3.85752,44,33,3,0,0,41.3399,0,-0.0872665,-3.89172,0.0814763,0.0913687,0.0118893,0.599002,0.15
4135,2.4839,0.155334,0.151272,0.64292,0.614221,6.07408,-0.00532648,-3.90447,-0,-3.89136,44,33,3,0,0,41.3499,0,-0.0872665,-3.90447,0.0813883,0.0929494,0.011936,0.598958,0.15
4136,2.48534,0.139626,0.133162,0.710596,0.711448,6.07408,0.0149142,-3.90211,-0,-3.89136,44,33,3,0,0,41.3599,0,-0.0872665,-3.90211,0.0813705,0.094534,0.0120826,0.598742,0.15
4137,2.48677,0.143117,0.157664,0.631641,0.733644,6.07408,0.010653,-3.90082,-0,-3.91392,44,33,3,0,0,41.3699,0,-0.0872665,-3.90082,0.0813567,0.0961224,0.0122328,0.598352,0.15
4138,2.48821,0.150098,0.128901,0.721875,0.824089,6.07408,-0.0170448,-3.89411,-0,-3.89136,44,33,3,0,0,41.3799,0,-0.0872665,-3.89411,0.0813636,0.0977138,0.0123861,0.597788,0.15
4139,2.48955,0.137881,0.136358,0.845947,0.84013,6.07408,0.0213059,-3.90338,-0,-3.8688,44,33,3,0,0,41.3899,0,-0.0872665,-3.90338,0.0813354,0.0993079,0.012638,0.597048,0.15
4140,2.49099,0.15708,0.133162,0.857227,0.879927,6.07408,-0.0383507,-3.89397,-0,-3.85752,44,33,3,0,0,41.3999,0,-0.0872665,-3.89397,0.0813372,0.100904,0.0127962,0.596132,0.15
4141,2.49262,0.155334,0.141684,0.812109,0.797417,6.07408,0.0159795,-3.90375,-0,-3.8688,44,33,3,0,0,41.4099,0,-0.0872665,-3.90375,0.0813159,0.102502,0.0127642,0.595038,0.15
4142,2.49425,0.171042,0.16299,0.778271,0.685909,6.07408,-0.00319589,-3.90462,-0,-3.85752,44,33,3,0,0,41.4199,0,-0.0872665,-3.90462,0.081312,0.104101,0.0127335,0.593767,0.15
4143,2.49588,0.162316,0.169382,0.654199,0.615129,6.07408,0.0191753,-3.90013,-0,-3.89136,44,33,3,0,0,41.4299,0,-0.0872665,-3.90013,0.0813272,0.105701,0.0127036,0.592318,0.15
4144,2.49751,0.178024,0.186427,0.620361,0.638943,6.07408,-0.010653,-3.90638,-0,-3.89136,44,33,3,0,0,41.4399,0,-0.0872665,-3.90638,0.0812764,0.107301,0.0126738,0.590689,0.15
4145,2.49924,0.164061,0.167252,0.575244,0.577971,6.07408,0.00532648,-3.90088,-0,-3.8688,44,33,3,0,0,41.4499,0,-0.0872665,-3.90088,0.0813022,0.108901,0.012548,0.58888,0.15
4146,2.50087,0.15708,0.156599,0.518848,0.542963,6.07408,0.00958767,-3.91056,-0,-4.00415,44,33,3,0,0,41.4599,0,-0.0872665,-3.91056,0.0812614,0.1105,0.0125172,0.586891,0.15
4147,2.50269,0.176278,0.196015,0.541406,0.467418,6.07408,-0.0117183,-3.90654,-0,-3.99287,44,33,3,0,0,41.4699,0,-0.0872665,-3.90654,0.0812564,0.112098,0.0122933,0.584722,0.15
4148,2.50432,0.171042,0.175774,0.417334,0.485873,6.07408,-0.00319589,-3.90616,-0,-3.98159,44,33,3,0,0,41.4799,0,-0.0872665,-3.90616,0.08126,0.113694,0.0122594,0.582372,0.15
4149,2.50595,0.162316,0.16299,0.360938,0.395263,6.07408,-0.0010653,-3.90443,-0,-4.00415,44,33,3,0,0,41.4899,0,-0.0872665,-3.90443,0.0812399,0.115288,0.0122234,0.57984,0.15
4150,2.50768,0.164061,0.171513,0.417334,0.437394,6.07408,0.00213059,-3.91355,-0,-3.98159,44,33,3,0,0,41.4999,0,-0.0872665,-3.91355,0.0811969,0.116879,0.0120886,0.577127,0.15
4151,2.5093,0.165806,0.174709,0.439893,0.429422,6.07408,0.010653,-3.9098,-0,-3.98159,44,33,3,0,0,41.5099,0,-0.0872665,-3.9098,0.0812179,0.118466,0.0120463,0.574233,0.15
4152,2.51084,0.162316,0.141684,0.428613,0.481479,6.07408,0.0223712,-3.90754,-0,-4.00415,44,33,3,0,0,41.5199,0,-0.0872665,-3.90754,0.0812104,0.12005,0.0120961,0.571156,0.15
4153,2.51237,0.144862,0.164056,0.47373,0.600609,6.07408,-0.00532648,-3.9094,-0,-4.00415,44,33,3,0,0,41.5299,0,-0.0872665,-3.9094,0.0811918,0.121629,0.0121415,0.567899,0.15
4154,2.51391,0.162316,0.125705,0.597803,0.644922,6.07408,0.010653,-3.91337,-0,-4.01543,44,33,3,0,0,41.5399,0,-0.0872665,-3.91337,0.081161,0.123204,0.012182,0.56446,0.15
4155,2.51534,0.139626,0.158729,0.676758,0.713163,6.07408,-0.00426119,-3.91655,-0,-3.89136,44,33,3,0,0,41.5499,0,-0.0872665,-3.91655,0.0811516,0.124773,0.0123131,0.560839,0.15
4156,2.51688,0.139626,0.159795,0.744434,0.709662,6.07408,0.01811,-3.91764,-0,-3.88008,44,33,3,0,0,41.5599,0,-0.0872665,-3.91764,0.0811356,0.126336,0.0123423,0.557037,0.15
4157,2.51832,0.144862,0.14488,0.744434,0.732861,6.07408,-0.0276977,-3.91776,-0,-3.89136,44,33,3,0,0,41.5699,0,-0.0872665,-3.91776,0.0811138,0.127893,0.0124609,0.553055,0.15
4158,2.51976,0.136136,0.150207,0.721875,0.694142,6.07408,0.0170448,-3.91735,-0,-3.89136,44,33,3,0,0,41.5799,0,-0.0872665,-3.91735,0.0811145,0.129443,0.0125728,0.548892,0.15
4159,2.52129,0.150098,0.167252,0.710596,0.750213,6.07408,-0.0127836,-3.92028,-0,-3.89136,44,33,3,0,0,41.5899,0,-0.0872665,-3.92028,0.0810687,0.130985,0.012581,0.544549,0.15
4160,2.52273,0.1309,0.16086,0.699316,0.647397,6.07408,-0.00426119,-3.91642,-0,-3.8688,44,33,3,0,0,41.5999,0,-0.0872665,-3.91642,0.0810808,0.132519,0.0126772,0.540026,0.15
4161,2.52417,0.148353,0.156599,0.733154,0.673142,6.07408,0.00958767,-3.9274,-0,-3.89136,44,33,3,0,0,41.6099,0,-0.0872665,-3.9274,0.0810336,0.134045,0.0127649,0.535325,0.15
4162,2.5257,0.148353,0.164056,0.733154,0.715913,6.07408,-1.00455e-17,-3.92188,-0,-3.9252,44,33,3,0,0,41.6199,0,-0.0872665,-3.92188,0.0810323,0.135567,0.0127524,0.530429,0.15
4163,2.52714,0.141372,0.140619,0.721875,0.780077,6.07408,0.0159795,-3.924,-0,-3.88008,44,33,3,0,0,41.6299,0,-0.0872665,-3.924,0.0810097,0.137069,0.012817,0.525386,0.15
4164,2.52867,0.16057,0.154468,0.766992,0.818379,6.07408,-0.01811,-3.91887,-0,-3.91392,44,33,3,0,0,41.6399,0,-0.0872665,-3.91887,0.0810107,0.138566,0.0127794,0.520154,0.15
4165,2.53021,0.141372,0.16299,0.812109,0.736469,6.07408,-0.00639178,-3.91688,-0,-3.91392,44,33,3,0,0,41.6499,0,-0.0872665,-3.91688,0.0810301,0.140052,0.0127317,0.514744,0.15
4166,2.53174,0.165806,0.168317,0.755713,0.637235,6.07408,-0.0330242,-3.92,-0,-3.89136,44,33,3,0,0,41.6599,0,-0.0872665,-3.92,0.0810011,0.141527,0.0126728,0.509159,0.15
4167,2.53327,0.143117,0.177905,0.609082,0.52653,6.07408,0.0159795,-3.92956,-0,-3.89136,44,33,3,0,0,41.6699,0,-0.0872665,-3.92956,0.0809788,0.142991,0.0126023,0.503399,0.15
4168,2.53471,0.148353,0.170448,0.552686,0.560548,6.07408,-1.04369e-17,-3.92988,-0,-3.89136,44,33,3,0,0,41.6799,0,-0.0872665,-3.92988,0.0809406,0.144442,0.0126153,0.497467,0.15
4169,2.53634,0.15708,0.143815,0.563965,0.585919,6.07408,0.0138489,-3.9358,-0,-3.91392,44,33,3,0,0,41.6899,0,-0.0872665,-3.9358,0.0808927,0.14588,0.0124239,0.491363,0.15
4170,2.53788,0.137881,0.159795,0.631641,0.613131,6.07399,-0.00958767,-3.93431,-0,-3.9252,44,33,3,0,0,41.6999,0,-0.0872665,-3.93431,0.0808685,0.147305,0.012315,0.485089,0.15
4171,2.53922,0.136136,0.166186,0.665479,0.617419,6.07399,0.00958767,-3.93278,-0,-3.9252,44,33,3,0,0,41.7099,0,-0.0872665,-3.93278,0.0808641,0.148717,0.0123841,0.478645,0.15
4172,2.54056,0.139626,0.152337,0.654199,0.698646,6.07399,-0.0255671,-3.93606,-0,-4.01543,44,33,3,0,0,41.7199,0,-0.0872665,-3.93606,0.0808238,0.150114,0.0124389,0.472033,0.15
4173,2.5419,0.123918,0.149142,0.676758,0.763295,6.07399,-0.00426119,-3.93669,-0,-4.03799,44,33,3,0,0,41.7299,0,-0.0872665,-3.93669,0.0808142,0.151496,0.0124788,0.465255,0.15
4174,2.54334,0.151844,0.131032,0.744434,0.766961,6.07399,0.00532648,-3.9415,-0,-3.89136,44,33,3,0,0,41.7399,0,-0.0872665,-3.9415,0.0807773,0.152863,0.0124076,0.458312,0.15
4175,2.54468,0.13439,0.138489,0.721875,0.717019,6.07399,-0.0213059,-3.92581,-0,-3.9252,44,33,3,0,0,41.7499,0,-0.0872665,-3.92581,0.0808386,0.154214,0.0124164,0.451204,0.15
4176,2.54612,0.13439,0.113987,0.721875,0.587374,6.07399,-0.0127836,-3.93809,-0,-3.90264,44,33,3,0,0,41.7599,0,-0.0872665,-3.93809,0.0808021,0.155548,0.012313,0.443935,0.15
4177,2.54765,0.165806,0.161925,0.721875,0.570635,6.07399,-0.01811,-3.93652,-0,-3.88008,44,33,3,0,0,41.7699,0,-0.0872665,-3.93652,0.0807891,0.156866,0.0120967,0.436506,0.15
4178,2.54909,0.137881,0.147011,0.47373,0.441902,6.07399,0.0149142,-3.94009,-0,-3.8688,44,33,3,0,0,41.7799,0,-0.0872665,-3.94009,0.0807823,0.158167,0.0119591,0.428918,0.15
4179,2.55053,0.164061,0.151272,0.394775,0.473725,6.07399,-0.0245018,-3.9306,-0,-3.90264,44,33,3,0,0,41.7899,0,-0.0872665,-3.9306,0.0807864,0.159449,0.0118035,0.421173,0.15
4180,2.55206,0.139626,0.133162,0.439893,0.463476,6.07399,0.0191753,-3.94125,-0,-4.04927,44,33,3,0,0,41.8,0,-0.0872665,-3.94125,0.0807636,0.160713,0.0115337,0.413274,0.15
4181,2.55331,0.136136,0.132097,0.462451,0.487876,6.07399,-0.00319589,-3.94233,-0.00872665,-3.90264,44,33,3,0,0,41.8099,0,-0.0872665,-3.94233,0.0807187,0.161959,0.0115327,0.40522,0.15
4182,2.55485,0.151844,0.125705,0.47373,0.552535,6.07399,-0.00532648,-3.93784,-0,-3.90264,44,33,3,0,0,41.8199,0,-0.0872665,-3.93784,0.0807396,0.163185,0.0112247,0.397017,0.15
4183,2.55628,0.1309,0.136358,0.48501,0.493974,6.07399,-0.00319589,-3.94744,-0,-3.9252,44,33,3,0,0,41.8299,0,-0.0872665,-3.94744,0.0806973,0.164391,0.0109928,0.388664,0.15
4184,2.55763,0.127409,0.138489,0.48501,0.423632,6.07399,0.0255671,-3.94394,-0,-4.03799,44,33,3,0,0,41.8399,0,-0.0872665,-3.94394,0.0807136,0.165577,0.0108365,0.380164,0.15
4185,2.55897,0.132645,0.135293,0.428613,0.318185,6.07399,0.00852238,-3.94401,-0,-3.9252,44,33,3,0,0,41.8499,0,-0.0872665,-3.94401,0.080687,0.166742,0.0106593,0.37152,0.15
4186,2.56012,0.115192,0.122509,0.383496,0.421191,6.07399,-0.0170448,-3.93763,-0,-3.94775,44,33,3,0,0,41.8599,0,-0.0872665,-3.93763,0.0806875,0.167886,0.0106527,0.362733,0.15
4187,2.56127,0.118682,0.123574,0.47373,0.540604,6.07399,-0.00213059,-3.95355,-0,-3.91392,44,33,3,0,0,41.8699,0,-0.0872665,-3.95355,0.0806013,0.169008,0.0106243,0.353807,0.15
4188,2.56251,0.115192,0.100138,0.575244,0.597541,6.07399,-0.010653,-3.94651,-0,-3.91392,44,33,3,0,0,41.8799,0,-0.0872665,-3.94651,0.0806074,0.170108,0.010478,0.344741,0.15
4189,2.56357,0.10821,0.129966,0.654199,0.608624,6.07399,0.0266324,-3.95621,-0,-3.90264,44,33,3,0,0,41.8899,0,-0.0872665,-3.95635,0.0805781,0.171185,0.0105007,0.335541,0.15
4190,2.56453,0.102974,0.111856,0.631641,0.686935,6.07399,-0.0138489,-3.95108,-0,-3.91392,44,33,3,0,0,41.8999,0,-0.0872665,-3.95108,0.0805823,0.172239,0.0105963,0.326208,0.15
4191,2.56549,0.0855211,0.102269,0.597803,0.72707,6.07399,0.0191753,-3.96368,-0,-3.9252,44,33,3,0,0,41.9099,0,-0.0872665,-3.96368,0.0805255,0.17327,0.0106683,0.316744,0.15
4192,2.56654,0.102974,0.122509,0.755713,0.693851,6.07399,-0.00958767,-3.94942,-0,-3.9252,44,33,3,0,0,41.9199,0,-0.0872665,-3.94942,0.0805681,0.174277,0.0106204,0.307153,0.15
4193,2.5674,0.0925025,0.0809626,0.744434,0.744151,6.07399,-0.00958767,-3.95022,-0,-3.9252,44,33,3,0,0,41.9299,0,-0.0872665,-3.95022,0.0805638,0.175259,0.01074,0.297436,0.15
4194,2.56836,0.0977384,0.0958767,0.812109,0.802456,6.07399,-0.0127836,-3.96277,-0,-3.9252,44,33,3,0,0,41.9399,0,-0.0872665,-3.96277,0.0804905,0.176217,0.0107389,0.287596,0.15
4195,2.56923,0.10472,0.0937461,0.766992,0.794622,6.07399,0.00319589,-3.95933,-0,-3.93647,44,33,3,0,0,41.9499,0,-0.0872665,-3.95933,0.0805123,0.177149,0.0108083,0.277637,0.15
4196,2.57018,0.0872665,0.0841585,0.766992,0.769076,6.07399,-0.0213059,-3.95914,-0,-3.91392,44,33,3,0,0,41.9599,0,-0.0872665,-3.95914,0.0805093,0.178056,0.0107564,0.26756,0.15
4197,2.57114,0.0855211,0.0905502,0.845947,0.73452,6.07399,0.00213059,-3.95861,-0,-3.91392,44,33,3,0,0,41.9699,0,-0.0872665,-3.95861,0.0805185,0.178937,0.0106783,0.25737,0.15
4198,2.57201,0.0907571,0.0948114,0.665479,0.687582,6.07399,0.0191753,-3.96968,-0,-3.93647,44,33,3,0,0,41.9799,0,-0.0872665,-3.96968,0.0804747,0.179791,0.0106696,0.247068,0.15
4199,2.57297,0.10472,0.0916155,0.609082,0.70962,6.07399,-0.0010653,-3.96248,-0,-3.93647,44,33,3,0,0,41.9899,0,-0.0872665,-3.96248,0.0804716,0.180618,0.0105382,0.236657,0.15
4200,2.57392,0.0802851,0.103334,0.575244,0.624684,6.07399,-0.0010653,-3.96112,-0,-4.04927,44,33,3,0,0,41.9999,0,-0.0872665,-3.96112,0.0804559,0.181418,0.0103796,0.22614,0.15
4201,2.57479,0.0855211,0.0820279,0.710596,0.640272,6.07399,0.00319589,-3.96152,-0,-3.91392,44,33,3,0,0,42.0099,0,-0.0872665,-3.96152,0.0804359,0.182191,0.0102892,0.215522,0.15
4202,2.57565,0.0767945,0.0798973,0.541406,0.664044,6.07399,-0.00639178,-3.9739,-0,-3.93647,44,33,3,0,0,42.0199,0,-0.0872665,-3.9739,0.0803815,0.182935,0.0101709,0.204803,0.15
4203,2.57642,0.0942478,0.0777667,0.654199,0.758455,6.07389,-0.0330242,-3.97349,-0,-3.93647,44,33,3,0,0,42.0299,0,-0.0872665,-3.97349,0.0803742,0.183652,0.0101201,0.193989,0.15
4204,2.57728,0.0628319,0.0671137,0.64292,0.73088,6.07389,0.0245018,-3.96663,-0,-3.9252,44,33,3,0,0,42.0399,0,-0.0872665,-3.96663,0.0803922,0.184339,0.00994468,0.183081,0.15
4205,2.57805,0.0802851,0.0798973,0.812109,0.741468,6.07389,-0.0191753,-3.96492,-0,-3.93647,44,33,3,0,0,42.0499,0,-0.0872665,-3.96492,0.0803921,0.184998,0.00983607,0.172083,0.15
4206,2.57872,0.0558505,0.0596566,0.64292,0.699464,6.07389,0.00319589,-3.97399,-0.00523599,-4.06055,44,33,3,0,0,42.0599,0,-0.0872665,-3.97399,0.0803714,0.185627,0.00979399,0.160999,0.15
4207,2.57939,0.0750492,0.0692443,0.699316,0.739352,6.07389,-0.00852238,-3.97099,-0,-4.06055,44,33,3,0,0,42.0699,0,-0.0872665,-3.97099,0.0803515,0.186226,0.00972219,0.14983,0.15
4208,2.58016,0.0698132,0.0873543,0.64292,0.688877,6.07389,-0.00532648,-3.96668,-0,-4.07183,44,33,3,0,0,42.0799,0,-0.0872665,-3.96668,0.0803746,0.186795,0.00952447,0.138582,0.15
4209,2.58092,0.0820305,0.0735055,0.609082,0.635693,6.07389,-0.00213059,-3.97038,-0,-4.06055,44,33,3,0,0,42.0899,0,-0.0872665,-3.97038,0.0803696,0.187334,0.00929637,0.127257,0.15
4210,2.58169,0.0663225,0.0809626,0.586523,0.533067,6.07389,0.0117183,-3.96075,-0,-4.06055,44,33,3,0,0,42.0999,0,-0.0872665,-3.96075,0.0804378,0.187842,0.00903763,0.115857,0.15
4211,2.58236,0.0750492,0.0777667,0.552686,0.52691,6.07389,0.0202406,-3.9702,-0,-4.04927,44,33,3,0,0,42.1099,0,-0.0872665,-3.9702,0.0803939,0.18832,0.0088438,0.104388,0.15
4212,2.58313,0.0680678,0.0756361,0.530127,0.466651,6.07389,0.00426119,-3.96552,-0,-4.06055,44,33,3,0,0,42.1199,0,-0.0872665,-3.96552,0.0804059,0.188766,0.00852289,0.0928506,0.15
4213,2.5838,0.0663225,0.068179,0.518848,0.514543,6.07389,0.0319589,-3.97175,-0,-3.94775,44,33,3,0,0,42.1299,0,-0.0872665,-3.97305,0.0803664,0.18918,0.00826621,0.0812533,0.15
4214,2.58447,0.0523599,0.0713749,0.496289,0.486656,6.07389,-0.0330242,-3.96177,-0,-4.04927,44,33,3,0,0,42.1399,0,-0.0872665,-3.96177,0.0804003,0.189563,0.0079778,0.0695942,0.15
4215,2.58505,0.0436332,0.0415466,0.439893,0.470858,6.07389,-0.0010653,-3.96866,-0,-4.06055,44,33,3,0,0,42.1499,0,-0.0872665,-3.96866,0.0803764,0.189913,0.0077532,0.057879,0.15
4216,2.58562,0.0523599,0.0649831,0.47373,0.450192,6.07389,-0.00319589,-3.97137,-0,-3.94775,44,33,3,0,0,42.1599,0,-0.0872665,-3.97137,0.0803419,0.190232,0.00749628,0.0461111,0.15
4217,2.5861,0.0471239,0.0628525,0.462451,0.475904,6.07389,-0.0010653,-3.9753,-0,-3.9252,44,33,3,0,0,42.1699,0,-0.0872665,-3.9753,0.080321,0.190518,0.00730269,0.0342942,0.15
4218,2.58648,0.0383972,0.0362201,0.48501,0.532163,6.07389,-0.00958767,-3.97066,-0,-3.91392,44,33,3,0,0,42.1799,0,-0.0872665,-3.97066,0.0803194,0.190771,0.00717218,0.0224315,0.15
4219,2.58687,0.0296706,0.0234365,0.518848,0.590383,6.07389,0.0127836,-3.97696,-0,-3.91392,44,33,3,0,0,42.1899,0,-0.0872665,-3.97696,0.0802855,0.19099,0.00700867,0.0105269,0.15
4220,2.58725,0.0314159,0.0362201,0.563965,0.570417,6.07389,-0.0234365,-3.97149,-0.00872665,-3.94775,44,33,3,0,0,42.1999,0,-0.0872665,-3.97149,0.0803094,0.191177,0.00681193,-0.00141604,0.15
4221,2.58763,0.0349066,0.0372854,0.552686,0.559132,6.07389,-0.00745708,-3.97039,-0,-3.94775,44,33,3,0,0,42.2099,0,-0.0872665,-3.97039,0.0803015,0.191331,0.00658176,-0.013393,0.15
4222,2.58792,0.0279253,0.0170448,0.552686,0.564527,6.07389,-0.0127836,-3.97356,-0,-3.94775,44,33,3,0,0,42.2199,0,-0.0872665,-3.97356,0.0802793,0.19145,0.00641384,-0.0254007,0.15
4223,2.58821,0.0174533,0.0436772,0.530127,0.49965,6.07389,0.00852238,-3.97114,-0,-3.94775,44,33,3,0,0,42.2299,0,-0.0872665,-3.97114,0.0803058,0.191536,0.00621213,-0.0374356,0.15
4224,2.5884,0.020944,0.0117183,0.530127,0.487361,6.07389,-0.0010653,-3.98143,-0,-3.95903,44,33,3,0,0,42.2399,0,-0.0872665,-3.98143,0.0802527,0.191588,0.00607231,-0.0494946,0.15
4225,2.58869,0.0244346,0.01811,0.496289,0.515572,6.07389,0.0127836,-3.97818,-0,-3.91392,44,33,3,0,0,42.2499,0,-0.0872665,-3.97818,0.0802497,0.191606,0.00580248,-0.061573,0.15
4226,2.58888,0.0279253,0.0117183,0.518848,0.477197,6.07389,0.0202406,-3.99085,-0,-3.94775,44,33,3,0,0,42.2599,0,-0.0872665,-3.99085,0.0801903,0.191589,0.00559423,-0.0736675,0.15
4227,2.58898,0.0174533,0.0468731,0.417334,0.40654,6.07389,-0.0149142,-3.97114,-0,-4.00415,44,33,3,0,0,42.2699,0,-0.0872665,-3.97114,0.0802431,0.191538,0.00544743,-0.0857737,0.15
4228,2.58907,0.00872665,0.00319589,0.394775,0.4609,6.07389,-0.00745708,-3.97903,-0,-3.93647,44,33,3,0,0,42.2799,0,-0.0872665,-3.97903,0.0802137,0.191453,0.00526606,-0.0978888,0.15
4229,2.58917,0,0.00852238,0.451172,0.525163,6.07389,-0.0117183,-3.97722,-0,-3.94775,44,33,3,0,0,42.2899,0,-0.0872665,-3.97722,0.0802263,0.191333,0.00505,-0.110009,0.15
4230,2.58926,0,-0.00745708,0.496289,0.540089,6.07389,-0.00319589,-3.98881,-0,-3.95903,44,33,3,0,0,42.2999,0,-0.0872665,-3.98881,0.0801705,0.191178,0.00479916,-0.122129,0.15
4231,2.58926,0,-0.00213059,0.552686,0.508683,6.07389,-0.00852238,-3.98395,-0,-3.98159,44,33,3,0,0,42.3099,0,-0.0872665,-3.98395,0.0801751,0.190988,0.00460929,-0.134246,0.15
4232,2.58926,0,-0.01811,0.47373,0.497767,6.07389,-0.00532648,-3.98397,-0,-3.94775,44,33,3,0,0,42.3199,0,-0.0872665,-3.98397,0.0801882,0.190763,0.00438443,-0.146357,0.15
4233,2.58926,0,-0.00213059,0.462451,0.421765,6.07389,1.30461e-19,-3.98923,-0,-3.94775,44,33,3,0,0,42.3299,0,-0.0872665,-3.98923,0.0801555,0.190503,0.00412451,-0.158457,0.15
4234,2.58926,0,0.0138489,0.451172,0.380798,6.07389,0.0223712,-3.98465,-0,-3.98159,44,33,3,0,0,42.3399,0,-0.0872665,-3.98465,0.0801899,0.190208,0.00382946,-0.170542,0.15
4235,2.58926,0,0.00319589,0.360938,0.308425,6.07389,-0.00639178,-3.9813,-0,-3.95903,44,33,3,0,0,42.3499,0,-0.0872665,-3.9813,0.0801907,0.189878,0.00349922,-0.18261,0.15
4236,2.58926,0,0.0127836,0.304541,0.227378,6.07389,-0.00426119,-3.97506,-0,-3.95903,44,33,3,0,0,42.3599,0,-0.0872665,-3.97506,0.0802307,0.189512,0.00313375,-0.194656,0.15
4237,2.58917,0,0.010653,0.225586,0.186551,6.07389,0.0127836,-3.98642,-0,-4.00415,44,33,3,0,0,42.3699,0,-0.0872665,-3.98642,0.0801968,0.189112,0.00282889,-0.206675,0.15
4238,2.58917,-0.0174533,0.00532648,0.180469,0.152629,6.07389,-0.00852238,-3.98023,-0,-4.06055,44,33,3,0,0,42.3799,0,-0.0872665,-3.98023,0.0802267,0.188676,0.00239285,-0.218665,0.15
4239,2.58907,-0.00872665,0.0149142,0.101514,0.0534811,6.07389,0.00213059,-3.98262,-0,-3.95903,44,33,3,0,0,42.3899,0,-0.0872665,-3.98262,0.0802305,0.188204,0.00201737,-0.230623,0.15
4240,2.58907,0,-8.47998e-19,0.0676758,0.0158972,6.07389,-0.0138489,-3.97522,-0,-4.06055,44,33,3,0,0,42.3999,0,-0.0872665,-3.97522,0.0802515,0.187698,0.00151076,-0.242541,0.15
4241,2.58898,-0.00174533,-0.010653,0.112793,-0.0364229,6.07389,0.0159795,-3.98285,-0,-4.06055,44,33,3,0,0,42.4099,0,-0.0872665,-3.98285,0.0802334,0.187156,0.00106468,-0.25442,0.15
4242,2.58888,-0.0139626,-0.00426119,0.0676758,-0.129552,6.07389,-0.0255671,-3.97632,-0,-3.94775,44,33,3,0,0,42.4199,0,-0.0872665,-3.97632,0.0802496,0.186579,0.000583338,-0.266254,0.15
4243,2.58878,0,-0.00958767,0.0225586,-0.19698,6.07389,0.0191753,-3.97331,-0,-4.04927,44,33,3,0,0,42.4299,0,-0.0872665,-3.97331,0.0802697,0.185966,6.63759e-05,-0.278046,0.15
4244,2.58859,-0.00872665,-0.0202406,-0.0676758,-0.222774,6.07389,1.23938e-18,-3.97667,-0,-4.06055,44,33,3,0,0,42.4399,0,-0.0872665,-3.97667,0.0802505,0.185318,-0.000389174,-0.289771,0.15
4245,2.5885,-0.0174533,-0.00213059,-0.0902344,-0.304467,6.07389,0.0191753,-3.977,-0,-4.07183,44,33,3,0,0,42.4499,0,-0.0872665,-3.977,0.080264,0.184636,-0.000976091,-0.301448,0.15
4246,2.58821,-0.0261799,-0.0117183,-0.169189,-0.309678,6.07389,0.00319589,-3.98439,-0,-3.94775,44,33,3,0,0,42.4599,0,-0.0872665,-3.98439,0.0802277,0.183917,-0.00140673,-0.31307,0.15
4247,2.58763,-0.0837758,-0.0170448,-0.259424,-0.348759,6.07389,0.00958767,-3.97566,-0,-3.94775,44,33,3,0,0,42.4699,0,-0.0872665,-3.97566,0.0802671,0.183165,-0.00158401,-0.324617,0.15
4248,2.58677,-0.0890118,-0.0351548,-0.270703,-0.268693,6.07389,-0.00958767,-3.97882,-0,-4.07183,44,33,3,0,0,42.4799,0,-0.0872665,-3.97882,0.0802376,0.182377,-0.00150903,-0.336104,0.15
4249,2.5861,-0.0279253,-0.050069,-0.248145,-0.1729,6.07389,-0.00532648,-3.97956,-0,-4.06055,44,33,3,0,0,42.4899,0,-0.0872665,-3.97956,0.0802159,0.181554,-0.00166054,-0.347519,0.15
4250,2.58591,-0.0191986,-0.0553954,-0.225586,-0.250017,6.07389,0.0276977,-3.98362,-0,-3.9252,44,33,3,0,0,42.4999,0,-0.0872665,-3.98442,0.0802071,0.180688,-0.00233475,-0.35897,0.15
4251,2.58552,-0.0418879,-0.0511343,-0.248145,-0.270147,6.07389,-0.0191753,-3.97548,-0,-4.07183,44,33,3,0,0,42.5099,0,-0.0872665,-3.97548,0.0802702,0.179802,-0.00283754,-0.370157,0.15
4252,2.58505,-0.0558505,-0.0564607,-0.281982,-0.369653,6.07389,-0.00426119,-3.98039,-0,-3.9252,44,33,3,0,0,42.52,0,-0.0872665,-3.98039,0.0802715,0.178879,-0.00328168,-0.381302,0.15
4253,2.58447,-0.0541052,-0.0628525,-0.372217,-0.382545,6.07389,-0.00958767,-3.97423,-0,-4.07183,44,33,3,0,0,42.5299,0,-0.0872665,-3.97423,0.0802773,0.177918,-0.00366726,-0.392398,0.15
4254,2.58389,-0.0471239,-0.0724402,-0.349658,-0.370496,6.07389,0.010653,-3.98931,-0,-4.09438,44,33,3,0,0,42.5399,0,-0.0872665,-3.98931,0.0802067,0.176923,-0.0040869,-0.403403,0.15
4255,2.58332,-0.0593412,-0.0607219,-0.360938,-0.422048,6.07389,-0.00639178,-3.98243,-0,-4.06055,44,33,3,0,0,42.5499,0,-0.0872665,-3.98243,0.0802502,0.175894,-0.0045406,-0.414317,0.15
4256,2.58265,-0.0628319,-0.0692443,-0.406055,-0.399103,6.07389,0.0202406,-3.98649,-0,-3.97031,44,33,3,0,0,42.5599,0,-0.0872665,-3.98649,0.0802394,0.174831,-0.00493224,-0.425134,0.15
4257,2.58198,-0.0610865,-0.068179,-0.428613,-0.443502,6.07389,-0.0170448,-3.97797,-0,-3.93647,44,33,3,0,0,42.5699,0,-0.0872665,-3.97797,0.0802511,0.173735,-0.00535755,-0.435852,0.15
4258,2.58121,-0.0837758,-0.0745708,-0.462451,-0.469393,6.07389,0.01811,-3.97545,-0,-3.93647,44,33,3,0,0,42.5799,0,-0.0872665,-3.97545,0.0802637,0.172605,-0.00572074,-0.44647,0.15
4259,2.58044,-0.0837758,-0.0958767,-0.417334,-0.460782,6.07389,-0.0223712,-3.97638,-0,-3.95903,44,33,3,0,0,42.5899,0,-0.0872665,-3.97638,0.0802509,0.171442,-0.00611657,-0.456976,0.15
4260,2.57939,-0.102974,-0.0990726,-0.417334,-0.409725,6.07389,0.00426119,-3.97894,-0,-3.9252,44,33,3,0,0,42.5999,0,-0.0872665,-3.97894,0.0802492,0.170246,-0.00625805,-0.467375,0.15
4261,2.57833,-0.101229,-0.0990726,-0.31582,-0.31826,6.07389,0.0223712,-3.99757,-0,-3.94775,44,33,3,0,0,42.6099,0,-0.0872665,-3.99757,0.0801627,0.169016,-0.00643282,-0.477664,0.15
4262,2.57728,-0.0925025,-0.116117,-0.214307,-0.213661,6.07389,0.00639178,-3.9892,-0,-3.95903,44,33,3,0,0,42.6199,0,-0.0872665,-3.9892,0.0801859,0.167755,-0.0066393,-0.48783,0.15
4263,2.57613,-0.111701,-0.128901,-0.135352,-0.145377,6.07389,0.0149142,-3.98981,-0,-3.95903,44,33,3,0,0,42.6299,0,-0.0872665,-3.98981,0.0801874,0.166461,-0.0067826,-0.497879,0.15
4264,2.57498,-0.10472,-0.119313,-0.214307,-0.116462,6.07389,-0.00958767,-3.98065,-0,-3.94775,44,33,3,0,0,42.6399,0,-0.0872665,-3.98065,0.0802263,0.165136,-0.00695794,-0.507806,0.15
4265,2.57392,-0.10472,-0.101203,-0.146631,-0.228288,6.07389,0.0010653,-3.98332,-0,-3.95903,44,33,3,0,0,42.6499,0,-0.0872665,-3.98332,0.0802524,0.163778,-0.00726106,-0.517607,0.15
4266,2.57277,-0.127409,-0.102269,-0.236865,-0.311538,6.07389,-0.0138489,-3.97842,-0,-3.98159,44,33,3,0,0,42.6599,0,-0.0872665,-3.97842,0.0802913,0.162389,-0.00749972,-0.527278,0.15
4267,2.57143,-0.115192,-0.10653,-0.3271,-0.35244,6.07389,0.0245018,-3.98151,-0,-3.95903,44,33,3,0,0,42.6699,0,-0.0872665,-3.98151,0.0802961,0.160968,-0.00757791,-0.536817,0.15
4268,2.57028,-0.122173,-0.0958767,-0.360938,-0.38689,6.07389,-0.00745708,-3.98517,-0,-3.9252,44,33,3,0,0,42.6799,0,-0.0872665,-3.98517,0.0802423,0.159517,-0.0078788,-0.546221,0.15
4269,2.56894,-0.144862,-0.119313,-0.394775,-0.352016,6.07389,0.0213059,-3.98187,-0,-3.93647,44,33,3,0,0,42.6899,0,-0.0872665,-3.98187,0.0802481,0.158035,-0.00801833,-0.555485,0.15
4270,2.5676,-0.129154,-0.147011,-0.281982,-0.24692,6.07389,-0.0117183,-3.97442,-0,-4.06055,44,33,3,0,0,42.6999,0,-0.0872665,-3.97442,0.080272,0.156523,-0.00818836,-0.564608,0.15
4271,2.56635,-0.141372,-0.161925,-0.248145,-0.230833,6.07389,0.0117183,-3.9786,-0,-3.93647,44,33,3,0,0,42.7099,0,-0.0872665,-3.9786,0.0802786,0.154981,-0.00848407,-0.573586,0.15
4272,2.56501,-0.143117,-0.133162,-0.214307,-0.243533,6.07389,0.00213059,-3.97439,-0,-3.93647,44,33,3,0,0,42.7199,0,-0.0872665,-3.97439,0.0803174,0.153409,-0.00871371,-0.582418,0.15
4273,2.56357,-0.137881,-0.120379,-0.270703,-0.296474,6.07389,-0.00426119,-3.96933,-0,-3.93647,44,33,3,0,0,42.7299,0,-0.0872665,-3.96933,0.0803641,0.151808,-0.00887663,-0.5911,0.15
4274,2.56213,-0.143117,-0.134227,-0.360938,-0.365035,6.07389,-0.0149142,-3.9667,-0,-3.93647,44,33,3,0,0,42.7399,0,-0.0872665,-3.9667,0.0803898,0.150178,-0.00906846,-0.599628,0.15
4275,2.56069,-0.13439,-0.139554,-0.383496,-0.37619,6.07389,-0.00213059,-3.96115,-0,-3.94775,44,33,3,0,0,42.7499,0,-0.0872665,-3.96115,0.0804261,0.148519,-0.00928889,-0.608,0.15
4276,2.55945,-0.123918,-0.152337,-0.338379,-0.419797,6.07389,-0.00532648,-3.96743,-0,-3.9252,44,33,3,0,0,42.7599,0,-0.0872665,-3.96743,0.0804203,0.146833,-0.0097292,-0.616214,0.15
4277,2.5582,-0.10821,-0.103334,-0.394775,-0.478579,6.07389,-0.0223712,-3.9615,-0,-3.94775,44,33,3,0,0,42.7699,0,-0.0872665,-3.9615,0.0804897,0.145118,-0.0101972,-0.624267,0.15
4278,2.55676,-0.155334,-0.110791,-0.552686,-0.598574,6.07389,0.0170448,-3.96425,-0,-3.93647,44,33,3,0,0,42.7799,0,-0.0872665,-3.96425,0.080513,0.143376,-0.0105011,-0.632157,0.15
4279,2.55542,-0.1309,-0.134227,-0.688037,-0.718578,6.07389,-0.0404813,-3.95359,-0,-4.04927,44,33,3,0,0,42.7899,0,-0.0872665,-3.95359,0.0805551,0.141608,-0.0109276,-0.63988,0.15
4280,2.55398,-0.139626,-0.145946,-0.710596,-0.688713,6.07389,0.01811,-3.96746,-0,-3.9252,44,33,3,0,0,42.7999,0,-0.0872665,-3.96746,0.0805013,0.139812,-0.0112849,-0.647434,0.15
4281,2.55254,-0.136136,-0.14488,-0.665479,-0.625671,6.07389,-0.00745708,-3.96828,-0,-3.9252,44,33,3,0,0,42.8099,0,-0.0872665,-3.96828,0.0804641,0.137991,-0.0116683,-0.654818,0.15
4282,2.55111,-0.151844,-0.168317,-0.462451,-0.632685,6.07389,0.0276977,-3.95849,-0,-3.93647,44,33,3,0,0,42.8199,0,-0.0872665,-3.95849,0.0805207,0.136143,-0.0120776,-0.662028,0.15
4283,2.54948,-0.165806,-0.135293,-0.518848,-0.615139,6.07389,-0.00426119,-3.96448,-0,-3.94775,44,33,3,0,0,42.8299,0,-0.0872665,-3.96448,0.0805005,0.134271,-0.0123203,-0.669063,0.15
4284,2.54775,-0.162316,-0.187492,-0.688037,-0.549055,6.07389,0.0266324,-3.96704,-0,-3.91392,44,33,3,0,0,42.8399,0,-0.0872665,-3.96704,0.0804896,0.132373,-0.0124919,-0.675919,0.15
4285,2.54612,-0.176278,-0.17897,-0.563965,-0.576608,6.07389,-0.0191753,-3.96606,-0,-3.93647,44,33,3,0,0,42.8499,0,-0.0872665,-3.96606,0.0804956,0.130452,-0.0127839,-0.682595,0.15
4286,2.54439,-0.165806,-0.175774,-0.439893,-0.559407,6.07389,0.00532648,-3.9661,-0,-3.9252,44,33,3,0,0,42.8599,0,-0.0872665,-3.9661,0.0804956,0.128506,-0.013004,-0.68909,0.15
4287,2.54248,-0.198968,-0.183231,-0.552686,-0.579749,6.07389,-0.00958767,-3.9633,-0,-4.04927,44,33,3,0,0,42.8699,0,-0.0872665,-3.9633,0.0805215,0.126537,-0.0130557,-0.695399,0.15
4288,2.54066,-0.181514,-0.194949,-0.563965,-0.504694,6.07389,0.0138489,-3.96341,-0,-3.9252,44,33,3,0,0,42.8799,0,-0.0872665,-3.96341,0.0805086,0.124534,-0.0132363,-0.701553,0.15
4289,2.53874,-0.188496,-0.203472,-0.439893,-0.463273,6.07389,-0.01811,-3.95954,-0,-4.07183,44,33,3,0,0,42.8899,0,-0.0872665,-3.95954,0.0805235,0.12253,-0.0133235,-0.707458,0.15
4290,2.53692,-0.185005,-0.19708,-0.394775,-0.431466,6.07389,-0.0191753,-3.95396,-0,-4.03799,44,33,3,0,0,42.8999,0,-0.0872665,-3.95396,0.0805846,0.120493,-0.0135386,-0.713203,0.15
4291,2.5349,-0.211185,-0.210929,-0.451172,-0.455724,6.07389,0.0191753,-3.9629,-0,-3.90264,44,33,3,0,0,42.9099,0,-0.0872665,-3.9629,0.080601,0.118435,-0.0135835,-0.718757,0.15
4292,2.53299,-0.176278,-0.200276,-0.372217,-0.418867,6.07389,-0.0234365,-3.95532,-0,-4.04927,44,33,3,0,0,42.9199,0,-0.0872665,-3.95532,0.0805983,0.116355,-0.0137453,-0.724116,0.15
4293,2.53107,-0.195477,-0.198145,-0.383496,-0.466956,6.07389,-0.00532648,-3.96076,-0,-3.97031,44,33,3,0,0,42.9299,0,-0.0872665,-3.96076,0.0805993,0.114256,-0.0139276,-0.729281,0.15
4294,2.52925,-0.202458,-0.177905,-0.451172,-0.563575,6.07389,-0.00852238,-3.95429,-0,-4.03799,44,33,3,0,0,42.9399,0,-0.0872665,-3.95429,0.0806472,0.112136,-0.0142256,-0.734248,0.15
4295,2.52714,-0.21293,-0.196015,-0.575244,-0.647915,6.07389,0.0479384,-3.9501,-0,-4.02671,44,33,3,0,0,42.9499,0,-0.0872665,-3.95404,0.0806773,0.109997,-0.0142555,-0.739017,0.15
4296,2.52503,-0.211185,-0.193884,-0.620361,-0.550716,6.07389,0.00319589,-3.95542,-0,-3.97031,44,33,3,0,0,42.9599,0,-0.0872665,-3.95542,0.0806405,0.107839,-0.0143045,-0.743586,0.15
4297,2.52292,-0.214675,-0.206668,-0.47373,-0.485649,6.07389,0.0149142,-3.95454,-0,-3.9252,44,33,3,0,0,42.9699,0,-0.0872665,-3.95454,0.0806476,0.105662,-0.0143716,-0.747953,0.15
4298,2.52091,-0.195477,-0.226908,-0.383496,-0.364686,6.07389,0.00639178,-3.95462,-0,-3.89136,44,33,3,0,0,42.9799,0,-0.0872665,-3.95462,0.0806869,0.103468,-0.0145527,-0.752119,0.15
4299,2.5187,-0.218166,-0.193884,-0.406055,-0.378372,6.07389,0.00852238,-3.93733,-0,-3.88008,44,33,3,0,0,42.9899,0,-0.0872665,-3.93733,0.080813,0.101256,-0.0145594,-0.75608,0.15
4300,2.5165,-0.221657,-0.192819,-0.462451,-0.455481,6.07389,0.0010653,-3.94916,-0,-3.91392,44,33,3,0,0,42.9999,0,-0.0872665,-3.94916,0.0807806,0.0990279,-0.0145826,-0.759836,0.15
4301,2.51448,-0.190241,-0.193884,-0.47373,-0.536142,6.07389,-0.00213059,-3.94183,-0,-3.91392,44,33,3,0,0,43.0099,0,-0.0872665,-3.94183,0.0807932,0.0967834,-0.0148137,-0.763386,0.15
4302,2.51228,-0.235619,-0.184296,-0.563965,-0.553043,6.07389,-0.010653,-3.93746,-0,-3.89136,44,33,3,0,0,43.0199,0,-0.0872665,-3.93746,0.0808407,0.094523,-0.014869,-0.766728,0.15
4303,2.51026,-0.211185,-0.192819,-0.654199,-0.617991,6.07389,0.00745708,-3.93017,-0,-3.89136,44,33,3,0,0,43.0299,0,-0.0872665,-3.93017,0.0808983,0.0922478,-0.0151309,-0.769863,0.15
4304,2.50815,-0.205949,-0.191753,-0.620361,-0.584226,6.07389,0.0213059,-3.94394,-0,-3.91392,44,33,3,0,0,43.0399,0,-0.0872665,-3.94394,0.0808445,0.089958,-0.0153114,-0.772788,0.15
4305,2.50624,-0.20944,-0.187492,-0.64292,-0.646516,6.07389,0.00319589,-3.93646,-0,-3.89136,44,33,3,0,0,43.0499,0,-0.0872665,-3.93646,0.0808912,0.0876542,-0.0156977,-0.775503,0.15
4306,2.50413,-0.197222,-0.188558,-0.778271,-0.755945,6.07389,0.0255671,-3.93738,-0,-3.90264,44,33,3,0,0,43.0599,0,-0.0872665,-3.93738,0.0809262,0.0853374,-0.0159053,-0.778007,0.15
4307,2.50211,-0.218166,-0.1811,-0.823389,-0.875954,6.07389,-0.0159795,-3.9295,-0,-3.90264,44,33,3,0,0,43.0699,0,-0.0872665,-3.9295,0.0809831,0.0830076,-0.0162218,-0.7803,0.15
4308,2.50001,-0.200713,-0.220516,-0.868506,-0.864115,6.07389,0.0213059,-3.94016,-0,-3.95903,44,33,3,0,0,43.0799,0,-0.0872665,-3.94016,0.0809184,0.0806655,-0.0164546,-0.767897,0.15
4309,2.4978,-0.232129,-0.210929,-0.766992,-0.726227,6.07389,-0.0138489,-3.9429,-0,-3.90264,44,33,3,0,0,43.0899,0,-0.0872665,-3.9429,0.0808769,0.0783146,-0.0166004,-0.769606,0.15
4310,2.49559,-0.223402,-0.236496,-0.688037,-0.686539,6.07389,0.0298283,-3.93216,-0,-3.89136,44,33,3,0,0,43.0999,0,-0.0872665,-3.93288,0.0809428,0.0759568,-0.0167532,-0.771242,0.15
4311,2.49329,-0.223402,-0.223712,-0.552686,-0.542241,6.07389,0.00319589,-3.92756,-0,-3.9252,44,33,3,0,0,43.1099,0,-0.0872665,-3.92756,0.0809955,0.0735921,-0.0168168,-0.772806,0.15
4312,2.4909,-0.246091,-0.248214,-0.507568,-0.484327,6.07389,0.00852238,-3.9207,-0,-3.89136,44,33,3,0,0,43.1199,0,-0.0872665,-3.9207,0.0810746,0.0712212,-0.0167909,-0.774296,0.15
4313,2.4885,-0.226893,-0.252475,-0.48501,-0.46948,6.07389,-0.00745708,-3.92819,-0,-3.9252,44,33,3,0,0,43.1299,0,-0.0872665,-3.92819,0.0810426,0.0688435,-0.0167718,-0.775713,0.15
4314,2.4861,-0.235619,-0.223712,-0.406055,-0.469429,6.07389,0.00319589,-3.92298,-0,-3.90264,44,33,3,0,0,43.1399,0,-0.0872665,-3.92298,0.0810714,0.0664601,-0.0167584,-0.777057,0.15
4315,2.4838,-0.242601,-0.237561,-0.563965,-0.488859,6.07389,-0.00213059,-3.91484,-0,-3.91392,44,33,3,0,0,43.1499,0,-0.0872665,-3.91484,0.0811519,0.0640706,-0.0168469,-0.778328,0.15
4316,2.48131,-0.232129,-0.2333,-0.48501,-0.508502,6.07389,0.00852238,-3.9138,-0,-3.89136,44,33,3,0,0,43.1599,0,-0.0872665,-3.9138,0.0811809,0.0616754,-0.0167493,-0.779524,0.15
4317,2.4791,-0.232129,-0.226908,-0.496289,-0.496519,6.07389,-0.00958767,-3.91585,-0,-3.91392,44,33,3,0,0,43.1699,0,-0.0872665,-3.91585,0.0811907,0.0592747,-0.0169449,-0.780647,0.15
4318,2.4769,-0.221657,-0.208798,-0.507568,-0.590721,6.07389,-0.01811,-3.90751,0.00872665,-3.89136,44,33,3,0,0,43.1799,0,-0.0872665,-3.90751,0.0812582,0.0568688,-0.0171458,-0.781697,0.15
4319,2.47441,-0.240855,-0.217321,-0.654199,-0.625357,6.07389,0.0010653,-3.90887,-0,-3.89136,44,33,3,0,0,43.1899,0,-0.0872665,-3.90887,0.0812879,0.0544578,-0.0170641,-0.782672,0.15
4320,2.47211,-0.253073,-0.229039,-0.676758,-0.611987,6.07389,-0.00852238,-3.91005,-0,-3.89136,44,33,3,0,0,43.1999,0,-0.0872665,-3.91005,0.0812769,0.0520419,-0.017179,-0.783574,0.15
4321,2.4698,-0.219911,-0.254606,-0.563965,-0.55429,6.07389,0.0330242,-3.91849,0.00872665,-3.88008,44,33,3,0,0,43.2099,0,-0.0872665,-3.91849,0.0812425,0.0496216,-0.0172983,-0.784401,0.15
4322,2.46741,-0.251327,-0.220516,-0.552686,-0.515058,6.07389,1.35027e-17,-3.90856,-0,-3.89136,44,33,3,0,0,43.2199,0,-0.0872665,-3.90856,0.0813177,0.0471967,-0.0173264,-0.785154,0.15
4323,2.46501,-0.244346,-0.240757,-0.586523,-0.560014,6.07389,0.00532648,-3.9018,-0,-3.85752,44,33,3,0,0,43.2299,0,-0.0872665,-3.9018,0.0813953,0.0447677,-0.0173585,-0.785833,0.15
4324,2.46261,-0.20944,-0.230104,-0.597803,-0.565824,6.07389,0.039416,-3.91291,-0,-3.91392,44,33,3,0,0,43.2399,0,-0.0872665,-3.91399,0.0813463,0.0423348,-0.0173946,-0.786438,0.15
4325,2.46031,-0.261799,-0.220516,-0.518848,-0.656145,6.07389,0.00639178,-3.91276,-0,-3.90264,44,33,3,0,0,43.2499,0,-0.0872665,-3.91276,0.0813581,0.0398979,-0.0175305,-0.786969,0.15
4326,2.45801,-0.228638,-0.221582,-0.688037,-0.669467,6.07389,-0.0319589,-3.89959,-0,-3.88008,44,33,3,0,0,43.2599,0,-0.0872665,-3.89959,0.081413,0.0374577,-0.0176697,-0.787425,0.15
4327,2.45552,-0.223402,-0.245018,-0.620361,-0.706999,6.07389,0.00852238,-3.8992,-0,-3.8688,44,33,3,0,0,43.2699,0,-0.0872665,-3.8992,0.0814412,0.0350138,-0.0176209,-0.787807,0.15
4328,2.45331,-0.240855,-0.249279,-0.654199,-0.74982,6.07389,0.00532648,-3.90587,-0,-4.00415,44,33,3,0,0,43.2799,0,-0.0872665,-3.90587,0.081438,0.0325672,-0.0178624,-0.788114,0.15
4329,2.45082,-0.228638,-0.219451,-0.744434,-0.700715,6.07389,-0.00745708,-3.89682,-0,-4.00415,44,33,3,0,0,43.2899,0,-0.0872665,-3.89682,0.0814776,0.0301175,-0.0178194,-0.788347,0.15
4330,2.44843,-0.251327,-0.216255,-0.676758,-0.748568,6.07389,0.00426119,-3.89696,-0,-3.97031,44,33,3,0,0,43.2999,0,-0.0872665,-3.89696,0.0814934,0.0276652,-0.0178748,-0.788506,0.15
4331,2.44593,-0.247837,-0.225843,-0.64292,-0.618082,6.07389,-0.0117183,-3.88893,-0,-3.98159,44,33,3,0,0,43.3099,0,-0.0872665,-3.88893,0.0815411,0.0252104,-0.0178369,-0.78859,0.15
4332,2.44344,-0.249582,-0.256737,-0.597803,-0.534435,6.07389,-0.00213059,-3.89715,-0,-3.98159,44,33,3,0,0,43.3199,0,-0.0872665,-3.89715,0.0815235,0.0227534,-0.0178012,-0.7886,0.15
4333,2.44095,-0.242601,-0.25141,-0.439893,-0.454032,6.07389,-0.0117183,-3.89164,-0,-3.88008,44,33,3,0,0,43.3299,0,-0.0872665,-3.89164,0.0815568,0.0202945,-0.0177674,-0.788535,0.15
4334,2.43845,-0.258309,-0.230104,-0.439893,-0.483143,6.07389,0.00213059,-3.89006,-0,-3.95903,44,33,3,0,0,43.3399,0,-0.0872665,-3.89006,0.0816164,0.0178335,-0.0177357,-0.788395,0.15
4335,2.43587,-0.230383,-0.218386,-0.541406,-0.487511,6.07389,-0.010653,-3.88173,-0,-3.98159,44,33,3,0,0,43.3499,0,-0.0872665,-3.88173,0.0816652,0.0153712,-0.0176094,-0.788181,0.15
4336,2.43337,-0.244346,-0.238627,-0.451172,-0.453477,6.07399,0.00639178,-3.88351,-0,-3.83496,44,33,3,0,0,43.3599,0,-0.0872665,-3.88351,0.0816817,0.0129072,-0.0175806,-0.787893,0.15
4337,2.43107,-0.251327,-0.243953,-0.462451,-0.542148,6.07399,-0.00532648,-3.87889,-0,-3.97031,44,33,3,0,0,43.3699,0,-0.0872665,-3.87889,0.0817317,0.0104422,-0.0177447,-0.78753,0.15
4338,2.42858,-0.226893,-0.246084,-0.597803,-0.53594,6.07399,0.00958767,-3.87269,-0,-3.89136,44,33,3,0,0,43.3799,0,-0.0872665,-3.87269,0.0818088,0.0079766,-0.0177176,-0.787093,0.15
4339,2.42628,-0.228638,-0.2333,-0.552686,-0.619055,6.07399,-0.0170448,-3.87631,-0,-3.83496,44,33,3,0,0,43.3899,0,-0.0872665,-3.87631,0.0818208,0.00550989,-0.0178833,-0.786582,0.15
4340,2.42407,-0.207694,-0.206668,-0.620361,-0.708714,6.07399,0.00958767,-3.86831,-0,-3.83496,44,33,3,0,0,43.3999,0,-0.0872665,-3.86831,0.0818864,0.0030428,-0.0181453,-0.785996,0.15
4341,2.42168,-0.225147,-0.2333,-0.812109,-0.828723,6.07399,0.00852238,-3.87148,-0,-3.83496,44,33,3,0,0,43.4099,0,-0.0872665,-3.87148,0.081887,0.000575578,-0.0182157,-0.785336,0.15
4342,2.41938,-0.235619,-0.223712,-0.879785,-0.850631,6.07399,-0.0202406,-3.86404,-0,-3.83496,44,33,3,0,0,43.4199,0,-0.0872665,-3.86404,0.081909,-0.00189212,-0.0183824,-0.784601,0.15
4343,2.41717,-0.218166,-0.248214,-0.778271,-0.730968,6.07399,0.0245018,-3.87393,-0,-3.82368,44,33,3,0,0,43.4299,0,-0.0872665,-3.87393,0.081875,-0.00435899,-0.0186442,-0.783793,0.15
4344,2.41477,-0.253073,-0.234365,-0.733154,-0.717977,6.07399,-0.0276977,-3.86303,-0,-3.8124,44,33,3,0,0,43.4399,0,-0.0872665,-3.86303,0.0819416,-0.00682594,-0.0187143,-0.782911,0.15
4345,2.41228,-0.244346,-0.237561,-0.733154,-0.764822,6.07399,0.0223712,-3.86111,-0,-3.83496,44,33,3,0,0,43.4499,0,-0.0872665,-3.86111,0.0819679,-0.00929218,-0.0186878,-0.781954,0.15
4346,2.40979,-0.233874,-0.240757,-0.710596,-0.714915,6.07399,-0.0276977,-3.86818,-0,-3.88008,44,33,3,0,0,43.4599,0,-0.0872665,-3.86818,0.081935,-0.0117576,-0.0186605,-0.780924,0.15
4347,2.4072,-0.263545,-0.25141,-0.710596,-0.60549,6.07399,0.0223712,-3.87023,-0,-3.83496,44,33,3,0,0,43.4699,0,-0.0872665,-3.87023,0.0819533,-0.0142218,-0.0185361,-0.77982,0.15
4348,2.40471,-0.254818,-0.255671,-0.563965,-0.524666,6.07399,-0.0223712,-3.86101,-0,-3.83496,44,33,3,0,0,43.4799,0,-0.0872665,-3.86101,0.0819942,-0.0166848,-0.0185064,-0.778642,0.15
4349,2.40221,-0.235619,-0.247149,-0.530127,-0.557462,6.07399,0.00745708,-3.85679,-0,-3.84624,44,33,3,0,0,43.4899,0,-0.0872665,-3.85679,0.0820543,-0.0191466,-0.0184755,-0.77739,0.15
4350,2.39982,-0.256563,-0.253541,-0.563965,-0.617724,6.07399,-0.01811,-3.86274,-0,-3.83496,44,33,3,0,0,43.4999,0,-0.0872665,-3.86274,0.0820596,-0.0216065,-0.0185385,-0.776065,0.15
4351,2.39732,-0.246091,-0.224778,-0.597803,-0.683147,6.07399,0.00532648,-3.85947,-0,-3.82368,44,33,3,0,0,43.5099,0,-0.0872665,-3.85947,0.0820882,-0.0240643,-0.0185037,-0.774667,0.15
4352,2.39483,-0.233874,-0.223712,-0.688037,-0.700237,6.07399,0.00639178,-3.86251,-0,-3.95903,44,33,3,0,0,43.5199,0,-0.0872665,-3.86251,0.0820574,-0.0265202,-0.0184668,-0.773196,0.15
4353,2.39234,-0.261799,-0.240757,-0.665479,-0.633208,6.07399,-0.00532648,-3.85376,-0,-3.83496,44,33,3,0,0,43.5299,0,-0.0872665,-3.85376,0.0820971,-0.0289736,-0.0184275,-0.771651,0.15
4354,2.38985,-0.247837,-0.254606,-0.597803,-0.53651,6.07399,0.00213059,-3.85544,-0,-3.78984,44,33,3,0,0,43.5399,0,-0.0872665,-3.85544,0.0820898,-0.0314247,-0.0183858,-0.770033,0.15
4355,2.38735,-0.23911,-0.246084,-0.507568,-0.537039,6.07399,-0.0149142,-3.84729,-0,-3.82368,44,33,3,0,0,43.5499,0,-0.0872665,-3.84729,0.0821272,-0.0338728,-0.0183413,-0.768343,0.15
4356,2.38476,-0.274017,-0.248214,-0.552686,-0.534073,6.07399,0.0372854,-3.85912,-0,-3.8124,44,33,3,0,0,43.5599,0,-0.0872665,-3.8606,0.0821461,-0.036318,-0.0181979,-0.766579,0.15
4357,2.38227,-0.244346,-0.221582,-0.563965,-0.553153,6.07399,-0.0159795,-3.84334,-0,-3.8124,44,33,3,0,0,43.5699,0,-0.0872665,-3.84334,0.0822027,-0.0387599,-0.0181471,-0.764744,0.15
4358,2.37988,-0.219911,-0.250345,-0.518848,-0.560914,6.07399,-0.00639178,-3.84917,-0,-3.8124,44,33,3,0,0,43.5799,0,-0.0872665,-3.84917,0.0822026,-0.0411983,-0.0181886,-0.762836,0.15
4359,2.37748,-0.244346,-0.232235,-0.518848,-0.595793,6.07399,-0.00532648,-3.84063,-0,-3.8124,44,33,3,0,0,43.5899,0,-0.0872665,-3.84063,0.0822767,-0.0436331,-0.0182265,-0.760855,0.15
4360,2.37527,-0.221657,-0.225843,-0.699316,-0.715788,6.07399,0.00852238,-3.83603,-0,-3.80112,44,33,3,0,0,43.5999,0,-0.0872665,-3.83603,0.082343,-0.0460639,-0.0184522,-0.758803,0.15
4361,2.37307,-0.20944,-0.206668,-0.744434,-0.835791,6.07399,-0.00745708,-3.83363,-0,-3.80112,44,33,3,0,0,43.6099,0,-0.0872665,-3.83363,0.0823784,-0.0484909,-0.0186741,-0.756679,0.15
4362,2.37086,-0.225147,-0.226908,-0.778271,-0.955789,6.07399,0.0170448,-3.83789,-0,-3.80112,44,33,3,0,0,43.6199,0,-0.0872665,-3.83789,0.0823865,-0.0509134,-0.0188916,-0.754483,0.15
4363,2.36856,-0.228638,-0.223712,-0.924902,-0.935912,6.07399,0.00958767,-3.83901,-0,-3.80112,44,33,3,0,0,43.6299,0,-0.0872665,-3.83901,0.0823766,-0.0533313,-0.0190085,-0.752216,0.15
4364,2.36626,-0.225147,-0.239692,-0.812109,-0.899675,6.07399,0.0319589,-3.84588,-0,-3.8124,44,33,3,0,0,43.6399,0,-0.0872665,-3.84595,0.0823424,-0.0557446,-0.0191208,-0.749877,0.15
4365,2.36396,-0.226893,-0.230104,-0.778271,-0.795924,6.07399,-0.00745708,-3.84287,-0,-3.82368,44,33,3,0,0,43.6499,0,-0.0872665,-3.84287,0.0823267,-0.0581527,-0.019228,-0.747468,0.15
4366,2.36137,-0.253073,-0.226908,-0.80083,-0.724088,6.07399,-0.0138489,-3.83283,-0,-3.91392,44,33,3,0,0,43.6599,0,-0.0872665,-3.83283,0.0823672,-0.060556,-0.0190426,-0.744987,0.15
4367,2.35888,-0.26529,-0.255671,-0.64292,-0.642581,6.07399,0.0010653,-3.83817,-0,-3.80112,44,33,3,0,0,43.6699,0,-0.0872665,-3.83817,0.0823683,-0.0629539,-0.0189478,-0.742436,0.15
4368,2.35639,-0.240855,-0.266324,-0.620361,-0.584844,6.07399,0.0149142,-3.83723,-0,-3.91392,44,33,3,0,0,43.6799,0,-0.0872665,-3.83723,0.0823945,-0.065346,-0.0188472,-0.739815,0.15
4369,2.3537,-0.260054,-0.268455,-0.654199,-0.539419,6.07399,0.00745708,-3.83645,-0,-3.9252,44,33,3,0,0,43.6899,0,-0.0872665,-3.83645,0.0824016,-0.0677324,-0.0185492,-0.737123,0.15
4370,2.35111,-0.261799,-0.265259,-0.439893,-0.470722,6.07408,-0.0117183,-3.81954,0.010472,-3.91392,44,33,3,0,0,43.6999,0,-0.0872665,-3.81954,0.082496,-0.0701128,-0.0183409,-0.734361,0.15
4371,2.34872,-0.242601,-0.237561,-0.552686,-0.49705,6.07408,0.0255671,-3.83389,-0,-3.9252,44,33,3,0,0,43.7099,0,-0.0872665,-3.83389,0.0824788,-0.0724868,-0.0183181,-0.73153,0.15
4372,2.34622,-0.244346,-0.221582,-0.676758,-0.606376,6.07408,-0.0234365,-3.82073,-0,-3.91392,44,33,3,0,0,43.7199,0,-0.0872665,-3.82073,0.0825764,-0.0748545,-0.0181931,-0.72863,0.15
4373,2.34383,-0.249582,-0.224778,-0.597803,-0.713601,6.07408,0.0149142,-3.82744,-0,-3.90264,44,33,3,0,0,43.7299,0,-0.0872665,-3.82744,0.0825784,-0.0772156,-0.0181573,-0.72566,0.15
4374,2.34153,-0.235619,-0.222647,-0.721875,-0.77429,6.07408,-0.0191753,-3.81648,-0,-3.80112,44,33,3,0,0,43.7399,0,-0.0872665,-3.81648,0.0825953,-0.0795699,-0.0182106,-0.722621,0.15
4375,2.33903,-0.230383,-0.223712,-0.755713,-0.686366,6.07408,-0.00852238,-3.8191,-0,-3.9252,44,33,3,0,0,43.7499,0,-0.0872665,-3.8191,0.0825843,-0.0819168,-0.0180649,-0.719514,0.15
4376,2.33673,-0.242601,-0.237561,-0.688037,-0.646577,6.07408,-0.00319589,-3.82219,-0,-3.90264,44,33,3,0,0,43.7599,0,-0.0872665,-3.82219,0.082589,-0.0842566,-0.0181037,-0.716339,0.15
4377,2.33434,-0.223402,-0.272716,-0.654199,-0.608459,6.07408,-0.00213059,-3.81434,-0,-3.91392,44,33,3,0,0,43.7699,0,-0.0872665,-3.81434,0.0826502,-0.0865891,-0.0180393,-0.713095,0.15
4378,2.33194,-0.247837,-0.26739,-0.665479,-0.576365,6.07408,0.0149142,-3.82144,-0,-3.90264,44,33,3,0,0,43.7799,0,-0.0872665,-3.82144,0.0826502,-0.0889135,-0.0179669,-0.709783,0.15
4379,2.32964,-0.232129,-0.214125,-0.586523,-0.584526,6.07408,-0.0117183,-3.81479,-0,-3.77856,44,33,3,0,0,43.7899,0,-0.0872665,-3.81479,0.0826812,-0.0912305,-0.0179829,-0.706404,0.15
4380,2.32743,-0.211185,-0.220516,-0.631641,-0.704528,6.07408,0.00852238,-3.81843,-0,-3.80112,44,33,3,0,0,43.7999,0,-0.0872665,-3.81843,0.0826874,-0.0935391,-0.0180864,-0.702958,0.15
4381,2.32523,-0.223402,-0.231169,-0.755713,-0.755523,6.07408,0.0149142,-3.80632,-0,-3.77856,44,33,3,0,0,43.8099,0,-0.0872665,-3.80632,0.0827715,-0.0958395,-0.0181817,-0.699445,0.15
4382,2.32302,-0.21293,-0.210929,-0.834668,-0.795828,6.07408,0.0127836,-3.80666,-0,-3.80112,44,33,3,0,0,43.8199,0,-0.0872665,-3.80666,0.0827828,-0.0981312,-0.0182683,-0.695866,0.15
4383,2.32091,-0.211185,-0.196015,-0.789551,-0.860281,6.07408,-0.0245018,-3.80227,-0,-3.75601,44,33,3,0,0,43.8299,0,-0.0872665,-3.80227,0.0828175,-0.100414,-0.0184422,-0.69222,0.15
4384,2.3189,-0.214675,-0.209863,-0.913623,-0.955612,6.07408,0.0543301,-3.8033,-0,-3.75601,44,33,3,0,0,43.8399,0,-0.0872665,-3.80902,0.0828068,-0.102689,-0.0187032,-0.688508,0.15
4385,2.3165,-0.223402,-0.218386,-0.992578,-0.958872,6.07408,-0.0234365,-3.79672,-0,-3.77856,44,33,3,0,0,43.8499,0,-0.0872665,-3.79672,0.0828363,-0.104954,-0.0185714,-0.68473,0.15
4386,2.3143,-0.225147,-0.229039,-0.834668,-0.774656,6.07408,-0.00213059,-3.80258,-0,-3.76729,44,33,3,0,0,43.8599,0,-0.0872665,-3.80258,0.0828132,-0.107209,-0.018622,-0.680888,0.15
4387,2.312,-0.226893,-0.25141,-0.710596,-0.670608,6.07408,-0.01811,-3.80718,-0,-3.75601,44,33,3,0,0,43.8699,0,-0.0872665,-3.80718,0.0827886,-0.109456,-0.0185672,-0.676981,0.15
4388,2.3096,-0.261799,-0.248214,-0.64292,-0.609541,6.07408,0.0213059,-3.79731,-0,-3.75601,44,33,3,0,0,43.8799,0,-0.0872665,-3.79731,0.082883,-0.111692,-0.018407,-0.673008,0.15
4389,2.30711,-0.256563,-0.264194,-0.563965,-0.48736,6.07408,0.00213059,-3.79862,-0,-3.77856,44,33,3,0,0,43.8899,0,-0.0872665,-3.79862,0.0829169,-0.113919,-0.0181408,-0.668972,0.15
4390,2.30471,-0.233874,-0.249279,-0.406055,-0.459114,6.07408,-0.0117183,-3.7939,-0,-3.77856,44,33,3,0,0,43.8999,0,-0.0872665,-3.7939,0.0829505,-0.116135,-0.0179603,-0.664872,0.15
4391,2.30231,-0.253073,-0.240757,-0.496289,-0.429037,6.07408,-0.00319589,-3.79094,-0,-3.89136,44,33,3,0,0,43.9099,0,-0.0872665,-3.79094,0.0829983,-0.118341,-0.0177697,-0.660708,0.15
4392,2.29992,-0.235619,-0.236496,-0.462451,-0.470396,6.07408,0.00745708,-3.78361,-0,-3.76729,44,33,3,0,0,43.9199,0,-0.0872665,-3.78361,0.0830482,-0.120537,-0.0175686,-0.656481,0.15
4393,2.29762,-0.207694,-0.204537,-0.47373,-0.513901,6.07408,-0.0159795,-3.78096,-0,-3.73345,44,33,3,0,0,43.9299,0,-0.0872665,-3.78096,0.0830877,-0.122722,-0.0174525,-0.652191,0.15
4394,2.29551,-0.230383,-0.202406,-0.563965,-0.61967,6.07408,-0.00319589,-3.78209,-0,-3.8688,44,33,3,0,0,43.9399,0,-0.0872665,-3.78209,0.08314,-0.124896,-0.0175173,-0.647839,0.15
4395,2.2933,-0.205949,-0.204537,-0.699316,-0.722205,6.07408,-0.00532648,-3.77678,-0,-3.76729,44,33,3,0,0,43.9499,0,-0.0872665,-3.77678,0.0831869,-0.127059,-0.0174751,-0.643426,0.15
4396,2.2911,-0.218166,-0.19708,-0.766992,-0.724612,6.07408,0.00852238,-3.77145,-0,-3.74473,44,33,3,0,0,43.9599,0,-0.0872665,-3.77145,0.0832243,-0.129211,-0.0174217,-0.63895,0.15
4397,2.28908,-0.214675,-0.206668,-0.710596,-0.698674,6.07408,0.00745708,-3.78093,-0,-3.74473,44,33,3,0,0,43.9699,0,-0.0872665,-3.78093,0.0831944,-0.131351,-0.0175485,-0.634413,0.15
4398,2.28697,-0.21293,-0.206668,-0.755713,-0.682363,6.07408,0.0010653,-3.77944,-0,-3.75601,44,33,3,0,0,43.9799,0,-0.0872665,-3.77944,0.0832028,-0.133479,-0.0175678,-0.629816,0.15
4399,2.28486,-0.216421,-0.222647,-0.710596,-0.666885,6.07408,0.00958767,-3.77887,-0,-3.75601,44,33,3,0,0,43.9899,0,-0.0872665,-3.77887,0.0832354,-0.135596,-0.0175752,-0.625158,0.15
4400,2.28276,-0.202458,-0.219451,-0.676758,-0.665086,6.07408,-0.00532648,-3.77055,-0,-3.75601,44,33,3,0,0,43.9999,0,-0.0872665,-3.77055,0.0832882,-0.1377,-0.0175706,-0.62044,0.15
4401,2.28065,-0.214675,-0.210929,-0.609082,-0.738981,6.07418,0.0127836,-3.76665,-0,-3.74473,44,33,3,0,0,44.0099,0,-0.0872665,-3.76665,0.0833529,-0.139793,-0.0175537,-0.615663,0.15
4402,2.27844,-0.204204,-0.222647,-0.755713,-0.705063,6.07418,-0.0191753,-3.7707,-0,-3.74473,44,33,3,0,0,44.0199,0,-0.0872665,-3.7707,0.0833229,-0.141873,-0.0174285,-0.610826,0.15
4403,2.27633,-0.216421,-0.217321,-0.699316,-0.696353,6.07418,0.0170448,-3.77003,-0,-3.74473,44,33,3,0,0,44.0299,0,-0.0872665,-3.77003,0.0833275,-0.14394,-0.0173866,-0.605931,0.15
4404,2.27432,-0.20944,-0.191753,-0.676758,-0.679738,6.07418,0.0159795,-3.77419,-0,-3.85752,44,33,3,0,0,44.0399,0,-0.0872665,-3.77419,0.0833265,-0.145995,-0.0174279,-0.600977,0.15
4405,2.27211,-0.226893,-0.216255,-0.733154,-0.70291,6.07418,0.00532648,-3.76117,-0,-3.72217,44,33,3,0,0,44.0499,0,-0.0872665,-3.76117,0.0833998,-0.148036,-0.0172645,-0.595966,0.15
4406,2.2701,-0.218166,-0.203472,-0.631641,-0.711682,6.07418,0.01811,-3.76539,-0,-3.74473,44,33,3,0,0,44.0599,0,-0.0872665,-3.76539,0.0833846,-0.150065,-0.0172796,-0.590897,0.15
4407,2.26799,-0.193732,-0.211994,-0.699316,-0.746524,6.07418,-0.0170448,-3.75716,-0,-3.72217,44,33,3,0,0,44.0699,0,-0.0872665,-3.75716,0.0834236,-0.15208,-0.0171854,-0.585772,0.15
4408,2.26598,-0.218166,-0.200276,-0.710596,-0.757651,6.07418,0.0127836,-3.75849,-0,-3.72217,44,33,3,0,0,44.0799,0,-0.0872665,-3.75849,0.0834555,-0.154088,-0.0171801,-0.580573,0.15
4409,2.26377,-0.205949,-0.193884,-0.891064,-0.732912,6.07418,-0.0138489,-3.75862,0.015708,-3.84624,44,33,3,0,0,44.0899,0,-0.0872665,-3.75862,0.0834506,-0.156069,-0.0169566,-0.575351,0.15
4410,2.26166,-0.221657,-0.227974,-0.744434,-0.6548,6.07418,0.0202406,-3.76668,-0,-3.84624,44,33,3,0,0,44.0999,0,-0.0872665,-3.76668,0.0834252,-0.158044,-0.0168215,-0.570057,0.15
4411,2.25965,-0.193732,-0.205602,-0.64292,-0.533436,6.07418,-0.0117183,-3.76028,-0,-3.84624,44,33,3,0,0,44.1099,0,-0.0872665,-3.76028,0.0834546,-0.160003,-0.0167679,-0.564709,0.15
4412,2.25744,-0.23911,-0.207733,-0.586523,-0.56978,6.07418,0.01811,-3.7499,-0,-3.83496,44,33,3,0,0,44.1199,0,-0.0872665,-3.7499,0.0835608,-0.161949,-0.0165088,-0.559305,0.15
4413,2.25534,-0.218166,-0.207733,-0.676758,-0.575506,6.07418,-0.0426119,-3.74828,-0,-3.84624,44,33,3,0,0,44.1299,0,-0.0872665,-3.74828,0.0835631,-0.163881,-0.016331,-0.553848,0.15
4414,2.25323,-0.193732,-0.225843,-0.462451,-0.449564,6.07418,0.0170448,-3.75235,-0,-3.83496,44,33,3,0,0,44.1399,0,-0.0872665,-3.75235,0.0835868,-0.165798,-0.0161387,-0.548337,0.15
4415,2.25121,-0.211185,-0.186427,-0.439893,-0.467703,6.07418,0.00532648,-3.74663,-0,-3.72217,44,33,3,0,0,44.1499,0,-0.0872665,-3.74663,0.0836382,-0.1677,-0.0160274,-0.542773,0.15
4416,2.2492,-0.197222,-0.214125,-0.518848,-0.526244,6.07418,0.0202406,-3.73747,-0,-3.82368,44,33,3,0,0,44.1599,0,-0.0872665,-3.73747,0.0837219,-0.169587,-0.0159014,-0.537155,0.15
4417,2.24728,-0.18675,-0.202406,-0.563965,-0.568,6.07418,0.010653,-3.74571,-0,-3.75601,44,33,3,0,0,44.1699,0,-0.0872665,-3.74571,0.0837431,-0.171459,-0.015856,-0.531487,0.15
4418,2.24546,-0.151844,-0.19708,-0.541406,-0.573785,6.07418,0.00639178,-3.74071,0.00872665,-3.69961,44,33,3,0,0,44.1799,0,-0.0872665,-3.74071,0.0837658,-0.173316,-0.0158915,-0.525766,0.15
4419,2.24383,-0.181514,-0.172578,-0.631641,-0.693779,6.07418,-0.00213059,-3.73775,-0,-3.69961,44,33,3,0,0,44.1899,0,-0.0872665,-3.73775,0.0838279,-0.175158,-0.016103,-0.519994,0.15
4420,2.2421,-0.162316,-0.161925,-0.812109,-0.813787,6.07418,0.0266324,-3.72909,-0,-3.71089,44,33,3,0,0,44.1999,0,-0.0872665,-3.72909,0.0838948,-0.176984,-0.0162033,-0.514172,0.15
4421,2.24038,-0.181514,-0.171513,-0.812109,-0.933787,6.07418,0.00426119,-3.72954,-0,-3.69961,44,33,3,0,0,44.2099,0,-0.0872665,-3.72954,0.0838959,-0.178794,-0.0162879,-0.508299,0.15
4422,2.23865,-0.158825,-0.161925,-0.924902,-0.937206,6.07428,0.0191753,-3.74663,-0,-3.68833,44,33,3,0,0,44.2199,0,-0.0872665,-3.74663,0.0837882,-0.180588,-0.0163565,-0.502377,0.15
4423,2.23683,-0.185005,-0.17897,-0.936182,-0.8479,6.07428,0.01811,-3.73988,-0,-3.66577,44,33,3,0,0,44.2299,0,-0.0872665,-3.73988,0.0838107,-0.182367,-0.0163133,-0.496406,0.15
4424,2.23491,-0.197222,-0.235431,-0.879785,-0.683807,6.07428,-0.00852238,-3.73052,-0,-3.69961,44,33,3,0,0,44.2399,0,-0.0872665,-3.73052,0.0838354,-0.184129,-0.0161579,-0.490386,0.15
4425,2.23309,-0.211185,-0.17897,-0.64292,-0.631325,6.07428,0.00852238,-3.7278,-0,-3.69961,44,33,3,0,0,44.2499,0,-0.0872665,-3.7278,0.0838966,-0.185875,-0.0160822,-0.484318,0.15
4426,2.23118,-0.193732,-0.210929,-0.609082,-0.60288,6.07428,-0.00745708,-3.73104,-0,-3.69961,44,33,3,0,0,44.2599,0,-0.0872665,-3.73104,0.0838875,-0.187604,-0.015894,-0.478203,0.15
4427,2.22926,-0.195477,-0.157664,-0.586523,-0.58823,6.07428,0.0010653,-3.72599,-0,-3.67705,44,33,3,0,0,44.2699,0,-0.0872665,-3.72599,0.083935,-0.189317,-0.0156892,-0.47204,0.15
4428,2.22724,-0.193732,-0.188558,-0.665479,-0.646269,6.07428,0.00213059,-3.72595,-0,-3.69961,44,33,3,0,0,44.2799,0,-0.0872665,-3.72595,0.0839597,-0.191012,-0.0153717,-0.465832,0.15
4429,2.22533,-0.185005,-0.180035,-0.563965,-0.570341,6.07428,0.00532648,-3.72349,-0,-3.71089,44,33,3,0,0,44.2899,0,-0.0872665,-3.72349,0.0839767,-0.192691,-0.0151332,-0.459577,0.15
4430,2.22341,-0.181514,-0.190688,-0.530127,-0.522502,6.07428,-0.0149142,-3.723,-0,-3.69961,44,33,3,0,0,44.2999,0,-0.0872665,-3.723,0.0839705,-0.194353,-0.0148774,-0.453278,0.15
4431,2.22168,-0.185005,-0.174709,-0.541406,-0.562859,6.07428,-0.0010653,-3.70967,-0,-3.67705,44,33,3,0,0,44.3099,0,-0.0872665,-3.70967,0.0840631,-0.195997,-0.014796,-0.446934,0.15
4432,2.21977,-0.178024,-0.168317,-0.586523,-0.593395,6.07428,0.00639178,-3.71773,-0,-3.67705,44,33,3,0,0,44.3199,0,-0.0872665,-3.71773,0.0840609,-0.197625,-0.0145057,-0.440545,0.15
4433,2.21804,-0.179769,-0.17897,-0.597803,-0.664915,6.07428,-0.00852238,-3.70973,-0,-3.68833,44,33,3,0,0,44.3299,0,-0.0872665,-3.70973,0.0841136,-0.199234,-0.0143893,-0.434113,0.15
4434,2.21631,-0.158825,-0.177905,-0.563965,-0.55284,6.07428,0.00639178,-3.72264,0.0122173,-3.69961,44,33,3,0,0,44.3399,0,-0.0872665,-3.72264,0.0840737,-0.200826,-0.0142555,-0.427638,0.15
4435,2.21468,-0.167552,-0.148076,-0.518848,-0.592648,6.07428,0.00426119,-3.70197,-0,-3.67705,44,33,3,0,0,44.3499,0,-0.0872665,-3.70197,0.0841831,-0.2024,-0.0141995,-0.421121,0.15
4436,2.21296,-0.181514,-0.157664,-0.654199,-0.697208,6.07428,0.0308936,-3.70693,-0,-3.67705,44,33,3,0,0,44.3599,0,-0.0872665,-3.70772,0.0841899,-0.203956,-0.0140298,-0.414561,0.15
4437,2.21133,-0.169297,-0.156599,-0.710596,-0.61924,6.07428,0.0010653,-3.7165,-0,-3.69961,44,33,3,0,0,44.3699,0,-0.0872665,-3.7165,0.0841249,-0.205494,-0.0139378,-0.407961,0.15
4438,2.2096,-0.174533,-0.1811,-0.563965,-0.524508,6.07428,0.00213059,-3.7152,-0,-3.67705,44,33,3,0,0,44.3799,0,-0.0872665,-3.7152,0.0840995,-0.207013,-0.0137318,-0.401319,0.15
4439,2.20797,-0.155334,-0.177905,-0.439893,-0.485859,6.07428,-0.01811,-3.69914,-0,-3.67705,44,33,3,0,0,44.3899,0,-0.0872665,-3.69914,0.0841768,-0.208515,-0.0136032,-0.394638,0.15
4440,2.20644,-0.15708,-0.171513,-0.48501,-0.520803,6.07428,0.00745708,-3.69657,-0,-3.65449,44,33,3,0,0,44.3999,0,-0.0872665,-3.69657,0.084249,-0.209997,-0.0135519,-0.387917,0.15
4441,2.20481,-0.16057,-0.147011,-0.575244,-0.568267,6.07428,-0.00426119,-3.69995,-0,-3.69961,44,33,3,0,0,44.4099,0,-0.0872665,-3.69995,0.0842761,-0.211461,-0.013386,-0.381158,0.15
4442,2.20318,-0.158825,-0.153403,-0.620361,-0.584284,6.07428,0.00213059,-3.69674,-0,-3.69961,44,33,3,0,0,44.4199,0,-0.0872665,-3.69674,0.0842905,-0.212907,-0.0132015,-0.37436,0.15
4443,2.20165,-0.141372,-0.16299,-0.563965,-0.493459,6.07428,-0.0234365,-3.70202,-0,-3.67705,44,33,3,0,0,44.4299,0,-0.0872665,-3.70202,0.0842556,-0.214333,-0.0130939,-0.367524,0.15
4444,2.20021,-0.139626,-0.141684,-0.451172,-0.505467,6.07428,0.0117183,-3.69133,-0,-3.67705,44,33,3,0,0,44.4399,0,-0.0872665,-3.69133,0.0843301,-0.21574,-0.0130631,-0.360651,0.15
4445,2.19877,-0.144862,-0.132097,-0.552686,-0.614003,6.07428,-0.00426119,-3.69494,-0,-3.65449,44,33,3,0,0,44.4499,0,-0.0872665,-3.69494,0.0843583,-0.217128,-0.0130131,-0.353742,0.15
4446,2.19733,-0.123918,-0.150207,-0.654199,-0.682638,6.07428,0.00532648,-3.6953,-0,-3.65449,44,33,3,0,0,44.4599,0,-0.0872665,-3.6953,0.0843824,-0.218497,-0.0129439,-0.346796,0.15
4447,2.19589,-0.144862,-0.119313,-0.755713,-0.768595,6.07428,-0.0010653,-3.69425,-0,-3.77856,44,33,3,0,0,44.4699,0,-0.0872665,-3.69425,0.0843732,-0.219847,-0.0128553,-0.339816,0.15
4448,2.19455,-0.116937,-0.14488,-0.744434,-0.697862,6.07428,-0.0138489,-3.6925,-0,-3.78984,44,33,3,0,0,44.4799,0,-0.0872665,-3.6925,0.0843655,-0.221177,-0.0128429,-0.332801,0.15
4449,2.1933,-0.123918,-0.131032,-0.563965,-0.660696,6.07428,0.0127836,-3.69744,-0,-3.78984,44,33,3,0,0,44.4899,0,-0.0872665,-3.69744,0.0843716,-0.222487,-0.0129068,-0.325753,0.15
4450,2.19206,-0.123918,-0.12677,-0.755713,-0.698544,6.07428,0.00213059,-3.69796,-0,-3.78984,44,33,3,0,0,44.4999,0,-0.0872665,-3.69796,0.0843936,-0.223778,-0.0129511,-0.318669,0.15
4451,2.19091,-0.1309,-0.0916155,-0.64292,-0.78836,6.07428,0.028763,-3.6919,-0,-3.78984,44,33,3,0,0,44.5099,0,-0.0872665,-3.6919,0.0844511,-0.225048,-0.0130713,-0.311554,0.15
4452,2.18976,-0.106465,-0.0873543,-0.766992,-0.908361,6.07437,0.00213059,-3.69134,-0,-3.78984,44,33,3,0,0,44.5199,0,-0.0872665,-3.69134,0.0844619,-0.226299,-0.0131714,-0.304408,0.15
4453,2.18851,-0.122173,-0.0948114,-0.868506,-0.941217,6.07437,0.0340895,-3.6848,-0,-3.77856,44,33,3,0,0,44.5299,0,-0.0872665,-3.68621,0.0844948,-0.227529,-0.0131557,-0.297228,0.15
4454,2.18736,-0.122173,-0.101203,-0.812109,-0.891784,6.07437,0.00319589,-3.69161,-0,-3.65449,44,33,3,0,0,44.5399,0,-0.0872665,-3.69161,0.084453,-0.22874,-0.0132154,-0.290019,0.15
4455,2.18611,-0.122173,-0.129966,-0.778271,-0.819114,6.07437,-0.010653,-3.68671,-0,-3.68833,44,33,3,0,0,44.5499,0,-0.0872665,-3.68671,0.0844566,-0.22993,-0.0131591,-0.28278,0.15
4456,2.18477,-0.136136,-0.141684,-0.812109,-0.728951,6.07437,0.0170448,-3.68958,-0,-3.64321,44,33,3,0,0,44.5599,0,-0.0872665,-3.68958,0.0844419,-0.231099,-0.0129865,-0.27551,0.15
4457,2.18343,-0.13439,-0.134227,-0.64292,-0.619376,6.07437,0.00532648,-3.68391,-0,-3.77856,44,33,3,0,0,44.5699,0,-0.0872665,-3.68391,0.0844902,-0.232249,-0.0127934,-0.268211,0.15
4458,2.18209,-0.125664,-0.148076,-0.654199,-0.568758,6.07437,0.00745708,-3.69295,-0,-3.66577,44,33,3,0,0,44.5799,0,-0.0872665,-3.69295,0.084451,-0.233377,-0.0125796,-0.260885,0.15
4459,2.18075,-0.1309,-0.129966,-0.541406,-0.557963,6.07437,0.00852238,-3.68625,-0,-3.78984,44,33,3,0,0,44.5899,0,-0.0872665,-3.68625,0.0845044,-0.234484,-0.0123447,-0.253534,0.15
4460,2.1795,-0.125664,-0.133162,-0.496289,-0.513503,6.07437,0.0159795,-3.68137,-0,-3.75601,44,33,3,0,0,44.5999,0,-0.0872665,-3.68137,0.0845494,-0.235571,-0.0121852,-0.246153,0.15
4461,2.17825,-0.129154,-0.0809626,-0.541406,-0.56206,6.07437,-0.0170448,-3.67269,-0,-3.77856,44,33,3,0,0,44.6099,0,-0.0872665,-3.67269,0.0846003,-0.236637,-0.0120049,-0.238745,0.15
4462,2.17701,-0.13439,-0.120379,-0.575244,-0.626965,6.07437,7.37106e-18,-3.68229,-0,-3.77856,44,33,3,0,0,44.6199,0,-0.0872665,-3.68229,0.0845819,-0.237682,-0.0118034,-0.231312,0.15
4463,2.17576,-0.115192,-0.147011,-0.552686,-0.516239,6.07437,-0.0191753,-3.67697,-0,-3.65449,44,33,3,0,0,44.6299,0,-0.0872665,-3.67697,0.0846044,-0.238706,-0.0115809,-0.223854,0.15
4464,2.17461,-0.122173,-0.140619,-0.48501,-0.476035,6.07437,0.0319589,-3.68328,-0,-3.65449,44,33,3,0,0,44.6399,0,-0.0872665,-3.68385,0.0845915,-0.239709,-0.0114334,-0.21637,0.15
4465,2.17336,-0.122173,-0.118248,-0.451172,-0.472918,6.07437,-0.00532648,-3.68277,-0,-3.65449,44,33,3,0,0,44.6499,0,-0.0872665,-3.68277,0.0845883,-0.24069,-0.0111685,-0.208863,0.15
4466,2.17221,-0.115192,-0.127836,-0.383496,-0.425426,6.07437,0.0191753,-3.68694,-0,-3.64321,44,33,3,0,0,44.6599,0,-0.0872665,-3.68694,0.0845808,-0.24165,-0.0109779,-0.201334,0.15
4467,2.17116,-0.109956,-0.100138,-0.372217,-0.465674,6.07437,-0.0223712,-3.67562,-0,-3.65449,44,33,3,0,0,44.6699,0,-0.0872665,-3.67562,0.0846219,-0.242589,-0.0108618,-0.193783,0.15
4468,2.17001,-0.109956,-0.103334,-0.496289,-0.53547,6.07437,0.0149142,-3.67073,0.00872665,-3.64321,44,33,3,0,0,44.6799,0,-0.0872665,-3.67073,0.084698,-0.243506,-0.0106283,-0.18621,0.15
4469,2.16895,-0.0977384,-0.104399,-0.530127,-0.587358,6.07437,0.00852238,-3.68099,-0,-3.64321,44,33,3,0,0,44.6899,0,-0.0872665,-3.68099,0.0846741,-0.244401,-0.010469,-0.178616,0.15
4470,2.16799,-0.0994838,-0.0905502,-0.586523,-0.626248,6.07437,0.00319589,-3.67674,-0,-3.66577,44,33,3,0,0,44.6999,0,-0.0872665,-3.67674,0.0846845,-0.245275,-0.0103838,-0.171002,0.15
4471,2.16704,-0.0977384,-0.0745708,-0.64292,-0.580616,6.07437,-0.00532648,-3.67197,-0,-3.66577,44,33,3,0,0,44.7099,0,-0.0872665,-3.67197,0.0847035,-0.246126,-0.0102769,-0.163368,0.15
4472,2.16608,-0.0959931,-0.101203,-0.575244,-0.559399,6.07437,-0.010653,-3.66873,-0,-3.65449,44,33,3,0,0,44.7199,0,-0.0872665,-3.66873,0.0847284,-0.246956,-0.0101481,-0.155715,0.15
4473,2.16521,-0.0925025,-0.0958767,-0.530127,-0.579431,6.07437,0.00532648,-3.67037,-0,-3.64321,44,33,3,0,0,44.7299,0,-0.0872665,-3.67037,0.0847264,-0.247764,-0.0100933,-0.148044,0.15
4474,2.16435,-0.0855211,-0.0745708,-0.586523,-0.663406,6.07437,-0.00639178,-3.66583,-0,-3.62065,44,33,3,0,0,44.7399,0,-0.0872665,-3.66583,0.0847515,-0.24855,-0.0100164,-0.140356,0.15
4475,2.16349,-0.0750492,-0.0639178,-0.620361,-0.645283,6.07437,0.0213059,-3.67162,-0,-3.63193,44,33,3,0,0,44.7499,0,-0.0872665,-3.67162,0.0847469,-0.249314,-0.00991754,-0.132649,0.15
4476,2.16272,-0.0855211,-0.0703096,-0.665479,-0.711415,6.07437,-0.0117183,-3.66246,-0,-3.66577,44,33,3,0,0,44.7599,0,-0.0872665,-3.66246,0.0848008,-0.250056,-0.00989231,-0.124928,0.15
4477,2.16195,-0.0750492,-0.0426119,-0.699316,-0.696851,6.07437,0.0319589,-3.6729,-0,-3.63193,44,33,3,0,0,44.7699,0,-0.0872665,-3.67388,0.0847617,-0.250776,-0.00984494,-0.11719,0.15
4478,2.16119,-0.0837758,-0.0820279,-0.721875,-0.699842,6.07437,-0.00852238,-3.66968,-0,-3.64321,44,33,3,0,0,44.7799,0,-0.0872665,-3.66968,0.0847551,-0.251473,-0.00977524,-0.109438,0.15
4479,2.16032,-0.0820305,-0.068179,-0.676758,-0.678865,6.07437,0.00319589,-3.6689,-0,-3.62065,44,33,3,0,0,44.7899,0,-0.0872665,-3.6689,0.0847566,-0.252148,-0.00958733,-0.101672,0.15
4480,2.15956,-0.0837758,-0.068179,-0.654199,-0.570836,6.07437,-0.00639178,-3.67234,-0,-3.66577,44,33,3,0,0,44.7999,0,-0.0872665,-3.67234,0.0847056,-0.252801,-0.00947293,-0.0938918,0.15
4481,2.15869,-0.0837758,-0.0703096,-0.541406,-0.501767,6.07437,0.0245018,-3.66698,-0,-3.64321,44,33,3,0,0,44.8099,0,-0.0872665,-3.66698,0.0847387,-0.253431,-0.00924013,-0.0860999,0.15
4482,2.15783,-0.0802851,-0.0767014,-0.48501,-0.441546,6.07437,-0.00319589,-3.66313,-0,-3.64321,44,33,3,0,0,44.8199,0,-0.0872665,-3.66313,0.0847653,-0.254038,-0.00898492,-0.0782946,0.15
4483,2.15706,-0.0715585,-0.0692443,-0.428613,-0.433792,6.07437,0.0149142,-3.66028,-0,-3.62065,44,33,3,0,0,44.8299,0,-0.0872665,-3.66028,0.0847918,-0.254623,-0.00880295,-0.0704786,0.15
4484,2.1563,-0.0715585,-0.0639178,-0.48501,-0.531927,6.07437,-0.0127836,-3.65289,-0,-3.62065,44,33,3,0,0,44.8399,0,-0.0872665,-3.65289,0.0848499,-0.255186,-0.00859836,-0.0626522,0.15
4485,2.15572,-0.0523599,-0.0703096,-0.47373,-0.506999,6.07437,-0.0170448,-3.64896,-0,-3.66577,44,33,3,0,0,44.8499,0,-0.0872665,-3.64896,0.0848977,-0.255726,-0.00856289,-0.0548151,0.15
4486,2.15515,-0.0488692,-0.0490037,-0.530127,-0.605772,6.07437,0.0308936,-3.65944,-0,-3.60938,44,33,3,0,0,44.86,0,-0.0872665,-3.65971,0.0849108,-0.256244,-0.00850632,-0.0469437,0.15
4487,2.15467,-0.0471239,-0.0308936,-0.688037,-0.725274,6.07437,-0.0255671,-3.6512,-0,-3.74473,44,33,3,0,0,44.8699,0,-0.0872665,-3.6512,0.0849552,-0.256737,-0.00851998,-0.0391081,0.15
4488,2.15419,-0.0383972,-0.0404813,-0.755713,-0.781891,6.07437,0.0010653,-3.6587,-0,-3.64321,44,33,3,0,0,44.8799,0,-0.0872665,-3.6587,0.0849243,-0.257208,-0.00851171,-0.0312515,0.15
4489,2.1538,-0.0541052,-0.039416,-0.789551,-0.766985,6.07437,-0.0127836,-3.65888,-0,-3.64321,44,33,3,0,0,44.8899,0,-0.0872665,-3.65888,0.0849022,-0.257657,-0.00857685,-0.0233817,0.15
4490,2.15333,-0.0383972,-0.0404813,-0.766992,-0.713478,6.07437,0.0170448,-3.65635,-0,-3.66577,44,33,3,0,0,44.8999,0,-0.0872665,-3.65635,0.0849193,-0.258083,-0.00852322,-0.0155053,0.15
4491,2.15285,-0.0401426,-0.0532648,-0.676758,-0.680392,6.07437,-0.0351548,-3.65232,-0,-3.75601,44,33,3,0,0,44.9099,0,-0.0872665,-3.65232,0.0849163,-0.258486,-0.00844669,-0.00762272,0.15
4492,2.15237,-0.0488692,-0.057526,-0.552686,-0.607617,6.07437,0.00319589,-3.65156,-0,-3.74473,44,33,3,0,0,44.9199,0,-0.0872665,-3.65156,0.0849256,-0.258865,-0.00834716,0.000264287,0.15
4493,2.15189,-0.0506145,-0.0436772,-0.654199,-0.677816,6.07437,-0.0234365,-3.65734,-0,-3.74473,44,33,3,0,0,44.9299,0,-0.0872665,-3.65734,0.0848962,-0.259222,-0.00822464,0.00815574,0.15
4494,2.15141,-0.0366519,-0.0202406,-0.665479,-0.661578,6.07437,0.0234365,-3.65462,-0,-3.73345,44,33,3,0,0,44.9399,0,-0.0872665,-3.65462,0.0849216,-0.259556,-0.00807913,0.0160518,0.15
4495,2.15083,-0.0541052,-0.0585913,-0.710596,-0.599911,6.07437,0.028763,-3.66366,-0,-3.74473,44,33,3,0,0,44.9499,0,-0.0872665,-3.66497,0.0848779,-0.259867,-0.00781468,0.0239503,0.15
4496,2.15035,-0.0523599,-0.0564607,-0.631641,-0.542999,6.07437,-0.00213059,-3.65704,-0,-3.73345,44,33,3,0,0,44.9599,0,-0.0872665,-3.65704,0.0849097,-0.260155,-0.00762299,0.0318508,0.15
4497,2.14987,-0.0418879,-0.0351548,-0.451172,-0.537435,6.07437,0.00745708,-3.65782,-0,-3.73345,44,33,3,0,0,44.9699,0,-0.0872665,-3.65782,0.0849054,-0.260419,-0.00740822,0.0397532,0.15
4498,2.14939,-0.0471239,-0.0692443,-0.47373,-0.47478,6.07447,0.0117183,-3.65906,-0,-3.74473,44,33,3,0,0,44.9799,0,-0.0872665,-3.65906,0.0849227,-0.260661,-0.00717031,0.0476567,0.15
4499,2.14911,-0.0436332,-0.0362201,-0.541406,-0.505116,6.07447,0.0117183,-3.66144,-0,-3.63193,44,33,3,0,0,44.9899,0,-0.0872665,-3.66144,0.0849039,-0.260879,-0.00710098,0.0555595,0.15
4500,2.14872,-0.0296706,-0.028763,-0.530127,-0.523262,6.07447,-0.0223712,-3.65004,-0,-3.60938,44,33,3,0,0,44.9999,0,-0.0872665,-3.65004,0.0849348,-0.261074,-0.00691264,0.0634633,0.15
4501,2.14844,-0.0279253,-0.0202406,-0.47373,-0.62839,6.07447,0.00532648,-3.64937,-0,-3.60938,44,33,3,0,0,45.0099,0,-0.0872665,-3.64937,0.0849613,-0.261246,-0.00679695,0.0713648,0.15
4502,2.14824,-0.0174533,-0.0234365,-0.665479,-0.643346,6.07447,0.0138489,-3.65535,-0,-3.60938,44,33,3,0,0,45.0199,0,-0.0872665,-3.65535,0.0849434,-0.261395,-0.00675394,0.0792645,0.15
4503,2.14805,0,-0.0170448,-0.609082,-0.619457,6.07447,0.0127836,-3.65801,-0,-3.60938,44,33,3,0,0,45.0299,0,-0.0872665,-3.65801,0.0849313,-0.26152,-0.00668772,0.0871623,0.15
4504,2.14796,-0.00523599,-0.00426119,-0.699316,-0.670563,6.07447,-0.0149142,-3.65002,-0,-3.60938,44,33,3,0,0,45.0399,0,-0.0872665,-3.65002,0.0849635,-0.261623,-0.00669413,0.095056,0.15
4505,2.14786,-0.010472,-0.0170448,-0.676758,-0.669543,6.07447,0.0245018,-3.64973,-0,-3.63193,44,33,3,0,0,45.0499,0,-0.0872665,-3.64973,0.0849729,-0.261702,-0.0066773,0.102946,0.15
4506,2.14776,-0.0139626,-0.00639178,-0.721875,-0.719902,6.07447,0.00532648,-3.65628,-0,-3.60938,44,33,3,0,0,45.0599,0,-0.0872665,-3.65628,0.0849413,-0.261757,-0.00663724,0.110831,0.15
4507,2.14767,-0.010472,-0.0191753,-0.789551,-0.729578,6.07447,0.00532648,-3.65574,-0,-3.63193,44,33,3,0,0,45.0699,0,-0.0872665,-3.65574,0.0849422,-0.26179,-0.00657392,0.118711,0.15
4508,2.14767,0,-0.00213059,-0.710596,-0.678475,6.07447,0.00639178,-3.6536,-0,-3.75601,44,33,3,0,0,45.0799,0,-0.0872665,-3.6536,0.0849427,-0.261799,-0.00658322,0.126585,0.15
4509,2.14757,-0.00174533,-0.0170448,-0.744434,-0.669122,6.07447,-0.0202406,-3.6425,-0,-3.63193,44,33,3,0,0,45.0899,0,-0.0872665,-3.6425,0.0849982,-0.261785,-0.00647339,0.134452,0.15
4510,2.14748,-0.00174533,-0.0138489,-0.733154,-0.654772,6.07447,-0.00745708,-3.65095,-0,-3.60938,44,33,3,0,0,45.0999,0,-0.0872665,-3.65095,0.084958,-0.261748,-0.00634031,0.142312,0.15
4511,2.14748,-0.0174533,-0.00213059,-0.676758,-0.655194,6.07447,-0.0266324,-3.63866,-0,-3.58682,44,33,3,0,0,45.1099,0,-0.0872665,-3.63866,0.0849933,-0.261688,-0.00627985,0.150163,0.15
4512,2.14748,-0.0122173,-0.0149142,-0.575244,-0.681061,6.07447,9.13229e-19,-3.64515,0.00174533,-3.62065,44,33,3,0,0,45.1199,0,-0.0872665,-3.64515,0.0849818,-0.261604,-0.00619615,0.158005,0.15
4513,2.14738,0,-0.00639178,-0.710596,-0.658937,6.07447,-0.00213059,-3.64738,-0,-3.5981,44,33,3,0,0,45.1299,0,-0.0872665,-3.64738,0.0849901,-0.261497,-0.00599334,0.165838,0.15
4514,2.14738,0,-0.0010653,-0.676758,-0.644587,6.07447,0.0298283,-3.64975,-0,-3.62065,44,33,3,0,0,45.1399,0,-0.0872665,-3.65049,0.0849906,-0.261367,-0.00586317,0.173661,0.15
4515,2.14738,0,-0.0138489,-0.64292,-0.632479,6.07447,-0.00745708,-3.64515,-0,-3.63193,44,33,3,0,0,45.1499,0,-0.0872665,-3.64515,0.085027,-0.261213,-0.00570979,0.181472,0.15
4516,2.14738,0,0.00319589,-0.620361,-0.56882,6.07447,0.0213059,-3.651,-0,-3.60938,44,33,3,0,0,45.1599,0,-0.0872665,-3.651,0.0850313,-0.261037,-0.00553321,0.189272,0.15
4517,2.14738,0,0.0255671,-0.48501,-0.611139,6.07447,-0.0149142,-3.65089,-0,-3.60938,44,33,3,0,0,45.1699,0,-0.0872665,-3.65089,0.085023,-0.260837,-0.00533343,0.19706,0.15
4518,2.14738,0,-0.00639178,-0.586523,-0.551388,6.07447,0.0010653,-3.64279,-0,-3.63193,44,33,3,0,0,45.1799,0,-0.0872665,-3.64279,0.0850551,-0.260614,-0.00511049,0.204834,0.15
4519,2.14738,0,-0.00213059,-0.575244,-0.539635,6.07447,0.00639178,-3.6511,-0,-3.60938,44,33,3,0,0,45.1899,0,-0.0872665,-3.6511,0.0850251,-0.260368,-0.0048644,0.212594,0.15
4520,2.14738,0,0.0117183,-0.518848,-0.452231,6.07447,-7.17537e-19,-3.64166,-0,-3.60938,44,33,3,0,0,45.1999,0,-0.0872665,-3.64166,0.0850739,-0.260099,-0.00459518,0.220341,0.15
4521,2.14748,0,-0.01811,-0.360938,-0.41998,6.07447,0.00319589,-3.64428,-0,-3.65449,44,33,3,0,0,45.2099,0,-0.0872665,-3.64428,0.0850786,-0.259807,-0.00439873,0.228072,0.15
4522,2.14748,0,0.010653,-0.428613,-0.387343,6.07447,0.0138489,-3.64705,-0,-3.64321,44,33,3,0,0,45.2199,0,-0.0872665,-3.64705,0.0850572,-0.259491,-0.00408333,0.235787,0.15
4523,2.14748,0,0.0202406,-0.281982,-0.349181,6.07447,0.0010653,-3.64648,-0,-3.64321,44,33,3,0,0,45.2299,0,-0.0872665,-3.64648,0.0850673,-0.259153,-0.00374487,0.243486,0.15
4524,2.14748,0,0.00958767,-0.360938,-0.316693,6.07447,-5.87076e-19,-3.64032,-0,-3.60938,44,33,3,0,0,45.2399,0,-0.0872665,-3.64032,0.085089,-0.258791,-0.00338342,0.251167,0.15
4525,2.14757,0,-0.0234365,-0.225586,-0.211917,6.07447,0.01811,-3.65233,-0,-3.62065,44,33,3,0,0,45.2499,0,-0.0872665,-3.65233,0.0850402,-0.258407,-0.00309482,0.258831,0.15
4526,2.14757,0.00174533,-0.0149142,-0.15791,-0.114056,6.07447,-0.00639178,-3.64135,-0,-3.63193,44,33,3,0,0,45.2599,0,-0.0872665,-3.64135,0.0850629,-0.257999,-0.0026874,0.266477,0.15
4527,2.14767,0,-0.0276977,-0.203027,-0.118092,6.07447,0.0149142,-3.64513,-0,-3.63193,44,33,3,0,0,45.2699,0,-0.0872665,-3.64513,0.0850609,-0.257569,-0.00235296,0.274102,0.15
4528,2.14776,0,-1.56553e-18,-0.0451172,-0.066793,6.07447,-0.0255671,-3.64778,-0,-3.62065,44,33,3,0,0,45.2799,0,-0.0872665,-3.64778,0.0850312,-0.257116,-0.00199564,0.281708,0.15
4529,2.14776,0,0.0213059,-0.0338379,-0.00456356,6.07447,0.0266324,-3.64824,-0,-3.62065,44,33,3,0,0,45.2899,0,-0.0872665,-3.64824,0.0850435,-0.25664,-0.0015196,0.289294,0.15
4530,2.14796,0.0122173,0.00639178,-0.112793,0.0133899,6.07447,-0.00745708,-3.64826,-0,-3.65449,44,33,3,0,0,45.2999,0,-0.0872665,-3.64826,0.0850225,-0.256141,-0.00121251,0.296858,0.15
4531,2.14805,0.0139626,-0.00319589,0.0563965,0.0714925,6.07447,-0.00426119,-3.64623,-0,-3.74473,44,33,3,0,0,45.3099,0,-0.0872665,-3.64623,0.085044,-0.255619,-0.000786757,0.304401,0.15
4532,2.14815,0.00349066,0.0191753,0.0902344,0.140848,6.07447,0.0010653,-3.65196,-0,-3.74473,44,33,3,0,0,45.3199,0,-0.0872665,-3.65196,0.085016,-0.255075,-0.000338384,0.311919,0.15
4533,2.14834,0.0174533,0.00319589,0.135352,0.1665,6.07447,0.00319589,-3.6484,-0,-3.71089,44,33,3,0,0,45.3299,0,-0.0872665,-3.6484,0.0850248,-0.254508,3.68269e-05,0.319416,0.15
4534,2.14853,0.0261799,0.0127836,0.191748,0.18744,6.07447,-0.00532648,-3.65529,-0,-3.74473,44,33,3,0,0,45.3399,0,-0.0872665,-3.65529,0.0849867,-0.253919,0.000434667,0.326889,0.15
4535,2.14882,0.0331613,0.010653,0.259424,0.200547,6.07447,-0.00958767,-3.64013,-0,-3.72217,44,33,3,0,0,45.3499,0,-0.0872665,-3.64013,0.0850476,-0.253306,0.000759137,0.334336,0.15
4536,2.1493,0.0471239,0.010653,0.259424,0.172372,6.07447,0.0127836,-3.64668,-0,-3.72217,44,33,3,0,0,45.3599,0,-0.0872665,-3.64668,0.0850325,-0.252672,0.000914356,0.341759,0.15
4537,2.14968,0.0383972,0.0191753,0.146631,0.221689,6.07447,0.0308936,-3.64884,-0,-3.74473,44,33,3,0,0,45.3699,0,-0.0872665,-3.64971,0.0850313,-0.252015,0.00118793,0.349155,0.15
4538,2.15026,0.0628319,0.0308936,0.31582,0.199658,6.07447,0.0255671,-3.64918,-0,-3.74473,44,33,3,0,0,45.3799,0,-0.0872665,-3.64918,0.0850199,-0.251335,0.00129214,0.356526,0.15
4539,2.15102,0.102974,0.0266324,0.180469,0.183543,6.07447,0.00319589,-3.65038,-0,-3.72217,44,33,3,0,0,45.3899,0,-0.0872665,-3.65038,0.0850124,-0.250634,0.00122695,0.363869,0.15
4540,2.1517,0.0610865,0.0351548,0.135352,0.126949,6.07447,0.0127836,-3.64872,-0,-3.62065,44,33,3,0,0,45.3999,0,-0.0872665,-3.64872,0.0850374,-0.249909,0.00127986,0.371184,0.15
4541,2.15218,0.0331613,0.0298283,0.101514,0.138296,6.07447,0.00319589,-3.64764,-0,-3.64321,44,33,3,0,0,45.4099,0,-0.0872665,-3.64764,0.0850362,-0.249163,0.00154671,0.37847,0.15
4542,2.15256,0.0506145,0.039416,0.112793,0.175435,6.07447,-0.00852238,-3.6404,-0,-3.62065,44,33,3,0,0,45.4199,0,-0.0872665,-3.6404,0.0850677,-0.248395,0.00193159,0.385728,0.15
4543,2.15304,0.0558505,0.039416,0.248145,0.182467,6.07447,0.00639178,-3.6453,-0,-3.62065,44,33,3,0,0,45.4299,0,-0.0872665,-3.6453,0.0850568,-0.247604,0.00224267,0.392955,0.15
4544,2.15361,0.0558505,0.0521996,0.15791,0.145709,6.07447,-3.1963e-18,-3.64299,-0,-3.60938,44,33,3,0,0,45.4399,0,-0.0872665,-3.64299,0.0850776,-0.246792,0.00247981,0.400152,0.15
4545,2.15419,0.0593412,0.0372854,0.15791,0.234273,6.07447,0.00852238,-3.6461,-0,-3.60938,44,33,3,0,0,45.4499,0,-0.0872665,-3.6461,0.0850605,-0.245958,0.00273891,0.407318,0.15
4546,2.15486,0.0645772,0.0511343,0.180469,0.216531,6.07447,0.00532648,-3.65209,-0,-3.60938,44,33,3,0,0,45.4599,0,-0.0872665,-3.65209,0.085038,-0.245101,0.00292402,0.414452,0.15
4547,2.15543,0.0610865,0.0564607,0.191748,0.246442,6.07447,0.010653,-3.64657,-0,-3.60938,44,33,3,0,0,45.4699,0,-0.0872665,-3.64657,0.0850507,-0.244224,0.00322671,0.421554,0.15
4548,2.15601,0.0523599,0.0745708,0.248145,0.177712,6.07447,0.00532648,-3.6444,-0,-3.60938,44,33,3,0,0,45.4799,0,-0.0872665,-3.6444,0.0850346,-0.243324,0.00355115,0.428623,0.15
4549,2.15649,0.0331613,0.0532648,0.180469,0.23767,6.07447,0.0223712,-3.65614,-0,-3.64321,44,33,3,0,0,45.4899,0,-0.0872665,-3.65614,0.0849621,-0.242403,0.00399303,0.435658,0.15
4550,2.15687,0.0488692,0.078832,0.259424,0.334973,6.07447,-0.0245018,-3.64719,-0,-3.62065,44,33,3,0,0,45.4999,0,-0.0872665,-3.64719,0.0849642,-0.24146,0.00455243,0.442659,0.15
4551,2.15774,0.122173,0.0607219,0.360938,0.379622,6.07447,-0.00532648,-3.65303,-0,-3.60938,44,33,3,0,0,45.5099,0,-0.0872665,-3.65303,0.0849282,-0.240496,0.00465376,0.449625,0.15
4552,2.1586,0.0558505,0.0660484,0.394775,0.387177,6.07447,-0.0234365,-3.63804,-0,-3.60938,44,33,3,0,0,45.5199,0,-0.0872665,-3.63804,0.0849896,-0.23951,0.00477644,0.456555,0.15
4553,2.15927,0.0698132,0.0756361,0.394775,0.389586,6.07447,0.0202406,-3.64498,-0,-3.60938,44,33,3,0,0,45.5299,0,-0.0872665,-3.64498,0.0849816,-0.238503,0.00511221,0.463449,0.15
4554,2.15994,0.0645772,0.0841585,0.394775,0.412324,6.07447,-0.028763,-3.64989,-0,-3.62065,44,33,3,0,0,45.5399,0,-0.0872665,-3.64989,0.0849541,-0.237475,0.00546918,0.470307,0.15
4555,2.1608,0.0680678,0.0767014,0.372217,0.36185,6.07447,-0.010653,-3.65001,-0,-3.60938,44,33,3,0,0,45.5499,0,-0.0872665,-3.65001,0.0849613,-0.236426,0.00565547,0.477128,0.15
4556,2.16157,0.0942478,0.0724402,0.394775,0.420867,6.07447,-0.010653,-3.65016,-0,-3.63193,44,33,3,0,0,45.5599,0,-0.0872665,-3.65016,0.0849662,-0.235356,0.00595859,0.48391,0.15
4557,2.16253,0.0890118,0.0852238,0.304541,0.347442,6.07447,0.00852238,-3.64586,-0,-3.60938,44,33,3,0,0,45.5699,0,-0.0872665,-3.64586,0.0849963,-0.234265,0.00609102,0.490654,0.15
4558,2.16349,0.0890118,0.0937461,0.3271,0.261866,6.07447,-0.0010653,-3.64827,-0,-3.60938,44,33,3,0,0,45.5799,0,-0.0872665,-3.64827,0.084989,-0.233153,0.0062441,0.497358,0.15
4559,2.16435,0.10472,0.0873543,0.225586,0.321337,6.07447,-0.0170448,-3.64105,-0,-3.62065,44,33,3,0,0,45.5899,0,-0.0872665,-3.64105,0.0850042,-0.23202,0.00651397,0.504024,0.15
4560,2.16531,0.0855211,0.113987,0.31582,0.279098,6.07447,0.0149142,-3.65499,-0,-3.63193,44,33,3,0,0,45.5999,0,-0.0872665,-3.65499,0.0849536,-0.230867,0.00670831,0.510648,0.15
4561,2.16627,0.0925025,0.112921,0.281982,0.321017,6.07447,0.00426119,-3.63989,-0,-3.60938,44,33,3,0,0,45.6099,0,-0.0872665,-3.63989,0.0850166,-0.229693,0.00692324,0.517232,0.15
4562,2.16732,0.0959931,0.0926808,0.372217,0.384548,6.07447,0.0149142,-3.65334,-0,-3.60938,44,33,3,0,0,45.6199,0,-0.0872665,-3.65585,0.0849305,-0.228499,0.00706278,0.523774,0.15
4563,2.16828,0.0977384,0.121444,0.394775,0.391088,6.07447,-0.0191753,-3.64014,-0,-3.62065,44,33,3,0,0,45.6299,0,-0.0872665,-3.64014,0.0849872,-0.227285,0.00731845,0.530274,0.15
4564,2.16924,0.102974,0.10866,0.417334,0.448998,6.07447,-0.0245018,-3.64852,-0,-3.60938,44,33,3,0,0,45.6399,0,-0.0872665,-3.64852,0.0849226,-0.22605,0.0075943,0.536732,0.15
4565,2.1703,0.0959931,0.0958767,0.439893,0.430802,6.07447,-0.0298283,-3.64582,-0,-3.64321,44,33,3,0,0,45.6499,0,-0.0872665,-3.64582,0.0849297,-0.224796,0.00779432,0.543146,0.15
4566,2.17135,0.102974,0.109726,0.496289,0.465281,6.07447,0.010653,-3.65575,-0,-3.65449,44,33,3,0,0,45.6599,0,-0.0872665,-3.65575,0.0849091,-0.223521,0.00801434,0.549516,0.15
4567,2.1724,0.101229,0.131032,0.462451,0.44895,6.07447,-0.0436772,-3.65,-0,-3.65449,44,33,3,0,0,45.6699,0,-0.0872665,-3.65,0.0849064,-0.222226,0.00825419,0.555842,0.15
4568,2.17346,0.0942478,0.0990726,0.349658,0.493509,6.07447,0.0138489,-3.66078,-0,-3.63193,44,33,3,0,0,45.6799,0,-0.0872665,-3.66078,0.0848608,-0.220912,0.0085138,0.562123,0.15
4569,2.17461,0.0959931,0.107595,0.507568,0.491682,6.07447,-0.00426119,-3.65944,-0,-3.63193,44,33,3,0,0,45.6899,0,-0.0872665,-3.65944,0.0848542,-0.219578,0.00869728,0.568359,0.15
4570,2.17557,0.10472,0.122509,0.417334,0.559813,6.07447,-0.00213059,-3.65072,-0,-3.65449,44,33,3,0,0,45.6999,0,-0.0872665,-3.65072,0.0848785,-0.218225,0.00909186,0.574549,0.15
4571,2.17681,0.122173,0.107595,0.507568,0.62857,6.07447,-0.0127836,-3.65272,-0,-3.62065,44,33,3,0,0,45.7099,0,-0.0872665,-3.65272,0.0848592,-0.216852,0.0092182,0.580692,0.15
4572,2.17797,0.118682,0.112921,0.586523,0.588814,6.07447,-6.91445e-18,-3.64951,-0,-3.62065,44,33,3,0,0,45.7199,0,-0.0872665,-3.64951,0.0849037,-0.21546,0.00945968,0.586787,0.15
4573,2.17921,0.132645,0.116117,0.575244,0.564243,6.07447,-0.00213059,-3.65533,-0,-3.73345,44,33,3,0,0,45.7299,0,-0.0872665,-3.65533,0.0848825,-0.214049,0.00962459,0.592836,0.15
4574,2.18055,0.13439,0.150207,0.530127,0.424111,6.07447,0.010653,-3.65494,-0,-3.73345,44,33,3,0,0,45.7399,0,-0.0872665,-3.65494,0.0848942,-0.212619,0.00971238,0.598835,0.15
4575,2.1819,0.129154,0.14488,0.406055,0.418871,6.07447,0.00852238,-3.65975,-0,-3.74473,44,33,3,0,0,45.7499,0,-0.0872665,-3.65975,0.0848693,-0.21117,0.0098193,0.604787,0.15
4576,2.18324,0.13439,0.147011,0.372217,0.390605,6.07447,-0.0202406,-3.65059,-0,-3.73345,44,33,3,0,0,45.7599,0,-0.0872665,-3.65059,0.0848767,-0.209702,0.00994489,0.610689,0.15
4577,2.18468,0.150098,0.158729,0.439893,0.435756,6.07447,0.0340895,-3.66392,-0,-3.60938,44,33,3,0,0,45.7699,0,-0.0872665,-3.66649,0.0847999,-0.208216,0.00999319,0.616541,0.15
4578,2.18611,0.143117,0.156599,0.417334,0.426054,6.07447,-0.0404813,-3.65775,-0,-3.74473,44,33,3,0,0,45.7799,0,-0.0872665,-3.65775,0.0848006,-0.206711,0.0100599,0.622343,0.15
4579,2.18755,0.151844,0.135293,0.372217,0.411689,6.07447,0.010653,-3.66739,-0,-3.74473,44,33,3,0,0,45.7899,0,-0.0872665,-3.66739,0.0847639,-0.205187,0.0101452,0.628094,0.15
4580,2.18918,0.141372,0.145946,0.439893,0.320918,6.07447,-0.00213059,-3.66234,-0,-3.75601,44,33,3,0,0,45.7999,0,-0.0872665,-3.66234,0.0847717,-0.203646,0.0100569,0.633794,0.15
4581,2.19062,0.148353,0.14488,0.349658,0.269616,6.07447,-0.00213059,-3.66264,-0,-3.74473,44,33,3,0,0,45.8099,0,-0.0872665,-3.66264,0.0847677,-0.202086,0.0101782,0.639441,0.15
4582,2.19225,0.164061,0.16299,0.225586,0.304961,6.07447,-0.0138489,-3.6702,-0,-3.75601,44,33,3,0,0,45.8199,0,-0.0872665,-3.6702,0.0847221,-0.200509,0.010126,0.645037,0.15
4583,2.19378,0.153589,0.168317,0.270703,0.312887,6.07447,0.00426119,-3.6696,-0,-3.66577,44,33,3,0,0,45.8299,0,-0.0872665,-3.6696,0.0846965,-0.198913,0.0101874,0.650579,0.15
4584,2.19532,0.151844,0.156599,0.304541,0.267012,6.07447,-0.00319589,-3.66827,-0,-3.63193,44,33,3,0,0,45.8399,0,-0.0872665,-3.66827,0.0846817,-0.1973,0.0102664,0.656068,0.15
4585,2.19685,0.144862,0.159795,0.259424,0.312955,6.07447,0.00639178,-3.66793,-0,-3.62065,44,33,3,0,0,45.8499,0,-0.0872665,-3.66793,0.0846789,-0.19567,0.010363,0.661504,0.15
4586,2.19839,0.151844,0.138489,0.3271,0.397196,6.07447,0.0138489,-3.68329,-0,-3.65449,44,33,3,0,0,45.8599,0,-0.0872665,-3.68329,0.0845904,-0.194022,0.010477,0.666885,0.15
4587,2.19982,0.148353,0.112921,0.406055,0.517196,6.07447,-0.01811,-3.66944,-0,-3.63193,44,33,3,0,0,45.8699,0,-0.0872665,-3.66944,0.0846128,-0.192357,0.0107039,0.672211,0.15
4588,2.20126,0.137881,0.125705,0.552686,0.592558,6.07447,0.0255671,-3.67273,-0,-3.60938,44,33,3,0,0,45.8799,0,-0.0872665,-3.67287,0.0846134,-0.190674,0.0109481,0.677482,0.15
4589,2.2027,0.148353,0.153403,0.609082,0.608079,6.07447,-0.0234365,-3.67004,-0,-3.64321,44,33,3,0,0,45.8899,0,-0.0872665,-3.67004,0.0846086,-0.188975,0.0112092,0.682697,0.15
4590,2.20423,0.129154,0.134227,0.620361,0.598876,6.07447,0.00426119,-3.67382,-0,-3.67705,44,33,3,0,0,45.8999,0,-0.0872665,-3.67382,0.0846095,-0.187259,0.0113913,0.687856,0.15
4591,2.20577,0.150098,0.147011,0.631641,0.625566,6.07447,-0.0202406,-3.67065,-0,-3.62065,44,33,3,0,0,45.9099,0,-0.0872665,-3.67065,0.0846164,-0.185527,0.0115899,0.692959,0.15
4592,2.2073,0.16057,0.166186,0.563965,0.558188,6.07447,0.0159795,-3.67244,-0,-3.64321,44,33,3,0,0,45.9199,0,-0.0872665,-3.67244,0.0846303,-0.183778,0.011805,0.698004,0.15
4593,2.20884,0.158825,0.170448,0.609082,0.581789,6.07447,-0.00852238,-3.67503,-0,-3.63193,44,33,3,0,0,45.9299,0,-0.0872665,-3.67503,0.0845952,-0.182012,0.0120365,0.702992,0.15
4594,2.21047,0.169297,0.176839,0.64292,0.609112,6.07447,0.0351548,-3.6761,-0,-3.63193,44,33,3,0,0,45.9399,0,-0.0872665,-3.67793,0.0845648,-0.180231,0.0121882,0.707921,0.15
4595,2.2121,0.151844,0.173643,0.631641,0.630489,6.07447,-0.00852238,-3.67901,-0,-3.66577,44,33,3,0,0,45.9499,0,-0.0872665,-3.67901,0.0845504,-0.178433,0.0123558,0.712792,0.15
4596,2.21373,0.167552,0.167252,0.631641,0.706433,6.07447,0.010653,-3.67588,-0,-3.62065,44,33,3,0,0,45.9599,0,-0.0872665,-3.67588,0.084563,-0.176619,0.0125395,0.717605,0.15
4597,2.21555,0.164061,0.188558,0.665479,0.612518,6.07447,-0.010653,-3.68512,-0,-3.66577,44,33,3,0,0,45.9699,0,-0.0872665,-3.68512,0.0845273,-0.17479,0.012547,0.722358,0.15
4598,2.21727,0.18326,0.1811,0.609082,0.487842,6.07447,-0.0330242,-3.67135,-0,-3.65449,44,33,3,0,0,45.9799,0,-0.0872665,-3.67135,0.0845594,-0.172945,0.0126669,0.727054,0.15
4599,2.219,0.174533,0.188558,0.48501,0.440933,6.07447,0.0319589,-3.6878,-0,-3.67705,44,33,3,0,0,45.9899,0,-0.0872665,-3.68865,0.0845055,-0.171086,0.0128002,0.731685,0.15
4600,2.22072,0.16057,0.185362,0.428613,0.474752,6.07447,-0.00213059,-3.68038,-0,-3.64321,44,33,3,0,0,45.9999,0,-0.0872665,-3.68038,0.0844919,-0.16921,0.0129497,0.736257,0.15
4601,2.22264,0.191986,0.180035,0.507568,0.530393,6.07447,0.00745708,-3.68508,-0,-3.67705,44,33,3,0,0,46.0099,0,-0.0872665,-3.68508,0.0844393,-0.16732,0.0129225,0.740769,0.15
4602,2.22427,0.162316,0.170448,0.552686,0.561356,6.07447,-0.0266324,-3.67886,-0,-3.66577,44,33,3,0,0,46.0199,0,-0.0872665,-3.67886,0.0844422,-0.165415,0.0131976,0.745219,0.15
4603,2.22609,0.171042,0.183231,0.586523,0.618176,6.07447,0.0404813,-3.68626,-0,-3.66577,44,33,3,0,0,46.0299,0,-0.0872665,-3.68908,0.0844106,-0.163495,0.013296,0.749608,0.15
4604,2.22772,0.158825,0.174709,0.575244,0.617331,6.07447,-0.010653,-3.69338,-0,-3.67705,44,33,3,0,0,46.0399,0,-0.0872665,-3.69338,0.0843673,-0.161561,0.0136003,0.753934,0.15
4605,2.22955,0.193732,0.173643,0.631641,0.675544,6.07447,0.01811,-3.69391,-0,-3.67705,44,33,3,0,0,46.0499,0,-0.0872665,-3.69391,0.0843459,-0.159612,0.0137275,0.758198,0.15
4606,2.23137,0.188496,0.186427,0.699316,0.706303,6.07447,-0.00745708,-3.69486,-0,-3.68833,44,33,3,0,0,46.0599,0,-0.0872665,-3.69486,0.0843392,-0.15765,0.0138687,0.762399,0.15
4607,2.23328,0.188496,0.214125,0.64292,0.549664,6.07447,-0.010653,-3.68552,-0,-3.65449,44,33,3,0,0,46.0699,0,-0.0872665,-3.68552,0.0843944,-0.155673,0.013928,0.766537,0.15
4608,2.23511,0.178024,0.208798,0.439893,0.456763,6.07447,0.00426119,-3.69311,-0,-3.67705,44,33,3,0,0,46.0799,0,-0.0872665,-3.69311,0.0843478,-0.153682,0.0140971,0.770611,0.15
4609,2.23712,0.218166,0.208798,0.417334,0.465701,6.07447,0.00745708,-3.69674,-0,-3.65449,44,33,3,0,0,46.0899,0,-0.0872665,-3.69674,0.0842979,-0.151678,0.0140882,0.774621,0.15
4610,2.23913,0.207694,0.208798,0.47373,0.506126,6.07447,0.00213059,-3.70033,-0,-3.68833,44,33,3,0,0,46.0999,0,-0.0872665,-3.70033,0.0842661,-0.14966,0.0140925,0.778567,0.15
4611,2.24134,0.205949,0.191753,0.563965,0.433116,6.07447,-0.0404813,-3.68259,-0,-3.67705,44,33,3,0,0,46.1099,0,-0.0872665,-3.68259,0.0842976,-0.147629,0.0139185,0.782448,0.15
4612,2.24335,0.204204,0.237561,0.360938,0.33668,6.07447,0.0138489,-3.69927,-0,-3.77856,44,33,3,0,0,46.1199,0,-0.0872665,-3.69927,0.0842485,-0.145584,0.0139495,0.786264,0.15
4613,2.24536,0.197222,0.230104,0.372217,0.375643,6.07447,-0.0138489,-3.70035,-0,-3.80112,44,33,3,0,0,46.1299,0,-0.0872665,-3.70035,0.0842098,-0.143527,0.0139932,0.790014,0.15
4614,2.24738,0.21293,0.211994,0.451172,0.469974,6.07447,0.00639178,-3.70757,-0,-3.68833,44,33,3,0,0,46.1399,0,-0.0872665,-3.70757,0.0841678,-0.141458,0.0140498,0.793699,0.15
4615,2.24949,0.18675,0.205602,0.541406,0.52813,6.07447,-0.0159795,-3.69183,-0,-3.77856,44,33,3,0,0,46.1499,0,-0.0872665,-3.69183,0.0841847,-0.139375,0.0140231,0.797318,0.15
4616,2.2514,0.181514,0.206668,0.47373,0.559915,6.07447,0.0117183,-3.70805,-0,-3.76729,44,33,3,0,0,46.1599,0,-0.0872665,-3.70805,0.0841164,-0.13728,0.0142004,0.80087,0.15
4617,2.25323,0.188496,0.182166,0.620361,0.663154,6.07447,-0.0149142,-3.70877,-0,-3.80112,44,33,3,0,0,46.1699,0,-0.0872665,-3.70877,0.0840946,-0.135173,0.0144859,0.804356,0.15
4618,2.25524,0.204204,0.204537,0.766992,0.732565,6.07437,0.0245018,-3.71022,-0,-3.80112,44,33,3,0,0,46.1799,0,-0.0872665,-3.71022,0.0840623,-0.133054,0.0145915,0.807774,0.15
4619,2.25716,0.185005,0.205602,0.778271,0.765175,6.07437,-0.0117183,-3.70406,-0,-3.80112,44,33,3,0,0,46.1899,0,-0.0872665,-3.70406,0.0840832,-0.130923,0.0148048,0.811126,0.15
4620,2.25907,0.191986,0.200276,0.721875,0.698345,6.07437,0.00958767,-3.70312,-0,-3.66577,44,33,3,0,0,46.1999,0,-0.0872665,-3.70312,0.0841241,-0.128781,0.01503,0.81441,0.15
4621,2.26109,0.193732,0.191753,0.721875,0.729663,6.07437,-0.0127836,-3.70889,-0,-3.66577,44,33,3,0,0,46.2099,0,-0.0872665,-3.70889,0.0840998,-0.126627,0.0151704,0.817625,0.15
4622,2.2631,0.197222,0.191753,0.744434,0.655861,6.07437,0.00958767,-3.70577,-0,-3.65449,44,33,3,0,0,46.2199,0,-0.0872665,-3.70577,0.0841011,-0.124462,0.0153222,0.820773,0.15
4623,2.26511,0.216421,0.206668,0.710596,0.658807,6.07437,0.00532648,-3.70685,-0,-3.68833,44,33,3,0,0,46.2299,0,-0.0872665,-3.70685,0.0841133,-0.122285,0.0154852,0.823852,0.15
4624,2.26742,0.244346,0.204537,0.710596,0.653848,6.07437,0.0127836,-3.70639,-0,-3.67705,44,33,3,0,0,46.2399,0,-0.0872665,-3.70639,0.0841133,-0.120098,0.0153714,0.826863,0.15
4625,2.26952,0.233874,0.217321,0.64292,0.536539,6.07437,0.00319589,-3.71023,-0,-3.67705,44,33,3,0,0,46.2499,0,-0.0872665,-3.71023,0.0841068,-0.117901,0.0154597,0.829804,0.15
4626,2.27173,0.198968,0.231169,0.496289,0.486424,6.07437,-0.0223712,-3.70205,-0,-3.68833,44,33,3,0,0,46.2599,0,-0.0872665,-3.70205,0.0841443,-0.115692,0.0154631,0.832676,0.15
4627,2.27393,0.240855,0.2333,0.417334,0.424404,6.07437,0.00958767,-3.71133,-0,-3.67705,44,33,3,0,0,46.2699,0,-0.0872665,-3.71133,0.0840616,-0.113474,0.0154763,0.835479,0.15
4628,2.27624,0.219911,0.229039,0.518848,0.478973,6.07437,-0.0117183,-3.70991,-0,-3.68833,44,33,3,0,0,46.2799,0,-0.0872665,-3.70991,0.08404,-0.111245,0.0154041,0.838212,0.15
4629,2.27844,0.223402,0.221582,0.48501,0.507311,6.07437,0.0255671,-3.71685,-0,-3.65449,44,33,3,0,0,46.2899,0,-0.0872665,-3.71736,0.0839858,-0.109007,0.0154373,0.840874,0.15
4630,2.28055,0.21293,0.217321,0.451172,0.560589,6.07437,-0.0138489,-3.7149,-0,-3.68833,44,33,3,0,0,46.2999,0,-0.0872665,-3.7149,0.083968,-0.106759,0.0155763,0.843467,0.15
4631,2.28285,0.207694,0.218386,0.507568,0.592725,6.07437,0.0159795,-3.73169,-0,-3.66577,44,33,3,0,0,46.3099,0,-0.0872665,-3.73169,0.0838942,-0.104501,0.0155329,0.845989,0.15
4632,2.28506,0.230383,0.225843,0.586523,0.576784,6.07437,-0.028763,-3.72805,-0,-3.72217,44,33,3,0,0,46.3199,0,-0.0872665,-3.72805,0.0838661,-0.102234,0.0155948,0.848441,0.15
4633,2.28717,0.178024,0.207733,0.518848,0.508384,6.07437,0.0010653,-3.72746,-0,-3.73345,44,33,3,0,0,46.3299,0,-0.0872665,-3.72746,0.0838597,-0.0999581,0.0157616,0.850821,0.15
4634,2.28937,0.223402,0.210929,0.496289,0.526326,6.07437,-0.0138489,-3.72867,-0,-3.72217,44,33,3,0,0,46.3399,0,-0.0872665,-3.72867,0.08381,-0.0976733,0.0158413,0.853131,0.15
4635,2.29158,0.230383,0.239692,0.552686,0.569565,6.07437,-0.00745708,-3.73035,-0,-3.72217,44,33,3,0,0,46.3499,0,-0.0872665,-3.73035,0.0837687,-0.0953798,0.0159297,0.855369,0.15
4636,2.29407,0.230383,0.227974,0.64292,0.571483,6.07437,-0.00426119,-3.73098,-0,-3.69961,44,33,3,0,0,46.3599,0,-0.0872665,-3.73098,0.0837564,-0.0930777,0.0157391,0.857535,0.15
4637,2.29627,0.226893,0.234365,0.496289,0.570223,6.07437,-0.00426119,-3.72444,-0,-3.69961,44,33,3,0,0,46.3699,0,-0.0872665,-3.72444,0.0837743,-0.0907675,0.0158442,0.85963,0.15
4638,2.29848,0.223402,0.222647,0.563965,0.479246,6.07437,0.0223712,-3.7425,-0,-3.69961,44,33,3,0,0,46.3799,0,-0.0872665,-3.7427,0.0836838,-0.088449,0.0159576,0.861653,0.15
4639,2.30078,0.247837,0.216255,0.586523,0.575083,6.07437,-0.0330242,-3.73238,-0,-3.69961,44,33,3,0,0,46.3899,0,-0.0872665,-3.73238,0.0836684,-0.0861229,0.0159827,0.863603,0.15
4640,2.30298,0.204204,0.210929,0.563965,0.580579,6.07437,0.0213059,-3.74097,-0,-3.69961,44,33,3,0,0,46.3999,0,-0.0872665,-3.74097,0.0836141,-0.083789,0.0161115,0.865482,0.15
4641,2.30519,0.221657,0.21519,0.631641,0.668358,6.07437,-0.0319589,-3.73258,-0,-3.73345,44,33,3,0,0,46.4099,0,-0.0872665,-3.73258,0.0836139,-0.0814476,0.0162478,0.867288,0.15
4642,2.3073,0.226893,0.210929,0.755713,0.73117,6.07437,0.0308936,-3.74393,-0,-3.73345,44,33,3,0,0,46.4199,0,-0.0872665,-3.74612,0.0835507,-0.0790992,0.016487,0.869021,0.15
4643,2.3096,0.214675,0.222647,0.778271,0.789792,6.07437,0.0127836,-3.74557,-0,-3.73345,44,33,3,0,0,46.4299,0,-0.0872665,-3.74557,0.0835566,-0.0767436,0.0165417,0.870682,0.15
4644,2.31171,0.216421,0.214125,0.744434,0.760713,6.07437,0.0138489,-3.73822,-0,-3.72217,44,33,3,0,0,46.4399,0,-0.0872665,-3.73822,0.0835975,-0.0743811,0.0167949,0.87227,0.15
4645,2.31401,0.228638,0.224778,0.778271,0.718521,6.07437,-0.00532648,-3.73889,-0,-3.72217,44,33,3,0,0,46.4499,0,-0.0872665,-3.73889,0.0836056,-0.0720121,0.0168629,0.873785,0.15
4646,2.31641,0.226893,0.226908,0.699316,0.717703,6.07437,0.0223712,-3.74375,-0,-3.72217,44,33,3,0,0,46.4599,0,-0.0872665,-3.7438,0.083584,-0.0696367,0.0168415,0.875226,0.15
4647,2.3189,0.270526,0.237561,0.597803,0.556537,6.07437,-0.00958767,-3.74939,-0,-3.83496,44,33,3,0,0,46.4699,0,-0.0872665,-3.74939,0.0835439,-0.0672552,0.0167303,0.876594,0.15
4648,2.3213,0.249582,0.248214,0.609082,0.456665,6.07437,-0.00319589,-3.74453,-0,-3.84624,44,33,3,0,0,46.4799,0,-0.0872665,-3.74453,0.0835855,-0.0648677,0.0167209,0.877889,0.15
4649,2.32389,0.246091,0.258867,0.428613,0.413999,6.07437,-0.00319589,-3.75075,-0,-3.72217,44,33,3,0,0,46.4899,0,-0.0872665,-3.75075,0.0835553,-0.0624743,0.0165257,0.879111,0.15
4650,2.32628,0.256563,0.262063,0.304541,0.329855,6.07437,0.00213059,-3.75501,-0,-3.85752,44,33,3,0,0,46.4999,0,-0.0872665,-3.75501,0.0834712,-0.0600754,0.0165278,0.880258,0.15
4651,2.32877,0.232129,0.254606,0.439893,0.381901,6.07437,0.00958767,-3.76162,-0,-3.84624,44,33,3,0,0,46.5099,0,-0.0872665,-3.76162,0.0833998,-0.0576713,0.0164392,0.881332,0.15
4652,2.33127,0.235619,0.224778,0.507568,0.398811,6.07437,-0.0138489,-3.75635,-0,-3.85752,44,33,3,0,0,46.5199,0,-0.0872665,-3.75635,0.0833746,-0.055262,0.0163557,0.882332,0.15
4653,2.33338,0.240855,0.243953,0.47373,0.518805,6.07437,0.00852238,-3.75943,-0,-3.84624,44,33,3,0,0,46.5299,0,-0.0872665,-3.75943,0.0833198,-0.0528477,0.0166608,0.883258,0.15
4654,2.33577,0.221657,0.222647,0.552686,0.638808,6.07437,-0.0149142,-3.76424,-0,-3.84624,44,33,3,0,0,46.5399,0,-0.0872665,-3.76424,0.0832627,-0.0504288,0.0166829,0.88411,0.15
4655,2.33807,0.232129,0.209863,0.721875,0.719339,6.07437,0.01811,-3.76784,-0,-3.84624,44,33,3,0,0,46.5499,0,-0.0872665,-3.76784,0.0832399,-0.0480054,0.0168053,0.884888,0.15
4656,2.34028,0.216421,0.25141,0.665479,0.635109,6.07437,-0.00319589,-3.76224,-0.00872665,-3.84624,44,33,3,0,0,46.5599,0,-0.0872665,-3.76224,0.0832498,-0.0455778,0.0170278,0.885592,0.15
4657,2.34248,0.232129,0.213059,0.665479,0.738947,6.07428,0.0383507,-3.76697,-0,-3.84624,44,33,3,0,0,46.5699,0,-0.0872665,-3.76996,0.0832117,-0.0431461,0.0172544,0.886222,0.15
4658,2.34498,0.258309,0.256737,0.812109,0.678829,6.07428,-0.00213059,-3.77981,-0,-3.84624,44,33,3,0,0,46.5799,0,-0.0872665,-3.77981,0.0831386,-0.0407107,0.0171971,0.886777,0.15
4659,2.34728,0.237365,0.237561,0.744434,0.660452,6.07428,-0.00852238,-3.7672,-0,-3.73345,44,33,3,0,0,46.5899,0,-0.0872665,-3.7672,0.0831986,-0.0382714,0.0173354,0.887258,0.15
4660,2.34968,0.246091,0.238627,0.631641,0.573667,6.07428,-0.00319589,-3.77617,-0,-3.8688,44,33,3,0,0,46.5999,0,-0.0872665,-3.77617,0.0831347,-0.0358289,0.0173811,0.887665,0.15
4661,2.35217,0.254818,0.245018,0.64292,0.531351,6.07428,-0.0298283,-3.77428,-0,-3.85752,44,33,3,0,0,46.6099,0,-0.0872665,-3.77428,0.0830979,-0.0333832,0.0173341,0.887997,0.15
4662,2.35456,0.216421,0.247149,0.575244,0.597496,6.07428,-0.00426119,-3.78125,-0,-3.76729,44,33,3,0,0,46.6199,0,-0.0872665,-3.78125,0.0830266,-0.0309345,0.0173859,0.888255,0.15
4663,2.35696,0.246091,0.2333,0.597803,0.657177,6.07428,-0.0255671,-3.77259,-0,-3.76729,44,33,3,0,0,46.6299,0,-0.0872665,-3.77259,0.0830251,-0.028483,0.0174406,0.888438,0.15
4664,2.35936,0.249582,0.213059,0.733154,0.723905,6.07428,0.0117183,-3.77944,-0,-3.74473,44,33,3,0,0,46.6399,0,-0.0872665,-3.77944,0.0829968,-0.026029,0.0174977,0.888547,0.15
4665,2.36185,0.214675,0.237561,0.699316,0.715746,6.07428,-0.0117183,-3.77726,-0,-3.74473,44,33,3,0,0,46.6499,0,-0.0872665,-3.77726,0.083022,-0.0235727,0.0174613,0.888582,0.15
4666,2.36425,0.260054,0.26952,0.665479,0.661509,6.07428,0.0127836,-3.7853,-0,-3.73345,44,33,3,0,0,46.6599,0,-0.0872665,-3.7853,0.0829883,-0.0211142,0.0175229,0.888542,0.15
4667,2.36664,0.260054,0.240757,0.64292,0.628865,6.07428,-0.0117183,-3.77761,-0,-3.75601,44,33,3,0,0,46.6699,0,-0.0872665,-3.77761,0.083004,-0.018654,0.0175863,0.888427,0.15
4668,2.36923,0.232129,0.260998,0.530127,0.515154,6.07428,0.0170448,-3.78279,-0,-3.73345,44,33,3,0,0,46.6799,0,-0.0872665,-3.78279,0.0830116,-0.0161922,0.0174595,0.888238,0.15
4669,2.37192,0.296706,0.255671,0.48501,0.474003,6.07428,0.00958767,-3.79131,-0,-3.75601,44,33,3,0,0,46.6899,0,-0.0872665,-3.79131,0.0829462,-0.0137286,0.0172386,0.887974,0.15
4670,2.37441,0.261799,0.268455,0.462451,0.404542,6.07428,-0.00319589,-3.78322,-0,-3.78984,44,33,3,0,0,46.6999,0,-0.0872665,-3.78322,0.0829637,-0.0112642,0.0172103,0.887636,0.15
4671,2.377,0.228638,0.255671,0.394775,0.423443,6.07428,-0.0245018,-3.78682,-0,-3.75601,44,33,3,0,0,46.7099,0,-0.0872665,-3.78682,0.0829259,-0.00879852,0.0170874,0.887224,0.15
4672,2.37949,0.246091,0.265259,0.360938,0.420482,6.07428,-0.00532648,-3.79368,-0,-3.76729,44,33,3,0,0,46.7199,0,-0.0872665,-3.79368,0.0828638,-0.00633231,0.0170609,0.886737,0.15
4673,2.38189,0.253073,0.229039,0.496289,0.540492,6.07428,-0.0127836,-3.80556,-0,-3.75601,44,33,3,0,0,46.7299,0,-0.0872665,-3.80556,0.0827561,-0.0038653,0.0171311,0.886176,0.15
4674,2.38429,0.214675,0.238627,0.654199,0.654161,6.07428,-0.00319589,-3.79574,-0,-3.75601,44,33,3,0,0,46.7399,0,-0.0872665,-3.79574,0.0827778,-0.00139794,0.0172016,0.885541,0.15
4675,2.38659,0.230383,0.224778,0.654199,0.721171,6.07428,0.00319589,-3.8077,-0,-3.78984,44,33,3,0,0,46.7499,0,-0.0872665,-3.8077,0.0827088,0.00106927,0.0173678,0.884831,0.15
4676,2.38889,0.232129,0.249279,0.778271,0.76382,6.07428,-0.00532648,-3.80033,-0,-3.75601,44,33,3,0,0,46.7599,0,-0.0872665,-3.80033,0.08271,0.0035366,0.0175342,0.884048,0.15
4677,2.39119,0.228638,0.235431,0.823389,0.79629,6.07428,0.00745708,-3.80358,-0,-3.76729,44,33,3,0,0,46.7699,0,-0.0872665,-3.80358,0.0826886,0.00600373,0.0177003,0.88319,0.15
4678,2.39349,0.226893,0.245018,0.721875,0.760825,6.07428,-0.0149142,-3.80408,-0,-3.76729,44,33,3,0,0,46.7799,0,-0.0872665,-3.80408,0.082666,0.00847021,0.0178658,0.882258,0.15
4679,2.39589,0.223402,0.220516,0.766992,0.739991,6.07428,-0.0191753,-3.80406,-0,-3.78984,44,33,3,0,0,46.7899,0,-0.0872665,-3.80406,0.082648,0.0109357,0.0179344,0.881253,0.15
4680,2.39847,0.249582,0.234365,0.755713,0.647687,6.07428,-0.0245018,-3.8067,-0,-3.76729,44,33,3,0,0,46.7999,0,-0.0872665,-3.8067,0.0826284,0.0134005,0.0178107,0.880173,0.15
4681,2.40078,0.256563,0.241822,0.597803,0.615555,6.07428,0.0127836,-3.81703,-0,-3.76729,44,33,3,0,0,46.8099,0,-0.0872665,-3.81703,0.0825896,0.0158641,0.0179733,0.87902,0.15
4682,2.40336,0.228638,0.246084,0.563965,0.52647,6.07428,-0.00213059,-3.82192,-0,-3.78984,44,33,3,0,0,46.8199,0,-0.0872665,-3.82192,0.08253,0.0183262,0.0178469,0.877793,0.15
4683,2.40586,0.263545,0.247149,0.552686,0.532819,6.07418,0.0117183,-3.82318,-0,-3.8124,44,33,3,0,0,46.8299,0,-0.0872665,-3.82318,0.0824704,0.0207867,0.0178146,0.876492,0.15
4684,2.40825,0.263545,0.243953,0.541406,0.614456,6.07418,0.0255671,-3.83505,-0,-3.8124,44,33,3,0,0,46.8399,0,-0.0872665,-3.83505,0.0823874,0.0232452,0.0178763,0.875118,0.15
4685,2.41084,0.233874,0.241822,0.609082,0.632593,6.07418,0.010653,-3.81872,-0,-3.77856,44,33,3,0,0,46.8499,0,-0.0872665,-3.81872,0.0824382,0.025702,0.0177444,0.873671,0.15
4686,2.41334,0.261799,0.26739,0.654199,0.598277,6.07418,-0.0255671,-3.82417,-0,-3.80112,44,33,3,0,0,46.8599,0,-0.0872665,-3.82417,0.082394,0.0281562,0.017706,0.872151,0.15
4687,2.41573,0.254818,0.254606,0.496289,0.539538,6.07418,-0.010653,-3.82273,-0,-3.8124,44,33,3,0,0,46.8699,0,-0.0872665,-3.82273,0.0823873,0.030608,0.0177609,0.870557,0.15
4688,2.41832,0.237365,0.248214,0.665479,0.559342,6.07418,0.0117183,-3.83539,-0,-3.78984,44,33,3,0,0,46.8799,0,-0.0872665,-3.83539,0.0823364,0.0330571,0.0176214,0.868891,0.15
4689,2.42081,0.253073,0.238627,0.563965,0.513301,6.07418,-0.0149142,-3.82802,-0,-3.8124,44,33,3,0,0,46.8899,0,-0.0872665,-3.82802,0.0823198,0.0355034,0.017575,0.867152,0.15
4690,2.42331,0.272271,0.270585,0.47373,0.533415,6.07418,-0.0010653,-3.83714,-0,-3.80112,44,33,3,0,0,46.8999,0,-0.0872665,-3.83714,0.0822722,0.0379463,0.0175252,0.865341,0.15
4691,2.42589,0.242601,0.252475,0.563965,0.527051,6.07418,-0.00426119,-3.83554,-0,-3.91392,44,33,3,0,0,46.9099,0,-0.0872665,-3.83554,0.0822673,0.0403859,0.0173762,0.863457,0.15
4692,2.42858,0.249582,0.241822,0.586523,0.440108,6.07418,0.0255671,-3.83868,-0,-3.82368,44,33,3,0,0,46.9199,0,-0.0872665,-3.83868,0.082238,0.0428219,0.0171277,0.8615,0.15
4693,2.43078,0.235619,0.252475,0.47373,0.436156,6.07418,0.00213059,-3.84315,-0,-3.90264,44,33,3,0,0,46.9299,0,-0.0872665,-3.84315,0.0821537,0.0452542,0.0173549,0.859472,0.15
4694,2.43309,0.226893,0.217321,0.406055,0.529008,6.07418,0.0266324,-3.84919,-0,-3.90264,44,33,3,0,0,46.9399,0,-0.0872665,-3.8495,0.0821106,0.0476833,0.0174831,0.857371,0.15
4695,2.43558,0.247837,0.220516,0.631641,0.649009,6.07418,-0.0149142,-3.85875,-0,-3.93647,44,33,3,0,0,46.9499,0,-0.0872665,-3.85875,0.0820134,0.0501064,0.0174134,0.8552,0.15
4696,2.43778,0.207694,0.240757,0.688037,0.769016,6.07418,0.00958767,-3.85094,-0,-3.9252,44,33,3,0,0,46.9599,0,-0.0872665,-3.85094,0.082036,0.0525259,0.0176278,0.852956,0.15
4697,2.44018,0.225147,0.229039,0.823389,0.834056,6.07418,-0.00852238,-3.85461,-0,-3.93647,44,33,3,0,0,46.9699,0,-0.0872665,-3.85461,0.0820163,0.054941,0.0176461,0.850641,0.15
4698,2.44248,0.237365,0.223712,0.913623,0.826562,6.07418,-0.00532648,-3.84762,-0,-3.9252,44,33,3,0,0,46.9799,0,-0.0872665,-3.84762,0.0820442,0.0573506,0.0177547,0.848256,0.15
4699,2.44469,0.205949,0.236496,0.755713,0.721607,6.07418,0.0149142,-3.85247,-0,-3.9252,44,33,3,0,0,46.9899,0,-0.0872665,-3.85247,0.0820341,0.0597556,0.0179546,0.845799,0.15
4700,2.44718,0.235619,0.240757,0.688037,0.663751,6.07418,0.00213059,-3.85305,-0,-3.93647,44,33,3,0,0,46.9999,0,-0.0872665,-3.85305,0.0820045,0.0621552,0.0178615,0.843271,0.15
4701,2.44958,0.244346,0.266324,0.609082,0.62334,6.07418,-0.0010653,-3.85527,-0.00872665,-3.84624,44,33,3,0,0,47.0099,0,-0.0872665,-3.85527,0.0819737,0.0645493,0.0178588,0.840673,0.15
4702,2.45216,0.225147,0.271651,0.518848,0.514861,6.07418,-0.0138489,-3.84461,-0,-3.80112,44,33,3,0,0,47.0199,0,-0.0872665,-3.84461,0.0820266,0.0669375,0.0176584,0.838005,0.15
4703,2.45475,0.263545,0.25141,0.462451,0.494002,6.07418,0.00426119,-3.86034,-0,-3.80112,44,33,3,0,0,47.0299,0,-0.0872665,-3.86034,0.0819623,0.0693199,0.0174521,0.835267,0.15
4704,2.45725,0.260054,0.272716,0.575244,0.442615,6.07418,0.0149142,-3.86516,-0,-3.80112,44,33,3,0,0,47.0399,0,-0.0872665,-3.86516,0.0818964,0.0716962,0.0173357,0.832459,0.15
4705,2.45974,0.230383,0.26952,0.360938,0.425589,6.07418,0.0351548,-3.86237,-0,-3.82368,44,33,3,0,0,47.0499,0,-0.0872665,-3.8648,0.08188,0.0740661,0.0172129,0.829581,0.15
4706,2.46223,0.260054,0.254606,0.31582,0.424253,6.07418,-0.00639178,-3.86317,-0,-3.82368,44,33,3,0,0,47.0599,0,-0.0872665,-3.86317,0.0818386,0.0764293,0.0170834,0.826635,0.15
4707,2.46453,0.23911,0.240757,0.439893,0.524651,6.07418,-0.00532648,-3.86177,-0,-3.85752,44,33,3,0,0,47.0699,0,-0.0872665,-3.86177,0.0818032,0.0787858,0.017139,0.823619,0.15
4708,2.46712,0.216421,0.230104,0.507568,0.55754,6.07408,-0.0010653,-3.87796,-0,-3.83496,44,33,3,0,0,47.0799,0,-0.0872665,-3.87796,0.0817322,0.0811353,0.0168998,0.820534,0.15
4709,2.46942,0.247837,0.221582,0.530127,0.560218,6.07408,-0.00319589,-3.87297,-0,-3.82368,44,33,3,0,0,47.0899,0,-0.0872665,-3.87297,0.0817304,0.0834774,0.016941,0.817382,0.15
4710,2.47163,0.226893,0.222647,0.609082,0.612971,6.07408,-0.0330242,-3.87848,-0.010472,-3.85752,44,33,3,0,0,47.0999,0,-0.0872665,-3.87848,0.0816856,0.0858125,0.017071,0.81416,0.15
4711,2.47402,0.221657,0.230104,0.665479,0.626614,6.07408,-0.0170448,-3.87844,-0,-3.84624,44,33,3,0,0,47.1099,0,-0.0872665,-3.87844,0.0816651,0.0881396,0.0170013,0.810872,0.15
4712,2.47623,0.240855,0.199211,0.64292,0.64324,6.07408,-0.00426119,-3.879,-0,-3.88008,44,33,3,0,0,47.1199,0,-0.0872665,-3.879,0.0816334,0.0904591,0.0171156,0.807515,0.15
4713,2.47853,0.218166,0.226908,0.654199,0.632885,6.07408,-0.0266324,-3.87706,-0,-3.83496,44,33,3,0,0,47.1299,0,-0.0872665,-3.87706,0.081634,0.0927703,0.0171259,0.804091,0.15
4714,2.48083,0.233874,0.240757,0.676758,0.640613,6.07408,-0.0159795,-3.89163,-0,-3.85752,44,33,3,0,0,47.1399,0,-0.0872665,-3.89163,0.0815946,0.0950736,0.0171282,0.8006,0.15
4715,2.48294,0.211185,0.234365,0.631641,0.621241,6.07408,0.00745708,-3.87902,-0,-3.85752,44,33,3,0,0,47.1499,0,-0.0872665,-3.87902,0.0815927,0.0973682,0.0173136,0.797043,0.15
4716,2.48524,0.240855,0.221582,0.699316,0.710014,6.07408,0.0117183,-3.88399,-0,-3.83496,44,33,3,0,0,47.1599,0,-0.0872665,-3.88399,0.0815453,0.0996543,0.0172987,0.793419,0.15
4717,2.48745,0.225147,0.229039,0.755713,0.69977,6.07408,-0.00852238,-3.88541,-0,-3.8688,44,33,3,0,0,47.1699,0,-0.0872665,-3.88541,0.0815154,0.101931,0.0173708,0.789729,0.15
4718,2.48955,0.193732,0.221582,0.676758,0.738657,6.07408,0.0138489,-3.88921,-0,-3.85752,44,33,3,0,0,47.1799,0,-0.0872665,-3.88921,0.0814918,0.1042,0.0175297,0.785974,0.15
4719,2.49186,0.244346,0.243953,0.733154,0.797474,6.07408,0.00426119,-3.89358,-0,-3.85752,44,33,3,0,0,47.1899,0,-0.0872665,-3.89358,0.0814371,0.106458,0.0174876,0.782153,0.15
4720,2.49406,0.219911,0.213059,0.812109,0.784084,6.07408,0.0202406,-3.89839,-0,-3.85752,44,33,3,0,0,47.1999,0,-0.0872665,-3.89839,0.0814121,0.108708,0.0175319,0.778267,0.15
4721,2.49636,0.205949,0.234365,0.755713,0.767864,6.07408,0.00532648,-3.89232,-0,-3.85752,44,33,3,0,0,47.2099,0,-0.0872665,-3.89232,0.0814559,0.110948,0.0174707,0.774316,0.15
4722,2.49857,0.235619,0.246084,0.676758,0.641071,6.07408,0.01811,-3.88861,-0,-3.83496,44,33,3,0,0,47.2199,0,-0.0872665,-3.88861,0.0814608,0.113178,0.0174956,0.770301,0.15
4723,2.50087,0.207694,0.240757,0.563965,0.581789,6.07408,-0.010653,-3.89799,-0,-3.89136,44,33,3,0,0,47.2299,0,-0.0872665,-3.89799,0.0814166,0.115397,0.0174144,0.766223,0.15
4724,2.50336,0.251327,0.217321,0.620361,0.571954,6.07408,-0.00532648,-3.89483,-0,-3.89136,44,33,3,0,0,47.2399,0,-0.0872665,-3.89483,0.081396,0.117607,0.0171313,0.76208,0.15
4725,2.50576,0.247837,0.210929,0.462451,0.462768,6.07408,-0.00532648,-3.90135,-0,-3.85752,44,33,3,0,0,47.2499,0,-0.0872665,-3.90135,0.0813641,0.119806,0.0169336,0.757874,0.15
4726,2.50815,0.237365,0.250345,0.507568,0.411487,6.07408,0.00213059,-3.90009,-0,-3.8688,44,33,3,0,0,47.2599,0,-0.0872665,-3.90009,0.0813618,0.121995,0.0167254,0.753605,0.15
4727,2.51036,0.235619,0.248214,0.394775,0.377321,6.07408,-0.010653,-3.91315,-0,-3.89136,44,33,3,0,0,47.2699,0,-0.0872665,-3.91315,0.0812507,0.124172,0.0166979,0.749274,0.15
4728,2.51266,0.216421,0.235431,0.394775,0.468006,6.07408,-0.010653,-3.90556,-0,-4.00415,44,33,3,0,0,47.2799,0,-0.0872665,-3.90556,0.0812146,0.126339,0.0165636,0.744881,0.15
4729,2.51487,0.218166,0.21519,0.518848,0.549928,6.07408,0.00213059,-3.91181,-0,-3.98159,44,33,3,0,0,47.2899,0,-0.0872665,-3.91181,0.0811471,0.128495,0.016514,0.740426,0.15
4730,2.51688,0.205949,0.199211,0.620361,0.661447,6.07408,-0.00639178,-3.92005,-0,-3.91392,44,33,3,0,0,47.2999,0,-0.0872665,-3.92005,0.0810859,0.130639,0.0166447,0.735909,0.15
4731,2.51908,0.197222,0.206668,0.744434,0.781443,6.07399,0.00745708,-3.91746,-0,-4.00415,44,33,3,0,0,47.3099,0,-0.0872665,-3.91746,0.0810778,0.132771,0.016572,0.731332,0.15
4732,2.5211,0.204204,0.206668,0.744434,0.790051,6.07399,-0.0159795,-3.91809,-0,-3.93647,44,33,3,0,0,47.3199,0,-0.0872665,-3.91809,0.0810607,0.134892,0.0166793,0.726694,0.15
4733,2.52311,0.193732,0.19708,0.80083,0.701264,6.07399,-0.00852238,-3.91472,-0,-3.90264,44,33,3,0,0,47.3299,0,-0.0872665,-3.91472,0.0810655,0.137,0.0167745,0.721996,0.15
4734,2.52512,0.218166,0.217321,0.665479,0.755301,6.07399,-0.0170448,-3.9172,-0,-3.90264,44,33,3,0,0,47.3399,0,-0.0872665,-3.9172,0.0810352,0.139097,0.0168576,0.717239,0.15
4735,2.52714,0.18675,0.210929,0.597803,0.711569,6.07399,-0.00745708,-3.92232,-0,-4.01543,44,33,3,0,0,47.3499,0,-0.0872665,-3.92232,0.0810133,0.141181,0.0169284,0.712422,0.15
4736,2.52934,0.244346,0.202406,0.620361,0.746399,6.07399,-0.00958767,-3.92499,-0,-4.01543,44,33,3,0,0,47.3599,0,-0.0872665,-3.92499,0.0809632,0.143252,0.0167948,0.707546,0.15
4737,2.53136,0.200713,0.206668,0.654199,0.707905,6.07399,-0.00958767,-3.92017,-0,-4.01543,44,33,3,0,0,47.3699,0,-0.0872665,-3.92017,0.080982,0.145311,0.0168403,0.702612,0.15
4738,2.53356,0.204204,0.222647,0.699316,0.61363,6.07399,0.00213059,-3.9184,-0,-3.8688,44,33,3,0,0,47.3799,0,-0.0872665,-3.9184,0.0810176,0.147357,0.0166812,0.69762,0.15
4739,2.53538,0.205949,0.229039,0.541406,0.559848,6.07399,-0.0266324,-3.9179,-0,-3.89136,44,33,3,0,0,47.3899,0,-0.0872665,-3.9179,0.0809758,0.14939,0.0168925,0.69257,0.15
4740,2.53768,0.225147,0.211994,0.64292,0.614695,6.07399,0.0170448,-3.93446,-0,-3.99287,44,33,3,0,0,47.3999,0,-0.0872665,-3.93446,0.0808836,0.15141,0.0166112,0.687463,0.15
4741,2.5397,0.211185,0.192819,0.654199,0.693526,6.07399,-0.0213059,-3.92493,-0,-4.01543,44,33,3,0,0,47.4099,0,-0.0872665,-3.92493,0.0809114,0.153416,0.0166039,0.6823,0.15
4742,2.54171,0.179769,0.190688,0.676758,0.71282,6.07399,0.00319589,-3.92899,-0,-3.99287,44,33,3,0,0,47.4199,0,-0.0872665,-3.92899,0.0808962,0.155408,0.0165829,0.677081,0.15
4743,2.54372,0.230383,0.203472,0.721875,0.795321,6.07399,-0.0255671,-3.92593,-0,-3.90264,44,33,3,0,0,47.4299,0,-0.0872665,-3.92593,0.0808723,0.157387,0.0165484,0.671805,0.15
4744,2.54583,0.185005,0.193884,0.721875,0.716855,6.07399,0.00426119,-3.92641,-0,-3.90264,44,33,3,0,0,47.4399,0,-0.0872665,-3.92641,0.0808883,0.159352,0.0164039,0.666475,0.15
4745,2.54794,0.211185,0.205602,0.766992,0.613112,6.07399,-0.0127836,-3.92708,-0,-3.90264,44,33,3,0,0,47.4499,0,-0.0872665,-3.92708,0.0808864,0.161302,0.0162453,0.661089,0.15
4746,2.54996,0.205949,0.209863,0.631641,0.525,6.07399,0.00745708,-3.93089,-0,-3.91392,44,33,3,0,0,47.4599,0,-0.0872665,-3.93089,0.080867,0.163239,0.0161682,0.65565,0.15
4747,2.55206,0.20944,0.220516,0.507568,0.509618,6.07399,-0.01811,-3.93449,-0,-3.89136,44,33,3,0,0,47.4699,0,-0.0872665,-3.93449,0.0808133,0.16516,0.0159807,0.650157,0.15
4748,2.55417,0.235619,0.198145,0.518848,0.482623,6.07399,-0.00532648,-3.93556,-0,-3.90264,44,33,3,0,0,47.4799,0,-0.0872665,-3.93556,0.0808039,0.167067,0.0157785,0.64461,0.15
4749,2.55638,0.191986,0.236496,0.428613,0.351498,6.07399,-0.00532648,-3.93453,-0,-3.90264,44,33,3,0,0,47.4899,0,-0.0872665,-3.93453,0.0808004,0.16896,0.0154657,0.63901,0.15
4750,2.5583,0.216421,0.21519,0.349658,0.424915,6.07399,0.00213059,-3.93746,-0,-3.91392,44,33,3,0,0,47.4999,0,-0.0872665,-3.93746,0.0807796,0.170837,0.0154253,0.633359,0.15
4751,2.56021,0.171042,0.189623,0.451172,0.439692,6.07399,0.00639178,-3.95478,-0,-3.91392,44,33,3,0,0,47.5099,0,-0.0872665,-3.95478,0.0806756,0.172699,0.01537,0.627655,0.15
4752,2.56213,0.204204,0.183231,0.518848,0.535205,6.07399,-0.0138489,-3.94846,-0,-3.94775,44,33,3,0,0,47.5199,0,-0.0872665,-3.94846,0.0806235,0.174546,0.0152992,0.621901,0.15
4753,2.56405,0.16057,0.211994,0.597803,0.613468,6.07399,0.00852238,-3.94996,-0,-3.91392,44,33,3,0,0,47.5299,0,-0.0872665,-3.94996,0.080597,0.176377,0.015213,0.616095,0.15
4754,2.56568,0.167552,0.188558,0.597803,0.665935,6.07399,-0.0159795,-3.94372,-0,-3.90264,44,33,3,0,0,47.5399,0,-0.0872665,-3.94372,0.080595,0.178192,0.0153986,0.610239,0.15
4755,2.5674,0.169297,0.171513,0.64292,0.775677,6.07399,-0.00532648,-3.95492,-0,-3.94775,44,33,3,0,0,47.5499,0,-0.0872665,-3.95492,0.0805423,0.179992,0.0154726,0.604333,0.15
4756,2.56913,0.176278,0.175774,0.857227,0.828189,6.07389,-0.00426119,-3.9598,-0,-3.93647,44,33,3,0,0,47.5599,0,-0.0872665,-3.9598,0.0804949,0.181776,0.0155306,0.598378,0.15
4757,2.57086,0.172788,0.174709,0.879785,0.836487,6.07389,0.00852238,-3.94562,-0,-3.90264,44,33,3,0,0,47.5699,0,-0.0872665,-3.94562,0.080577,0.183543,0.0155724,0.592375,0.15
4758,2.57249,0.15708,0.176839,0.755713,0.779813,6.07389,-0.00532648,-3.9567,-0,-3.94775,44,33,3,0,0,47.5799,0,-0.0872665,-3.9567,0.0805481,0.185295,0.0156939,0.586323,0.15
4759,2.57431,0.165806,0.176839,0.80083,0.781305,6.07389,-0.0117183,-3.94732,-0,-3.91392,44,33,3,0,0,47.5899,0,-0.0872665,-3.94732,0.0805828,0.187029,0.015607,0.580223,0.15
4760,2.57603,0.178024,0.177905,0.778271,0.739959,6.07389,-0.0138489,-3.96045,-0,-3.93647,44,33,3,0,0,47.5999,0,-0.0872665,-3.96045,0.080504,0.188748,0.0155996,0.574077,0.15
4761,2.57785,0.178024,0.192819,0.778271,0.714969,6.07389,-0.00426119,-3.95265,-0,-3.93647,44,33,3,0,0,47.6099,0,-0.0872665,-3.95265,0.0805252,0.190449,0.0154795,0.567883,0.15
4762,2.57958,0.179769,0.186427,0.654199,0.70689,6.07389,0.0213059,-3.96115,-0,-3.91392,44,33,3,0,0,47.6199,0,-0.0872665,-3.96115,0.0804832,0.192134,0.0154382,0.561644,0.15
4763,2.58159,0.193732,0.190688,0.710596,0.718334,6.07389,-0.00532648,-3.95868,-0,-3.91392,44,33,3,0,0,47.6299,0,-0.0872665,-3.95868,0.0804871,0.193801,0.0150923,0.55536,0.15
4764,2.58342,0.179769,0.185362,0.721875,0.648112,6.07389,-0.0010653,-3.97152,-0,-3.93647,44,33,3,0,0,47.6399,0,-0.0872665,-3.97152,0.0804435,0.195451,0.014921,0.54903,0.15
4765,2.58533,0.164061,0.203472,0.575244,0.478192,6.07389,-0.00426119,-3.96715,-0,-3.94775,44,33,3,0,0,47.6499,0,-0.0872665,-3.96715,0.0804446,0.197084,0.0146363,0.542657,0.15
4766,2.58696,0.167552,0.191753,0.428613,0.431849,6.07389,0.00426119,-3.97386,-0,-3.99287,44,33,3,0,0,47.6599,0,-0.0872665,-3.97386,0.0803797,0.1987,0.0146218,0.536239,0.15
4767,2.58878,0.204204,0.168317,0.439893,0.519268,6.07389,-0.01811,-3.96907,-0,-3.94775,44,33,3,0,0,47.6699,0,-0.0872665,-3.96907,0.080323,0.200297,0.0143979,0.529778,0.15
4768,2.59061,0.174533,0.172578,0.575244,0.631299,6.07389,0.00426119,-3.97261,-0,-3.9252,44,33,3,0,0,47.6799,0,-0.0872665,-3.97261,0.0803072,0.201877,0.0141563,0.523275,0.15
4769,2.59233,0.165806,0.176839,0.631641,0.623963,6.07389,-0.0245018,-3.96259,-0,-3.9252,44,33,3,0,0,47.6899,0,-0.0872665,-3.96259,0.08034,0.203439,0.0139925,0.516729,0.15
4770,2.59396,0.1309,0.153403,0.563965,0.557473,6.07389,0.0298283,-3.9733,-0,-3.94775,44,33,3,0,0,47.6999,0,-0.0872665,-3.97397,0.0802997,0.204983,0.0139066,0.510142,0.15
4771,2.5955,0.18675,0.157664,0.530127,0.583986,6.07389,0.0010653,-3.98209,-0,-3.94775,44,33,3,0,0,47.7099,0,-0.0872665,-3.98209,0.0802253,0.206509,0.0138984,0.503514,0.15
4772,2.59722,0.15708,0.155533,0.609082,0.58949,6.07389,-0.00213059,-3.97995,-0,-3.95903,44,33,3,0,0,47.7199,0,-0.0872665,-3.97995,0.0802315,0.208016,0.01368,0.496847,0.15
4773,2.59885,0.165806,0.180035,0.699316,0.546606,6.07389,-0.0213059,-3.97346,-0,-4.07183,44,33,3,0,0,47.7299,0,-0.0872665,-3.97346,0.0802431,0.209505,0.0135391,0.490139,0.15
4774,2.60048,0.155334,0.158729,0.518848,0.512471,6.07389,0.0234365,-3.9786,-0,-3.93647,44,33,3,0,0,47.7399,0,-0.0872665,-3.9786,0.0802389,0.210975,0.0133795,0.483392,0.15
4775,2.60192,0.144862,0.156599,0.552686,0.560553,6.07389,-0.0149142,-3.98579,-0.00872665,-4.07183,44,33,3,0,0,47.7499,0,-0.0872665,-3.98579,0.0801646,0.212427,0.013393,0.476606,0.15
4776,2.60345,0.155334,0.14488,0.575244,0.540364,6.07389,-0.00745708,-3.97971,-0,-4.06055,44,33,3,0,0,47.7599,0,-0.0872665,-3.97971,0.0801497,0.21386,0.0132916,0.469784,0.15
4777,2.60499,0.158825,0.14275,0.609082,0.650854,6.07389,0.0127836,-3.98991,-0,-4.07183,44,33,3,0,0,47.7699,0,-0.0872665,-3.98991,0.0800851,0.215273,0.0131714,0.462923,0.15
4778,2.60662,0.171042,0.149142,0.699316,0.652763,6.07389,0.00532648,-3.98089,-0,-4.04927,44,33,3,0,0,47.7799,0,-0.0872665,-3.98089,0.0801186,0.216668,0.0129362,0.456025,0.15
4779,2.60815,0.13439,0.153403,0.654199,0.582019,6.07389,-0.01811,-3.98348,-0,-3.99287,44,33,3,0,0,47.7899,0,-0.0872665,-3.98348,0.0801083,0.218043,0.0127774,0.449092,0.15
4780,2.60959,0.143117,0.167252,0.507568,0.464981,6.07389,0.00213059,-3.98496,-0,-4.08311,44,33,3,0,0,47.7999,0,-0.0872665,-3.98496,0.0800956,0.219399,0.0126953,0.442124,0.15
4781,2.61103,0.148353,0.113987,0.496289,0.499698,6.07389,0.010653,-3.99212,-0,-4.09438,44,33,3,0,0,47.8099,0,-0.0872665,-3.99212,0.0800611,0.220736,0.0125936,0.43512,0.15
4782,2.61247,0.146608,0.165121,0.451172,0.525172,6.0738,-0.0149142,-3.9903,-0,-4.07183,44,33,3,0,0,47.8199,0,-0.0872665,-3.9903,0.0800408,0.222052,0.0124723,0.428083,0.15
4783,2.6139,0.144862,0.140619,0.586523,0.627086,6.0738,-0.0010653,-3.99449,-0,-4.09438,44,33,3,0,0,47.8299,0,-0.0872665,-3.99449,0.0800057,0.22335,0.0123313,0.421011,0.15
4784,2.61534,0.13439,0.145946,0.744434,0.660414,6.0738,-0.0010653,-3.99838,-0,-3.97031,44,33,3,0,0,47.8399,0,-0.0872665,-3.99838,0.0799871,0.224627,0.0121706,0.413907,0.15
4785,2.61659,0.115192,0.120379,0.676758,0.635803,6.0738,0.00532648,-3.99902,-0,-3.97031,44,33,3,0,0,47.8499,0,-0.0872665,-3.99902,0.0799652,0.225884,0.0121814,0.406771,0.15
4786,2.61774,0.127409,0.117183,0.665479,0.711794,6.0738,-0.0245018,-4.00263,-0,-3.97031,44,33,3,0,0,47.8599,0,-0.0872665,-4.00263,0.0799236,0.227121,0.0122683,0.399602,0.15
4787,2.61908,0.116937,0.119313,0.778271,0.735844,6.0738,-0.0138489,-4.00334,-0.00349066,-3.97031,44,33,3,0,0,47.8699,0,-0.0872665,-4.00334,0.0799039,0.228339,0.0121432,0.392403,0.15
4788,2.62014,0.127409,0.127836,0.812109,0.788494,6.0738,-0.0127836,-4.00271,-0,-3.97031,44,33,3,0,0,47.8799,0,-0.0872665,-4.00271,0.079875,0.229535,0.0122854,0.385172,0.15
4789,2.62138,0.122173,0.113987,0.699316,0.788058,6.0738,-0.0213059,-3.99534,-0,-3.98159,44,33,3,0,0,47.8899,0,-0.0872665,-3.99534,0.0798879,0.230712,0.0122155,0.377913,0.15
4790,2.62263,0.118682,0.122509,0.857227,0.794079,6.0738,0.0191753,-4.0032,-0,-3.95903,44,33,3,0,0,47.8999,0,-0.0872665,-4.0032,0.0798723,0.231868,0.012125,0.370625,0.15
4791,2.62378,0.115192,0.131032,0.789551,0.752836,6.0738,-0.010653,-4.00054,-0,-3.94775,44,33,3,0,0,47.9099,0,-0.0872665,-4.00054,0.0798823,0.233003,0.0121099,0.363308,0.15
4792,2.62502,0.1309,0.119313,0.755713,0.699767,6.0738,0.0191753,-4.01072,-0,-3.95903,44,33,3,0,0,47.9199,0,-0.0872665,-4.01072,0.0798388,0.234118,0.0119782,0.355962,0.15
4793,2.62618,0.118682,0.137423,0.676758,0.643369,6.0738,-0.00958767,-4.00581,-0,-4.00415,44,33,3,0,0,47.9299,0,-0.0872665,-4.00581,0.0798407,0.235212,0.0119215,0.34859,0.15
4794,2.62742,0.109956,0.123574,0.654199,0.637975,6.0738,0.00532648,-4.01182,-0,-3.98159,44,33,3,0,0,47.9399,0,-0.0872665,-4.01182,0.0797921,0.236285,0.0117481,0.341192,0.15
4795,2.62857,0.118682,0.118248,0.654199,0.67781,6.0738,-0.0010653,-4.01464,-0,-3.99287,44,33,3,0,0,47.9499,0,-0.0872665,-4.01464,0.0797537,0.237337,0.0116496,0.333767,0.15
4796,2.62991,0.115192,0.119313,0.665479,0.671738,6.0738,0.0127836,-4.01455,-0,-3.98159,44,33,3,0,0,47.9599,0,-0.0872665,-4.01455,0.0797476,0.238367,0.0113383,0.326317,0.15
4797,2.63097,0.10472,0.131032,0.597803,0.595648,6.0738,-0.0266324,-4.01164,-0,-3.98159,44,33,3,0,0,47.9699,0,-0.0872665,-4.01164,0.0797456,0.239377,0.0112933,0.318843,0.15
4798,2.63222,0.123918,0.125705,0.563965,0.589177,6.0737,0.00532648,-4.01381,-0,-3.98159,44,33,3,0,0,47.9799,0,-0.0872665,-4.01381,0.0797345,0.240366,0.0110354,0.311345,0.15
4799,2.63346,0.122173,0.113987,0.552686,0.551049,6.0737,0.00532648,-4.01941,-0,-3.98159,44,33,3,0,0,47.9899,0,-0.0872665,-4.01941,0.0797148,0.241333,0.0107562,0.303823,0.15
4800,2.63471,0.118682,0.135293,0.507568,0.438766,6.0737,0.00745708,-4.01455,-0,-3.98159,44,33,3,0,0,47.9999,0,-0.0872665,-4.01455,0.0797317,0.242278,0.0104554,0.29628,0.15
4801,2.63586,0.115192,0.116117,0.383496,0.379514,6.0737,0.0149142,-4.02238,-0,-3.98159,44,33,3,0,0,48.0099,0,-0.0872665,-4.02238,0.0796856,0.243202,0.0102291,0.288714,0.15
4802,2.63701,0.115192,0.139554,0.360938,0.349072,6.0737,-0.0351548,-4.01128,-0,-3.99287,44,33,3,0,0,48.0199,0,-0.0872665,-4.01128,0.0796759,0.244105,0.00998117,0.281127,0.15
4803,2.63806,0.10472,0.119313,0.338379,0.392151,6.0737,0.00745708,-4.01731,-0,-4.01543,44,33,3,0,0,48.0299,0,-0.0872665,-4.01731,0.0796179,0.244986,0.00980741,0.273519,0.15
4804,2.63921,0.102974,0.0990726,0.372217,0.397108,6.0737,-0.00745708,-4.01528,-0,-3.99287,44,33,3,0,0,48.0399,0,-0.0872665,-4.01528,0.0795948,0.245845,0.00951602,0.265892,0.15
4805,2.64027,0.111701,0.102269,0.383496,0.453138,6.0737,0.0213059,-4.02145,-0,-4.00415,44,33,3,0,0,48.0499,0,-0.0872665,-4.02155,0.0795662,0.246682,0.00929868,0.258245,0.15
4806,2.64132,0.0994838,0.0830932,0.428613,0.448109,6.0737,-0.0319589,-4.0201,-0,-4.10566,44,33,3,0,0,48.0599,0,-0.0872665,-4.0201,0.0795662,0.247498,0.00905938,0.25058,0.15
4807,2.64219,0.0925025,0.0958767,0.586523,0.493312,6.0737,0.00319589,-4.01432,-0,-4.09438,44,33,3,0,0,48.0699,0,-0.0872665,-4.01432,0.0796073,0.248291,0.00898988,0.242897,0.15
4808,2.64295,0.0855211,0.0852238,0.48501,0.509502,6.0737,-0.0191753,-4.01904,-0,-4.01543,44,33,3,0,0,48.0799,0,-0.0872665,-4.01904,0.079583,0.249062,0.00899421,0.235197,0.15
4809,2.64391,0.0942478,0.0894849,0.552686,0.580934,6.0737,0.0117183,-4.0196,-0,-3.99287,44,33,3,0,0,48.0899,0,-0.0872665,-4.0196,0.0795842,0.249811,0.00878464,0.227481,0.15
4810,2.64477,0.0767945,0.0852238,0.586523,0.602331,6.0737,0.00213059,-4.02258,-0,-4.00415,44,33,3,0,0,48.0999,0,-0.0872665,-4.02258,0.0795802,0.250538,0.00864877,0.219748,0.15
4811,2.64554,0.0645772,0.0756361,0.518848,0.53326,6.0737,-0.00213059,-4.01389,-0,-4.00415,44,33,3,0,0,48.1099,0,-0.0872665,-4.01389,0.0796383,0.251243,0.00858653,0.212001,0.15
4812,2.64621,0.0645772,0.0830932,0.507568,0.54688,6.0737,0.0213059,-4.02044,-0.0122173,-3.99287,44,33,3,0,0,48.1199,0,-0.0872665,-4.02044,0.0796249,0.251926,0.00859784,0.204239,0.15
4813,2.64688,0.0767945,0.0735055,0.552686,0.604095,6.0737,-0.0213059,-4.01797,-0,-4.00415,44,33,3,0,0,48.1299,0,-0.0872665,-4.01797,0.0796174,0.252586,0.00858678,0.196464,0.15
4814,2.64765,0.0663225,0.068179,0.597803,0.658269,6.0737,0.00532648,-4.02237,-0.0174533,-3.99287,44,33,3,0,0,48.1399,0,-0.0872665,-4.02237,0.0796015,0.253223,0.00845741,0.188675,0.15
4815,2.64842,0.0663225,0.0607219,0.699316,0.697314,6.0737,-0.0159795,-4.00834,-0,-3.99287,44,33,3,0,0,48.1499,0,-0.0872665,-4.00834,0.0796617,0.253838,0.0083055,0.180875,0.15
4816,2.64909,0.0523599,0.0852238,0.676758,0.601927,6.07361,0.00319589,-4.01349,-0,-4.10566,44,33,3,0,0,48.1599,0,-0.0872665,-4.01349,0.0796771,0.254431,0.00822696,0.173062,0.15
4817,2.64966,0.0645772,0.0660484,0.620361,0.624258,6.07361,-0.0191753,-4.0069,-0.00698132,-4.08311,44,33,3,0,0,48.1699,0,-0.0872665,-4.0069,0.0797293,0.255001,0.00822164,0.165239,0.15
4818,2.65034,0.0575959,0.0735055,0.586523,0.609907,6.07361,0.0202406,-4.01921,-0,-3.97031,44,33,3,0,0,48.1799,0,-0.0872665,-4.01921,0.0796885,0.255548,0.0080979,0.157405,0.15
4819,2.65101,0.0558505,0.0649831,0.575244,0.557848,6.07361,-0.0340895,-4.00959,-0,-4.09438,44,33,3,0,0,48.1899,0,-0.0872665,-4.00959,0.0797026,0.256073,0.0079514,0.149562,0.15
4820,2.65168,0.0628319,0.0671137,0.586523,0.539133,6.07361,0.00852238,-4.01453,-0,-4.09438,44,33,3,0,0,48.1999,0,-0.0872665,-4.01453,0.0796852,0.256575,0.00778214,0.14171,0.15
4821,2.65225,0.0593412,0.057526,0.597803,0.596045,6.07361,0.0159795,-4.01766,-0,-3.99287,44,33,3,0,0,48.2099,0,-0.0872665,-4.01766,0.0796692,0.257054,0.007686,0.13385,0.15
4822,2.65283,0.0331613,0.0564607,0.575244,0.550604,6.07351,0.00639178,-4.01538,-0,-4.10566,44,33,3,0,0,48.2199,0,-0.0872665,-4.01538,0.0796958,0.25751,0.00756701,0.125982,0.15
4823,2.65331,0.0541052,0.0543301,0.597803,0.603389,6.07351,-0.00319589,-4.0242,-0.010472,-4.00415,44,33,3,0,0,48.2299,0,-0.0872665,-4.0242,0.0796279,0.257943,0.00752099,0.118108,0.15
4824,2.65369,0.0366519,0.0436772,0.597803,0.601914,6.07351,0.0255671,-4.02444,-0,-3.98159,44,33,3,0,0,48.2399,0,-0.0872665,-4.02444,0.0796271,0.258354,0.00754797,0.110228,0.15
4825,2.65417,0.0453786,0.0245018,0.609082,0.67867,6.07351,0.00745708,-4.02055,-0,-3.99287,44,33,3,0,0,48.2499,0,-0.0872665,-4.02055,0.079625,0.258741,0.0074561,0.102342,0.15
4826,2.65455,0.0349066,0.0490037,0.665479,0.697276,6.07351,0.0138489,-4.01662,-0,-3.98159,44,33,3,0,0,48.2599,0,-0.0872665,-4.01662,0.0796451,0.259106,0.00743715,0.0944517,0.15
4827,2.65494,0.0401426,0.0298283,0.699316,0.719804,6.07351,-0.0234365,-4.01498,-0,-3.98159,44,33,3,0,0,48.2699,0,-0.0872665,-4.01498,0.0796554,0.259447,0.00739515,0.0865578,0.15
4828,2.65532,0.020944,0.0223712,0.665479,0.672862,6.07351,0.00213059,-4.01813,-0,-3.95903,44,33,3,0,0,48.2799,0,-0.0872665,-4.01813,0.0796561,0.259766,0.00733015,0.0786598,0.15
4829,2.6557,0.0418879,0.0340895,0.721875,0.77587,6.07351,0.00639178,-4.01793,-0,-3.97031,44,33,3,0,0,48.2899,0,-0.0872665,-4.01793,0.0796555,0.260061,0.00724205,0.0707597,0.15
4830,2.65609,0.0314159,0.0170448,0.744434,0.724233,6.07351,-0.0191753,-4.00842,-0,-3.95903,44,33,3,0,0,48.2999,0,-0.0872665,-4.00842,0.0797022,0.260334,0.00713084,0.062858,0.15
4831,2.65638,0.020944,0.0330242,0.688037,0.61744,6.07351,0.01811,-4.01088,-0,-3.98159,44,33,3,0,0,48.3099,0,-0.0872665,-4.01088,0.0797141,0.260583,0.0070924,0.0549547,0.15
4832,2.65666,0.0331613,0.0383507,0.654199,0.644731,6.07351,-0.00958767,-4.01166,-0,-3.97031,44,33,3,0,0,48.3199,0,-0.0872665,-4.01166,0.0796916,0.260809,0.0070308,0.0470512,0.15
4833,2.65695,0.0331613,0.0138489,0.676758,0.675153,6.07351,0.0191753,-4.02041,-0,-3.97031,44,33,3,0,0,48.3299,0,-0.0872665,-4.02041,0.0796735,0.261012,0.00694604,0.039148,0.15
4834,2.65724,0.0296706,0.0223712,0.710596,0.704887,6.07351,-0.0245018,-4.01421,-0,-4.00415,44,33,3,0,0,48.3399,0,-0.0872665,-4.01421,0.0796907,0.261191,0.00683809,0.0312457,0.15
4835,2.65753,0.0174533,0.0127836,0.710596,0.679082,6.07351,0.0117183,-4.01134,-0,-3.97031,44,33,3,0,0,48.3499,0,-0.0872665,-4.01134,0.0797182,0.261348,0.00670695,0.023345,0.15
4836,2.65772,0.010472,0.0234365,0.676758,0.713107,6.07351,-0.0170448,-4.01525,-0,-3.98159,44,33,3,0,0,48.3599,0,-0.0872665,-4.01525,0.0796952,0.261481,0.00664845,0.0154471,0.15
4837,2.65801,0.0226893,0.0127836,0.755713,0.711556,6.07351,0.0170448,-4.01135,-0,-4.01543,44,33,3,0,0,48.3699,0,-0.0872665,-4.01135,0.079718,0.261591,0.00647087,0.00755149,0.15
4838,2.65829,0.0174533,0.0255671,0.721875,0.613354,6.07351,0.00319589,-4.01652,-0,-3.99287,44,33,3,0,0,48.3799,0,-0.0872665,-4.01652,0.0797048,0.261678,0.00627004,-0.000339368,0.15
4839,2.65839,0.0174533,0.0319589,0.597803,0.566681,6.07351,-0.00958767,-4.01007,-0,-3.98159,44,33,3,0,0,48.3899,0,-0.0872665,-4.01007,0.0797361,0.261741,0.00623772,-0.0082266,0.15
4840,2.65848,0.015708,0.0191753,0.586523,0.582671,6.07351,0.00532648,-4.02466,-0,-3.99287,44,33,3,0,0,48.3999,0,-0.0872665,-4.02466,0.0796812,0.261782,0.00618216,-0.0161086,0.15
4841,2.65868,0.0174533,0.0276977,0.64292,0.626384,6.07351,0.00852238,-4.01962,-0,-3.97031,44,33,3,0,0,48.4099,0,-0.0872665,-4.01962,0.0796848,0.261799,0.00600746,-0.0239843,0.15
4842,2.65887,0.0244346,0.0117183,0.688037,0.675008,6.07351,0.0117183,-4.02675,-0,-3.99287,44,33,3,0,0,48.4199,0,-0.0872665,-4.02675,0.0796723,0.261793,0.00580951,-0.0318536,0.15
4843,2.65906,0.00349066,0.028763,0.654199,0.514778,6.07351,0.00213059,-4.01712,-0,-3.99287,44,33,3,0,0,48.4299,0,-0.0872665,-4.01712,0.0796953,0.261763,0.0055883,-0.039716,0.15
4844,2.65916,0.00174533,0.0436772,0.541406,0.476133,6.07351,0.00958767,-4.0203,-0,-3.98159,44,33,3,0,0,48.4399,0,-0.0872665,-4.0203,0.0796783,0.26171,0.00543972,-0.0475701,0.15
4845,2.65925,0,-0.00319589,0.518848,0.544818,6.07351,0.010653,-4.02009,-0,-3.98159,44,33,3,0,0,48.4499,0,-0.0872665,-4.02009,0.0796655,0.261634,0.00526789,-0.0554154,0.15
4846,2.65944,0.00872665,0.0191753,0.552686,0.51116,6.07351,0.0245018,-4.01824,-0,-3.97031,44,33,3,0,0,48.4599,0,-0.0872665,-4.01824,0.0796841,0.261535,0.00497695,-0.0632517,0.15
4847,2.65944,0.00349066,-0.00213059,0.530127,0.479407,6.07351,-0.0266324,-4.01216,-0,-4.00415,44,33,3,0,0,48.4699,0,-0.0872665,-4.01216,0.079698,0.261413,0.00485453,-0.0710772,0.15
4848,2.65954,0.0139626,0.0234365,0.586523,0.518759,6.07351,-0.0127836,-4.01277,-0,-3.97031,44,33,3,0,0,48.4799,0,-0.0872665,-4.01277,0.0796872,0.261267,0.00461301,-0.0788925,0.15
4849,2.65954,0,0.0010653,0.439893,0.453738,6.07351,-0.00213059,-4.01765,-0,-3.99287,44,33,3,0,0,48.4899,0,-0.0872665,-4.01765,0.0796747,0.261098,0.00444416,-0.0866964,0.15
4850,2.65954,0,-0.00319589,0.462451,0.455808,6.07351,0.010653,-4.01604,-0,-4.10566,44,33,3,0,0,48.4999,0,-0.0872665,-4.01604,0.0796913,0.260906,0.00425211,-0.0944882,0.15
4851,2.65954,0,0.010653,0.349658,0.413271,6.07351,0.010653,-4.01927,-0,-4.11694,44,33,3,0,0,48.5099,0,-0.0872665,-4.01927,0.0796936,0.260691,0.00403689,-0.102267,0.15
4852,2.65954,0,0.00426119,0.349658,0.409916,6.07351,0.00426119,-4.01326,-0,-4.09438,44,33,3,0,0,48.5199,0,-0.0872665,-4.01326,0.0797197,0.260453,0.00379851,-0.110032,0.15
4853,2.65954,0,0.00213059,0.428613,0.393201,6.07351,-0.010653,-4.01776,-0,-4.09438,44,33,3,0,0,48.5299,0,-0.0872665,-4.01776,0.0796899,0.260191,0.003537,-0.117783,0.15
4854,2.65954,0,0.0127836,0.31582,0.350338,6.07351,-0.0330242,-4.01526,-0,-3.97031,44,33,3,0,0,48.5399,0,-0.0872665,-4.01526,0.0797136,0.259907,0.00325237,-0.12552,0.15
4855,2.65954,0,-0.00319589,0.372217,0.340271,6.07351,0.0191753,-4.02092,-0,-4.11694,44,33,3,0,0,48.5499,0,-0.0872665,-4.02092,0.0797025,0.259599,0.00294468,-0.13324,0.15
4856,2.65954,0,-0.0127836,0.225586,0.280225,6.07351,-0.0117183,-4.01385,-0,-4.09438,44,33,3,0,0,48.5599,0,-0.0872665,-4.01385,0.0797102,0.259268,0.00261389,-0.140945,0.15
4857,2.65944,-0.015708,0.00426119,0.169189,0.1888,6.07351,0.00639178,-4.01548,-0,-4.12822,44,33,3,0,0,48.5699,0,-0.0872665,-4.01548,0.0797109,0.258914,0.00235599,-0.148632,0.15
4858,2.65944,0,-0.00213059,0.225586,0.144297,6.07351,1.30461e-19,-4.01551,-0,-4.09438,44,33,3,0,0,48.5799,0,-0.0872665,-4.01551,0.0797139,0.258537,0.00197918,-0.156302,0.15
4859,2.65935,0,-0.00426119,0.0789551,0.137539,6.07351,0.00426119,-4.01503,-0,-4.09438,44,33,3,0,0,48.5899,0,-0.0872665,-4.01503,0.0797167,0.258138,0.00167529,-0.163953,0.15
4860,2.65935,0,0.00532648,0.0902344,0.0770797,6.07351,-0.00213059,-4.00904,-0,-4.09438,44,33,3,0,0,48.5999,0,-0.0872665,-4.00904,0.07973,0.257715,0.00125262,-0.171585,0.15
4861,2.65925,-0.00872665,1.30461e-18,0.0563965,0.0184487,6.07351,0.0213059,-4.01577,-0,-4.10566,44,33,3,0,0,48.6099,0,-0.0872665,-4.01577,0.0797074,0.257269,0.000902881,-0.179198,0.15
4862,2.65916,-0.00698132,-0.0191753,0.124072,-0.0241291,6.07351,-0.0213059,-4.01414,-0,-4.09438,44,33,3,0,0,48.6199,0,-0.0872665,-4.01414,0.0797216,0.256801,0.000530337,-0.18679,0.15
4863,2.65906,-0.00174533,-0.0117183,0.0902344,-0.049322,6.07351,-0.00319589,-4.01201,-0,-4.11694,44,33,3,0,0,48.6299,0,-0.0872665,-4.01201,0.0797424,0.25631,0.000134946,-0.194362,0.15
4864,2.65896,-0.0174533,-0.0202406,0.0112793,-0.11149,6.07351,0.0159795,-4.02523,-0,-4.11694,44,33,3,0,0,48.6399,0,-0.0872665,-4.02523,0.0796882,0.255796,-0.000283189,-0.201912,0.15
4865,2.65877,-0.0174533,-0.00426119,0,-0.209015,6.07351,-0.01811,-4.01594,-0,-4.10566,44,33,3,0,0,48.6499,0,-0.0872665,-4.01594,0.079702,0.255259,-0.000628172,-0.209439,0.15
4866,2.65839,-0.0523599,-0.00639178,-0.0676758,-0.112899,6.07351,0.0127836,-4.02212,-0,-3.98159,44,33,3,0,0,48.6599,0,-0.0872665,-4.02212,0.0796817,0.2547,-0.000804071,-0.216943,0.15
4867,2.65791,-0.0541052,-0.0245018,-0.0338379,-0.078191,6.07351,-0.0415466,-4.00802,-0,-3.98159,44,33,3,0,0,48.6699,0,-0.0872665,-4.00802,0.0797159,0.254118,-0.00090676,-0.224424,0.15
4868,2.65733,-0.0558505,-0.0553954,-0.0451172,0.00878015,6.07351,0.0117183,-4.02084,-0,-3.98159,44,33,3,0,0,48.6799,0,-0.0872665,-4.02084,0.0796838,0.253513,-0.000936116,-0.23188,0.15
4869,2.65695,-0.0383972,-0.0447425,-0.0225586,-0.0389594,6.07351,0.0127836,-4.02232,-0,-3.98159,44,33,3,0,0,48.6899,0,-0.0872665,-4.02232,0.079666,0.252886,-0.00117947,-0.239308,0.15
4870,2.65666,-0.0226893,-0.039416,-0.0112793,-0.024258,6.07351,-0.00745708,-4.02137,-0,-3.94775,44,33,3,0,0,48.6999,0,-0.0872665,-4.02137,0.0796969,0.252236,-0.00154171,-0.246716,0.15
4871,2.65638,-0.0261799,-0.0383507,-0.112793,-0.115463,6.07351,-0.00852238,-4.0113,-0,-3.97031,45,33,3,0,0,48.7099,0,-0.0872665,-4.0113,0.0797302,0.251565,-0.00192578,-0.254092,0.15
4872,2.65599,-0.0575959,-0.0245018,-0.0676758,-0.127694,6.07351,0.00745708,-4.01753,-0,-3.95903,45,33,3,0,0,48.7199,0,-0.0872665,-4.01753,0.0797147,0.25087,-0.00223691,-0.261447,0.15
4873,2.65551,-0.0575959,-0.0340895,-0.135352,-0.226634,6.07351,-0.0234365,-4.00756,-0,-3.98159,45,33,3,0,0,48.7299,0,-0.0872665,-4.00756,0.0797626,0.250153,-0.00247424,-0.268772,0.15
4874,2.65494,-0.0488692,-0.0308936,-0.203027,-0.208844,6.07351,-0.00852238,-4.00962,-0,-3.95903,45,33,3,0,0,48.7399,0,-0.0872665,-4.00962,0.0797702,0.249415,-0.00263746,-0.276065,0.15
4875,2.65436,-0.0645772,-0.0426119,-0.191748,-0.212094,6.07351,-0.01811,-4.00774,-0,-4.01543,45,33,3,0,0,48.7499,0,-0.0872665,-4.00774,0.0797719,0.248653,-0.00282349,-0.283335,0.15
4876,2.65388,-0.0436332,-0.0362201,-0.180469,-0.158496,6.07351,0.00213059,-4.01017,-0,-3.99287,45,33,3,0,0,48.7599,0,-0.0872665,-4.01017,0.0797648,0.24787,-0.00312727,-0.290573,0.15
4877,2.6534,-0.0558505,-0.0607219,-0.169189,-0.18845,6.07351,-0.00426119,-4.0191,-0,-3.99287,45,33,3,0,0,48.7699,0,-0.0872665,-4.0191,0.0797333,0.247066,-0.00345261,-0.297777,0.15
4878,2.65292,-0.0488692,-0.0564607,-0.191748,-0.217591,6.07351,-0.0010653,-4.00742,-0,-3.97031,45,33,3,0,0,48.7799,0,-0.0872665,-4.00742,0.0797864,0.246238,-0.00380063,-0.304956,0.15
4879,2.65235,-0.0645772,-0.0596566,-0.236865,-0.239271,6.07351,-0.00639178,-4.00661,-0,-3.98159,45,33,3,0,0,48.7899,0,-0.0872665,-4.00661,0.079794,0.245389,-0.00407433,-0.312101,0.15
4880,2.65168,-0.0610865,-0.0511343,-0.270703,-0.278412,6.07351,-0.0138489,-4.01114,-0,-3.99287,45,33,3,0,0,48.7999,0,-0.0872665,-4.01114,0.0797873,0.244519,-0.00427392,-0.319214,0.15
4881,2.65101,-0.0628319,-0.0607219,-0.270703,-0.248233,6.07351,0.0149142,-4.0151,-0,-4.01543,45,33,3,0,0,48.8099,0,-0.0872665,-4.0151,0.0797899,0.243626,-0.00449521,-0.326293,0.15
4882,2.65043,-0.0645772,-0.050069,-0.236865,-0.27501,6.07351,-0.0276977,-4.00459,-0,-3.98159,45,33,3,0,0,48.8199,0,-0.0872665,-4.00459,0.0798202,0.242712,-0.00483411,-0.33334,0.15
4883,2.64966,-0.0715585,-0.0639178,-0.248145,-0.299135,6.07351,0.0245018,-4.00627,-0,-3.99287,45,33,3,0,0,48.8299,0,-0.0872665,-4.00627,0.0798389,0.241777,-0.00500229,-0.340349,0.15
4884,2.64899,-0.0628319,-0.0703096,-0.270703,-0.220561,6.07351,-0.0191753,-4.0077,-0,-3.97031,45,33,3,0,0,48.8399,0,-0.0872665,-4.0077,0.079848,0.24082,-0.00528833,-0.347327,0.15
4885,2.64832,-0.0733038,-0.0948114,-0.259424,-0.258612,6.07351,0.00532648,-4.00375,-0,-3.97031,45,33,3,0,0,48.8499,0,-0.0872665,-4.00375,0.0798707,0.239841,-0.00559571,-0.35427,0.15
4886,2.64755,-0.0750492,-0.0692443,-0.270703,-0.350601,6.07351,-0.00745708,-4.00725,-0,-3.98159,45,33,3,0,0,48.8599,0,-0.0872665,-4.00725,0.079866,0.238841,-0.00582889,-0.361179,0.15
4887,2.64669,-0.0785398,-0.0809626,-0.349658,-0.378792,6.07351,-0.00639178,-4.00109,-0,-3.98159,45,33,3,0,0,48.8699,0,-0.0872665,-4.00109,0.0798887,0.23782,-0.00598662,-0.368046,0.15
4888,2.64583,-0.0837758,-0.0926808,-0.372217,-0.305333,6.07351,0.00426119,-4.0101,-0,-3.98159,45,33,3,0,0,48.8799,0,-0.0872665,-4.0101,0.0798351,0.236778,-0.00616592,-0.374879,0.15
4889,2.64506,-0.0907571,-0.0607219,-0.360938,-0.347141,6.07351,0.00852238,-4.00503,-0,-3.98159,45,33,3,0,0,48.8899,0,-0.0872665,-4.00503,0.079867,0.235715,-0.00646251,-0.381677,0.15
4890,2.6441,-0.0942478,-0.0937461,-0.281982,-0.350092,6.07351,-0.00213059,-4.00776,-0,-3.93647,45,33,3,0,0,48.8999,0,-0.0872665,-4.00776,0.0798487,0.234631,-0.00658744,-0.388431,0.15
4891,2.64324,-0.0890118,-0.078832,-0.248145,-0.385519,6.07351,0.0117183,-4.00796,-0,-3.95903,45,33,3,0,0,48.9099,0,-0.0872665,-4.00796,0.0798637,0.233526,-0.00682951,-0.395149,0.15
4892,2.64238,-0.0785398,-0.0820279,-0.338379,-0.347947,6.07351,-0.00426119,-4.0107,-0,-3.98159,45,33,3,0,0,48.9199,0,-0.0872665,-4.0107,0.0798517,0.2324,-0.00709277,-0.401829,0.15
4893,2.64151,-0.0942478,-0.0990726,-0.394775,-0.372442,6.07351,-0.00639178,-4.00074,-0,-4.08311,45,33,3,0,0,48.9299,0,-0.0872665,-4.00074,0.0799073,0.231253,-0.00737639,-0.408468,0.15
4894,2.64065,-0.0925025,-0.0937461,-0.394775,-0.436862,6.07351,0.0170448,-4.0074,-0,-3.98159,45,33,3,0,0,48.9399,0,-0.0872665,-4.0074,0.0799173,0.230087,-0.0076798,-0.415062,0.15
4895,2.6396,-0.101229,-0.0830932,-0.406055,-0.49113,6.07351,-0.01811,-4.00422,-0,-4.08311,45,33,3,0,0,48.9499,0,-0.0872665,-4.00422,0.0799358,0.228899,-0.00781305,-0.421622,0.15
4896,2.63873,-0.0767945,-0.103334,-0.360938,-0.513387,6.07351,0.0255671,-4.01189,-0,-4.08311,45,33,3,0,0,48.9599,0,-0.0872665,-4.01189,0.0798963,0.227692,-0.00815775,-0.428135,0.15
4897,2.63768,-0.0925025,-0.0830932,-0.451172,-0.585056,6.07351,0.00852238,-4.00926,-0,-4.10566,45,33,3,0,0,48.9699,0,-0.0872665,-4.00926,0.0798854,0.226464,-0.00833108,-0.434607,0.15
4898,2.63672,-0.0855211,-0.0894849,-0.48501,-0.562804,6.07351,0.028763,-4.00747,-0,-4.10566,45,33,3,0,0,48.9799,0,-0.0872665,-4.00747,0.0798904,0.225216,-0.0086203,-0.441036,0.15
4899,2.63567,-0.10821,-0.111856,-0.563965,-0.586231,6.07351,0.010653,-4.0121,-0,-4.10566,45,33,3,0,0,48.9899,0,-0.0872665,-4.0121,0.0798586,0.223948,-0.00883369,-0.447421,0.15
4900,2.63461,-0.0977384,-0.0841585,-0.586523,-0.549763,6.07351,0.00319589,-4.00736,-0,-4.08311,45,33,3,0,0,48.9999,0,-0.0872665,-4.00736,0.0798702,0.22266,-0.00906691,-0.453762,0.15
4901,2.63356,-0.111701,-0.115052,-0.586523,-0.575262,6.07351,-0.0138489,-4.00509,-0,-4.08311,45,33,3,0,0,49.0099,0,-0.0872665,-4.00509,0.079889,0.221352,-0.00931995,-0.460058,0.15
4902,2.63241,-0.132645,-0.105464,-0.575244,-0.625856,6.07351,0.0170448,-3.99913,-0,-4.08311,45,33,3,0,0,49.0199,0,-0.0872665,-3.99913,0.0799279,0.220025,-0.00949683,-0.466309,0.15
4903,2.63097,-0.1309,-0.122509,-0.586523,-0.524148,6.07351,0.0308936,-4.01138,-0,-3.97031,45,33,3,0,0,49.0299,0,-0.0872665,-4.01245,0.0798679,0.218678,-0.00940578,-0.472515,0.15
4904,2.62972,-0.125664,-0.12464,-0.462451,-0.438534,6.07351,-0.00213059,-4.00542,-0,-3.98159,45,33,3,0,0,49.0399,0,-0.0872665,-4.00542,0.0798731,0.217312,-0.00952548,-0.478672,0.15
4905,2.62838,-0.136136,-0.153403,-0.349658,-0.300654,6.07351,0.0138489,-4.00966,-0,-3.94775,45,33,3,0,0,49.0499,0,-0.0872665,-4.00966,0.0798737,0.215927,-0.00956838,-0.484782,0.15
4906,2.62704,-0.137881,-0.128901,-0.3271,-0.299747,6.07351,-0.0127836,-3.99607,-0,-3.95903,45,33,3,0,0,49.0599,0,-0.0872665,-3.99607,0.0799349,0.214522,-0.00963142,-0.490848,0.15
4907,2.6257,-0.139626,-0.135293,-0.281982,-0.303037,6.07351,0.0266324,-4.00487,-0,-3.97031,45,33,3,0,0,49.0699,0,-0.0872665,-4.00487,0.0799349,0.213098,-0.00971306,-0.496864,0.15
4908,2.62426,-0.151844,-0.145946,-0.3271,-0.385391,6.07351,-0.0127836,-4.00055,-0,-3.98159,45,33,3,0,0,49.0799,0,-0.0872665,-4.00055,0.0799664,0.211655,-0.0097171,-0.502829,0.15
4909,2.62272,-0.143117,-0.148076,-0.383496,-0.371669,6.07351,0.0202406,-3.99482,-0,-4.08311,45,33,3,0,0,49.0899,0,-0.0872665,-3.99482,0.0800023,0.210194,-0.00964474,-0.508748,0.15
4910,2.62138,-0.139626,-0.125705,-0.259424,-0.308019,6.07351,-0.00958767,-3.99249,-0,-3.98159,45,33,3,0,0,49.0999,0,-0.0872665,-3.99249,0.0800178,0.208713,-0.00978322,-0.514619,0.15
4911,2.61985,-0.150098,-0.159795,-0.270703,-0.253728,6.07351,0.0149142,-3.99735,-0,-3.95903,45,33,3,0,0,49.1099,0,-0.0872665,-3.99735,0.0800121,0.207215,-0.00974747,-0.520435,0.15
4912,2.6186,-0.150098,-0.145946,-0.236865,-0.345213,6.07351,-0.0117183,-3.98871,-0,-3.94775,45,33,3,0,0,49.1199,0,-0.0872665,-3.98871,0.0800552,0.205698,-0.0100184,-0.526204,0.15
4913,2.61707,-0.144862,-0.155533,-0.338379,-0.340068,6.07351,-0.00213059,-3.98493,-0,-3.94775,45,33,3,0,0,49.1299,0,-0.0872665,-3.98493,0.0801042,0.204162,-0.0100197,-0.53192,0.15
4914,2.61563,-0.150098,-0.141684,-0.372217,-0.385906,6.07351,0.00958767,-3.99144,-0,-3.93647,45,33,3,0,0,49.1399,0,-0.0872665,-3.99144,0.0801036,0.202608,-0.0101358,-0.537588,0.15
4915,2.61419,-0.139626,-0.137423,-0.31582,-0.379462,6.07351,-0.0127836,-3.988,-0,-3.95903,45,33,3,0,0,49.1499,0,-0.0872665,-3.988,0.0801286,0.201037,-0.0102688,-0.543199,0.15
4916,2.61266,-0.141372,-0.136358,-0.372217,-0.386729,6.07351,0.00213059,-3.99135,-0,-3.97031,45,33,3,0,0,49.1599,0,-0.0872665,-3.99135,0.0801313,0.199447,-0.010325,-0.548762,0.15
4917,2.61131,-0.1309,-0.138489,-0.360938,-0.407609,6.07351,-0.0191753,-3.98077,-0,-3.95903,45,33,3,0,0,49.1699,0,-0.0872665,-3.98077,0.0801967,0.197841,-0.0105891,-0.554266,0.15
4918,2.60997,-0.148353,-0.12677,-0.47373,-0.505856,6.07351,0.0159795,-3.99005,-0,-3.95903,45,33,3,0,0,49.1799,0,-0.0872665,-3.99005,0.0802128,0.196216,-0.0108716,-0.559719,0.15
4919,2.60853,-0.125664,-0.139554,-0.530127,-0.542814,6.07351,0.00852238,-3.98549,-0,-3.93647,45,33,3,0,0,49.1899,0,-0.0872665,-3.98549,0.0802465,0.194574,-0.0110756,-0.565118,0.15
4920,2.60719,-0.150098,-0.147011,-0.609082,-0.630154,6.07351,-0.00639178,-3.98104,-0,-3.95903,45,33,3,0,0,49.1999,0,-0.0872665,-3.98104,0.0802476,0.192913,-0.0113939,-0.570466,0.15
4921,2.60566,-0.148353,-0.135293,-0.64292,-0.668156,6.07351,0.010653,-3.98648,-0,-3.95903,45,33,3,0,0,49.2099,0,-0.0872665,-3.98648,0.0802144,0.191238,-0.0115354,-0.575752,0.15
4922,2.60422,-0.141372,-0.166186,-0.631641,-0.592561,6.07351,-0.0010653,-3.98603,-0,-3.97031,45,33,3,0,0,49.2199,0,-0.0872665,-3.98603,0.0802035,0.189543,-0.0117916,-0.580988,0.15
4923,2.60269,-0.164061,-0.173643,-0.609082,-0.513745,6.07351,-0.0170448,-3.98557,-0,-3.95903,45,33,3,0,0,49.2299,0,-0.0872665,-3.98557,0.0802079,0.187833,-0.0119681,-0.586167,0.15
4924,2.60115,-0.158825,-0.166186,-0.563965,-0.490385,6.07351,0.0213059,-3.98758,-0,-3.94775,45,33,3,0,0,49.2399,0,-0.0872665,-3.98758,0.0802048,0.186106,-0.0121614,-0.591288,0.15
4925,2.59952,-0.16057,-0.155533,-0.563965,-0.533701,6.07351,-0.0213059,-3.96958,-0,-3.95903,45,33,3,0,0,49.2499,0,-0.0872665,-3.96958,0.0802877,0.184363,-0.0122742,-0.59635,0.15
4926,2.59789,-0.151844,-0.172578,-0.563965,-0.597232,6.07351,0.00958767,-3.97737,-0,-3.94775,45,33,3,0,0,49.2599,0,-0.0872665,-3.97737,0.0802914,0.182603,-0.0124042,-0.601357,0.15
4927,2.59636,-0.153589,-0.152337,-0.597803,-0.626539,6.07351,-0.00852238,-3.97388,-0,-4.04927,45,33,3,0,0,49.2699,0,-0.0872665,-3.97388,0.0803328,0.180827,-0.0126465,-0.606306,0.15
4928,2.59473,-0.171042,-0.153403,-0.676758,-0.662745,6.07351,0.00852238,-3.96869,-0,-3.94775,45,33,3,0,0,49.2799,0,-0.0872665,-3.96869,0.080386,0.179034,-0.0128096,-0.611199,0.15
4929,2.5931,-0.15708,-0.17897,-0.699316,-0.616943,6.07351,0.00958767,-3.97293,-0,-3.95903,45,33,3,0,0,49.2899,0,-0.0872665,-3.97293,0.0803726,0.177226,-0.0129879,-0.616031,0.15
4930,2.59147,-0.165806,-0.165121,-0.609082,-0.538387,6.07351,-0.00852238,-3.9683,-0,-3.93647,45,33,3,0,0,49.2999,0,-0.0872665,-3.9683,0.0804016,0.175402,-0.013182,-0.620803,0.15
4931,2.58984,-0.176278,-0.183231,-0.541406,-0.574652,6.07351,0.00852238,-3.97231,-0,-4.04927,45,33,3,0,0,49.3099,0,-0.0872665,-3.97231,0.0804169,0.173562,-0.0133917,-0.625517,0.15
4932,2.58811,-0.171042,-0.159795,-0.609082,-0.654726,6.07351,0.01811,-3.9677,-0,-3.94775,45,33,3,0,0,49.3199,0,-0.0872665,-3.9677,0.0804584,0.171708,-0.01352,-0.630168,0.15
4933,2.58629,-0.164061,-0.158729,-0.654199,-0.632227,6.07351,0.0490037,-3.97332,-0,-3.93647,45,33,3,0,0,49.3299,0,-0.0872665,-3.97863,0.0804351,0.169837,-0.0135696,-0.634764,0.15
4934,2.58457,-0.172788,-0.1811,-0.631641,-0.645891,6.07351,0.00852238,-3.97508,-0,-3.95903,45,33,3,0,0,49.3399,0,-0.0872665,-3.97508,0.0804327,0.167952,-0.0137289,-0.639295,0.15
4935,2.58284,-0.178024,-0.171513,-0.597803,-0.65055,6.07351,-0.00745708,-3.95849,-0,-3.94775,45,33,3,0,0,49.3499,0,-0.0872665,-3.95849,0.0805192,0.166053,-0.0139026,-0.643764,0.15
4936,2.58102,-0.18326,-0.185362,-0.620361,-0.648832,6.07351,-0.0234365,-3.9564,-0,-4.04927,45,33,3,0,0,49.3599,0,-0.0872665,-3.9564,0.0805463,0.164138,-0.0139959,-0.648173,0.15
4937,2.5791,-0.198968,-0.176839,-0.620361,-0.622677,6.07351,0.00958767,-3.95662,-0,-4.04927,45,33,3,0,0,49.3699,0,-0.0872665,-3.95662,0.0805651,0.162207,-0.0140087,-0.652522,0.15
4938,2.57718,-0.193732,-0.191753,-0.710596,-0.539469,6.07351,0.0117183,-3.97023,-0,-4.03799,45,33,3,0,0,49.3799,0,-0.0872665,-3.97023,0.0804954,0.160264,-0.0140343,-0.656805,0.15
4939,2.57517,-0.188496,-0.204537,-0.541406,-0.44427,6.07351,0.0117183,-3.96247,-0,-4.06055,45,33,3,0,0,49.3899,0,-0.0872665,-3.96247,0.0805275,0.158306,-0.0139792,-0.661028,0.15
4940,2.57335,-0.191986,-0.21519,-0.48501,-0.371599,6.07351,-0.0234365,-3.95844,-0,-4.03799,45,33,3,0,0,49.3999,0,-0.0872665,-3.95844,0.0805758,0.156333,-0.0141305,-0.665188,0.15
4941,2.57124,-0.205949,-0.176839,-0.507568,-0.379621,6.07351,0.00639178,-3.95723,-0,-3.9252,45,33,3,0,0,49.4099,0,-0.0872665,-3.95723,0.0806106,0.154348,-0.0140066,-0.669282,0.15
4942,2.56923,-0.214675,-0.217321,-0.518848,-0.451166,6.07351,-0.00958767,-3.96274,-0,-3.9252,45,33,3,0,0,49.4199,0,-0.0872665,-3.96274,0.0806029,0.152347,-0.0139938,-0.673315,0.15
4943,2.56721,-0.190241,-0.196015,-0.496289,-0.475879,6.07351,-0.00532648,-3.96415,-0,-4.03799,45,33,3,0,0,49.4299,0,-0.0872665,-3.96415,0.0805799,0.150335,-0.013993,-0.67728,0.15
4944,2.5653,-0.205949,-0.205602,-0.428613,-0.445946,6.07351,0.010653,-3.95443,-0,-4.03799,45,33,3,0,0,49.4399,0,-0.0872665,-3.95443,0.0806568,0.148307,-0.014103,-0.681184,0.15
4945,2.56328,-0.204204,-0.180035,-0.530127,-0.518322,6.07351,-0.010653,-3.94199,-0,-4.04927,45,33,3,0,0,49.4499,0,-0.0872665,-3.94199,0.0807192,0.146267,-0.0141295,-0.685022,0.15
4946,2.56127,-0.197222,-0.206668,-0.563965,-0.556274,6.07351,0.0159795,-3.95034,-0,-4.04927,45,33,3,0,0,49.4599,0,-0.0872665,-3.95034,0.0807095,0.144215,-0.014169,-0.688794,0.15
4947,2.55945,-0.162316,-0.185362,-0.507568,-0.519163,6.07351,-0.00958767,-3.95322,-0,-3.93647,45,33,3,0,0,49.4699,0,-0.0872665,-3.95322,0.0806772,0.142149,-0.0144131,-0.692501,0.15
4948,2.55763,-0.179769,-0.201341,-0.563965,-0.606526,6.07351,0.0010653,-3.94198,-0,-3.9252,45,33,3,0,0,49.4799,0,-0.0872665,-3.94198,0.0807863,0.140071,-0.0146697,-0.696142,0.15
4949,2.5558,-0.169297,-0.165121,-0.699316,-0.682351,6.07351,-0.00213059,-3.94726,-0,-3.90264,45,33,3,0,0,49.4899,0,-0.0872665,-3.94726,0.0807907,0.137981,-0.0149381,-0.699715,0.15
4950,2.55389,-0.193732,-0.174709,-0.755713,-0.802361,6.07351,-0.00426119,-3.94489,-0,-3.89136,45,33,3,0,0,49.4999,0,-0.0872665,-3.94489,0.0808129,0.135877,-0.0151244,-0.703224,0.15
4951,2.55216,-0.179769,-0.204537,-0.879785,-0.912883,6.07351,0.0191753,-3.95151,-0,-3.90264,45,33,3,0,0,49.5099,0,-0.0872665,-3.95151,0.080777,0.133762,-0.0155137,-0.706665,0.15
4952,2.55024,-0.195477,-0.196015,-0.857227,-0.817993,6.07351,0.0127836,-3.9411,-0,-3.8688,45,33,3,0,0,49.5199,0,-0.0872665,-3.9411,0.0808158,0.131636,-0.0157224,-0.710038,0.15
4953,2.54823,-0.190241,-0.210929,-0.879785,-0.747069,6.07351,0.00426119,-3.94724,-0,-3.91392,45,33,3,0,0,49.5299,0,-0.0872665,-3.94724,0.0807967,0.129496,-0.0158485,-0.713346,0.15
4954,2.54622,-0.197222,-0.204537,-0.563965,-0.662606,6.07351,0.0138489,-3.94148,0.00349066,-4.01543,45,33,3,0,0,49.5399,0,-0.0872665,-3.94148,0.0808486,0.127346,-0.0159855,-0.716584,0.15
4955,2.5442,-0.204204,-0.216255,-0.631641,-0.623337,6.07351,-0.0010653,-3.93577,-0,-3.91392,45,33,3,0,0,49.5499,0,-0.0872665,-3.93577,0.080888,0.125185,-0.0161334,-0.719755,0.15
4956,2.542,-0.219911,-0.209863,-0.64292,-0.617294,6.07351,-0.0245018,-3.92621,-0,-3.90264,45,33,3,0,0,49.5599,0,-0.0872665,-3.92621,0.0809533,0.123013,-0.0161,-0.722855,0.15
4957,2.53989,-0.211185,-0.218386,-0.609082,-0.61707,6.07351,0.00958767,-3.93448,-0,-3.90264,45,33,3,0,0,49.5699,0,-0.0872665,-3.93448,0.0809505,0.120829,-0.0161744,-0.725889,0.15
4958,2.53768,-0.200713,-0.225843,-0.507568,-0.492487,6.07351,-0.0159795,-3.92562,-0,-3.90264,45,33,3,0,0,49.5799,0,-0.0872665,-3.92562,0.0810019,0.118635,-0.0161634,-0.728853,0.15
4959,2.53557,-0.225147,-0.204537,-0.496289,-0.55527,6.07361,0.0223712,-3.9392,-0,-3.91392,45,33,3,0,0,49.5899,0,-0.0872665,-3.9392,0.0809849,0.11643,-0.0162598,-0.73175,0.15
4960,2.53337,-0.205949,-0.202406,-0.563965,-0.565882,6.07361,-0.00319589,-3.91726,-0,-3.89136,45,33,3,0,0,49.5999,0,-0.0872665,-3.91726,0.0810812,0.114215,-0.016269,-0.734575,0.15
4961,2.53116,-0.219911,-0.224778,-0.507568,-0.581089,6.07361,0.00213059,-3.91731,-0,-3.93647,45,33,3,0,0,49.6099,0,-0.0872665,-3.91731,0.0811178,0.111989,-0.01629,-0.737332,0.15
4962,2.52915,-0.205949,-0.21519,-0.507568,-0.55041,6.07361,-0.0117183,-3.92087,-0,-3.85752,45,33,3,0,0,49.6199,0,-0.0872665,-3.92087,0.0811386,0.109754,-0.0165119,-0.740018,0.15
4963,2.52685,-0.232129,-0.216255,-0.575244,-0.644577,6.07361,-0.00745708,-3.91458,-0,-3.90264,45,33,3,0,0,49.6299,0,-0.0872665,-3.91458,0.0811841,0.10751,-0.0164549,-0.742633,0.15
4964,2.52464,-0.211185,-0.217321,-0.609082,-0.601822,6.07361,0.00745708,-3.92161,-0,-3.9252,45,33,3,0,0,49.6399,0,-0.0872665,-3.92161,0.0811678,0.105254,-0.0165054,-0.74518,0.15
4965,2.52244,-0.200713,-0.227974,-0.541406,-0.541938,6.07361,0.01811,-3.91932,-0,-4.01543,45,33,3,0,0,49.6499,0,-0.0872665,-3.91932,0.0811779,0.102992,-0.0165631,-0.747654,0.15
4966,2.52023,-0.23911,-0.232235,-0.541406,-0.546351,6.07361,-0.00426119,-3.92185,-0,-3.85752,45,33,3,0,0,49.6599,0,-0.0872665,-3.92185,0.0811881,0.100718,-0.0166319,-0.750059,0.15
4967,2.51784,-0.228638,-0.241822,-0.563965,-0.514466,6.07361,0.00745708,-3.9139,-0,-3.8688,45,33,3,0,0,49.6699,0,-0.0872665,-3.9139,0.0812227,0.0984366,-0.016516,-0.752391,0.15
4968,2.51554,-0.219911,-0.235431,-0.563965,-0.540481,6.07361,0.0276977,-3.92985,-0,-3.89136,45,33,3,0,0,49.6799,0,-0.0872665,-3.93078,0.0811467,0.0961451,-0.0165066,-0.754654,0.15
4969,2.51343,-0.216421,-0.217321,-0.518848,-0.585006,6.07361,-0.00426119,-3.91472,0.0122173,-3.89136,45,33,3,0,0,49.6899,0,-0.0872665,-3.91472,0.0812247,0.093846,-0.0166965,-0.756844,0.15
4970,2.51103,-0.225147,-0.230104,-0.665479,-0.570003,6.07361,-0.0191753,-3.91658,-0,-3.89136,45,33,3,0,0,49.6999,0,-0.0872665,-3.91658,0.0812527,0.0915382,-0.0166074,-0.758963,0.15
4971,2.50883,-0.228638,-0.211994,-0.64292,-0.630782,6.07361,0.00745708,-3.91091,-0,-3.90264,45,33,3,0,0,49.7099,0,-0.0872665,-3.91091,0.0812767,0.0892225,-0.016718,-0.76101,0.15
4972,2.50681,-0.197222,-0.218386,-0.654199,-0.721403,6.07361,0.00745708,-3.91175,-0,-3.89136,45,33,3,0,0,49.7199,0,-0.0872665,-3.91175,0.0813097,0.0868999,-0.0170273,-0.762984,0.15
4973,2.50461,-0.225147,-0.196015,-0.80083,-0.841396,6.07361,-0.00426119,-3.90534,-0,-3.88008,45,33,3,0,0,49.7299,0,-0.0872665,-3.90534,0.081339,0.0845684,-0.0171537,-0.764886,0.15
4974,2.5024,-0.232129,-0.213059,-0.924902,-0.840479,6.07361,0.0362201,-3.90843,-0,-3.8688,45,33,3,0,0,49.7399,0,-0.0872665,-3.91,0.0813255,0.0822297,-0.0172873,-0.766716,0.15
4975,2.5002,-0.223402,-0.224778,-0.812109,-0.857747,6.07361,-0.0213059,-3.90792,-0,-3.88008,45,33,3,0,0,49.7499,0,-0.0872665,-3.90792,0.0812995,0.0798827,-0.0174292,-0.768475,0.15
4976,2.49799,-0.235619,-0.216255,-0.823389,-0.778417,6.07361,0.00745708,-3.91262,-0,-4.01543,45,33,3,0,0,49.7599,0,-0.0872665,-3.91262,0.081274,0.0775294,-0.0175774,-0.77016,0.15
4977,2.49569,-0.226893,-0.242888,-0.744434,-0.637077,6.07361,-0.0127836,-3.91603,-0,-3.89136,45,33,3,0,0,49.7699,0,-0.0872665,-3.91603,0.0812678,0.0751703,-0.0176356,-0.771771,0.15
4978,2.49329,-0.23911,-0.237561,-0.552686,-0.618837,6.07361,0.00639178,-3.90549,-0,-4.01543,45,33,3,0,0,49.7799,0,-0.0872665,-3.90549,0.0813263,0.0728026,-0.0176064,-0.773311,0.15
4979,2.4909,-0.247837,-0.238627,-0.64292,-0.618465,6.07361,-0.0127836,-3.90259,-0,-3.98159,45,33,3,0,0,49.7899,0,-0.0872665,-3.90259,0.0813633,0.0704292,-0.017583,-0.774777,0.15
4980,2.4884,-0.233874,-0.239692,-0.586523,-0.526921,6.07361,-0.00532648,-3.90433,-0,-4.00415,45,33,3,0,0,49.7999,0,-0.0872665,-3.90433,0.0813766,0.0680498,-0.0174696,-0.776169,0.15
4981,2.48591,-0.235619,-0.243953,-0.439893,-0.479435,6.07361,0.0170448,-3.91098,-0,-3.99287,45,33,3,0,0,49.8099,0,-0.0872665,-3.91098,0.0813618,0.065665,-0.0173618,-0.777488,0.15
4982,2.48351,-0.251327,-0.241822,-0.417334,-0.512494,6.07361,-0.0191753,-3.88733,-0,-3.8688,45,33,3,0,0,49.8199,0,-0.0872665,-3.88733,0.0814915,0.0632725,-0.0173573,-0.778735,0.15
4983,2.48102,-0.232129,-0.253541,-0.530127,-0.545392,6.07361,0.00426119,-3.89933,-0,-3.98159,45,33,3,0,0,49.8299,0,-0.0872665,-3.89933,0.0814775,0.0608757,-0.0172615,-0.779907,0.15
4984,2.47872,-0.237365,-0.240757,-0.496289,-0.559821,6.07361,-0.0010653,-3.89628,0.00872665,-3.85752,45,33,3,0,0,49.8399,0,-0.0872665,-3.89628,0.0815128,0.0584742,-0.017362,-0.781005,0.15
4985,2.47652,-0.233874,-0.226908,-0.586523,-0.636525,6.07361,0.00852238,-3.89375,-0,-3.83496,45,33,3,0,0,49.8499,0,-0.0872665,-3.89375,0.0815677,0.0560656,-0.0175655,-0.78203,0.15
4986,2.47402,-0.237365,-0.240757,-0.676758,-0.614714,6.07361,-0.00639178,-3.88763,-0,-3.98159,45,33,3,0,0,49.8599,0,-0.0872665,-3.88763,0.081603,0.053654,-0.0174844,-0.78298,0.15
4987,2.47163,-0.249582,-0.246084,-0.688037,-0.615953,6.07361,0.0298283,-3.8919,-0,-3.84624,45,33,3,0,0,49.8699,0,-0.0872665,-3.8919,0.0816119,0.0512364,-0.0175051,-0.783857,0.15
4988,2.46942,-0.211185,-0.231169,-0.563965,-0.537504,6.07361,-0.0149142,-3.88714,-0,-3.84624,45,33,3,0,0,49.8799,0,-0.0872665,-3.88714,0.0816292,0.0488137,-0.0177228,-0.78466,0.15
4989,2.46693,-0.254818,-0.226908,-0.654199,-0.604248,6.07361,0.0340895,-3.88624,-0,-3.83496,45,33,3,0,0,49.8899,0,-0.0872665,-3.8872,0.0816637,0.0463875,-0.0176562,-0.785389,0.15
4990,2.46444,-0.251327,-0.236496,-0.575244,-0.673164,6.07361,-0.00213059,-3.88038,-0,-3.90264,45,33,3,0,0,49.8999,0,-0.0872665,-3.88038,0.081711,0.0439579,-0.0175931,-0.786043,0.15
4991,2.46223,-0.205949,-0.247149,-0.654199,-0.6066,6.07361,0.0266324,-3.88361,-0,-3.83496,45,33,3,0,0,49.9099,0,-0.0872665,-3.88361,0.0817099,0.0415227,-0.0178232,-0.786623,0.15
4992,2.45974,-0.244346,-0.226908,-0.552686,-0.60608,6.07361,-0.0191753,-3.88078,-0,-3.82368,45,33,3,0,0,49.9199,0,-0.0872665,-3.88078,0.0817306,0.0390849,-0.0177683,-0.787129,0.15
4993,2.45744,-0.249582,-0.232235,-0.688037,-0.726033,6.07361,0.0340895,-3.8754,-0,-3.88008,45,33,3,0,0,49.9299,0,-0.0872665,-3.87578,0.0817861,0.0366442,-0.017908,-0.787561,0.15
4994,2.45504,-0.211185,-0.226908,-0.665479,-0.683136,6.07361,-0.0245018,-3.87371,-0,-3.84624,45,33,3,0,0,49.9399,0,-0.0872665,-3.87371,0.0818052,0.0341986,-0.0179568,-0.787918,0.15
4995,2.45274,-0.253073,-0.222647,-0.755713,-0.719924,6.07361,-0.00958767,-3.87237,-0,-3.88008,45,33,3,0,0,49.9499,0,-0.0872665,-3.87237,0.081851,0.031751,-0.0181034,-0.7882,0.15
4996,2.45034,-0.233874,-0.230104,-0.721875,-0.746104,6.07361,-0.010653,-3.87368,-0,-3.83496,45,33,3,0,0,49.9599,0,-0.0872665,-3.87368,0.0818386,0.0293003,-0.0181572,-0.788409,0.15
4997,2.44785,-0.225147,-0.242888,-0.688037,-0.748986,6.07361,-0.028763,-3.86954,-0,-3.84624,45,33,3,0,0,49.9699,0,-0.0872665,-3.86954,0.081855,0.0268481,-0.0181167,-0.788542,0.15
4998,2.44536,-0.253073,-0.249279,-0.710596,-0.658763,6.07361,0.0234365,-3.87738,-0,-3.85752,45,33,3,0,0,49.9799,0,-0.0872665,-3.87738,0.0818234,0.0243925,-0.0180796,-0.788602,0.15
4999,2.44286,-0.258309,-0.242888,-0.744434,-0.584973,6.07361,-0.0426119,-3.87438,-0,-3.85752,45,33,3,0,0,49.9899,0,-0.0872665,-3.87438,0.0818283,0.021934,-0.0180454,-0.788586,0.15
5000,2.44037,-0.244346,-0.263128,-0.507568,-0.543695,6.07361,0.028763,-3.87811,-0,-3.8124,45,33,3,0,0,49.9999,0,-0.0872665,-3.87811,0.0818368,0.0194742,-0.0180124,-0.788496,0.15
5001,2.43778,-0.263545,-0.235431,-0.496289,-0.492343,6.07361,0.010653,-3.86886,-0,-3.80112,45,33,3,0,0,50.0099,0,-0.0872665,-3.86886,0.0818944,0.0170128,-0.0178852,-0.788332,0.15
5002,2.43529,-0.242601,-0.242888,-0.518848,-0.526173,6.07361,0.00213059,-3.86407,-0,-3.82368,45,33,3,0,0,50.0199,0,-0.0872665,-3.86407,0.0819309,0.0145499,-0.0178554,-0.788094,0.15
5003,2.4328,-0.216421,-0.260998,-0.451172,-0.491335,6.07361,-0.01811,-3.87093,-0,-3.8124,45,33,3,0,0,50.0299,0,-0.0872665,-3.87093,0.0819102,0.0120856,-0.017827,-0.78778,0.15
5004,2.4304,-0.244346,-0.241822,-0.451172,-0.515352,6.07361,1.48074e-17,-3.86193,-0,-3.84624,45,33,3,0,0,50.0399,0,-0.0872665,-3.86193,0.0820148,0.00962039,-0.0178954,-0.787393,0.15
5005,2.428,-0.226893,-0.223712,-0.620361,-0.595376,6.07361,-0.00745708,-3.8606,-0,-3.88008,45,33,3,0,0,50.0499,0,-0.0872665,-3.8606,0.0820496,0.00715182,-0.0179671,-0.78693,0.15
5006,2.42561,-0.21293,-0.206668,-0.631641,-0.654755,6.0737,-0.00213059,-3.8536,-0,-3.82368,45,33,3,0,0,50.0599,0,-0.0872665,-3.8536,0.0820859,0.00468746,-0.0180346,-0.786395,0.15
5007,2.4234,-0.244346,-0.227974,-0.688037,-0.774711,6.0737,-0.00532648,-3.85662,-0,-3.8124,45,33,3,0,0,50.0699,0,-0.0872665,-3.85662,0.082116,0.00222036,-0.0182966,-0.785784,0.15
5008,2.42101,-0.223402,-0.205602,-0.868506,-0.82888,6.0737,0.010653,-3.84653,-0,-3.9252,45,33,3,0,0,50.0799,0,-0.0872665,-3.84653,0.0821574,-0.000246056,-0.0183662,-0.7851,0.15
5009,2.4187,-0.230383,-0.238627,-0.868506,-0.818881,6.0737,0.01811,-3.85136,-0,-3.84624,45,33,3,0,0,50.0899,0,-0.0872665,-3.85136,0.0821394,-0.00271437,-0.0185335,-0.78434,0.15
5010,2.4165,-0.228638,-0.241822,-0.778271,-0.743703,6.0737,1.48074e-17,-3.84388,0.0174533,-3.93647,45,33,3,0,0,50.0999,0,-0.0872665,-3.84388,0.0821822,-0.00518149,-0.0187956,-0.783507,0.15
5011,2.41401,-0.249582,-0.231169,-0.789551,-0.705261,6.0737,0.00426119,-3.84965,-0,-3.80112,45,33,3,0,0,50.1099,0,-0.0872665,-3.84965,0.0821879,-0.00764716,-0.0187685,-0.7826,0.15
5012,2.41151,-0.256563,-0.224778,-0.699316,-0.700591,6.0737,-0.00852238,-3.8435,-0,-3.83496,45,33,3,0,0,50.1199,0,-0.0872665,-3.8435,0.0822352,-0.010113,-0.0187417,-0.781619,0.15
5013,2.40912,-0.237365,-0.252475,-0.676758,-0.666681,6.0737,0.0213059,-3.85171,-0,-3.93647,45,33,3,0,0,50.1299,0,-0.0872665,-3.85171,0.0822316,-0.0125792,-0.018811,-0.780564,0.15
5014,2.40662,-0.244346,-0.235431,-0.665479,-0.667676,6.0737,-0.00532648,-3.84701,-0,-3.83496,45,33,3,0,0,50.1399,0,-0.0872665,-3.84701,0.082248,-0.0150423,-0.0187813,-0.779436,0.15
5015,2.40404,-0.256563,-0.239692,-0.597803,-0.619718,6.0737,0.010653,-3.84273,-0,-3.9252,45,33,3,0,0,50.1499,0,-0.0872665,-3.84273,0.0822789,-0.017506,-0.0186564,-0.778233,0.15
5016,2.40164,-0.232129,-0.250345,-0.597803,-0.631086,6.0737,-0.0223712,-3.8488,-0,-3.82368,45,33,3,0,0,50.1599,0,-0.0872665,-3.8488,0.0822678,-0.0199669,-0.0187205,-0.776957,0.15
5017,2.39905,-0.251327,-0.241822,-0.654199,-0.685959,6.0737,-0.0117183,-3.83789,-0,-3.94775,45,33,3,0,0,50.1699,0,-0.0872665,-3.83789,0.0823364,-0.0224262,-0.0185912,-0.775607,0.15
5018,2.39646,-0.256563,-0.223712,-0.597803,-0.684238,6.0737,-0.0117183,-3.83517,-0,-3.9252,45,33,3,0,0,50.1799,0,-0.0872665,-3.83517,0.0823759,-0.0248836,-0.01846,-0.774185,0.15
5019,2.39397,-0.253073,-0.241822,-0.64292,-0.672489,6.0737,0.0191753,-3.83512,-0,-3.9252,45,33,3,0,0,50.1899,0,-0.0872665,-3.83512,0.0823813,-0.027339,-0.0184227,-0.772688,0.15
5020,2.39138,-0.256563,-0.246084,-0.755713,-0.53823,6.0737,-0.00319589,-3.84102,-0,-3.78984,45,33,3,0,0,50.1999,0,-0.0872665,-3.84102,0.0823589,-0.0297902,-0.0182854,-0.77112,0.15
5021,2.38879,-0.26529,-0.250345,-0.597803,-0.50792,6.0737,0.0127836,-3.82807,0.00872665,-3.80112,45,33,3,0,0,50.2099,0,-0.0872665,-3.82807,0.0824399,-0.0322402,-0.0181467,-0.769478,0.15
5022,2.3863,-0.244346,-0.255671,-0.496289,-0.433365,6.0737,0.0255671,-3.83588,-0,-3.9252,45,33,3,0,0,50.2199,0,-0.0872665,-3.83588,0.0824413,-0.0346883,-0.0181021,-0.767763,0.15
5023,2.38371,-0.244346,-0.247149,-0.496289,-0.414427,6.0737,-0.00745708,-3.8306,-0,-3.76729,45,33,3,0,0,50.2299,0,-0.0872665,-3.8306,0.0824845,-0.0371314,-0.0179566,-0.765976,0.15
5024,2.38131,-0.253073,-0.250345,-0.47373,-0.534417,6.0737,0.00532648,-3.82799,0.00872665,-3.90264,45,33,3,0,0,50.2399,0,-0.0872665,-3.82799,0.0825449,-0.0395722,-0.0180006,-0.764116,0.15
5025,2.37911,-0.21293,-0.250345,-0.406055,-0.554848,6.0737,-0.00745708,-3.81966,-0,-3.90264,45,33,3,0,0,50.2499,0,-0.0872665,-3.81966,0.0825953,-0.0420103,-0.0182336,-0.762183,0.15
5026,2.37671,-0.221657,-0.236496,-0.575244,-0.674844,6.0737,0.0213059,-3.81716,-0,-3.77856,45,33,3,0,0,50.2599,0,-0.0872665,-3.81716,0.0826552,-0.044443,-0.0182695,-0.76018,0.15
5027,2.37451,-0.219911,-0.208798,-0.64292,-0.79485,6.0737,-0.0117183,-3.81481,-0,-3.88008,45,33,3,0,0,50.2699,0,-0.0872665,-3.81481,0.0826918,-0.0468727,-0.018494,-0.758104,0.15
5028,2.3724,-0.197222,-0.201341,-0.879785,-0.906479,6.0737,0.01811,-3.81459,-0,-3.75601,45,33,3,0,0,50.2799,0,-0.0872665,-3.81459,0.0827133,-0.049299,-0.0188111,-0.755955,0.15
5029,2.37019,-0.23911,-0.200276,-0.981299,-1.00901,6.0737,1.22634e-17,-3.82051,-0,-3.77856,45,33,3,0,0,50.2899,0,-0.0872665,-3.82051,0.0826761,-0.0517199,-0.019027,-0.753735,0.15
5030,2.3678,-0.230383,-0.234365,-1.10537,-0.958653,6.0737,0.00532648,-3.81278,-0,-3.78984,45,33,3,0,0,50.2999,0,-0.0872665,-3.81278,0.0826806,-0.0541364,-0.0190466,-0.751444,0.15
5031,2.36549,-0.233874,-0.245018,-0.845947,-0.77813,6.0737,0.010653,-3.82109,-0,-3.78984,45,33,3,0,0,50.3099,0,-0.0872665,-3.82109,0.0826111,-0.056548,-0.0191572,-0.749082,0.15
5032,2.3631,-0.247837,-0.259932,-0.744434,-0.702806,6.0737,-0.00745708,-3.80759,-0,-3.90264,45,33,3,0,0,50.3199,0,-0.0872665,-3.80759,0.0827029,-0.0589545,-0.0191669,-0.746649,0.15
5033,2.36051,-0.242601,-0.275912,-0.676758,-0.60127,6.0737,0.00532648,-3.81287,-0,-3.77856,45,33,3,0,0,50.3299,0,-0.0872665,-3.81287,0.0827141,-0.0613551,-0.0189788,-0.744146,0.15
5034,2.35792,-0.256563,-0.274847,-0.530127,-0.535153,6.0737,-0.00319589,-3.80681,-0,-3.82368,45,33,3,0,0,50.3399,0,-0.0872665,-3.80681,0.0827511,-0.063752,-0.0187872,-0.74157,0.15
5035,2.35533,-0.280998,-0.263128,-0.518848,-0.521408,6.0737,0.0191753,-3.81554,-0,-3.8124,45,33,3,0,0,50.3499,0,-0.0872665,-3.81554,0.082733,-0.0661421,-0.0185887,-0.738925,0.15
5036,2.35265,-0.260054,-0.243953,-0.47373,-0.532896,6.0738,0.00213059,-3.79595,-0,-3.75601,45,33,3,0,0,50.3599,0,-0.0872665,-3.79595,0.0828179,-0.0685266,-0.0182887,-0.73621,0.15
5037,2.35015,-0.23911,-0.26739,-0.462451,-0.504442,6.0738,0.0159795,-3.80039,-0,-3.74473,45,33,3,0,0,50.3699,0,-0.0872665,-3.80039,0.0828503,-0.0709045,-0.0181739,-0.733426,0.15
5038,2.34776,-0.251327,-0.245018,-0.507568,-0.536651,6.0738,-0.00213059,-3.78867,0.0139626,-3.76729,45,33,3,0,0,50.3799,0,-0.0872665,-3.78867,0.0829515,-0.073276,-0.0181486,-0.730572,0.15
5039,2.34526,-0.235619,-0.236496,-0.575244,-0.613328,6.0738,0.00745708,-3.79494,-0,-3.76729,45,33,3,0,0,50.3899,0,-0.0872665,-3.79494,0.0829661,-0.0756424,-0.0180223,-0.727647,0.15
5040,2.34277,-0.240855,-0.202406,-0.575244,-0.636474,6.0738,-0.0159795,-3.79993,-0,-3.76729,45,33,3,0,0,50.3999,0,-0.0872665,-3.79993,0.0829397,-0.0780016,-0.0178887,-0.724654,0.15
5041,2.34047,-0.233874,-0.225843,-0.654199,-0.632763,6.0738,0.0138489,-3.79347,-0,-3.75601,45,33,3,0,0,50.4099,0,-0.0872665,-3.79347,0.082975,-0.080353,-0.0179392,-0.721593,0.15
5042,2.33807,-0.225147,-0.235431,-0.665479,-0.572912,6.0738,0.00532648,-3.7936,-0,-3.76729,45,33,3,0,0,50.4199,0,-0.0872665,-3.7936,0.0829658,-0.0826978,-0.0178871,-0.718463,0.15
5043,2.33577,-0.244346,-0.235431,-0.609082,-0.580913,6.0738,0.0117183,-3.79503,-0,-3.77856,45,33,3,0,0,50.4299,0,-0.0872665,-3.79503,0.08299,-0.0850353,-0.0179236,-0.715264,0.15
5044,2.33347,-0.235619,-0.237561,-0.575244,-0.589949,6.0738,-0.0191753,-3.78974,-0,-3.74473,45,33,3,0,0,50.4399,0,-0.0872665,-3.78974,0.0830473,-0.087364,-0.0179514,-0.712,0.15
5045,2.33108,-0.216421,-0.229039,-0.552686,-0.640401,6.0738,-0.00745708,-3.77743,-0,-3.74473,45,33,3,0,0,50.4499,0,-0.0872665,-3.77743,0.0831262,-0.0896869,-0.0178774,-0.708664,0.15
5046,2.32877,-0.221657,-0.226908,-0.676758,-0.647681,6.0738,0.0245018,-3.79295,-0,-3.74473,45,33,3,0,0,50.4599,0,-0.0872665,-3.79295,0.0830832,-0.0920009,-0.0178905,-0.705263,0.15
5047,2.32667,-0.20944,-0.21519,-0.654199,-0.670443,6.0738,-0.0170448,-3.77815,-0,-3.8688,45,33,3,0,0,50.4699,0,-0.0872665,-3.77815,0.0831748,-0.0943059,-0.0180862,-0.701796,0.15
5048,2.32446,-0.223402,-0.199211,-0.766992,-0.754374,6.0738,1.21981e-17,-3.78403,-0,-3.76729,45,33,3,0,0,50.4799,0,-0.0872665,-3.78403,0.0831845,-0.0966045,-0.0181798,-0.698259,0.15
5049,2.32235,-0.218166,-0.19708,-0.812109,-0.826727,6.0738,-0.01811,-3.76976,-0,-3.74473,45,33,3,0,0,50.4899,0,-0.0872665,-3.76976,0.0832467,-0.0988933,-0.0183593,-0.694658,0.15
5050,2.32015,-0.214675,-0.216255,-0.845947,-0.864629,6.0738,0.0117183,-3.7848,-0,-3.74473,45,33,3,0,0,50.4999,0,-0.0872665,-3.7848,0.0831989,-0.101173,-0.0184344,-0.69099,0.15
5051,2.31804,-0.223402,-0.202406,-0.868506,-0.906664,6.0738,-0.00852238,-3.77675,-0,-3.74473,45,33,3,0,0,50.5099,0,-0.0872665,-3.77675,0.0832479,-0.103445,-0.0185966,-0.687256,0.15
5052,2.31564,-0.226893,-0.223712,-0.95874,-0.865247,6.0738,0.0255671,-3.77669,-0,-3.75601,45,33,3,0,0,50.5199,0,-0.0872665,-3.77698,0.083241,-0.105707,-0.0184617,-0.683457,0.15
5053,2.31343,-0.226893,-0.2333,-0.766992,-0.738948,6.0738,-0.00426119,-3.77216,-0,-3.74473,45,33,3,0,0,50.5299,0,-0.0872665,-3.77216,0.0832339,-0.107958,-0.0185082,-0.679594,0.15
5054,2.31113,-0.225147,-0.256737,-0.597803,-0.604044,6.0738,0.00639178,-3.7704,-0,-3.72217,45,33,3,0,0,50.5399,0,-0.0872665,-3.7704,0.0832573,-0.110201,-0.0184502,-0.675665,0.15
5055,2.30864,-0.244346,-0.241822,-0.699316,-0.600961,6.0738,-0.0276977,-3.76107,-0,-3.74473,45,33,3,0,0,50.5499,0,-0.0872665,-3.76107,0.083332,-0.112435,-0.0181915,-0.67167,0.15
5056,2.30624,-0.23911,-0.231169,-0.507568,-0.536042,6.0738,0.0127836,-3.76437,-0,-3.85752,45,33,3,0,0,50.5599,0,-0.0872665,-3.76437,0.0833478,-0.114658,-0.018017,-0.667614,0.15
5057,2.30385,-0.240855,-0.246084,-0.518848,-0.492256,6.0738,-0.0010653,-3.77541,-0,-3.73345,45,33,3,0,0,50.5699,0,-0.0872665,-3.77541,0.0833075,-0.116871,-0.0178337,-0.663492,0.15
5058,2.30145,-0.235619,-0.243953,-0.586523,-0.4309,6.0738,-0.00426119,-3.75704,-0,-3.82368,45,33,3,0,0,50.5799,0,-0.0872665,-3.75704,0.0834011,-0.119075,-0.01764,-0.659306,0.15
5059,2.29915,-0.242601,-0.238627,-0.417334,-0.471335,6.0738,0.00213059,-3.76137,-0,-3.84624,45,33,3,0,0,50.5899,0,-0.0872665,-3.76137,0.0834433,-0.121266,-0.017531,-0.655058,0.15
5060,2.29685,-0.205949,-0.201341,-0.507568,-0.556868,6.0738,-0.0351548,-3.74549,-0,-3.72217,45,33,3,0,0,50.5999,0,-0.0872665,-3.74549,0.0835265,-0.123448,-0.0174117,-0.650747,0.15
5061,2.29464,-0.221657,-0.213059,-0.609082,-0.633124,6.07389,0.00958767,-3.75288,-0,-3.71089,45,33,3,0,0,50.6099,0,-0.0872665,-3.75288,0.0835555,-0.125618,-0.0173768,-0.646375,0.15
5062,2.29253,-0.216421,-0.217321,-0.676758,-0.676088,6.07389,-0.0159795,-3.75075,-0,-3.72217,45,33,3,0,0,50.6199,0,-0.0872665,-3.75075,0.0835801,-0.127777,-0.0174259,-0.641942,0.15
5063,2.29043,-0.204204,-0.202406,-0.676758,-0.719858,6.07389,0.00745708,-3.74827,-0,-3.82368,45,33,3,0,0,50.6299,0,-0.0872665,-3.74827,0.083606,-0.129925,-0.0174652,-0.637445,0.15
5064,2.28832,-0.214675,-0.224778,-0.688037,-0.765611,6.07389,0.0010653,-3.75183,-0,-3.84624,45,33,3,0,0,50.6399,0,-0.0872665,-3.75183,0.0836047,-0.132062,-0.0174925,-0.632887,0.15
5065,2.28621,-0.207694,-0.206668,-0.789551,-0.672967,6.07389,0.0223712,-3.75265,-0,-3.82368,45,33,3,0,0,50.6499,0,-0.0872665,-3.75265,0.0836291,-0.134185,-0.0175069,-0.628271,0.15
5066,2.2841,-0.21293,-0.207733,-0.654199,-0.643173,6.07389,0.00852238,-3.75896,-0,-3.82368,45,33,3,0,0,50.6599,0,-0.0872665,-3.75896,0.0836124,-0.136299,-0.0175111,-0.623592,0.15
5067,2.28199,-0.197222,-0.202406,-0.552686,-0.654671,6.07389,0.00532648,-3.75043,-0,-3.84624,45,33,3,0,0,50.6699,0,-0.0872665,-3.75043,0.0836445,-0.138399,-0.0175018,-0.618855,0.15
5068,2.27978,-0.225147,-0.19708,-0.744434,-0.717045,6.07389,-0.0298283,-3.74216,-0,-3.84624,45,33,3,0,0,50.6799,0,-0.0872665,-3.74216,0.0836674,-0.140487,-0.0173848,-0.614059,0.15
5069,2.27767,-0.21293,-0.209863,-0.654199,-0.644822,6.07389,0.0234365,-3.75224,-0,-3.71089,45,33,3,0,0,50.6899,0,-0.0872665,-3.75224,0.0836457,-0.142564,-0.0173525,-0.6092,0.15
5070,2.27556,-0.205949,-0.227974,-0.654199,-0.609822,6.07389,-0.00426119,-3.74728,-0,-3.71089,45,33,3,0,0,50.6999,0,-0.0872665,-3.74728,0.0836597,-0.144627,-0.0173064,-0.604285,0.15
5071,2.27346,-0.223402,-0.202406,-0.654199,-0.635027,6.07389,0.00319589,-3.73196,-0,-3.68833,45,33,3,0,0,50.7099,0,-0.0872665,-3.73196,0.0837621,-0.146677,-0.0172474,-0.599312,0.15
5072,2.27125,-0.214675,-0.217321,-0.710596,-0.731272,6.07389,-0.00532648,-3.73952,-0,-3.68833,45,33,3,0,0,50.7199,0,-0.0872665,-3.73952,0.0837507,-0.148714,-0.0170794,-0.594282,0.15
5073,2.26924,-0.204204,-0.184296,-0.676758,-0.726245,6.07389,-0.0234365,-3.74267,-0,-3.71089,45,33,3,0,0,50.7299,0,-0.0872665,-3.74267,0.0837337,-0.150738,-0.0170904,-0.589194,0.15
5074,2.26722,-0.205949,-0.194949,-0.699316,-0.678027,6.07389,0.0127836,-3.7445,-0,-3.72217,45,33,3,0,0,50.7399,0,-0.0872665,-3.7445,0.0837271,-0.152749,-0.0170878,-0.584049,0.15
5075,2.26511,-0.226893,-0.190688,-0.699316,-0.750836,6.07389,-0.00852238,-3.72939,-0,-3.71089,45,33,3,0,0,50.7499,0,-0.0872665,-3.72939,0.0837935,-0.154746,-0.0169752,-0.578849,0.15
5076,2.26291,-0.211185,-0.203472,-0.744434,-0.711315,6.07389,0.0127836,-3.74623,-0,-3.71089,45,33,3,0,0,50.7599,0,-0.0872665,-3.74623,0.0837185,-0.156729,-0.0167534,-0.573592,0.15
5077,2.2609,-0.202458,-0.248214,-0.541406,-0.5285,6.07389,-0.0191753,-3.74177,-0,-3.71089,45,33,3,0,0,50.7699,0,-0.0872665,-3.74177,0.0837127,-0.158699,-0.0167097,-0.56828,0.15
5078,2.25879,-0.216421,-0.210929,-0.48501,-0.505628,6.07389,0.00426119,-3.73454,-0,-3.68833,45,33,3,0,0,50.7799,0,-0.0872665,-3.73454,0.0837826,-0.160654,-0.0165555,-0.562913,0.15
5079,2.25658,-0.204204,-0.185362,-0.518848,-0.522646,6.07389,-0.0117183,-3.72697,-0,-3.72217,45,33,3,0,0,50.7899,0,-0.0872665,-3.72697,0.083855,-0.162595,-0.0162914,-0.557492,0.15
5080,2.25447,-0.221657,-0.217321,-0.541406,-0.536907,6.07389,0.0234365,-3.73955,-0,-3.71089,45,33,3,0,0,50.7999,0,-0.0872665,-3.73955,0.0838295,-0.164521,-0.0161087,-0.552017,0.15
5081,2.25246,-0.190241,-0.17897,-0.507568,-0.473669,6.07389,0.0010653,-3.73412,-0,-3.68833,45,33,3,0,0,50.8099,0,-0.0872665,-3.73412,0.0838362,-0.166433,-0.0160074,-0.546488,0.15
5082,2.25045,-0.20944,-0.207733,-0.518848,-0.473171,6.07389,0.010653,-3.72637,-0,-3.71089,45,33,3,0,0,50.8199,0,-0.0872665,-3.72637,0.0839148,-0.168331,-0.0158913,-0.540906,0.15
5083,2.24853,-0.188496,-0.199211,-0.507568,-0.508611,6.07389,0.0127836,-3.71672,-0,-3.69961,45,33,3,0,0,50.8299,0,-0.0872665,-3.71672,0.0839948,-0.170213,-0.015856,-0.535272,0.15
5084,2.24661,-0.190241,-0.182166,-0.575244,-0.579494,6.07389,0.0117183,-3.72049,-0,-3.68833,45,33,3,0,0,50.8399,0,-0.0872665,-3.72049,0.0840266,-0.17208,-0.0158056,-0.529585,0.15
5085,2.24489,-0.165806,-0.184296,-0.563965,-0.621536,6.07389,-0.00958767,-3.72891,-0,-3.69961,45,33,3,0,0,50.8499,0,-0.0872665,-3.72891,0.084009,-0.173931,-0.0159311,-0.52385,0.15
5086,2.24316,-0.185005,-0.1811,-0.620361,-0.741535,6.07399,-0.0149142,-3.71015,-0,-3.69961,45,33,3,0,0,50.8599,0,-0.0872665,-3.71015,0.0841313,-0.175768,-0.0160418,-0.518061,0.15
5087,2.24143,-0.165806,-0.173643,-0.834668,-0.862458,6.07399,0.0010653,-3.71009,-0,-3.69961,45,33,3,0,0,50.87,0,-0.0872665,-3.71009,0.0841497,-0.177589,-0.016138,-0.512218,0.15
5088,2.23961,-0.188496,-0.171513,-0.95874,-0.933676,6.07399,-0.0245018,-3.71573,-0,-3.69961,45,33,3,0,0,50.8799,0,-0.0872665,-3.71573,0.0841285,-0.179403,-0.0161295,-0.506302,0.15
5089,2.23789,-0.169297,-0.17897,-0.823389,-0.769887,6.07399,0.0159795,-3.7232,-0,-3.72217,45,33,3,0,0,50.8899,0,-0.0872665,-3.7232,0.0840763,-0.181183,-0.0161842,-0.500392,0.15
5090,2.23606,-0.188496,-0.182166,-0.778271,-0.676818,6.07399,-0.010653,-3.70626,0.00698132,-3.73345,45,33,3,0,0,50.8999,0,-0.0872665,-3.70626,0.0841485,-0.182956,-0.0161355,-0.494404,0.15
5091,2.23424,-0.197222,-0.194949,-0.755713,-0.66227,6.07399,-0.01811,-3.69707,-0,-3.68833,45,33,3,0,0,50.9099,0,-0.0872665,-3.69707,0.0842246,-0.184713,-0.0160707,-0.488368,0.15
5092,2.23233,-0.198968,-0.191753,-0.597803,-0.666922,6.07399,-0.0245018,-3.70327,-0,-3.71089,45,33,3,0,0,50.9199,0,-0.0872665,-3.70327,0.0842037,-0.186453,-0.0158936,-0.482285,0.15
5093,2.2305,-0.181514,-0.200276,-0.575244,-0.622841,6.07399,0.00532648,-3.70911,-0,-3.68833,45,33,3,0,0,50.9299,0,-0.0872665,-3.70911,0.0841924,-0.188177,-0.0157957,-0.476154,0.15
5094,2.22849,-0.195477,-0.186427,-0.620361,-0.625677,6.07399,-0.0255671,-3.70228,-0,-3.68833,45,33,3,0,0,50.9399,0,-0.0872665,-3.70228,0.0842548,-0.189884,-0.0154894,-0.469976,0.15
5095,2.22667,-0.176278,-0.184296,-0.64292,-0.638841,6.07399,-0.00319589,-3.69779,-0,-3.65449,45,33,3,0,0,50.9499,0,-0.0872665,-3.69779,0.0843039,-0.191574,-0.0153579,-0.463752,0.15
5096,2.22475,-0.174533,-0.180035,-0.575244,-0.598581,6.07399,0.0010653,-3.70827,-0,-3.68833,45,33,3,0,0,50.9599,0,-0.0872665,-3.70827,0.0842609,-0.193247,-0.0151137,-0.457482,0.15
5097,2.22293,-0.174533,-0.193884,-0.552686,-0.547568,6.07399,0.00213059,-3.6971,-0,-3.68833,45,33,3,0,0,50.9699,0,-0.0872665,-3.6971,0.0843152,-0.194903,-0.014948,-0.451168,0.15
5098,2.22101,-0.197222,-0.180035,-0.631641,-0.562245,6.07399,0.00639178,-3.69679,-0,-3.80112,45,33,3,0,0,50.9799,0,-0.0872665,-3.69679,0.0843518,-0.196542,-0.0146692,-0.444809,0.15
5099,2.21919,-0.172788,-0.161925,-0.563965,-0.507188,6.07399,0.010653,-3.69108,-0,-3.77856,45,33,3,0,0,50.9899,0,-0.0872665,-3.69108,0.0843913,-0.198163,-0.0144688,-0.438406,0.15
5100,2.21737,-0.185005,-0.190688,-0.575244,-0.494827,6.07399,-0.00852238,-3.6962,0.00174533,-3.77856,45,33,3,0,0,50.9999,0,-0.0872665,-3.6962,0.0843957,-0.199767,-0.0142509,-0.431959,0.15
5101,2.21584,-0.155334,-0.164056,-0.552686,-0.562463,6.07399,-0.0117183,-3.68277,-0,-3.76729,45,33,3,0,0,51.0099,0,-0.0872665,-3.68277,0.0844724,-0.201353,-0.0143028,-0.42547,0.15
5102,2.21421,-0.164061,-0.147011,-0.586523,-0.656516,6.07399,0.00426119,-3.67927,-0,-3.75601,45,33,3,0,0,51.0199,0,-0.0872665,-3.67927,0.0845274,-0.202921,-0.0142409,-0.418939,0.15
5103,2.21248,-0.169297,-0.147011,-0.676758,-0.663568,6.07399,-0.00958767,-3.68295,-0,-3.78984,45,33,3,0,0,51.0299,0,-0.0872665,-3.68295,0.0845218,-0.204471,-0.0140652,-0.412366,0.15
5104,2.21085,-0.178024,-0.16299,-0.789551,-0.652508,6.07399,0.0213059,-3.69119,-0,-3.76729,45,33,3,0,0,51.0399,0,-0.0872665,-3.69119,0.0844897,-0.206002,-0.0139671,-0.405751,0.15
5105,2.20922,-0.16057,-0.17897,-0.654199,-0.540158,6.07399,-0.0490037,-3.68331,-0,-3.77856,45,33,3,0,0,51.0499,0,-0.0872665,-3.68331,0.0844886,-0.207516,-0.0138506,-0.399097,0.15
5106,2.20759,-0.151844,-0.168317,-0.530127,-0.45104,6.07399,0.0436772,-3.68077,-0,-3.76729,45,33,3,0,0,51.0599,0,-0.0872665,-3.68366,0.0845367,-0.209011,-0.013716,-0.392402,0.15
5107,2.20596,-0.164061,-0.173643,-0.48501,-0.479044,6.07408,-0.00958767,-3.67577,-0,-3.64321,45,33,3,0,0,51.0699,0,-0.0872665,-3.67577,0.0846139,-0.210487,-0.0135626,-0.385668,0.15
5108,2.20433,-0.15708,-0.171513,-0.530127,-0.521559,6.07408,0.00532648,-3.67492,-0,-3.62065,45,33,3,0,0,51.0799,0,-0.0872665,-3.67492,0.0846338,-0.211945,-0.0133905,-0.378896,0.15
5109,2.2028,-0.167552,-0.150207,-0.597803,-0.568869,6.07408,-0.00319589,-3.68009,-0,-3.65449,45,33,3,0,0,51.0899,0,-0.0872665,-3.68009,0.0846034,-0.213384,-0.0132956,-0.372085,0.15
5110,2.20126,-0.151844,-0.152337,-0.575244,-0.579499,6.07408,-0.0170448,-3.6734,-0,-3.65449,45,33,3,0,0,51.0999,0,-0.0872665,-3.6734,0.0846353,-0.214804,-0.0131815,-0.365237,0.15
5111,2.19982,-0.150098,-0.166186,-0.586523,-0.586205,6.07408,-0.00745708,-3.67869,-0,-3.64321,45,33,3,0,0,51.1099,0,-0.0872665,-3.67869,0.0846508,-0.216205,-0.0131445,-0.358352,0.15
5112,2.19839,-0.137881,-0.134227,-0.563965,-0.567354,6.07408,-0.0127836,-3.66803,-0,-3.71089,45,33,3,0,0,51.1199,0,-0.0872665,-3.66803,0.0847139,-0.217587,-0.013088,-0.351431,0.15
5113,2.19704,-0.141372,-0.138489,-0.676758,-0.650472,6.07408,0.0255671,-3.68043,-0,-3.62065,45,33,3,0,0,51.1299,0,-0.0872665,-3.68301,0.0846793,-0.218949,-0.0131082,-0.344474,0.15
5114,2.19561,-0.143117,-0.131032,-0.744434,-0.678528,6.07408,0.00213059,-3.66888,-0,-3.62065,45,33,3,0,0,51.1399,0,-0.0872665,-3.66888,0.0847418,-0.220292,-0.0130132,-0.337482,0.15
5115,2.19426,-0.123918,-0.140619,-0.744434,-0.70952,6.07408,0.0213059,-3.67004,-0,-3.64321,45,33,3,0,0,51.1499,0,-0.0872665,-3.67004,0.0847526,-0.221616,-0.0129943,-0.330455,0.15
5116,2.19302,-0.132645,-0.131032,-0.744434,-0.760156,6.07408,-0.0276977,-3.66079,-0,-3.64321,45,33,3,0,0,51.1599,0,-0.0872665,-3.66079,0.0847906,-0.222919,-0.0130517,-0.323395,0.15
5117,2.19177,-0.1309,-0.110791,-0.834668,-0.824211,6.07408,0.0298283,-3.66965,-0,-3.62065,45,33,3,0,0,51.1699,0,-0.0872665,-3.66965,0.0847887,-0.224203,-0.0130893,-0.316301,0.15
5118,2.19052,-0.118682,-0.10866,-0.845947,-0.842573,6.07408,-0.0127836,-3.66195,-0,-3.64321,45,33,3,0,0,51.1799,0,-0.0872665,-3.66195,0.0848103,-0.225467,-0.0131069,-0.309176,0.15
5119,2.18937,-0.118682,-0.109726,-0.95874,-0.879493,6.07408,0.0234365,-3.66852,-0,-3.67705,45,33,3,0,0,51.1899,0,-0.0872665,-3.66852,0.0847851,-0.226711,-0.0132003,-0.302018,0.15
5120,2.18813,-0.129154,-0.113987,-0.823389,-0.881876,6.07408,-0.00639178,-3.66283,-0,-3.65449,45,33,3,0,0,51.1999,0,-0.0872665,-3.66283,0.0847945,-0.227935,-0.0131778,-0.294829,0.15
5121,2.18688,-0.125664,-0.132097,-0.845947,-0.810899,6.07408,0.00319589,-3.66263,-0,-3.64321,45,33,3,0,0,51.2099,0,-0.0872665,-3.66263,0.084811,-0.229139,-0.013135,-0.287609,0.15
5122,2.18564,-0.122173,-0.141684,-0.766992,-0.69231,6.07408,0.0170448,-3.66996,-0,-3.64321,45,33,3,0,0,51.2199,0,-0.0872665,-3.66996,0.0847789,-0.230322,-0.013072,-0.280359,0.15
5123,2.18429,-0.137881,-0.12464,-0.676758,-0.655779,6.07408,0.00745708,-3.6637,-0,-3.62065,45,33,3,0,0,51.2299,0,-0.0872665,-3.6637,0.0848138,-0.231485,-0.0128925,-0.27308,0.15
5124,2.18295,-0.1309,-0.133162,-0.676758,-0.668916,6.07408,-0.00213059,-3.66179,-0,-3.64321,45,33,3,0,0,51.2399,0,-0.0872665,-3.66179,0.0848259,-0.232627,-0.0126925,-0.265772,0.15
5125,2.18161,-0.115192,-0.105464,-0.64292,-0.645536,6.07408,-0.010653,-3.6554,-0,-3.64321,45,33,3,0,0,51.25,0,-0.0872665,-3.6554,0.0848606,-0.233752,-0.0124753,-0.258414,0.15
5126,2.18027,-0.122173,-0.14275,-0.575244,-0.581028,6.07408,0.0213059,-3.65307,-0,-3.63193,45,33,3,0,0,51.2599,0,-0.0872665,-3.65307,0.0849043,-0.234849,-0.0122304,-0.251073,0.15
5127,2.17902,-0.127409,-0.127836,-0.597803,-0.570889,6.07408,-0.028763,-3.65413,-0,-3.63193,45,33,3,0,0,51.2699,0,-0.0872665,-3.65413,0.0849191,-0.235929,-0.0120639,-0.243684,0.15
5128,2.17777,-0.116937,-0.148076,-0.518848,-0.518575,6.07408,0.0298283,-3.65173,-0,-3.75601,45,33,3,0,0,51.2799,0,-0.0872665,-3.65207,0.0849499,-0.236988,-0.0118765,-0.236268,0.15
5129,2.17653,-0.125664,-0.122509,-0.496289,-0.513514,6.07408,-0.0138489,-3.65332,-0,-3.63193,45,33,3,0,0,51.2899,0,-0.0872665,-3.65332,0.0849429,-0.238026,-0.0116681,-0.228826,0.15
5130,2.17528,-0.123918,-0.121444,-0.575244,-0.539321,6.07408,0.0191753,-3.65411,-0,-3.60938,45,33,3,0,0,51.2999,0,-0.0872665,-3.65411,0.0849645,-0.239043,-0.0114385,-0.22136,0.15
5131,2.17413,-0.120428,-0.129966,-0.541406,-0.523161,6.07408,-0.0213059,-3.64702,-0,-3.65449,45,33,3,0,0,51.3099,0,-0.0872665,-3.64702,0.085,-0.240038,-0.0112835,-0.21387,0.15
5132,2.17288,-0.113446,-0.119313,-0.586523,-0.416225,6.07408,0.0245018,-3.65402,-0,-3.60938,45,33,3,0,0,51.3199,0,-0.0872665,-3.65402,0.0849844,-0.241013,-0.0110114,-0.206356,0.15
5133,2.17173,-0.10821,-0.10866,-0.383496,-0.410636,6.07408,-0.0159795,-3.65033,-0,-3.62065,45,33,3,0,0,51.3299,0,-0.0872665,-3.65033,0.0850114,-0.241966,-0.0108138,-0.198819,0.15
5134,2.17068,-0.0994838,-0.110791,-0.394775,-0.454428,6.07408,0.0170448,-3.64593,-0,-3.72217,45,33,3,0,0,51.3399,0,-0.0872665,-3.64593,0.0850726,-0.242897,-0.0106904,-0.191261,0.15
5135,2.16962,-0.0959931,-0.0713749,-0.462451,-0.522965,6.07408,0.0117183,-3.65121,-0,-3.63193,45,33,3,0,0,51.3499,0,-0.0872665,-3.65121,0.0850725,-0.243807,-0.0105456,-0.183681,0.15
5136,2.16857,-0.102974,-0.0809626,-0.530127,-0.623501,6.07408,-0.0202406,-3.64494,-0,-3.75601,45,33,3,0,0,51.3599,0,-0.0872665,-3.64494,0.0851101,-0.244695,-0.0103791,-0.17608,0.15
5137,2.16761,-0.0890118,-0.102269,-0.609082,-0.628351,6.07408,-0.0117183,-3.65531,-0,-3.60938,45,33,3,0,0,51.3699,0,-0.0872665,-3.65531,0.0850393,-0.245561,-0.0102867,-0.168459,0.15
5138,2.16675,-0.0820305,-0.120379,-0.586523,-0.586684,6.07408,-0.010653,-3.64632,-0,-3.63193,45,33,3,0,0,51.3799,0,-0.0872665,-3.64632,0.085067,-0.246406,-0.0102684,-0.160819,0.15
5139,2.16588,-0.0907571,-0.096942,-0.699316,-0.67064,6.07408,0.0170448,-3.65149,-0,-3.63193,45,33,3,0,0,51.3899,0,-0.0872665,-3.65149,0.0850597,-0.247228,-0.0102281,-0.15316,0.15
5140,2.16493,-0.0785398,-0.0767014,-0.586523,-0.593827,6.07408,-0.00319589,-3.64244,-0,-3.74473,45,33,3,0,0,51.3999,0,-0.0872665,-3.64244,0.0850908,-0.248029,-0.0100701,-0.145483,0.15
5141,2.16406,-0.0872665,-0.0735055,-0.609082,-0.629461,6.07418,0.0255671,-3.6461,-0,-3.74473,45,33,3,0,0,51.4099,0,-0.0872665,-3.6461,0.0850789,-0.248808,-0.00998593,-0.137789,0.15
5142,2.1633,-0.0837758,-0.0585913,-0.676758,-0.671504,6.07418,-0.00532648,-3.64707,-0,-3.74473,45,33,3,0,0,51.4199,0,-0.0872665,-3.64707,0.0850978,-0.249564,-0.00997551,-0.130077,0.15
5143,2.16243,-0.0820305,-0.0820279,-0.733154,-0.70809,6.07418,0.0138489,-3.64763,-0,-3.72217,45,33,3,0,0,51.4299,0,-0.0872665,-3.64763,0.0851009,-0.250299,-0.00984702,-0.122351,0.15
5144,2.16167,-0.0715585,-0.0607219,-0.654199,-0.698186,6.07418,-0.0149142,-3.64412,-0,-3.74473,45,33,3,0,0,51.4399,0,-0.0872665,-3.64412,0.0851044,-0.251011,-0.00979223,-0.114608,0.15
5145,2.1609,-0.0767945,-0.0703096,-0.665479,-0.657429,6.07418,0.0010653,-3.64228,-0,-3.74473,45,33,3,0,0,51.4499,0,-0.0872665,-3.64228,0.0851229,-0.251701,-0.00971507,-0.106851,0.15
5146,2.16004,-0.0802851,-0.0809626,-0.631641,-0.613896,6.07418,-0.00639178,-3.6451,-0,-3.74473,45,33,3,0,0,51.4599,0,-0.0872665,-3.6451,0.0851042,-0.252368,-0.00951975,-0.0990798,0.15
5147,2.15927,-0.0767945,-0.0767014,-0.597803,-0.545888,6.07418,0.00532648,-3.64115,-0,-3.72217,45,33,3,0,0,51.4699,0,-0.0872665,-3.64115,0.0851318,-0.253013,-0.00939782,-0.091296,0.15
5148,2.15841,-0.0767945,-0.0926808,-0.541406,-0.492908,6.07418,-0.010653,-3.64257,-0,-3.73345,45,33,3,0,0,51.4799,0,-0.0872665,-3.64257,0.0851516,-0.253636,-0.00915758,-0.0834992,0.15
5149,2.15764,-0.0785398,-0.0692443,-0.48501,-0.482025,6.07418,0.00213059,-3.63582,-0,-3.62065,45,33,3,0,0,51.4899,0,-0.0872665,-3.63582,0.0851956,-0.254236,-0.00899066,-0.0756909,0.15
5150,2.15687,-0.0715585,-0.0894849,-0.451172,-0.407118,6.07418,-0.0149142,-3.63872,0.00872665,-3.71089,45,33,3,0,0,51.4999,0,-0.0872665,-3.63872,0.0851782,-0.254813,-0.00880122,-0.0678705,0.15
5151,2.1562,-0.0698132,-0.0735055,-0.47373,-0.498518,6.07418,4.50091e-18,-3.62359,-0,-3.60938,45,33,3,0,0,51.5099,0,-0.0872665,-3.62359,0.0852509,-0.255368,-0.00868496,-0.0600404,0.15
5152,2.15563,-0.0488692,-0.0692443,-0.507568,-0.507765,6.07418,0.0202406,-3.62898,-0,-3.58682,45,33,3,0,0,51.5199,0,-0.0872665,-3.62898,0.0852731,-0.2559,-0.00864192,-0.0522004,0.15
5153,2.15515,-0.0488692,-0.0458078,-0.496289,-0.62776,6.07418,-0.0117183,-3.62851,-0,-3.5981,45,33,3,0,0,51.5299,0,-0.0872665,-3.62851,0.0852998,-0.25641,-0.008672,-0.0443513,0.15
5154,2.15467,-0.0401426,-0.0266324,-0.688037,-0.747767,6.07418,0.00213059,-3.62707,-0,-3.58682,45,33,3,0,0,51.5399,0,-0.0872665,-3.62707,0.0853211,-0.256897,-0.00867932,-0.0364938,0.15
5155,2.15419,-0.0471239,-0.0213059,-0.812109,-0.867775,6.07418,-0.0245018,-3.62854,-0,-3.5981,45,33,3,0,0,51.5499,0,-0.0872665,-3.62854,0.0853088,-0.25736,-0.00866382,-0.0286287,0.15
5156,2.15371,-0.0418879,-0.0351548,-0.868506,-0.797513,6.07418,0.00426119,-3.63069,-0,-3.5981,45,33,3,0,0,51.5599,0,-0.0872665,-3.63069,0.0852885,-0.257801,-0.00862543,-0.0207569,0.15
5157,2.15333,-0.0523599,-0.0628525,-0.823389,-0.672119,6.07418,0.00745708,-3.62996,-0,-3.5981,45,33,3,0,0,51.5699,0,-0.0872665,-3.62996,0.0852751,-0.25822,-0.00866004,-0.0128784,0.15
5158,2.15285,-0.0523599,-0.0458078,-0.699316,-0.635629,6.07418,-0.0117183,-3.62516,-0,-3.5981,45,33,3,0,0,51.5799,0,-0.0872665,-3.62516,0.0853078,-0.258615,-0.00857583,-0.00499461,0.15
5159,2.15227,-0.0610865,-0.0468731,-0.710596,-0.669708,6.07418,0.00532648,-3.62902,-0,-3.5981,45,33,3,0,0,51.5899,0,-0.0872665,-3.62902,0.0852942,-0.258987,-0.00837281,0.0028948,0.15
5160,2.1517,-0.0436332,-0.0351548,-0.654199,-0.595132,6.07418,-0.00426119,-3.62358,-0,-3.58682,45,33,3,0,0,51.5999,0,-0.0872665,-3.62358,0.0853246,-0.259336,-0.00814676,0.0107879,0.15
5161,2.15122,-0.0523599,-0.0351548,-0.631641,-0.621803,6.07418,0.0223712,-3.64253,-0,-3.5981,45,33,3,0,0,51.6099,0,-0.0872665,-3.64253,0.0852661,-0.259662,-0.00799354,0.0186841,0.15
5162,2.15064,-0.0383972,-0.0479384,-0.631641,-0.5498,6.07418,-0.010653,-3.62852,-0,-3.62065,45,33,3,0,0,51.6199,0,-0.0872665,-3.62852,0.0853068,-0.259965,-0.00772138,0.0265832,0.15
5163,2.15016,-0.0506145,-0.0479384,-0.563965,-0.552454,6.07418,0.0159795,-3.6309,-0,-3.5981,45,33,3,0,0,51.6299,0,-0.0872665,-3.6309,0.085299,-0.260245,-0.00752202,0.0344849,0.15
5164,2.14968,-0.0453786,-0.0426119,-0.530127,-0.526248,6.07418,-0.00958767,-3.62807,-0,-3.62065,45,33,3,0,0,51.6399,0,-0.0872665,-3.62807,0.0853014,-0.260502,-0.00729953,0.0423876,0.15
5165,2.1493,-0.0331613,-0.0362201,-0.518848,-0.541939,6.07418,-0.0170448,-3.62602,-0,-3.5981,45,33,3,0,0,51.6499,0,-0.0872665,-3.62602,0.0853083,-0.260736,-0.00714983,0.050293,0.15
5166,2.14892,-0.0279253,-0.0447425,-0.530127,-0.509931,6.07418,-0.0330242,-3.62099,-0,-3.5981,45,33,3,0,0,51.6599,0,-0.0872665,-3.62099,0.0853399,-0.260947,-0.00697687,0.0581947,0.15
5167,2.14853,-0.0244346,-0.0308936,-0.575244,-0.551385,6.07418,0.0298283,-3.62927,-0,-3.5981,45,33,3,0,0,51.6699,0,-0.0872665,-3.62968,0.085334,-0.261134,-0.00678077,0.0660969,0.15
5168,2.14834,-0.0244346,-0.00745708,-0.597803,-0.607523,6.07418,0.0010653,-3.61926,-0,-3.5981,45,33,3,0,0,51.6799,0,-0.0872665,-3.61926,0.085376,-0.261298,-0.00675324,0.0739987,0.15
5169,2.14815,-0.00872665,-0.0319589,-0.64292,-0.619048,6.07418,0.01811,-3.62653,-0,-3.63193,45,33,3,0,0,51.6899,0,-0.0872665,-3.62697,0.0853811,-0.261439,-0.00670249,0.0818977,0.15
5170,2.14796,-0.010472,-0.0117183,-0.688037,-0.65946,6.07418,-0.0202406,-3.62171,-0,-3.5981,45,33,3,0,0,51.6999,0,-0.0872665,-3.62171,0.0853986,-0.261557,-0.00662852,0.0897943,0.15
5171,2.14786,-0.015708,-0.0266324,-0.710596,-0.635492,6.07418,0.00852238,-3.62362,-0,-3.5981,45,33,3,0,0,51.7099,0,-0.0872665,-3.62362,0.0853845,-0.261651,-0.00662719,0.0976868,0.15
5172,2.14776,-0.0122173,-0.00745708,-0.699316,-0.696911,6.07418,-0.01811,-3.62441,-0,-3.5981,45,33,3,0,0,51.7199,0,-0.0872665,-3.62441,0.0853805,-0.261723,-0.00660262,0.105575,0.15
5173,2.14767,-0.00872665,-0.0159795,-0.710596,-0.61855,6.07418,0.00958767,-3.62199,-0,-3.5981,45,33,3,0,0,51.7299,0,-0.0872665,-3.62199,0.0853805,-0.261771,-0.0065548,0.113459,0.15
5174,2.14767,-0.0174533,-0.0170448,-0.665479,-0.664385,6.07418,0.0010653,-3.62188,-0,-3.5981,45,33,3,0,0,51.7399,0,-0.0872665,-3.62188,0.0853911,-0.261796,-0.0065796,0.121337,0.15
5175,2.14757,0,-0.0159795,-0.676758,-0.663761,6.07418,-0.0276977,-3.61031,-0,-3.58682,45,33,3,0,0,51.7499,0,-0.0872665,-3.61031,0.0854439,-0.261797,-0.00648528,0.129208,0.15
5176,2.14748,-0.0139626,-0.0149142,-0.744434,-0.721191,6.07418,0.0159795,-3.62567,-0,-3.57554,45,33,3,0,0,51.7599,0,-0.0872665,-3.62622,0.0853987,-0.261775,-0.0063677,0.137073,0.15
5177,2.14748,0,-0.00426119,-0.699316,-0.651863,6.07418,-0.00319589,-3.61584,-0,-3.57554,45,33,3,0,0,51.7699,0,-0.0872665,-3.61584,0.0854289,-0.261731,-0.00632274,0.14493,0.15
5178,2.14748,0,-0.00639178,-0.710596,-0.704957,6.07418,3.91384e-19,-3.61639,-0,-3.57554,45,33,3,0,0,51.7799,0,-0.0872665,-3.61639,0.0854359,-0.261662,-0.00625453,0.152778,0.15
5179,2.14738,0,0.00745708,-0.586523,-0.690561,6.07428,-0.00639178,-3.61182,-0,-3.69961,45,33,3,0,0,51.7899,0,-0.0872665,-3.61182,0.085449,-0.261571,-0.00606721,0.160618,0.15
5180,2.14738,0,-0.0127836,-0.733154,-0.590202,6.07428,0.0426119,-3.62159,-0,-3.69961,45,33,3,0,0,51.7999,0,-0.0872665,-3.62399,0.0854294,-0.261456,-0.00595253,0.168447,0.15
5181,2.14738,0,-0.00639178,-0.64292,-0.641286,6.07428,3.91384e-19,-3.61367,-0,-3.60938,45,33,3,0,0,51.8099,0,-0.0872665,-3.61367,0.0854735,-0.261318,-0.00581463,0.176265,0.15
5182,2.14738,0,-0.0117183,-0.563965,-0.639304,6.07428,-0.00639178,-3.61834,-0,-3.56426,45,33,3,0,0,51.8199,0,-0.0872665,-3.61834,0.0854629,-0.261157,-0.0056535,0.184074,0.15
5183,2.14738,0,0.0127836,-0.541406,-0.620004,6.07428,-0.0266324,-3.62172,-0,-3.71089,45,33,3,0,0,51.8299,0,-0.0872665,-3.62172,0.0854209,-0.260973,-0.00546918,0.191869,0.15
5184,2.14738,0,-0.0010653,-0.631641,-0.568345,6.07428,-0.0149142,-3.61758,-0,-3.69961,45,33,3,0,0,51.8399,0,-0.0872665,-3.61758,0.0854204,-0.260765,-0.00526169,0.199652,0.15
5185,2.14738,0,-0.0010653,-0.631641,-0.51999,6.07428,-0.0330242,-3.62574,-0,-3.71089,45,33,3,0,0,51.8499,0,-0.0872665,-3.62574,0.0853873,-0.260535,-0.00503102,0.207423,0.15
5186,2.14738,0,0.0191753,-0.406055,-0.475856,6.07428,0.0138489,-3.62703,-0,-3.72217,45,33,3,0,0,51.8599,0,-0.0872665,-3.62703,0.0853882,-0.260281,-0.00477723,0.215178,0.15
5187,2.14738,0,0.00213059,-0.338379,-0.418004,6.07428,-1.30461e-19,-3.62592,-0,-3.69961,45,33,3,0,0,51.8699,0,-0.0872665,-3.62592,0.0853708,-0.260004,-0.0045003,0.22292,0.15
5188,2.14738,0,0.00532648,-0.406055,-0.386287,6.07428,-0.0234365,-3.61751,-0,-3.71089,45,33,3,0,0,51.8799,0,-0.0872665,-3.61751,0.085397,-0.259704,-0.00420028,0.230645,0.15
5189,2.14738,0,-0.00319589,-0.417334,-0.322137,6.07428,0.00639178,-3.62797,-0,-3.69961,45,33,3,0,0,51.8899,0,-0.0872665,-3.62797,0.0853566,-0.259381,-0.0038772,0.238355,0.15
5190,2.14748,0,0.0159795,-0.236865,-0.336435,6.07428,0.00426119,-3.61883,-0,-3.69961,45,33,3,0,0,51.8999,0,-0.0872665,-3.61883,0.0854014,-0.259035,-0.00362695,0.246048,0.15
5191,2.14748,0.0139626,-0.00532648,-0.360938,-0.223095,6.07428,0.0159795,-3.63312,-0,-3.60938,45,33,3,0,0,51.9099,0,-0.0872665,-3.63312,0.0853374,-0.258666,-0.00325781,0.253724,0.15
5192,2.14757,0.010472,0.00852238,-0.304541,-0.244322,6.07428,-0.0245018,-3.62218,-0,-3.56426,45,33,3,0,0,51.9199,0,-0.0872665,-3.62218,0.0853662,-0.258273,-0.00296156,0.261382,0.15
5193,2.14757,0,-0.00426119,-0.304541,-0.16016,6.07428,-0.00319589,-3.6234,-0,-3.58682,45,33,3,0,0,51.9299,0,-0.0872665,-3.6234,0.0853647,-0.257858,-0.00254651,0.269021,0.15
5194,2.14767,0,0.00532648,-0.101514,-0.116674,6.07428,-0.01811,-3.61221,-0,-3.58682,45,33,3,0,0,51.9399,0,-0.0872665,-3.61221,0.0854002,-0.25742,-0.00220443,0.27664,0.15
5195,2.14767,0,0.00532648,-0.225586,-0.0593506,6.07428,0.028763,-3.62044,-0,-3.56426,45,33,3,0,0,51.9499,0,-0.0872665,-3.62044,0.0853832,-0.25696,-0.0017436,0.284239,0.15
5196,2.14776,0,0.00426119,-0.0338379,0.0141062,6.07428,-0.0138489,-3.62431,-0,-3.5981,45,33,3,0,0,51.9599,0,-0.0872665,-3.62431,0.0853625,-0.256476,-0.00135583,0.291818,0.15
5197,2.14786,0.0174533,0.00319589,-0.112793,0.051372,6.07428,-0.00532648,-3.6157,-0,-3.58682,45,33,3,0,0,51.9699,0,-0.0872665,-3.6157,0.0854068,-0.25597,-0.000945298,0.299374,0.15
5198,2.14796,0.015708,0.01811,-0.0451172,0.130069,6.07428,-0.010653,-3.62384,-0,-3.58682,45,33,3,0,0,51.9799,0,-0.0872665,-3.62384,0.085365,-0.25544,-0.000511985,0.306909,0.15
5199,2.14815,0.010472,-0.00426119,-0.0338379,0.110219,6.07428,-0.00319589,-3.61398,-0,-3.56426,45,33,3,0,0,51.9899,0,-0.0872665,-3.61398,0.0854244,-0.254889,-0.000151902,0.314421,0.15
5200,2.14824,0.0122173,0.0170448,0,0.163568,6.07428,-0.0202406,-3.62051,-0,-3.5981,45,33,3,0,0,51.9999,0,-0.0872665,-3.62051,0.0853884,-0.254314,0.000326718,0.32191,0.15
5201,2.14853,0.0349066,0.00532648,0.0676758,0.186642,6.07428,-0.0245018,-3.61534,-0,-3.5981,45,33,3,0,0,52.0099,0,-0.0872665,-3.61534,0.0854034,-0.253717,0.000636201,0.329374,0.15
5202,2.14892,0.0436332,0.0436772,0.112793,0.152785,6.07428,-2.67446e-18,-3.62513,-0,-3.58682,45,33,3,0,0,52.0199,0,-0.0872665,-3.62513,0.0853788,-0.253097,0.000872316,0.336813,0.15
5203,2.1493,0.0261799,0.0276977,0.135352,0.174628,6.07428,-0.0234365,-3.61582,-0,-3.5981,45,33,3,0,0,52.0299,0,-0.0872665,-3.61582,0.0854107,-0.252455,0.0011309,0.344227,0.15
5204,2.14939,0.0191986,0.0223712,0.169189,0.213956,6.07428,0.01811,-3.62643,-0,-3.5981,45,33,3,0,0,52.0399,0,-0.0872665,-3.62643,0.0853718,-0.251791,0.00169956,0.351615,0.15
5205,2.14978,0.0523599,0.0426119,0.180469,0.222473,6.07428,-0.0117183,-3.61703,-0,-3.60938,45,33,3,0,0,52.0499,0,-0.0872665,-3.61703,0.0853989,-0.251104,0.00200297,0.358976,0.15
5206,2.15064,0.10821,0.0362201,0.236865,0.235658,6.07428,0.0170448,-3.62476,-0,-3.64321,45,33,3,0,0,52.0599,0,-0.0872665,-3.62476,0.0853776,-0.250395,0.0018493,0.36631,0.15
5207,2.15179,0.0855211,0.0362201,0.214307,0.177239,6.07428,-0.0223712,-3.61493,-0,-3.58682,45,33,3,0,0,52.0699,0,-0.0872665,-3.61493,0.0854215,-0.249663,0.00143024,0.373616,0.15
5208,2.15246,0.0314159,0.0330242,0.146631,0.115079,6.07428,0.00532648,-3.62085,-0,-3.60938,45,33,3,0,0,52.0799,0,-0.0872665,-3.62085,0.085409,-0.24891,0.00151277,0.380893,0.15
5209,2.15275,0.0226893,0.0543301,0.191748,0.125629,6.07428,-0.00319589,-3.62526,-0,-3.60938,45,33,3,0,0,52.0899,0,-0.0872665,-3.62526,0.0853878,-0.248134,0.00200091,0.38814,0.15
5210,2.15304,0.0331613,0.0660484,0.101514,0.173561,6.07428,0.0308936,-3.62704,-0,-3.60938,45,33,3,0,0,52.0999,0,-0.0872665,-3.62704,0.0853865,-0.247336,0.00251102,0.395357,0.15
5211,2.15361,0.0925025,0.0543301,0.15791,0.205862,6.07428,0.00319589,-3.62941,-0,-3.60938,45,33,3,0,0,52.1099,0,-0.0872665,-3.62941,0.0853549,-0.246516,0.00275551,0.402544,0.15
5212,2.15438,0.0523599,0.0479384,0.180469,0.22775,6.07428,-0.00532648,-3.61332,-0,-3.60938,45,33,3,0,0,52.1199,0,-0.0872665,-3.61332,0.0854213,-0.245675,0.00283012,0.409699,0.15
5213,2.15496,0.0610865,0.0607219,0.180469,0.237156,6.07428,0.0010653,-3.61859,-0,-3.5981,45,33,3,0,0,52.1299,0,-0.0872665,-3.61859,0.0854169,-0.244811,0.00311837,0.416823,0.15
5214,2.15553,0.0506145,0.0298283,0.248145,0.207076,6.07428,-0.00532648,-3.61678,-0,-3.5981,45,33,3,0,0,52.1399,0,-0.0872665,-3.61678,0.0854126,-0.243926,0.00342835,0.423914,0.15
5215,2.15611,0.0558505,0.0468731,0.203027,0.202172,6.07428,-0.0127836,-3.62306,-0,-3.55298,45,33,3,0,0,52.1499,0,-0.0872665,-3.62306,0.0853978,-0.243019,0.00375991,0.430971,0.15
5216,2.15668,0.0541052,0.0798973,0.248145,0.291608,6.07428,-0.0383507,-3.60914,-0,-3.60938,45,33,3,0,0,52.1599,0,-0.0872665,-3.60914,0.0854485,-0.242091,0.00411315,0.437995,0.15
5217,2.15726,0.0575959,0.0660484,0.270703,0.280421,6.07428,0.0308936,-3.61716,-0,-3.58682,45,33,3,0,0,52.1699,0,-0.0872665,-3.61911,0.0854286,-0.241141,0.00448785,0.444984,0.15
5218,2.15793,0.0733038,0.0660484,0.338379,0.400418,6.07428,-0.00745708,-3.61618,-0,-3.5981,45,33,3,0,0,52.1799,0,-0.0872665,-3.61618,0.0854223,-0.240169,0.0047881,0.451939,0.15
5219,2.15879,0.0837758,0.0596566,0.451172,0.396782,6.07428,0.01811,-3.61646,-0,-3.58682,45,33,3,0,0,52.1899,0,-0.0872665,-3.61646,0.0854324,-0.239177,0.00491797,0.458857,0.15
5220,2.15946,0.0767945,0.0745708,0.417334,0.369595,6.07428,-0.0170448,-3.61707,-0,-3.73345,45,33,3,0,0,52.1999,0,-0.0872665,-3.61707,0.0854345,-0.238163,0.00526084,0.46574,0.15
5221,2.16032,0.0785398,0.0692443,0.372217,0.346967,6.07428,0.00745708,-3.61322,-0,-3.69961,45,33,3,0,0,52.2099,0,-0.0872665,-3.61322,0.0854657,-0.237128,0.00543304,0.472585,0.15
5222,2.16109,0.0820305,0.0980073,0.383496,0.300825,6.07428,-0.00958767,-3.62092,-0,-3.69961,45,33,3,0,0,52.2199,0,-0.0872665,-3.62092,0.0854218,-0.236072,0.00572222,0.479392,0.15
5223,2.16195,0.0890118,0.0809626,0.270703,0.311733,6.07428,-0.00426119,-3.6162,-0,-3.69961,45,33,3,0,0,52.2299,0,-0.0872665,-3.6162,0.0854473,-0.234994,0.00593654,0.486162,0.15
5224,2.16282,0.0872665,0.0862891,0.236865,0.332622,6.07428,-0.00639178,-3.61487,-0,-3.58682,45,33,3,0,0,52.2399,0,-0.0872665,-3.61487,0.0854391,-0.233896,0.00617168,0.492893,0.15
5225,2.16378,0.0855211,0.0980073,0.225586,0.30797,6.07428,0.00639178,-3.61617,-0,-3.69961,45,33,3,0,0,52.2499,0,-0.0872665,-3.61617,0.0854424,-0.232778,0.00633173,0.499585,0.15
5226,2.16464,0.0855211,0.096942,0.225586,0.312655,6.07428,-0.0276977,-3.61994,-0,-3.71089,45,33,3,0,0,52.2599,0,-0.0872665,-3.61994,0.085405,-0.231638,0.00660839,0.506237,0.15
5227,2.1656,0.0942478,0.109726,0.349658,0.31058,6.07428,0.00213059,-3.62061,-0,-3.69961,45,33,3,0,0,52.2699,0,-0.0872665,-3.62061,0.0853825,-0.230478,0.00680965,0.512847,0.15
5228,2.16665,0.101229,0.0873543,0.259424,0.365914,6.07428,0.0213059,-3.62389,-0,-3.71089,45,33,3,0,0,52.2799,0,-0.0872665,-3.62389,0.0853676,-0.229297,0.00693556,0.519417,0.15
5229,2.16761,0.0959931,0.111856,0.281982,0.371727,6.07428,-0.00213059,-3.62021,-0,-3.69961,45,33,3,0,0,52.2899,0,-0.0872665,-3.62021,0.0853658,-0.228097,0.00717769,0.525946,0.15
5230,2.16867,0.0994838,0.0852238,0.248145,0.340065,6.07428,0.00426119,-3.62187,-0,-3.65449,45,33,3,0,0,52.2999,0,-0.0872665,-3.62187,0.0853665,-0.226875,0.00734422,0.532431,0.15
5231,2.16962,0.10472,0.110791,0.383496,0.414948,6.07428,-0.0298283,-3.61944,-0,-3.60938,45,33,3,0,0,52.3099,0,-0.0872665,-3.61944,0.0853467,-0.225634,0.0076268,0.538875,0.15
5232,2.17068,0.109956,0.103334,0.496289,0.449169,6.07428,0.0010653,-3.62526,-0,-3.60938,45,33,3,0,0,52.3199,0,-0.0872665,-3.62526,0.0853335,-0.224373,0.00783346,0.545274,0.15
5233,2.17173,0.111701,0.102269,0.530127,0.462579,6.07428,-0.00958767,-3.62684,-0,-3.58682,45,33,3,0,0,52.3299,0,-0.0872665,-3.62684,0.0853305,-0.223092,0.00806019,0.55163,0.15
5234,2.17279,0.10821,0.118248,0.428613,0.478488,6.07428,0.01811,-3.63137,-0,-3.58682,45,33,3,0,0,52.3399,0,-0.0872665,-3.63137,0.0853257,-0.221791,0.00830655,0.557941,0.15
5235,2.17394,0.111701,0.125705,0.428613,0.466517,6.07428,-0.00213059,-3.6278,-0,-3.5981,45,33,3,0,0,52.3499,0,-0.0872665,-3.6278,0.0853214,-0.22047,0.00847692,0.564207,0.15
5236,2.17499,0.101229,0.109726,0.47373,0.477213,6.07428,0.0266324,-3.63011,-0,-3.5981,45,33,3,0,0,52.3599,0,-0.0872665,-3.63011,0.0853119,-0.219129,0.0087627,0.570428,0.15
5237,2.17614,0.123918,0.10866,0.518848,0.56319,6.07428,-0.00745708,-3.63568,-0,-3.57554,45,33,3,0,0,52.3699,0,-0.0872665,-3.63568,0.0852594,-0.217769,0.00897205,0.576602,0.15
5238,2.17739,0.122173,0.104399,0.586523,0.550092,6.07428,0.00745708,-3.62621,-0,-3.58682,45,33,3,0,0,52.3799,0,-0.0872665,-3.62621,0.0852917,-0.21639,0.00910488,0.582729,0.15
5239,2.17854,0.118682,0.127836,0.563965,0.568193,6.07428,0.0149142,-3.63613,-0,-3.58682,45,33,3,0,0,52.3899,0,-0.0872665,-3.63613,0.0852509,-0.214992,0.00935278,0.588809,0.15
5240,2.17979,0.127409,0.131032,0.586523,0.535593,6.07428,-0.0191753,-3.62474,-0,-3.58682,45,33,3,0,0,52.3999,0,-0.0872665,-3.62474,0.0853021,-0.213574,0.00952397,0.594841,0.15
5241,2.18113,0.136136,0.151272,0.47373,0.490871,6.07428,0.00426119,-3.63338,-0,-3.64321,45,33,3,0,0,52.4099,0,-0.0872665,-3.63338,0.0852689,-0.212138,0.0096182,0.600825,0.15
5242,2.18247,0.125664,0.12464,0.394775,0.410061,6.07428,-7.63198e-18,-3.6286,-0,-3.60938,45,33,3,0,0,52.4199,0,-0.0872665,-3.6286,0.0852864,-0.210683,0.0097313,0.60676,0.15
5243,2.18381,0.129154,0.14275,0.383496,0.426688,6.07428,0.0351548,-3.63278,-0,-3.5981,45,33,3,0,0,52.4299,0,-0.0872665,-3.63464,0.0852543,-0.209209,0.00986307,0.612645,0.15
5244,2.18525,0.143117,0.139554,0.439893,0.465985,6.07428,-0.0276977,-3.62641,-0,-3.60938,45,33,3,0,0,52.4399,0,-0.0872665,-3.62641,0.0852609,-0.207716,0.00991752,0.618481,0.15
5245,2.18669,0.132645,0.152337,0.394775,0.408798,6.07428,0.00532648,-3.62305,-0,-3.58682,45,33,3,0,0,52.4499,0,-0.0872665,-3.62305,0.0852751,-0.206206,0.00998986,0.624263,0.15
5246,2.18822,0.167552,0.132097,0.372217,0.391812,6.07428,-0.0245018,-3.62519,-0,-3.58682,45,33,3,0,0,52.4599,0,-0.0872665,-3.62519,0.085246,-0.204676,0.00998591,0.63,0.15
5247,2.18976,0.141372,0.139554,0.31582,0.324691,6.07428,0.0170448,-3.63301,-0,-3.5981,45,33,3,0,0,52.4699,0,-0.0872665,-3.63301,0.0852339,-0.203128,0.00999944,0.635682,0.15
5248,2.19129,0.165806,0.153403,0.304541,0.321504,6.07428,-0.0159795,-3.63317,-0,-3.5981,45,33,3,0,0,52.4799,0,-0.0872665,-3.63317,0.0852218,-0.201562,0.0100311,0.641312,0.15
5249,2.19292,0.153589,0.16299,0.281982,0.236987,6.07428,-0.00639178,-3.62723,-0,-3.62065,45,33,3,0,0,52.4899,0,-0.0872665,-3.62723,0.0852265,-0.199979,0.00998477,0.64689,0.15
5250,2.19436,0.164061,0.152337,0.248145,0.263675,6.07428,-0.0245018,-3.63258,-0,-3.60938,45,33,3,0,0,52.4999,0,-0.0872665,-3.63258,0.0851736,-0.198377,0.0101481,0.652415,0.15
5251,2.19599,0.158825,0.139554,0.270703,0.292853,6.07428,0.0159795,-3.63921,-0,-3.65449,45,33,3,0,0,52.5099,0,-0.0872665,-3.63921,0.0851266,-0.196759,0.0101369,0.657886,0.15
5252,2.19752,0.13439,0.149142,0.31582,0.33916,6.07428,-0.0191753,-3.64057,-0,-3.62065,45,33,3,0,0,52.5199,0,-0.0872665,-3.64057,0.085096,-0.195122,0.0102392,0.663303,0.15
5253,2.19896,0.148353,0.123574,0.349658,0.445346,6.07428,-0.01811,-3.63553,-0,-3.60938,45,33,3,0,0,52.5299,0,-0.0872665,-3.63553,0.0850801,-0.193469,0.0104549,0.668666,0.15
5254,2.2005,0.144862,0.147011,0.47373,0.483755,6.07428,0.00639178,-3.65469,-0,-3.62065,45,33,3,0,0,52.5399,0,-0.0872665,-3.65469,0.0849812,-0.191798,0.0105917,0.673974,0.15
5255,2.20184,0.132645,0.151272,0.518848,0.534639,6.07428,-9.26275e-18,-3.64409,-0,-3.62065,45,33,3,0,0,52.5499,0,-0.0872665,-3.64409,0.0850298,-0.19011,0.0109374,0.679227,0.15
5256,2.20328,0.148353,0.141684,0.575244,0.60053,6.07428,0.00639178,-3.64373,-0,-3.62065,45,33,3,0,0,52.5599,0,-0.0872665,-3.64373,0.0850261,-0.188405,0.0112041,0.684423,0.15
5257,2.20471,0.144862,0.150207,0.64292,0.671506,6.07428,-0.0170448,-3.64214,-0,-3.64321,45,33,3,0,0,52.5699,0,-0.0872665,-3.64214,0.0850277,-0.186684,0.0114876,0.689563,0.15
5258,2.20625,0.137881,0.14488,0.620361,0.66599,6.07428,0.0149142,-3.6416,-0,-3.62065,45,33,3,0,0,52.5799,0,-0.0872665,-3.6416,0.085051,-0.184945,0.0116917,0.694647,0.15
5259,2.20778,0.155334,0.186427,0.609082,0.611074,6.07428,0.0223712,-3.64658,-0,-3.63193,45,33,3,0,0,52.5899,0,-0.0872665,-3.64658,0.0850368,-0.183191,0.0119123,0.699673,0.15
5260,2.20932,0.151844,0.16086,0.609082,0.551157,6.07428,0.00213059,-3.64116,-0,-3.71089,45,33,3,0,0,52.5999,0,-0.0872665,-3.64116,0.085047,-0.18142,0.012149,0.704641,0.15
5261,2.21095,0.162316,0.158729,0.518848,0.616821,6.07428,-0.0202406,-3.63385,-0,-3.71089,45,33,3,0,0,52.6099,0,-0.0872665,-3.63385,0.0850466,-0.179633,0.0123062,0.709551,0.15
5262,2.21258,0.162316,0.153403,0.563965,0.672709,6.07428,-0.0010653,-3.63973,-0,-3.72217,45,33,3,0,0,52.6199,0,-0.0872665,-3.63973,0.0850337,-0.17783,0.0124793,0.714403,0.15
5263,2.2143,0.178024,0.168317,0.665479,0.66762,6.07428,-0.00426119,-3.64862,-0,-3.5981,45,33,3,0,0,52.6299,0,-0.0872665,-3.64862,0.0849783,-0.176012,0.0125716,0.719194,0.15
5264,2.21603,0.151844,0.169382,0.507568,0.539682,6.07428,-0.010653,-3.6342,-0,-3.5981,45,33,3,0,0,52.6399,0,-0.0872665,-3.6342,0.0850557,-0.174177,0.012681,0.723929,0.15
5265,2.21775,0.193732,0.174709,0.609082,0.563378,6.07428,0.0223712,-3.65146,-0,-3.71089,45,33,3,0,0,52.6499,0,-0.0872665,-3.65146,0.0849794,-0.172327,0.0128049,0.728602,0.15
5266,2.21957,0.164061,0.185362,0.451172,0.49063,6.07428,-0.00426119,-3.64623,-0,-3.71089,45,33,3,0,0,52.6599,0,-0.0872665,-3.64623,0.0849685,-0.170462,0.0128484,0.733216,0.15
5267,2.2212,0.18326,0.185362,0.462451,0.485413,6.07428,0.0138489,-3.64829,-0,-3.62065,45,33,3,0,0,52.6699,0,-0.0872665,-3.64829,0.0849369,-0.168582,0.0130988,0.737768,0.15
5268,2.22303,0.171042,0.188558,0.518848,0.545557,6.07428,-0.0319589,-3.64923,-0,-3.62065,45,33,3,0,0,52.6799,0,-0.0872665,-3.64923,0.0849058,-0.166687,0.0131724,0.742259,0.15
5269,2.22485,0.181514,0.169382,0.597803,0.617496,6.07418,0.0223712,-3.65563,-0,-3.57554,45,33,3,0,0,52.6899,0,-0.0872665,-3.65563,0.084869,-0.164776,0.0132618,0.746691,0.15
5270,2.22657,0.164061,0.17897,0.620361,0.636796,6.07418,-0.0159795,-3.65628,-0,-3.63193,45,33,3,0,0,52.6999,0,-0.0872665,-3.65628,0.0848469,-0.162852,0.0134598,0.751057,0.15
5271,2.2283,0.185005,0.187492,0.620361,0.690361,6.07418,0.00213059,-3.66005,-0,-3.63193,45,33,3,0,0,52.7099,0,-0.0872665,-3.66005,0.0848174,-0.160913,0.013673,0.755362,0.15
5272,2.23012,0.185005,0.171513,0.631641,0.617014,6.07418,-0.0117183,-3.6578,-0,-3.62065,45,33,3,0,0,52.7199,0,-0.0872665,-3.6578,0.0848184,-0.15896,0.0138049,0.759605,0.15
5273,2.23194,0.197222,0.171513,0.710596,0.652133,6.07418,0.0202406,-3.66784,-0,-3.63193,45,33,3,0,0,52.7299,0,-0.0872665,-3.66784,0.0847917,-0.156992,0.0139509,0.763786,0.15
5274,2.23396,0.176278,0.207733,0.541406,0.524064,6.07418,-0.0149142,-3.66678,-0,-3.62065,45,33,3,0,0,52.7399,0,-0.0872665,-3.66678,0.0847717,-0.155011,0.0139191,0.767902,0.15
5275,2.23578,0.191986,0.205602,0.451172,0.466152,6.07418,0.0159795,-3.65928,-0,-3.62065,45,33,3,0,0,52.7499,0,-0.0872665,-3.65928,0.0847778,-0.153015,0.0140926,0.771955,0.15
5276,2.23779,0.197222,0.238627,0.417334,0.37967,6.07418,0.00532648,-3.67129,-0,-3.64321,45,33,3,0,0,52.7599,0,-0.0872665,-3.67129,0.0846841,-0.151007,0.0140881,0.775943,0.15
5277,2.23971,0.207694,0.202406,0.372217,0.458418,6.07418,-0.00426119,-3.6631,-0,-3.5981,45,33,3,0,0,52.7699,0,-0.0872665,-3.6631,0.0846713,-0.148984,0.014193,0.779868,0.15
5278,2.24191,0.193732,0.210929,0.48501,0.456114,6.07418,-0.010653,-3.65675,-0,-3.62065,45,33,3,0,0,52.7799,0,-0.0872665,-3.65675,0.0847136,-0.146949,0.0140234,0.783727,0.15
5279,2.24383,0.20944,0.219451,0.383496,0.470363,6.07418,0.00745708,-3.6657,-0,-3.63193,45,33,3,0,0,52.7899,0,-0.0872665,-3.6657,0.0846774,-0.1449,0.0141543,0.787521,0.15
5280,2.24584,0.181514,0.207733,0.428613,0.463055,6.07418,-0.0159795,-3.67299,-0,-3.65449,45,33,3,0,0,52.7999,0,-0.0872665,-3.67299,0.0846383,-0.142839,0.0142024,0.79125,0.15
5281,2.24795,0.200713,0.225843,0.47373,0.451186,6.07418,-0.0117183,-3.67403,-0,-3.65449,45,33,3,0,0,52.8099,0,-0.0872665,-3.67403,0.0845842,-0.140765,0.0141672,0.794913,0.15
5282,2.24987,0.185005,0.193884,0.47373,0.522345,6.07418,0.0159795,-3.68018,-0,-3.65449,45,33,3,0,0,52.8199,0,-0.0872665,-3.68018,0.084543,-0.138678,0.0143365,0.798509,0.15
5283,2.25179,0.188496,0.193884,0.552686,0.642345,6.07418,0.0117183,-3.68015,-0,-3.65449,45,33,3,0,0,52.8299,0,-0.0872665,-3.68015,0.0845098,-0.136579,0.0145179,0.802039,0.15
5284,2.25371,0.190241,0.168317,0.676758,0.752072,6.07418,0.0127836,-3.68727,-0,-3.65449,45,33,3,0,0,52.8399,0,-0.0872665,-3.68727,0.0844472,-0.134468,0.0147115,0.805503,0.15
5285,2.25572,0.20944,0.183231,0.823389,0.766556,6.07418,-0.0010653,-3.68117,-0,-3.65449,45,33,3,0,0,52.8499,0,-0.0872665,-3.68117,0.0844515,-0.132345,0.0148211,0.808899,0.15
5286,2.25764,0.190241,0.201341,0.755713,0.758194,6.07418,-0.0127836,-3.66782,-0,-3.63193,45,33,3,0,0,52.8599,0,-0.0872665,-3.66782,0.0845276,-0.13021,0.0150384,0.812228,0.15
5287,2.25965,0.207694,0.208798,0.699316,0.701144,6.07418,-0.0159795,-3.67454,-0,-3.65449,45,33,3,0,0,52.8699,0,-0.0872665,-3.67454,0.0844843,-0.128064,0.0151713,0.815489,0.15
5288,2.26157,0.198968,0.205602,0.744434,0.709316,6.07418,0.0149142,-3.67781,-0,-3.75601,45,33,3,0,0,52.8799,0,-0.0872665,-3.67781,0.0844862,-0.125906,0.0154116,0.818682,0.15
5289,2.26368,0.204204,0.218386,0.733154,0.670215,6.07418,0.0255671,-3.69125,-0,-3.80112,45,33,3,0,0,52.8899,0,-0.0872665,-3.69176,0.0844271,-0.123729,0.0154797,0.821819,0.15
5290,2.26569,0.221657,0.205602,0.586523,0.638023,6.07418,-0.00426119,-3.68197,-0,-3.65449,45,33,3,0,0,52.8999,0,-0.0872665,-3.68197,0.0844553,-0.121558,0.0156378,0.824863,0.15
5291,2.26789,0.188496,0.209863,0.597803,0.590136,6.07418,0.00958767,-3.68719,-0,-3.62065,45,33,3,0,0,52.9099,0,-0.0872665,-3.68719,0.0844424,-0.119368,0.0156225,0.82785,0.15
5292,2.2701,0.228638,0.245018,0.631641,0.552086,6.07418,-0.0298283,-3.67777,-0,-3.67705,45,33,3,0,0,52.9199,0,-0.0872665,-3.67777,0.0844429,-0.117166,0.0156195,0.830769,0.15
5293,2.27211,0.20944,0.209863,0.518848,0.496535,6.07418,0.00639178,-3.68851,-0,-3.64321,45,33,3,0,0,52.9299,0,-0.0872665,-3.68851,0.0844142,-0.114955,0.015817,0.833617,0.15
5294,2.27441,0.253073,0.236496,0.518848,0.533884,6.07418,-0.0127836,-3.68527,-0,-3.65449,45,33,3,0,0,52.9399,0,-0.0872665,-3.68527,0.0843996,-0.112733,0.0157379,0.836397,0.15
5295,2.27662,0.216421,0.227974,0.518848,0.55094,6.07418,0.0191753,-3.6953,-0,-3.66577,45,33,3,0,0,52.9499,0,-0.0872665,-3.6953,0.0843381,-0.110501,0.0157647,0.839106,0.15
5296,2.27892,0.223402,0.209863,0.665479,0.548207,6.07418,-0.0138489,-3.6956,-0,-3.65449,45,33,3,0,0,52.9599,0,-0.0872665,-3.6956,0.0843047,-0.108259,0.0157054,0.841746,0.15
5297,2.28103,0.232129,0.220516,0.575244,0.537569,6.07418,0.00852238,-3.70233,-0,-3.78984,45,33,3,0,0,52.9699,0,-0.0872665,-3.70233,0.0842551,-0.106008,0.0158477,0.844315,0.15
5298,2.28323,0.205949,0.206668,0.552686,0.569677,6.07418,-0.00426119,-3.69888,-0,-3.68833,45,33,3,0,0,52.9799,0,-0.0872665,-3.69888,0.0842346,-0.103747,0.0159032,0.846813,0.15
5299,2.28554,0.235619,0.221582,0.552686,0.579483,6.07418,0.0010653,-3.69835,-0,-3.76729,45,33,3,0,0,52.9899,0,-0.0872665,-3.69835,0.0842287,-0.101477,0.0158729,0.849242,0.15
5300,2.28764,0.204204,0.245018,0.609082,0.536942,6.07418,-0.00958767,-3.69971,-0,-3.68833,45,33,3,0,0,52.9999,0,-0.0872665,-3.69971,0.0841906,-0.0991984,0.0160419,0.851598,0.15
5301,2.28985,0.221657,0.218386,0.496289,0.579057,6.07418,0.00852238,-3.70338,-0,-3.80112,45,33,3,0,0,53.0099,0,-0.0872665,-3.70338,0.0841587,-0.0969106,0.0161246,0.853884,0.15
5302,2.29215,0.235619,0.209863,0.575244,0.590704,6.07418,-0.0149142,-3.71079,-0,-3.8124,45,33,3,0,0,53.0199,0,-0.0872665,-3.71079,0.0841078,-0.0946142,0.01612,0.856098,0.15
5303,2.29455,0.207694,0.225843,0.620361,0.552228,6.07418,-0.0255671,-3.70105,-0,-3.80112,45,33,3,0,0,53.0299,0,-0.0872665,-3.70105,0.0841401,-0.0923093,0.0160281,0.858241,0.15
5304,2.29675,0.232129,0.219451,0.47373,0.53408,6.07418,0.0170448,-3.70844,-0,-3.80112,45,33,3,0,0,53.0399,0,-0.0872665,-3.70844,0.0841175,-0.0899954,0.0161369,0.860312,0.15
5305,2.29886,0.237365,0.222647,0.597803,0.608297,6.07418,-0.00852238,-3.71228,-0,-3.8124,45,33,3,0,0,53.0499,0,-0.0872665,-3.71228,0.08404,-0.0876746,0.0163485,0.862311,0.15
5306,2.30126,0.221657,0.225843,0.575244,0.627226,6.07418,-0.0170448,-3.71864,-0,-3.8124,45,33,3,0,0,53.0599,0,-0.0872665,-3.71864,0.0839869,-0.0853456,0.0162806,0.864238,0.15
5307,2.30337,0.223402,0.239692,0.654199,0.714116,6.07408,0.00745708,-3.71996,-0,-3.67705,45,33,3,0,0,53.0699,0,-0.0872665,-3.71996,0.0839419,-0.0830093,0.0165077,0.866092,0.15
5308,2.30557,0.211185,0.221582,0.766992,0.77114,6.07408,0.0276977,-3.71491,-0,-3.68833,45,33,3,0,0,53.0799,0,-0.0872665,-3.71564,0.0839582,-0.0806656,0.0166464,0.867874,0.15
5309,2.30778,0.221657,0.207733,0.812109,0.775015,6.07408,-0.0308936,-3.70838,-0,-3.67705,45,33,3,0,0,53.0899,0,-0.0872665,-3.70838,0.0839623,-0.0783146,0.0167922,0.869583,0.15
5310,2.30998,0.216421,0.221582,0.812109,0.751216,6.07408,-0.0010653,-3.70661,-0,-3.67705,45,33,3,0,0,53.0999,0,-0.0872665,-3.70661,0.0839917,-0.0759568,0.0169449,0.871219,0.15
5311,2.31228,0.230383,0.221582,0.766992,0.774773,6.07408,-0.0255671,-3.71095,-0,-3.67705,45,33,3,0,0,53.1099,0,-0.0872665,-3.71095,0.0839887,-0.0735921,0.0170086,0.872783,0.15
5312,2.31459,0.244346,0.230104,0.80083,0.755638,6.07408,0.00532648,-3.71158,-0,-3.72217,45,33,3,0,0,53.1199,0,-0.0872665,-3.71158,0.0839965,-0.071221,0.0170787,0.874273,0.15
5313,2.31689,0.214675,0.234365,0.688037,0.686965,6.07408,-0.0159795,-3.71724,-0,-3.68833,45,33,3,0,0,53.1299,0,-0.0872665,-3.71724,0.0839725,-0.0688436,0.0171552,0.87569,0.15
5314,2.31947,0.274017,0.242888,0.631641,0.58995,6.07408,-0.00639178,-3.714,-0,-3.68833,45,33,3,0,0,53.1399,0,-0.0872665,-3.714,0.0839768,-0.06646,0.0169502,0.877034,0.15
5315,2.32197,0.270526,0.247149,0.530127,0.505333,6.07408,0.0255671,-3.72284,-0,-3.67705,45,33,3,0,0,53.1499,0,-0.0872665,-3.72294,0.0839621,-0.0640705,0.016847,0.878305,0.15
5316,2.32446,0.216421,0.256737,0.372217,0.331797,6.07408,-0.01811,-3.71113,-0,-3.68833,45,33,3,0,0,53.1599,0,-0.0872665,-3.71113,0.0840017,-0.0616754,0.0167494,0.879501,0.15
5317,2.32695,0.268781,0.252475,0.281982,0.338555,6.07408,0.0266324,-3.72889,-0,-3.68833,45,33,3,0,0,53.1699,0,-0.0872665,-3.72939,0.0838681,-0.0592747,0.0166573,0.880624,0.15
5318,2.32935,0.253073,0.249279,0.372217,0.44676,6.07408,-0.0330242,-3.72504,-0,-3.68833,45,33,3,0,0,53.1799,0,-0.0872665,-3.72504,0.083815,-0.0568687,0.0166665,0.881674,0.15
5319,2.33184,0.211185,0.231169,0.507568,0.566181,6.07408,0.0202406,-3.73555,-0,-3.68833,45,33,3,0,0,53.1899,0,-0.0872665,-3.73555,0.0837832,-0.0544577,0.0165848,0.882649,0.15
5320,2.33414,0.240855,0.238627,0.507568,0.617244,6.07408,-0.0170448,-3.73125,-0,-3.68833,45,33,3,0,0,53.1999,0,-0.0872665,-3.73125,0.0837594,-0.0520419,0.0166996,0.883551,0.15
5321,2.33644,0.232129,0.223712,0.64292,0.603584,6.07408,0.00213059,-3.7416,-0,-3.71089,45,33,3,0,0,53.2099,0,-0.0872665,-3.7416,0.0836744,-0.0496216,0.016819,0.884378,0.15
5322,2.33875,0.228638,0.221582,0.699316,0.661815,6.07408,-0.0170448,-3.73848,-0,-3.75601,45,33,3,0,0,53.2199,0,-0.0872665,-3.73848,0.083679,-0.0471967,0.0169429,0.885131,0.15
5323,2.34095,0.211185,0.243953,0.665479,0.622082,6.07408,-0.00745708,-3.73603,-0,-3.75601,45,33,3,0,0,53.2299,0,-0.0872665,-3.73603,0.083661,-0.0447677,0.0171668,0.88581,0.15
5324,2.34325,0.247837,0.230104,0.699316,0.701548,6.07408,-0.00745708,-3.73874,-0,-3.71089,45,33,3,0,0,53.2399,0,-0.0872665,-3.73874,0.0836082,-0.0423347,0.0172988,0.886415,0.15
5325,2.34574,0.23911,0.231169,0.766992,0.732875,6.07408,-0.00213059,-3.73861,-0,-3.72217,45,33,3,0,0,53.2499,0,-0.0872665,-3.73861,0.0836068,-0.039898,0.0172428,0.886946,0.15
5326,2.34814,0.228638,0.237561,0.688037,0.645774,6.07408,0.00213059,-3.7463,-0,-3.73345,45,33,3,0,0,53.2599,0,-0.0872665,-3.7463,0.0835883,-0.0374576,0.0172863,0.887402,0.15
5327,2.35044,0.233874,0.2333,0.631641,0.574502,6.07408,0.0234365,-3.74163,-0,-3.82368,45,33,3,0,0,53.2699,0,-0.0872665,-3.74163,0.0836074,-0.035014,0.0174289,0.887784,0.15
5328,2.35293,0.253073,0.229039,0.620361,0.564121,6.07408,-0.0010653,-3.75642,-0,-3.69961,45,33,3,0,0,53.2799,0,-0.0872665,-3.75642,0.0834913,-0.0325672,0.0173831,0.888091,0.15
5329,2.35524,0.226893,0.235431,0.563965,0.653692,6.07408,-0.00213059,-3.75215,-0,-3.71089,45,33,3,0,0,53.2899,0,-0.0872665,-3.75215,0.0834637,-0.0301175,0.0175318,0.888324,0.15
5330,2.35773,0.233874,0.241822,0.710596,0.744576,6.07408,-0.00319589,-3.75288,-0,-3.72217,45,33,3,0,0,53.2999,0,-0.0872665,-3.75288,0.0834335,-0.0276653,0.0174913,0.888483,0.15
5331,2.36013,0.26529,0.234365,0.778271,0.763406,6.07408,-0.0127836,-3.74649,-0,-3.71089,45,33,3,0,0,53.3099,0,-0.0872665,-3.74649,0.0834327,-0.0252105,0.0175493,0.888567,0.15
5332,2.36252,0.225147,0.232235,0.676758,0.709734,6.07408,0.0117183,-3.76248,-0,-3.72217,45,33,3,0,0,53.3199,0,-0.0872665,-3.76248,0.0833875,-0.0227533,0.0176095,0.888577,0.15
5333,2.36511,0.235619,0.245018,0.676758,0.635326,6.07408,-0.0159795,-3.75573,-0,-3.84624,45,33,3,0,0,53.3299,0,-0.0872665,-3.75573,0.0833873,-0.0202943,0.01748,0.888512,0.15
5334,2.36751,0.263545,0.259932,0.721875,0.56877,6.07408,0.0170448,-3.76425,-0,-3.84624,45,33,3,0,0,53.3399,0,-0.0872665,-3.76425,0.0833433,-0.0178334,0.017544,0.888372,0.15
5335,2.37,0.237365,0.235431,0.496289,0.530817,6.07408,-0.00639178,-3.7622,-0,-3.85752,45,33,3,0,0,53.3499,0,-0.0872665,-3.7622,0.0833463,-0.015371,0.0175137,0.888158,0.15
5336,2.37278,0.254818,0.256737,0.620361,0.495162,6.07408,0.0170448,-3.76251,-0,-3.84624,45,33,3,0,0,53.3599,0,-0.0872665,-3.76251,0.0833442,-0.0129074,0.0171969,0.88787,0.15
5337,2.37527,0.268781,0.240757,0.575244,0.440396,6.07408,-0.00319589,-3.76956,-0,-3.8688,45,33,3,0,0,53.3699,0,-0.0872665,-3.76956,0.0832753,-0.0104424,0.0171693,0.887507,0.15
5338,2.37777,0.244346,0.256737,0.48501,0.381411,6.07408,-0.028763,-3.76356,-0,-3.85752,45,33,3,0,0,53.3799,0,-0.0872665,-3.76356,0.0832634,-0.00797647,0.0171425,0.88707,0.15
5339,2.38026,0.244346,0.240757,0.462451,0.464457,6.07408,-0.00958767,-3.78079,-0,-3.75601,45,33,3,0,0,53.3899,0,-0.0872665,-3.78079,0.0831526,-0.00550976,0.0171165,0.886559,0.15
5340,2.38266,0.258309,0.2333,0.563965,0.584459,6.07399,-0.00213059,-3.779,-0,-3.89136,45,33,3,0,0,53.3999,0,-0.0872665,-3.779,0.0830876,-0.00304288,0.0171865,0.885973,0.15
5341,2.38496,0.218166,0.229039,0.676758,0.695598,6.07399,0.0117183,-3.78353,-0,-3.8688,45,33,3,0,0,53.4099,0,-0.0872665,-3.78353,0.0830542,-0.000575506,0.0173529,0.885313,0.15
5342,2.38726,0.226893,0.219451,0.710596,0.754255,6.07399,-0.0149142,-3.78038,-0,-3.76729,45,33,3,0,0,53.4199,0,-0.0872665,-3.78038,0.0830407,0.00189185,0.0175193,0.884578,0.15
5343,2.38965,0.233874,0.221582,0.845947,0.767831,6.07399,0.0202406,-3.79428,-0,-3.74473,45,33,3,0,0,53.4299,0,-0.0872665,-3.79428,0.0829719,0.00435915,0.0175897,0.88377,0.15
5344,2.39196,0.21293,0.246084,0.665479,0.742905,6.07399,-0.00958767,-3.78476,-0,-3.75601,45,33,3,0,0,53.4399,0,-0.0872665,-3.78476,0.0829823,0.00682578,0.0177554,0.882888,0.15
5345,2.39416,0.242601,0.241822,0.733154,0.71656,6.07399,0.0191753,-3.79107,-0,-3.74473,45,33,3,0,0,53.4499,0,-0.0872665,-3.79107,0.0829285,0.0092921,0.0180166,0.881931,0.15
5346,2.39656,0.244346,0.220516,0.834668,0.781337,6.07399,-0.0191753,-3.78491,-0,-3.75601,45,33,3,0,0,53.4599,0,-0.0872665,-3.78491,0.0829185,0.0117575,0.0180852,0.880901,0.15
5347,2.39915,0.221657,0.255671,0.834668,0.704098,6.07399,0.00213059,-3.79119,-0,-3.74473,45,33,3,0,0,53.4699,0,-0.0872665,-3.79119,0.0829159,0.0142218,0.0179609,0.879797,0.15
5348,2.40154,0.263545,0.259932,0.64292,0.603789,6.07399,-0.0223712,-3.79527,-0.00872665,-3.74473,45,33,3,0,0,53.4799,0,-0.0872665,-3.79527,0.0828709,0.0166849,0.0180271,0.878619,0.15
5349,2.40394,0.254818,0.253541,0.654199,0.624866,6.07399,0.0010653,-3.79265,-0,-3.74473,45,33,3,0,0,53.4899,0,-0.0872665,-3.79265,0.0828538,0.0191466,0.018092,0.877367,0.15
5350,2.40662,0.235619,0.255671,0.597803,0.601459,6.07399,0.00745708,-3.80066,-0,-3.78984,45,33,3,0,0,53.4999,0,-0.0872665,-3.80066,0.0827956,0.0216064,0.0178673,0.876042,0.15
5351,2.40912,0.270526,0.257802,0.518848,0.575646,6.07399,0.0117183,-3.80278,-0,-3.76729,45,33,3,0,0,53.5099,0,-0.0872665,-3.80278,0.082755,0.0240644,0.0178326,0.874644,0.15
5352,2.41161,0.244346,0.236496,0.552686,0.54363,6.07399,-0.00532648,-3.80606,-0,-3.76729,45,33,3,0,0,53.5199,0,-0.0872665,-3.80606,0.0827144,0.0265202,0.0177957,0.873173,0.15
5353,2.4142,0.247837,0.257802,0.518848,0.551758,6.07399,0.0138489,-3.80326,-0,-3.76729,45,33,3,0,0,53.5299,0,-0.0872665,-3.80326,0.0827141,0.0289738,0.0176607,0.871628,0.15
5354,2.41669,0.272271,0.246084,0.496289,0.61732,6.07399,0.0202406,-3.81274,-0,-3.76729,45,33,3,0,0,53.5399,0,-0.0872665,-3.81274,0.0826552,0.0314237,0.0176179,0.870011,0.15
5355,2.41909,0.233874,0.256737,0.597803,0.572267,6.07399,-0.00639178,-3.80404,-0,-3.76729,45,33,3,0,0,53.5499,0,-0.0872665,-3.80404,0.0826942,0.0338719,0.0176693,0.86832,0.15
5356,2.42168,0.228638,0.246084,0.586523,0.53481,6.07399,0.00426119,-3.80378,-0,-3.77856,45,33,3,0,0,53.5599,0,-0.0872665,-3.80378,0.0826875,0.0363172,0.017526,0.866557,0.15
5357,2.42426,0.277507,0.263128,0.507568,0.544766,6.07399,-0.0223712,-3.80455,-0,-3.76729,45,33,3,0,0,53.5699,0,-0.0872665,-3.80455,0.0826405,0.038759,0.0173792,0.864721,0.15
5358,2.42666,0.235619,0.265259,0.48501,0.444423,6.07399,0.00319589,-3.81386,-0,-3.76729,45,33,3,0,0,53.5799,0,-0.0872665,-3.81386,0.0825961,0.0411975,0.0174208,0.862813,0.15
5359,2.42925,0.232129,0.25141,0.507568,0.465457,6.07399,0.0010653,-3.82092,-0,-3.82368,45,33,3,0,0,53.5899,0,-0.0872665,-3.82092,0.0825367,0.0436322,0.0172669,0.860833,0.15
5360,2.43155,0.261799,0.237561,0.47373,0.541921,6.07399,0.0319589,-3.81492,-0,-3.80112,45,33,3,0,0,53.5999,0,-0.0872665,-3.81659,0.0825032,0.0460632,0.0173969,0.858781,0.15
5361,2.43395,0.240855,0.238627,0.620361,0.634288,6.07399,-0.0127836,-3.82563,-0,-3.78984,45,33,3,0,0,53.6099,0,-0.0872665,-3.82563,0.0824226,0.0484899,0.0174268,0.856657,0.15
5362,2.43634,0.218166,0.231169,0.710596,0.688764,6.07399,-0.00426119,-3.81895,-0,-3.77856,45,33,3,0,0,53.6199,0,-0.0872665,-3.81895,0.0824382,0.0509134,0.0174535,0.85446,0.15
5363,2.43855,0.237365,0.21519,0.597803,0.792248,6.07399,-0.00745708,-3.83458,-0,-3.83496,45,33,3,0,0,53.6299,0,-0.0872665,-3.83458,0.0823575,0.0533305,0.0176654,0.852193,0.15
5364,2.44095,0.218166,0.25141,0.733154,0.792082,6.07399,-0.00426119,-3.82507,-0,-3.80112,45,33,3,0,0,53.6399,0,-0.0872665,-3.82507,0.0823876,0.0557438,0.0176819,0.849855,0.15
5365,2.44325,0.232129,0.216255,0.766992,0.711716,6.07399,0.0127836,-3.8289,-0,-3.90264,45,33,3,0,0,53.6499,0,-0.0872665,-3.8289,0.0823656,0.0581529,0.0177901,0.847444,0.15
5366,2.44555,0.228638,0.240757,0.665479,0.652202,6.07399,-0.00852238,-3.83135,-0,-3.90264,45,33,3,0,0,53.6599,0,-0.0872665,-3.83135,0.0823395,0.0605552,0.0178914,0.844965,0.15
5367,2.44795,0.242601,0.230104,0.665479,0.664974,6.07399,0.010653,-3.83375,-0,-3.94775,45,33,3,0,0,53.6699,0,-0.0872665,-3.83375,0.0823069,0.0629529,0.0178922,0.842414,0.15
5368,2.45044,0.260054,0.252475,0.620361,0.637363,6.07399,-0.010653,-3.83018,-0,-3.90264,45,33,3,0,0,53.6799,0,-0.0872665,-3.83018,0.0823001,0.0653451,0.0177917,0.839793,0.15
5369,2.45293,0.233874,0.264194,0.563965,0.528766,6.07399,0.00532648,-3.83427,-0,-3.91392,45,33,3,0,0,53.6899,0,-0.0872665,-3.83427,0.0822919,0.0677316,0.0176854,0.837101,0.15
5370,2.45542,0.240855,0.248214,0.586523,0.482782,6.07389,-0.0340895,-3.82952,-0,-3.94775,45,33,3,0,0,53.6999,0,-0.0872665,-3.82952,0.0822915,0.0701119,0.0175731,0.834339,0.15
5371,2.45801,0.261799,0.262063,0.451172,0.419433,6.07389,0.010653,-3.8361,-0,-3.9252,45,33,3,0,0,53.7099,0,-0.0872665,-3.8361,0.0822405,0.072486,0.0173585,0.831508,0.15
5372,2.46031,0.235619,0.262063,0.360938,0.50319,6.07389,-0.00532648,-3.84067,-0,-3.90264,45,33,3,0,0,53.7199,0,-0.0872665,-3.84067,0.0821959,0.0748536,0.0174252,0.828608,0.15
5373,2.4629,0.218166,0.237561,0.47373,0.478772,6.07389,0.0010653,-3.8436,-0,-3.80112,45,33,3,0,0,53.7299,0,-0.0872665,-3.8436,0.0821797,0.0772156,0.0171986,0.825637,0.15
5374,2.4653,0.272271,0.234365,0.507568,0.546041,6.07389,-0.0117183,-3.85051,-0,-3.8688,45,33,3,0,0,53.7399,0,-0.0872665,-3.85051,0.0821136,0.0795697,0.0171558,0.822598,0.15
5375,2.4677,0.221657,0.264194,0.518848,0.559738,6.07389,0.0245018,-3.84325,-0,-3.8124,45,33,3,0,0,53.7499,0,-0.0872665,-3.84325,0.0821599,0.081917,0.0171063,0.819491,0.15
5376,2.47,0.228638,0.25141,0.563965,0.569379,6.07389,-0.0255671,-3.84647,-0,-3.8124,45,33,3,0,0,53.7599,0,-0.0872665,-3.84647,0.0821072,0.0842567,0.0171451,0.816315,0.15
5377,2.4722,0.230383,0.217321,0.609082,0.625375,6.07389,0.00319589,-3.84763,-0,-3.8124,45,33,3,0,0,53.7699,0,-0.0872665,-3.84763,0.0820568,0.086589,0.0172723,0.813072,0.15
5378,2.4746,0.216421,0.206668,0.699316,0.661744,6.07389,0.00319589,-3.85739,-0,-3.8124,45,33,3,0,0,53.7799,0,-0.0872665,-3.85739,0.0820101,0.0889128,0.0171992,0.809761,0.15
5379,2.4769,0.240855,0.221582,0.665479,0.697705,6.07389,-0.0170448,-3.84486,-0,-3.8124,45,33,3,0,0,53.7899,0,-0.0872665,-3.84486,0.0820297,0.0912295,0.017215,0.806383,0.15
5380,2.4791,0.219911,0.238627,0.755713,0.627692,6.07389,0.0202406,-3.85798,-0,-3.8124,45,33,3,0,0,53.7999,0,-0.0872665,-3.85798,0.0820031,0.0935382,0.0173185,0.802937,0.15
5381,2.48141,0.218166,0.225843,0.654199,0.583269,6.07389,-0.01811,-3.85112,-0,-3.8124,45,33,3,0,0,53.8099,0,-0.0872665,-3.85112,0.0820155,0.0958394,0.0173188,0.799422,0.15
5382,2.48351,0.219911,0.226908,0.586523,0.694278,6.07389,0.00319589,-3.87056,-0,-3.83496,45,33,3,0,0,53.8199,0,-0.0872665,-3.87056,0.0819148,0.0981304,0.0175005,0.795844,0.15
5383,2.48591,0.18326,0.226908,0.688037,0.691028,6.07389,-0.00426119,-3.86073,-0,-3.82368,45,33,3,0,0,53.8299,0,-0.0872665,-3.86073,0.0819189,0.100415,0.0173878,0.792196,0.15
5384,2.48802,0.226893,0.241822,0.744434,0.710562,6.07389,-0.0117183,-3.85922,-0,-3.83496,45,33,3,0,0,53.8399,0,-0.0872665,-3.85922,0.0819047,0.102688,0.0175517,0.788486,0.15
5385,2.49013,0.207694,0.219451,0.699316,0.779109,6.07389,-0.0298283,-3.85867,-0,-3.95903,45,33,3,0,0,53.8499,0,-0.0872665,-3.85867,0.0818836,0.104953,0.0177076,0.784709,0.15
5386,2.49253,0.232129,0.220516,0.823389,0.847191,6.07389,0.0127836,-3.8626,-0,-3.83496,45,33,3,0,0,53.8599,0,-0.0872665,-3.8626,0.0818579,0.10721,0.0175676,0.780864,0.15
5387,2.49483,0.235619,0.211994,0.823389,0.748197,6.07389,-0.0298283,-3.85496,-0,-3.84624,45,33,3,0,0,53.8699,0,-0.0872665,-3.85496,0.081872,0.109456,0.0175126,0.776957,0.15
5388,2.49703,0.204204,0.247149,0.631641,0.616151,6.07389,0.00852238,-3.85275,-0,-3.82368,45,33,3,0,0,53.8799,0,-0.0872665,-3.85275,0.0819025,0.111691,0.0175432,0.772987,0.15
5389,2.49933,0.244346,0.235431,0.575244,0.602434,6.07389,-0.0117183,-3.86692,-0,-3.82368,45,33,3,0,0,53.8899,0,-0.0872665,-3.86692,0.0818277,0.113918,0.0174688,0.76895,0.15
5390,2.50173,0.235619,0.231169,0.665479,0.600738,6.07389,0.0149142,-3.86946,-0.00523599,-3.84624,45,33,3,0,0,53.8999,0,-0.0872665,-3.86946,0.0817962,0.116135,0.0172892,0.764849,0.15
5391,2.50413,0.216421,0.223712,0.575244,0.556922,6.07389,-0.00852238,-3.86946,-0,-3.93647,45,33,3,0,0,53.9099,0,-0.0872665,-3.86946,0.0818035,0.118341,0.0170978,0.760686,0.15
5392,2.50652,0.249582,0.232235,0.428613,0.465118,6.07389,0.00319589,-3.86078,-0,-3.95903,45,33,3,0,0,53.9199,0,-0.0872665,-3.86078,0.0818484,0.120536,0.0168966,0.75646,0.15
5393,2.50883,0.219911,0.243953,0.428613,0.382527,6.07389,0.0191753,-3.87611,-0,-3.83496,45,33,3,0,0,53.9299,0,-0.0872665,-3.87727,0.0817682,0.122722,0.0167811,0.752169,0.15
5394,2.51113,0.242601,0.234365,0.428613,0.403087,6.07389,-0.00532648,-3.87511,-0,-3.93647,45,33,3,0,0,53.9399,0,-0.0872665,-3.87511,0.0817196,0.124895,0.0166537,0.747818,0.15
5395,2.51324,0.197222,0.2333,0.360938,0.451733,6.07389,-1.42855e-17,-3.88021,-0,-3.8688,45,33,3,0,0,53.9499,0,-0.0872665,-3.88021,0.0816528,0.127059,0.0167082,0.743402,0.15
5396,2.51544,0.21293,0.216255,0.518848,0.57173,6.07389,-0.0223712,-3.87033,-0,-3.85752,45,33,3,0,0,53.9599,0,-0.0872665,-3.87033,0.081654,0.12921,0.0166539,0.738929,0.15
5397,2.51755,0.218166,0.184296,0.64292,0.68409,6.07389,-0.00426119,-3.88638,-0,-3.97031,45,33,3,0,0,53.9699,0,-0.0872665,-3.88638,0.0815712,0.131351,0.0166856,0.73439,0.15
5398,2.51976,0.191986,0.187492,0.766992,0.767776,6.0738,-0.028763,-3.88106,-0,-3.85752,45,33,3,0,0,53.9799,0,-0.0872665,-3.88106,0.0815623,0.133479,0.0166091,0.729793,0.15
5399,2.52177,0.204204,0.208798,0.778271,0.757542,6.0738,0.0191753,-3.88851,-0,-3.99287,45,33,3,0,0,53.9899,0,-0.0872665,-3.88851,0.0815374,0.135596,0.0167124,0.725135,0.15
5400,2.52369,0.197222,0.198145,0.812109,0.756065,6.0738,-0.0276977,-3.88474,-0,-3.98159,45,33,3,0,0,53.9999,0,-0.0872665,-3.88474,0.0815364,0.1377,0.0168995,0.720417,0.15
5401,2.5258,0.20944,0.206668,0.710596,0.739777,6.0738,0.00958767,-3.88994,-0,-3.85752,45,33,3,0,0,54.0099,0,-0.0872665,-3.88994,0.0815177,0.139793,0.0168826,0.715639,0.15
5402,2.52771,0.204204,0.207733,0.699316,0.694182,6.0738,0.00213059,-3.89536,-0,-3.84624,45,33,3,0,0,54.0199,0,-0.0872665,-3.89536,0.0814561,0.141873,0.0170451,0.710803,0.15
5403,2.53001,0.225147,0.207733,0.789551,0.686422,6.0738,-0.00532648,-3.88508,-0,-3.84624,45,33,3,0,0,54.0299,0,-0.0872665,-3.88508,0.0814953,0.14394,0.0168115,0.705908,0.15
5404,2.53203,0.207694,0.202406,0.699316,0.648782,6.0738,0.00958767,-3.88469,-0,-3.88008,45,33,3,0,0,54.0399,0,-0.0872665,-3.88469,0.0814937,0.145995,0.0168528,0.700954,0.15
5405,2.53414,0.191986,0.239692,0.654199,0.640147,6.0738,-0.0202406,-3.88644,-0,-3.84624,45,33,3,0,0,54.0499,0,-0.0872665,-3.88644,0.0814795,0.148036,0.016785,0.695943,0.15
5406,2.53615,0.225147,0.223712,0.552686,0.651155,6.0738,0.0223712,-3.89903,-0,-3.83496,45,33,3,0,0,54.0599,0,-0.0872665,-3.89903,0.0814177,0.150065,0.0168002,0.690874,0.15
5407,2.53826,0.188496,0.203472,0.665479,0.666003,6.0738,-0.0223712,-3.88795,-0,-3.85752,45,33,3,0,0,54.0699,0,-0.0872665,-3.88795,0.0814251,0.15208,0.0167062,0.685748,0.15
5408,2.54046,0.214675,0.206668,0.688037,0.667645,6.0738,-1.26547e-17,-3.89284,-0,-3.8688,45,33,3,0,0,54.0799,0,-0.0872665,-3.89284,0.0813841,0.154081,0.0165026,0.680566,0.15
5409,2.54229,0.191986,0.19708,0.631641,0.692119,6.0738,-0.028763,-3.88984,-0,-3.88008,45,33,3,0,0,54.0899,0,-0.0872665,-3.88984,0.081384,0.156069,0.0166689,0.675328,0.15
5410,2.54449,0.218166,0.202406,0.665479,0.707807,6.0738,0.0010653,-3.89664,-0,-3.8688,45,33,3,0,0,54.0999,0,-0.0872665,-3.89664,0.0813669,0.158043,0.0164379,0.670034,0.15
5411,2.5465,0.207694,0.213059,0.676758,0.688594,6.0738,-0.00532648,-3.90438,-0,-3.89136,45,33,3,0,0,54.1099,0,-0.0872665,-3.90438,0.0813296,0.160004,0.0163846,0.664686,0.15
5412,2.54861,0.191986,0.225843,0.665479,0.577675,6.0738,0.0117183,-3.89474,-0,-3.88008,45,33,3,0,0,54.1199,0,-0.0872665,-3.89474,0.0813677,0.161949,0.0162211,0.659282,0.15
5413,2.55063,0.216421,0.205602,0.609082,0.545512,6.0738,-1.25895e-17,-3.90272,-0,-3.88008,45,33,3,0,0,54.1299,0,-0.0872665,-3.90272,0.0813051,0.163881,0.0161392,0.653825,0.15
5414,2.55274,0.205949,0.218386,0.64292,0.511449,6.0738,0.00319589,-3.90611,-0,-3.89136,45,33,3,0,0,54.1399,0,-0.0872665,-3.90611,0.0812696,0.165798,0.015947,0.648314,0.15
5415,2.55494,0.230383,0.222647,0.631641,0.527762,6.0738,0.00852238,-3.91013,-0,-3.88008,45,33,3,0,0,54.1499,0,-0.0872665,-3.91013,0.0812316,0.1677,0.0156439,0.642749,0.15
5416,2.55695,0.174533,0.236496,0.530127,0.430329,6.0738,-0.00319589,-3.90253,-0,-3.88008,45,33,3,0,0,54.1599,0,-0.0872665,-3.90253,0.0812614,0.169587,0.0155178,0.637133,0.15
5417,2.55897,0.204204,0.206668,0.406055,0.436381,6.0738,-1.26547e-17,-3.91746,-0,-3.90264,45,33,3,0,0,54.1699,0,-0.0872665,-3.91746,0.0811715,0.171459,0.0153767,0.631463,0.15
5418,2.56089,0.178024,0.205602,0.462451,0.485,6.0738,0.00213059,-3.91078,-0.00872665,-3.90264,45,33,3,0,0,54.1799,0,-0.0872665,-3.91078,0.0811641,0.173316,0.0153161,0.625743,0.15
5419,2.5628,0.197222,0.188558,0.541406,0.502974,6.0738,0.00532648,-3.92113,-0,-3.89136,45,33,3,0,0,54.1899,0,-0.0872665,-3.92113,0.0810863,0.175158,0.0152402,0.619971,0.15
5420,2.56453,0.165806,0.17897,0.496289,0.562191,6.0738,-0.0127836,-3.9114,-0,-4.01543,45,33,3,0,0,54.1999,0,-0.0872665,-3.9114,0.0811106,0.176984,0.0153405,0.614148,0.15
5421,2.56625,0.172788,0.168317,0.530127,0.682196,6.0738,0.0191753,-3.92081,-0,-3.88008,45,33,3,0,0,54.2099,0,-0.0872665,-3.92081,0.0810469,0.178794,0.015425,0.608276,0.15
5422,2.56798,0.171042,0.159795,0.789551,0.802196,6.0738,-0.0308936,-3.92714,-0,-3.91392,45,33,3,0,0,54.2199,0,-0.0872665,-3.92714,0.0809895,0.180588,0.0154937,0.602354,0.15
5423,2.56971,0.185005,0.14488,0.936182,0.890683,6.0738,0.00532648,-3.92221,-0,-4.00415,45,33,3,0,0,54.2299,0,-0.0872665,-3.92221,0.0810061,0.182367,0.0155464,0.596382,0.15
5424,2.57143,0.162316,0.170448,0.913623,0.876085,6.0737,-0.039416,-3.91668,-0,-3.98159,45,33,3,0,0,54.2399,0,-0.0872665,-3.91668,0.0810335,0.184129,0.0155829,0.590362,0.15
5425,2.57316,0.179769,0.187492,0.857227,0.78913,6.0737,-0.0010653,-3.91967,-0,-4.00415,45,33,3,0,0,54.2499,0,-0.0872665,-3.91967,0.0810287,0.185875,0.0156029,0.584295,0.15
5426,2.57498,0.167552,0.188558,0.857227,0.751299,6.0737,0.00213059,-3.93259,-0,-3.91392,45,33,3,0,0,54.2599,0,-0.0872665,-3.93259,0.080974,0.187603,0.0155098,0.578182,0.15
5427,2.5767,0.174533,0.190688,0.812109,0.732532,6.0737,0.00532648,-3.92711,-0,-4.00415,45,33,3,0,0,54.2699,0,-0.0872665,-3.92711,0.0809677,0.189317,0.0154975,0.572017,0.15
5428,2.57853,0.178024,0.192819,0.676758,0.700729,6.0737,-0.00958767,-3.93142,-0,-4.00415,45,33,3,0,0,54.2799,0,-0.0872665,-3.93142,0.0809021,0.191012,0.0153716,0.565809,0.15
5429,2.58025,0.198968,0.17897,0.586523,0.700928,6.0737,0.0010653,-3.93205,-0,-4.02671,45,33,3,0,0,54.2899,0,-0.0872665,-3.93205,0.0808834,0.192691,0.0153247,0.559555,0.15
5430,2.58226,0.169297,0.183231,0.64292,0.673844,6.0737,-0.0117183,-3.93723,-0,-4.02671,45,33,3,0,0,54.2999,0,-0.0872665,-3.93723,0.0808408,0.194353,0.0149732,0.553255,0.15
5431,2.58409,0.193732,0.1811,0.665479,0.583819,6.0737,0.00319589,-3.93363,-0,-4.02671,45,33,3,0,0,54.3099,0,-0.0872665,-3.93363,0.0808438,0.195998,0.0147961,0.54691,0.15
5432,2.58581,0.165806,0.1811,0.552686,0.517014,6.0737,0.00426119,-3.94356,-0.015708,-3.99287,45,33,3,0,0,54.3199,0,-0.0872665,-3.94356,0.080797,0.197625,0.0146974,0.540522,0.15
5433,2.58754,0.18675,0.194949,0.47373,0.534051,6.0737,-0.00745708,-3.94663,-0,-4.01543,45,33,3,0,0,54.3299,0,-0.0872665,-3.94663,0.0807357,0.199234,0.0145812,0.53409,0.15
5434,2.58946,0.167552,0.187492,0.541406,0.547771,6.0737,0.0117183,-3.94585,-0,-3.88008,45,33,3,0,0,54.3399,0,-0.0872665,-3.94585,0.0807102,0.200826,0.0142555,0.527615,0.15
5435,2.59109,0.169297,0.192819,0.665479,0.566246,6.0737,-0.0213059,-3.9454,-0,-3.90264,45,33,3,0,0,54.3499,0,-0.0872665,-3.9454,0.0806538,0.2024,0.0141995,0.521098,0.15
5436,2.59281,0.150098,0.170448,0.64292,0.552751,6.0737,0.0149142,-3.94967,-0,-4.04927,45,33,3,0,0,54.36,0,-0.0872665,-3.94967,0.0806305,0.203961,0.0140348,0.514517,0.15
5437,2.59425,0.155334,0.157664,0.496289,0.615726,6.0737,-0.00958767,-3.95455,-0,-3.88008,45,33,3,0,0,54.3699,0,-0.0872665,-3.95455,0.0805665,0.205494,0.0141296,0.507938,0.15
5438,2.59597,0.176278,0.156599,0.575244,0.67631,6.07361,-0.00319589,-3.95121,-0,-3.9252,45,33,3,0,0,54.3799,0,-0.0872665,-3.95121,0.0805559,0.207013,0.0139235,0.501296,0.15
5439,2.59751,0.136136,0.165121,0.64292,0.690749,6.07361,-0.0234365,-3.95326,-0,-3.93647,45,33,3,0,0,54.3899,0,-0.0872665,-3.95326,0.0805512,0.208517,0.013893,0.494605,0.15
5440,2.59914,0.146608,0.170448,0.586523,0.616027,6.07361,0.010653,-3.94866,-0,-3.90264,45,33,3,0,0,54.3999,0,-0.0872665,-3.94866,0.0805771,0.209997,0.0137436,0.487894,0.15
5441,2.60077,0.148353,0.17897,0.575244,0.549991,6.07361,-0.0234365,-3.96039,-0,-3.9252,45,33,3,0,0,54.4099,0,-0.0872665,-3.96039,0.0805086,0.211461,0.0135778,0.481134,0.15
5442,2.60211,0.139626,0.174709,0.47373,0.584557,6.07361,0.00426119,-3.95291,-0,-3.90264,45,33,3,0,0,54.4199,0,-0.0872665,-3.95291,0.080527,0.212907,0.0136809,0.474336,0.15
5443,2.60374,0.150098,0.148076,0.507568,0.557477,6.07361,-0.00639178,-3.95622,-0,-3.9252,45,33,3,0,0,54.4299,0,-0.0872665,-3.95622,0.0804908,0.214333,0.0134775,0.4675,0.15
5444,2.60518,0.144862,0.151272,0.563965,0.638614,6.07361,-0.00213059,-3.96208,-0.00349066,-3.95903,45,33,3,0,0,54.4399,0,-0.0872665,-3.96208,0.0804546,0.21574,0.0134466,0.460628,0.15
5445,2.6069,0.176278,0.125705,0.699316,0.621671,6.07361,0.0010653,-3.95567,-0,-3.9252,45,33,3,0,0,54.4499,0,-0.0872665,-3.95567,0.0804961,0.217128,0.013109,0.453719,0.15
5446,2.60844,0.148353,0.14275,0.654199,0.603253,6.07361,0.0010653,-3.95739,-0,-3.95903,45,33,3,0,0,54.4599,0,-0.0872665,-3.95739,0.0805008,0.218497,0.0129439,0.446773,0.15
5447,2.60988,0.150098,0.14488,0.654199,0.606332,6.07361,0.0276977,-3.97063,-0,-3.90264,45,33,3,0,0,54.4699,0,-0.0872665,-3.9724,0.0804489,0.219847,0.0128553,0.439793,0.15
5448,2.61131,0.143117,0.152337,0.575244,0.533167,6.07361,-0.00426119,-3.96245,-0,-3.93647,45,33,3,0,0,54.4799,0,-0.0872665,-3.96245,0.0804556,0.221177,0.0127471,0.432778,0.15
5449,2.61275,0.141372,0.139554,0.47373,0.545995,6.07361,0.0245018,-3.96512,-0,-3.9252,45,33,3,0,0,54.4899,0,-0.0872665,-3.96512,0.0804266,0.222487,0.0126193,0.425729,0.15
5450,2.61419,0.155334,0.148076,0.654199,0.623844,6.07361,-0.0191753,-3.96981,-0,-3.94775,45,33,3,0,0,54.4999,0,-0.0872665,-3.96981,0.0803617,0.223778,0.0124717,0.418647,0.15
5451,2.61553,0.122173,0.14488,0.676758,0.655879,6.07361,0.0276977,-3.9745,-0,-3.9252,45,33,3,0,0,54.5099,0,-0.0872665,-3.9746,0.0803418,0.225048,0.0124001,0.411532,0.15
5452,2.61688,0.125664,0.147011,0.688037,0.668622,6.07361,-0.00319589,-3.98429,-0,-4.00415,45,33,3,0,0,54.5199,0,-0.0872665,-3.98429,0.0802552,0.226299,0.0123086,0.404384,0.15
5453,2.61812,0.141372,0.117183,0.710596,0.779635,6.07361,0.00426119,-3.96926,-0,-3.97031,45,33,3,0,0,54.5299,0,-0.0872665,-3.96926,0.0802999,0.227529,0.0122928,0.397205,0.15
5454,2.61937,0.101229,0.129966,0.789551,0.747709,6.07361,0.0010653,-3.97405,-0,-3.93647,45,33,3,0,0,54.5399,0,-0.0872665,-3.97405,0.0802657,0.22874,0.0122568,0.389996,0.15
5455,2.62042,0.113446,0.102269,0.766992,0.800228,6.07361,0.0149142,-3.97437,-0,-3.91392,45,33,3,0,0,54.5499,0,-0.0872665,-3.97437,0.0802657,0.22993,0.0123922,0.382756,0.15
5456,2.62176,0.13439,0.107595,0.902344,0.850469,6.07361,-0.00213059,-3.97799,-0.0174533,-3.94775,45,33,3,0,0,54.5599,0,-0.0872665,-3.97799,0.080227,0.231099,0.0122195,0.375487,0.15
5457,2.62301,0.122173,0.128901,0.868506,0.779511,6.07361,-0.0117183,-3.97194,-0,-3.94775,45,33,3,0,0,54.5699,0,-0.0872665,-3.97194,0.0802431,0.232249,0.0121223,0.368189,0.15
5458,2.62416,0.123918,0.111856,0.733154,0.725435,6.07361,-0.00319589,-3.98632,-0,-3.94775,45,33,3,0,0,54.5799,0,-0.0872665,-3.98632,0.0801919,0.233377,0.0120999,0.360865,0.15
5459,2.62541,0.127409,0.132097,0.699316,0.717596,6.07361,-0.0436772,-3.97501,-0,-4.09438,45,33,3,0,0,54.5899,0,-0.0872665,-3.97501,0.0801993,0.234485,0.0119616,0.353508,0.15
5460,2.62665,0.120428,0.117183,0.665479,0.689437,6.07361,0.0149142,-3.99013,-0,-4.06055,45,33,3,0,0,54.5999,0,-0.0872665,-3.99013,0.0801558,0.235572,0.0118022,0.346127,0.15
5461,2.6278,0.111701,0.150207,0.688037,0.619125,6.07351,-0.0149142,-3.98877,-0,-3.95903,45,33,3,0,0,54.6099,0,-0.0872665,-3.98877,0.080122,0.236638,0.0117176,0.33872,0.15
5462,2.62896,0.123918,0.121444,0.631641,0.610484,6.07351,-0.00213059,-3.98914,-0,-3.97031,45,33,3,0,0,54.6199,0,-0.0872665,-3.98914,0.0801033,0.237682,0.011612,0.331287,0.15
5463,2.6302,0.115192,0.135293,0.620361,0.587675,6.07351,0.00745708,-3.99415,-0,-3.98159,45,33,3,0,0,54.6299,0,-0.0872665,-3.99415,0.0800326,0.238706,0.0113896,0.323828,0.15
5464,2.63126,0.122173,0.128901,0.609082,0.615736,6.07351,0.0330242,-3.99168,-0,-4.04927,45,33,3,0,0,54.6399,0,-0.0872665,-3.99361,0.0800345,0.239709,0.0113375,0.316346,0.15
5465,2.63241,0.116937,0.0980073,0.597803,0.654794,6.07351,-0.00639178,-3.99139,-0,-3.93647,45,33,3,0,0,54.6499,0,-0.0872665,-3.99139,0.0800128,0.24069,0.0111684,0.30884,0.15
5466,2.63375,0.122173,0.117183,0.64292,0.601698,6.07351,0.00319589,-3.98275,-0,-4.07183,45,33,3,0,0,54.6599,0,-0.0872665,-3.98275,0.0800674,0.24165,0.0107862,0.301311,0.15
5467,2.6348,0.116937,0.134227,0.552686,0.491194,6.07351,0.0202406,-3.99135,-0,-4.08311,45,33,3,0,0,54.6699,0,-0.0872665,-3.99135,0.0800496,0.242589,0.0106701,0.29376,0.15
5468,2.63595,0.122173,0.131032,0.439893,0.414605,6.07351,-0.00639178,-3.98542,-0,-4.07183,45,33,3,0,0,54.6799,0,-0.0872665,-3.98542,0.0800622,0.243506,0.0104365,0.286187,0.15
5469,2.6371,0.115192,0.125705,0.417334,0.381356,6.07351,0.010653,-3.99473,-0,-3.94775,45,33,3,0,0,54.6899,0,-0.0872665,-3.99473,0.0800252,0.244401,0.0101813,0.278593,0.15
5470,2.63816,0.0977384,0.123574,0.338379,0.399232,6.07351,-0.0138489,-3.98767,-0,-3.93647,45,33,3,0,0,54.6999,0,-0.0872665,-3.98767,0.0800166,0.245275,0.0100003,0.270979,0.15
5471,2.63921,0.106465,0.0894849,0.394775,0.484922,6.07351,-5.47937e-18,-3.98873,-0,-4.09438,45,33,3,0,0,54.7099,0,-0.0872665,-3.98873,0.0799883,0.246126,0.00979751,0.263345,0.15
5472,2.64036,0.115192,0.0948114,0.451172,0.545369,6.07351,-0.0159795,-3.98927,-0,-3.9252,45,33,3,0,0,54.7199,0,-0.0872665,-3.98927,0.0799708,0.246956,0.009477,0.255692,0.15
5473,2.64132,0.0942478,0.103334,0.631641,0.537937,6.07351,-6.32737e-18,-3.99074,-0,-3.93647,45,33,3,0,0,54.7299,0,-0.0872665,-3.99074,0.0799815,0.247764,0.0093263,0.248021,0.15
5474,2.64219,0.0785398,0.0841585,0.507568,0.509116,6.07351,-0.00745708,-3.99895,-0,-3.95903,45,33,3,0,0,54.7399,0,-0.0872665,-3.99895,0.0799479,0.24855,0.00924942,0.240333,0.15
5475,2.64305,0.0942478,0.0980073,0.64292,0.532214,6.07351,0.0138489,-4.00409,-0,-3.94775,45,33,3,0,0,54.7499,0,-0.0872665,-4.00409,0.0799316,0.249314,0.00915054,0.232626,0.15
5476,2.64391,0.0872665,0.105464,0.665479,0.568618,6.07351,-0.0138489,-3.9985,-0,-3.94775,45,33,3,0,0,54.7599,0,-0.0872665,-3.9985,0.0799264,0.250056,0.00902944,0.224905,0.15
5477,2.64487,0.0802851,0.0820279,0.586523,0.596373,6.07351,0.010653,-3.99282,-0,-3.93647,45,33,3,0,0,54.7699,0,-0.0872665,-3.99282,0.0799546,0.250776,0.00879032,0.217167,0.15
5478,2.64564,0.0715585,0.0777667,0.552686,0.563896,6.07351,-0.00745708,-4.00325,-0.00872665,-3.95903,45,33,3,0,0,54.7799,0,-0.0872665,-4.00325,0.0798936,0.251473,0.00872062,0.209415,0.15
5479,2.64631,0.0802851,0.0617872,0.665479,0.595031,6.07351,-0.00639178,-4.00671,-0,-3.97031,45,33,3,0,0,54.7899,0,-0.0872665,-4.00671,0.0798823,0.252148,0.00872446,0.201649,0.15
5480,2.64698,0.0663225,0.078832,0.575244,0.653266,6.07351,-0.00745708,-4.00271,-0,-3.94775,45,33,3,0,0,54.7999,0,-0.0872665,-4.00271,0.0798776,0.252801,0.00870592,0.193869,0.15
5481,2.64775,0.0785398,0.068179,0.710596,0.661403,6.07351,-0.00745708,-3.99925,-0,-3.97031,45,33,3,0,0,54.8099,0,-0.0872665,-3.99925,0.0798929,0.253431,0.00856907,0.186076,0.15
5482,2.64842,0.0593412,0.0639178,0.597803,0.640219,6.07351,0.00532648,-4.01295,-0,-3.95903,45,33,3,0,0,54.8199,0,-0.0872665,-4.01295,0.0798401,0.254038,0.00850552,0.178272,0.15
5483,2.64909,0.0663225,0.0809626,0.597803,0.573301,6.07351,0.0127836,-4.00177,-0,-4.00415,45,33,3,0,0,54.8299,0,-0.0872665,-4.00177,0.0798787,0.254623,0.00841948,0.170455,0.15
5484,2.64966,0.0645772,0.057526,0.575244,0.594619,6.07351,0.0266324,-4.00802,-0,-3.98159,45,33,3,0,0,54.8399,0,-0.0872665,-4.00802,0.0798545,0.255186,0.00840667,0.162628,0.15
5485,2.65043,0.0645772,0.0596566,0.654199,0.66521,6.07351,-0.0138489,-4.00208,-0,-3.95903,45,33,3,0,0,54.8499,0,-0.0872665,-4.00208,0.0798526,0.255726,0.00817941,0.154792,0.15
5486,2.65101,0.0558505,0.0639178,0.64292,0.63906,6.07351,0.0191753,-4.01027,-0.00872665,-3.99287,45,33,3,0,0,54.8599,0,-0.0872665,-4.01027,0.0798398,0.256243,0.00812119,0.146946,0.15
5487,2.65158,0.0506145,0.0596566,0.586523,0.562149,6.07351,-0.00426119,-4.01046,-0,-4.09438,45,33,3,0,0,54.8699,0,-0.0872665,-4.01046,0.0798164,0.256738,0.0080418,0.139066,0.15
5488,2.65216,0.0558505,0.068179,0.586523,0.56291,6.07351,0.0223712,-4.02136,-0,-3.99287,45,33,3,0,0,54.8799,0,-0.0872665,-4.02136,0.0797651,0.257208,0.00793652,0.131228,0.15
5489,2.65264,0.0523599,0.0447425,0.631641,0.623926,6.07351,-0.0191753,-4.01632,-0,-3.99287,45,33,3,0,0,54.8899,0,-0.0872665,-4.01632,0.0797438,0.257657,0.00790573,0.123359,0.15
5490,2.65321,0.0436332,0.0383507,0.631641,0.646592,6.07351,0.0223712,-4.01033,-0,-3.98159,45,33,3,0,0,54.8999,0,-0.0872665,-4.01033,0.0797779,0.258083,0.00775623,0.115482,0.15
5491,2.6536,0.0541052,0.0671137,0.699316,0.676333,6.07351,0.00532648,-4.01877,-0,-3.98159,45,33,3,0,0,54.9099,0,-0.0872665,-4.01877,0.0797284,0.258486,0.00777554,0.1076,0.15
5492,2.65398,0.0349066,0.0479384,0.665479,0.708846,6.07351,0.010653,-4.01984,-0,-3.97031,45,33,3,0,0,54.9199,0,-0.0872665,-4.01984,0.0797121,0.258865,0.00777193,0.0997124,0.15
5493,2.65446,0.0401426,0.0362201,0.710596,0.755079,6.07351,-0.010653,-4.01025,-0,-4.01543,45,33,3,0,0,54.9299,0,-0.0872665,-4.01025,0.0797311,0.259222,0.00764942,0.0918207,0.15
5494,2.65484,0.0418879,0.0213059,0.721875,0.775235,6.07351,-0.0149142,-4.00688,-0,-3.98159,45,33,3,0,0,54.9399,0,-0.0872665,-4.00688,0.0797612,0.259556,0.00759976,0.0839254,0.15
5495,2.65532,0.0383972,0.0330242,0.766992,0.768451,6.07351,0.00639178,-4.01151,-0,-3.99287,45,33,3,0,0,54.9499,0,-0.0872665,-4.01151,0.0797644,0.259867,0.00743117,0.0760269,0.15
5496,2.6557,0.0383972,0.0490037,0.744434,0.671199,6.07351,-0.0127836,-4.01109,-0,-4.01543,45,33,3,0,0,54.9599,0,-0.0872665,-4.01109,0.0797678,0.260155,0.00733536,0.0681264,0.15
5497,2.65599,0.0349066,0.0362201,0.688037,0.665832,6.07351,0.010653,-4.01733,-0,-3.98159,45,33,3,0,0,54.9699,0,-0.0872665,-4.01733,0.0797574,0.260419,0.00731234,0.0602239,0.15
5498,2.65628,0.0296706,0.0276977,0.676758,0.712056,6.07351,-0.0266324,-4.013,-0,-3.99287,45,33,3,0,0,54.9799,0,-0.0872665,-4.013,0.0797684,0.260661,0.00726617,0.0523207,0.15
5499,2.65666,0.0261799,0.0308936,0.710596,0.660615,6.07351,0.0362201,-4.01644,-0,-3.98159,45,33,3,0,0,54.9899,0,-0.0872665,-4.01836,0.0797499,0.260879,0.007101,0.0444168,0.15
5500,2.65695,0.0279253,0.0255671,0.676758,0.688395,6.07351,0.010653,-4.01826,-0,-4.08311,45,33,3,0,0,54.9999,0,-0.0872665,-4.01826,0.0797494,0.261074,0.00700851,0.0365137,0.15
5501,2.65724,0.0314159,0.0213059,0.654199,0.747792,6.07351,0.01811,-4.00939,-0,-4.08311,45,33,3,0,0,55.0099,0,-0.0872665,-4.00939,0.079777,0.261246,0.00689283,0.0286121,0.15
5502,2.65743,0.0122173,0.0255671,0.721875,0.663318,6.07351,-0.0202406,-4.0094,-0,-3.98159,45,33,3,0,0,55.0199,0,-0.0872665,-4.0094,0.0797895,0.261395,0.00684982,0.0207122,0.15
5503,2.65762,0.0261799,0.00958767,0.64292,0.695323,6.07351,0.0127836,-4.01242,-0,-4.10566,45,33,3,0,0,55.0299,0,-0.0872665,-4.01242,0.0797806,0.26152,0.00678359,0.012815,0.15
5504,2.65791,0.0279253,0.0117183,0.676758,0.731418,6.07351,-0.00319589,-4.01274,-0,-3.99287,45,33,3,0,0,55.0399,0,-0.0872665,-4.01274,0.0797577,0.261623,0.00659826,0.00492061,0.15
5505,2.6581,0.020944,0.0266324,0.665479,0.670987,6.07351,-0.00213059,-4.01347,-0,-4.10566,45,33,3,0,0,55.0499,0,-0.0872665,-4.01347,0.0797658,0.261702,0.00648556,-0.00296904,0.15
5506,2.6582,0.0244346,0.0149142,0.620361,0.68281,6.07351,0.01811,-4.01446,-0,-4.11694,45,33,3,0,0,55.0599,0,-0.0872665,-4.01446,0.0797632,0.261757,0.00644549,-0.0108543,0.15
5507,2.65839,0.00872665,0.0415466,0.654199,0.664707,6.07351,0.00639178,-4.00405,-0,-4.08311,45,33,3,0,0,55.0699,0,-0.0872665,-4.00405,0.0798153,0.26179,0.0062863,-0.0187344,0.15
5508,2.65858,0.010472,0.0404813,0.64292,0.575886,6.07351,0.00639178,-4.01281,-0,-4.10566,45,33,3,0,0,55.0799,0,-0.0872665,-4.01281,0.0797758,0.261799,0.00610385,-0.0266086,0.15
5509,2.65868,0.010472,-0.0010653,0.541406,0.615426,6.07351,0.00213059,-4.00371,-0,-4.08311,45,33,3,0,0,55.0899,0,-0.0872665,-4.00371,0.0798093,0.261785,0.00599402,-0.0344752,0.15
5510,2.65877,0.00872665,0.0266324,0.541406,0.573816,6.07351,0.0213059,-4.01724,-0,-4.08311,45,33,3,0,0,55.0999,0,-0.0872665,-4.01818,0.0797545,0.261748,0.00586094,-0.0423343,0.15
5511,2.65887,0.00174533,0.00958767,0.48501,0.594551,6.07351,0.00532648,-4.01589,-0,-4.01543,45,33,3,0,0,55.1099,0,-0.0872665,-4.01589,0.0797455,0.261688,0.00570461,-0.0501859,0.15
5512,2.65896,0.0174533,0.010653,0.563965,0.639631,6.07351,0.00745708,-4.01725,-0,-4.10566,45,33,3,0,0,55.1199,0,-0.0872665,-4.01725,0.0797494,0.261604,0.00552503,-0.0580286,0.15
5513,2.65906,0,0.00426119,0.530127,0.642617,6.07351,-0.01811,-4.01593,-0,-3.98159,45,33,3,0,0,55.1299,0,-0.0872665,-4.01593,0.0797367,0.261497,0.00532222,-0.0658614,0.15
5514,2.65916,0,-0.00745708,0.575244,0.627623,6.07341,0.0372854,-4.0129,-0,-3.97031,45,33,3,0,0,55.1399,0,-0.0872665,-4.01453,0.0797776,0.261367,0.00509616,-0.0736845,0.15
5515,2.65916,0,0.0138489,0.507568,0.491027,6.07341,-0.0010653,-4.01408,-0,-3.98159,45,33,3,0,0,55.1499,0,-0.0872665,-4.01408,0.0797538,0.261213,0.00494279,-0.0814953,0.15
5516,2.65916,0,0.00639178,0.417334,0.49069,6.07341,-0.00319589,-4.01229,-0,-3.98159,45,33,3,0,0,55.1599,0,-0.0872665,-4.01229,0.0797521,0.261037,0.0047662,-0.0892953,0.15
5517,2.65925,0,0.0138489,0.518848,0.489046,6.07341,0.00213059,-4.01794,-0,-3.98159,45,33,3,0,0,55.1699,0,-0.0872665,-4.01794,0.0797231,0.260837,0.00447057,-0.0970823,0.15
5518,2.65925,0,-0.00745708,0.552686,0.487348,6.07341,-0.0149142,-4.00223,-0,-3.97031,45,33,3,0,0,55.1799,0,-0.0872665,-4.00223,0.0797656,0.260614,0.00424762,-0.104857,0.15
5519,2.65925,0,0.0159795,0.47373,0.418294,6.07341,0.00745708,-4.01465,-0,-3.98159,45,33,3,0,0,55.1899,0,-0.0872665,-4.01465,0.0797181,0.260368,0.00400152,-0.112618,0.15
5520,2.65925,0,0.010653,0.496289,0.401055,6.07341,-0.0127836,-4.00822,-0,-3.97031,45,33,3,0,0,55.1999,0,-0.0872665,-4.00822,0.0797601,0.260099,0.00373232,-0.120364,0.15
5521,2.65916,0,0.00852238,0.428613,0.354638,6.07341,0.00319589,-4.02191,-0,-4.01543,45,33,3,0,0,55.2099,0,-0.0872665,-4.02191,0.0797,0.259807,0.00353586,-0.128095,0.15
5522,2.65916,0,-0.00426119,0.360938,0.295701,6.07341,-0.0170448,-4.01027,-0,-4.10566,45,33,3,0,0,55.2199,0,-0.0872665,-4.01027,0.0797328,0.259491,0.00322047,-0.13581,0.15
5523,2.65916,0,-0.0010653,0.360938,0.34879,6.07341,0.0191753,-4.02128,-0,-3.99287,45,33,3,0,0,55.2299,0,-0.0872665,-4.02128,0.0797155,0.259153,0.00288202,-0.143509,0.15
5524,2.65916,0,0.00426119,0.360938,0.245245,6.07341,-0.0149142,-4.01361,-0,-3.98159,45,33,3,0,0,55.2399,0,-0.0872665,-4.01361,0.079749,0.258791,0.00252054,-0.151191,0.15
5525,2.65906,0,-0.00213059,0.304541,0.217864,6.07341,0.0010653,-4.01013,-0,-3.98159,45,33,3,0,0,55.2499,0,-0.0872665,-4.01013,0.0797671,0.258407,0.00223197,-0.158854,0.15
5526,2.65896,-0.010472,0.0308936,0.225586,0.08049,6.07341,-0.00532648,-4.01518,-0,-3.99287,45,33,3,0,0,55.2599,0,-0.0872665,-4.01518,0.0797421,0.257999,0.00192042,-0.1665,0.15
5527,2.65887,-0.0122173,-0.0255671,0.214307,0.110721,6.07341,-0.0149142,-4.00874,-0,-3.98159,45,33,3,0,0,55.2699,0,-0.0872665,-4.00874,0.0797683,0.257569,0.00158598,-0.174125,0.15
5528,2.65887,0,-0.0159795,0.146631,0.0951886,6.07341,-0.0223712,-4.00574,-0,-4.10566,45,33,3,0,0,55.2799,0,-0.0872665,-4.00574,0.0797837,0.257116,0.00113278,-0.181731,0.15
5529,2.65877,-0.015708,0.00532648,0.101514,0.054226,6.07341,0.00213059,-4.01149,-0,-3.98159,45,33,3,0,0,55.2899,0,-0.0872665,-4.01149,0.079779,0.25664,0.000752591,-0.189317,0.15
5530,2.65868,-0.0174533,0.00958767,0.112793,-0.0566355,6.07341,-0.00852238,-4.01576,-0,-3.98159,45,33,3,0,0,55.2999,0,-0.0872665,-4.01576,0.0797754,0.256141,0.000349632,-0.196881,0.15
5531,2.65848,-0.00523599,-0.0245018,0.0563965,-0.0431825,6.07341,-0.00213059,-4.00436,-0,-3.98159,45,33,3,0,0,55.3099,0,-0.0872665,-4.00436,0.0798203,0.255619,1.97882e-05,-0.204423,0.15
5532,2.65829,-0.015708,-0.00639178,0.0112793,-0.12068,6.07341,0.00426119,-4.02344,-0,-3.98159,45,33,3,0,0,55.3199,0,-0.0872665,-4.02344,0.0797395,0.255075,-0.000332752,-0.211943,0.15
5533,2.6581,-0.0261799,-0.0319589,-0.0112793,-0.116518,6.07341,-0.00532648,-4.0162,-0,-3.99287,45,33,3,0,0,55.3299,0,-0.0872665,-4.0162,0.0797456,0.254508,-0.000707955,-0.219439,0.15
5534,2.65762,-0.0575959,1.95692e-19,-0.0338379,-0.112668,6.07341,0.00319589,-4.01839,-0,-4.10566,45,33,3,0,0,55.3399,0,-0.0872665,-4.01839,0.0797438,0.253919,-0.00081814,-0.226912,0.15
5535,2.65695,-0.0575959,-0.0223712,-0.0789551,-0.0620182,6.07341,-0.00532648,-4.01048,-0,-3.98159,45,33,3,0,0,55.3499,0,-0.0872665,-4.01048,0.079768,0.253306,-0.000759178,-0.23436,0.15
5536,2.65657,-0.0191986,-0.0447425,-0.0676758,-0.0442487,6.07341,-0.0010653,-4.01781,-0,-3.98159,45,33,3,0,0,55.3599,0,-0.0872665,-4.01781,0.0797264,0.252672,-0.00101027,-0.241782,0.15
5537,2.65628,-0.0279253,-0.0372854,-0.0676758,-0.0760947,6.07341,-0.0223712,-4.01906,-0,-3.98159,45,33,3,0,0,55.3699,0,-0.0872665,-4.01906,0.0797152,0.252015,-0.00137973,-0.249179,0.15
5538,2.65599,-0.0279253,-0.0372854,-0.0902344,-0.116997,6.07341,0.0266324,-4.02194,-0,-3.99287,45,33,3,0,0,55.3799,0,-0.0872665,-4.02194,0.0797159,0.251335,-0.00177151,-0.256549,0.15
5539,2.65561,-0.0436332,-0.010653,-0.101514,-0.15754,6.07341,-0.0340895,-4.01537,-0,-3.99287,45,33,3,0,0,55.3899,0,-0.0872665,-4.01537,0.0797227,0.250633,-0.00208984,-0.263892,0.15
5540,2.65522,-0.0506145,-0.0372854,-0.15791,-0.255351,6.07341,0.0319589,-4.01168,-0,-4.10566,45,33,3,0,0,55.3999,0,-0.0872665,-4.01257,0.0797584,0.249909,-0.00243036,-0.271207,0.15
5541,2.65475,-0.0436332,-0.0202406,-0.214307,-0.224349,6.07341,-0.00319589,-4.0205,-0,-4.10566,45,33,3,0,0,55.4099,0,-0.0872665,-4.0205,0.0796987,0.249163,-0.00269719,-0.278493,0.15
5542,2.65427,-0.0506145,-0.0415466,-0.225586,-0.227786,6.07341,0.0117183,-4.01842,-0,-4.08311,45,33,3,0,0,55.4199,0,-0.0872665,-4.01842,0.0797101,0.248395,-0.00298619,-0.28575,0.15
5543,2.65379,-0.0558505,-0.0308936,-0.236865,-0.249352,6.07341,0.0117183,-4.01977,-0,-3.99287,45,33,3,0,0,55.4299,0,-0.0872665,-4.01977,0.0796949,0.247604,-0.00329723,-0.292978,0.15
5544,2.65321,-0.0523599,-0.0639178,-0.236865,-0.20512,6.07341,-0.0010653,-4.01881,-0,-4.08311,45,33,3,0,0,55.4399,0,-0.0872665,-4.01881,0.079686,0.246792,-0.00353444,-0.300175,0.15
5545,2.65273,-0.0471239,-0.0617872,-0.191748,-0.189953,6.07341,-0.00958767,-4.02222,-0,-4.10566,45,33,3,0,0,55.4499,0,-0.0872665,-4.02222,0.0796797,0.245958,-0.0038894,-0.307341,0.15
5546,2.65225,-0.0558505,-0.0532648,-0.203027,-0.232811,6.07341,0.0117183,-4.01956,-0,-4.10566,45,33,3,0,0,55.4599,0,-0.0872665,-4.01956,0.0796973,0.245102,-0.00426618,-0.314475,0.15
5547,2.65158,-0.0593412,-0.0521996,-0.248145,-0.277531,6.07341,-0.00213059,-4.018,-0,-4.10566,45,33,3,0,0,55.4699,0,-0.0872665,-4.018,0.0797099,0.244224,-0.00447306,-0.321577,0.15
5548,2.65101,-0.0645772,-0.0607219,-0.31582,-0.35095,6.07341,-0.0213059,-4.01589,-0,-4.10566,45,33,3,0,0,55.4799,0,-0.0872665,-4.01589,0.0797226,0.243324,-0.00479749,-0.328646,0.15
5549,2.65024,-0.0715585,-0.0756361,-0.3271,-0.281478,6.07341,0.01811,-4.02115,-0,-4.10566,45,33,3,0,0,55.4899,0,-0.0872665,-4.02115,0.0796893,0.242403,-0.00495175,-0.335681,0.15
5550,2.64966,-0.0645772,-0.0468731,-0.248145,-0.33532,6.07341,-0.00639178,-4.01371,-0,-4.10566,45,33,3,0,0,55.4999,0,-0.0872665,-4.01371,0.079718,0.24146,-0.00531929,-0.342682,0.15
5551,2.6489,-0.0645772,-0.0649831,-0.281982,-0.3539,6.07341,0.0138489,-4.01685,-0,-4.10566,45,33,3,0,0,55.5099,0,-0.0872665,-4.01685,0.0797201,0.240496,-0.00551619,-0.349645,0.15
5552,2.64823,-0.0750492,-0.0724402,-0.259424,-0.348588,6.07341,-0.0149142,-4.01066,-0,-3.98159,45,33,3,0,0,55.5199,0,-0.0872665,-4.01066,0.0797718,0.23951,-0.00583104,-0.356578,0.15
5553,2.64746,-0.0802851,-0.0798973,-0.338379,-0.366855,6.07341,-0.00213059,-4.01066,-0,-4.10566,45,33,3,0,0,55.5299,0,-0.0872665,-4.01066,0.0797939,0.238503,-0.00607095,-0.363473,0.15
5554,2.6466,-0.0925025,-0.0713749,-0.406055,-0.42595,6.07341,-0.0276977,-4.00741,-0,-4.01543,45,33,3,0,0,55.5399,0,-0.0872665,-4.00741,0.0798077,0.237475,-0.00623617,-0.37033,0.15
5555,2.64573,-0.0733038,-0.0628525,-0.304541,-0.341832,6.07341,0.010653,-4.01521,-0,-3.98159,45,33,3,0,0,55.5499,0,-0.0872665,-4.01521,0.0797658,0.236426,-0.00642246,-0.377151,0.15
5556,2.64487,-0.0977384,-0.0820279,-0.281982,-0.357506,6.07341,5.02276e-18,-4.0194,-0,-3.98159,45,33,3,0,0,55.5599,0,-0.0872665,-4.0194,0.0797556,0.235356,-0.0066298,-0.383933,0.15
5557,2.64401,-0.0977384,-0.0830932,-0.281982,-0.390358,6.07341,0.0234365,-4.01018,-0,-3.97031,45,33,3,0,0,55.5699,0,-0.0872665,-4.01018,0.0798117,0.234265,-0.00685797,-0.390677,0.15
5558,2.64305,-0.0907571,-0.0767014,-0.259424,-0.338646,6.07341,-0.010653,-4.01251,-0,-3.98159,45,33,3,0,0,55.5799,0,-0.0872665,-4.01251,0.0798101,0.233153,-0.00701109,-0.397381,0.15
5559,2.64219,-0.0890118,-0.0990726,-0.270703,-0.357843,6.07341,-0.0127836,-4.00342,-0,-3.95903,45,33,3,0,0,55.5899,0,-0.0872665,-4.00342,0.0798699,0.23202,-0.00728085,-0.404047,0.15
5560,2.64132,-0.0837758,-0.0980073,-0.394775,-0.423134,6.07341,0.0340895,-4.01029,-0,-3.94775,45,33,3,0,0,55.5999,0,-0.0872665,-4.0114,0.0798585,0.230867,-0.00757113,-0.410671,0.15
5561,2.64036,-0.0959931,-0.0905502,-0.338379,-0.510342,6.07341,0.0010653,-4.00312,-0,-3.99287,45,33,3,0,0,55.6099,0,-0.0872665,-4.00312,0.0798981,0.229693,-0.00778627,-0.417256,0.15
5562,2.63941,-0.0942478,-0.068179,-0.541406,-0.516827,6.07341,0.0170448,-4.00463,-0,-3.98159,45,33,3,0,0,55.6199,0,-0.0872665,-4.00463,0.0799134,0.228499,-0.00802149,-0.423797,0.15
5563,2.63845,-0.106465,-0.0820279,-0.609082,-0.544775,6.07341,-0.0127836,-4.00725,-0,-3.98159,45,33,3,0,0,55.6299,0,-0.0872665,-4.00725,0.0798765,0.227285,-0.0082772,-0.430298,0.15
5564,2.63749,-0.0925025,-0.0937461,-0.552686,-0.591062,6.07341,0.0245018,-4.0101,-0,-3.99287,45,33,3,0,0,55.6399,0,-0.0872665,-4.0101,0.0798547,0.22605,-0.00855301,-0.436755,0.15
5565,2.63643,-0.10821,-0.0756361,-0.620361,-0.596141,6.07341,0.0010653,-4.0056,-0,-3.98159,45,33,3,0,0,55.6499,0,-0.0872665,-4.0056,0.0798644,0.224795,-0.00875308,-0.443169,0.15
5566,2.63538,-0.10821,-0.109726,-0.552686,-0.546121,6.07341,0.0404813,-4.00701,-0,-3.98159,45,33,3,0,0,55.6599,0,-0.0872665,-4.00943,0.0798775,0.223521,-0.00897305,-0.449539,0.15
5567,2.63432,-0.0994838,-0.0916155,-0.541406,-0.497109,6.07341,-0.00852238,-4.01061,-0,-3.98159,45,33,3,0,0,55.6699,0,-0.0872665,-4.01061,0.0798671,0.222226,-0.00921297,-0.455865,0.15
5568,2.63327,-0.120428,-0.120379,-0.552686,-0.569362,6.07341,-0.0159795,-4.00046,-0,-3.95903,45,33,3,0,0,55.6799,0,-0.0872665,-4.00046,0.0799089,0.220912,-0.00947261,-0.462147,0.15
5569,2.63202,-0.129154,-0.131032,-0.609082,-0.619443,6.07341,0.00319589,-4.00911,-0,-3.98159,45,33,3,0,0,55.6899,0,-0.0872665,-4.00911,0.0798911,0.219578,-0.00956005,-0.468382,0.15
5570,2.63068,-0.123918,-0.136358,-0.597803,-0.537,6.07341,8.34952e-18,-4.00585,-0,-3.98159,45,33,3,0,0,55.6999,0,-0.0872665,-4.00585,0.0798803,0.218221,-0.00957551,-0.474591,0.15
5571,2.62943,-0.125664,-0.127836,-0.451172,-0.412148,6.07341,-0.0010653,-4.01372,-0,-3.99287,45,33,3,0,0,55.7099,0,-0.0872665,-4.01372,0.079812,0.216852,-0.00969774,-0.480715,0.15
5572,2.62809,-0.144862,-0.129966,-0.383496,-0.423312,6.07341,-0.0170448,-4.00333,-0,-3.98159,45,33,3,0,0,55.7199,0,-0.0872665,-4.00333,0.0798454,0.21546,-0.00974747,-0.486811,0.15
5573,2.62675,-0.13439,-0.140619,-0.406055,-0.382512,6.07341,0.01811,-4.0066,-0,-3.98159,45,33,3,0,0,55.7299,0,-0.0872665,-4.0066,0.0798605,0.214049,-0.00981637,-0.492859,0.15
5574,2.62531,-0.136136,-0.154468,-0.349658,-0.343277,6.07341,-0.0436772,-3.9993,-0,-3.99287,45,33,3,0,0,55.7399,0,-0.0872665,-3.9993,0.0798986,0.212619,-0.00980841,-0.498859,0.15
5575,2.62387,-0.15708,-0.140619,-0.338379,-0.355974,6.07341,0.00852238,-4.00451,-0,-3.98159,45,33,3,0,0,55.7499,0,-0.0872665,-4.00451,0.0799153,0.21117,-0.0098193,-0.50481,0.15
5576,2.62234,-0.146608,-0.134227,-0.349658,-0.359892,6.07341,-0.0372854,-4.00143,-0,-3.98159,45,33,3,0,0,55.7599,0,-0.0872665,-4.00143,0.0799156,0.209702,-0.00975305,-0.510712,0.15
5577,2.6209,-0.148353,-0.140619,-0.3271,-0.276391,6.07341,0.0149142,-4.00556,-0,-3.98159,45,33,3,0,0,55.7699,0,-0.0872665,-4.00556,0.0799294,0.208216,-0.00980142,-0.516564,0.15
5578,2.61946,-0.1309,-0.140619,-0.214307,-0.275098,6.07341,0.0170448,-4.00706,-0,-3.99287,45,33,3,0,0,55.7799,0,-0.0872665,-4.00706,0.0799331,0.206711,-0.00986828,-0.522366,0.15
5579,2.61812,-0.148353,-0.140619,-0.259424,-0.353915,6.07341,0.00319589,-4.0002,-0,-4.10566,45,33,3,0,0,55.7899,0,-0.0872665,-4.0002,0.0799722,0.205187,-0.0100493,-0.528117,0.15
5580,2.61659,-0.151844,-0.150207,-0.360938,-0.33221,6.07341,0.00319589,-4.00154,-0,-3.95903,45,33,3,0,0,55.7999,0,-0.0872665,-4.00154,0.0799785,0.203646,-0.0100569,-0.533817,0.15
5581,2.61515,-0.144862,-0.140619,-0.360938,-0.411804,6.07341,0.00639178,-4.00074,-0,-3.98159,45,33,3,0,0,55.8099,0,-0.0872665,-4.00074,0.0800044,0.202086,-0.0101783,-0.539464,0.15
5582,2.61371,-0.137881,-0.150207,-0.383496,-0.407327,6.07341,0.01811,-4.00407,-0,-4.10566,45,33,3,0,0,55.8199,0,-0.0872665,-4.00407,0.0800071,0.200509,-0.0103178,-0.54506,0.15
5583,2.61227,-0.132645,-0.149142,-0.394775,-0.425291,6.07341,0.00426119,-3.99744,-0,-3.98159,45,33,3,0,0,55.8299,0,-0.0872665,-3.99744,0.0800416,0.198913,-0.010475,-0.550602,0.15
5584,2.61103,-0.127409,-0.131032,-0.394775,-0.436096,6.07341,-0.0138489,-3.99851,-0,-4.10566,45,33,3,0,0,55.8399,0,-0.0872665,-3.99851,0.0800328,0.1973,-0.0108417,-0.556092,0.15
5585,2.60959,-0.144862,-0.136358,-0.496289,-0.511894,6.07341,0.0010653,-4.00073,-0,-4.08311,45,33,3,0,0,55.8499,0,-0.0872665,-4.00073,0.0800488,0.19567,-0.0110342,-0.561527,0.15
5586,2.60815,-0.141372,-0.131032,-0.597803,-0.631894,6.07341,0.0149142,-4.00549,-0,-4.08311,45,33,3,0,0,55.8599,0,-0.0872665,-4.00549,0.0800433,0.194022,-0.0112439,-0.566908,0.15
5587,2.60671,-0.15708,-0.145946,-0.699316,-0.667992,6.07341,-0.0191753,-3.9929,-0,-4.07183,45,33,3,0,0,55.8699,0,-0.0872665,-3.9929,0.080059,0.192357,-0.0114711,-0.572234,0.15
5588,2.60518,-0.143117,-0.155533,-0.597803,-0.607226,6.07341,0.010653,-3.99897,-0,-4.08311,45,33,3,0,0,55.8799,0,-0.0872665,-3.99897,0.080044,0.190674,-0.0116193,-0.577505,0.15
5589,2.60374,-0.146608,-0.150207,-0.552686,-0.491885,6.07341,-0.0223712,-3.99602,-0,-4.08311,45,33,3,0,0,55.8899,0,-0.0872665,-3.99602,0.0800397,0.188975,-0.0118804,-0.58272,0.15
5590,2.60221,-0.164061,-0.155533,-0.47373,-0.501058,6.07341,0.010653,-3.99722,-0,-4.08311,45,33,3,0,0,55.8999,0,-0.0872665,-3.99722,0.0800633,0.187259,-0.0120623,-0.587879,0.15
5591,2.60058,-0.15708,-0.14488,-0.496289,-0.493802,6.07341,-0.0223712,-3.99504,-0,-3.99287,45,33,3,0,0,55.9099,0,-0.0872665,-3.99504,0.0800915,0.185527,-0.0121651,-0.592982,0.15
5592,2.59904,-0.171042,-0.148076,-0.462451,-0.577806,6.07341,0.00426119,-3.99829,-0,-3.98159,45,33,3,0,0,55.9199,0,-0.0872665,-3.99829,0.0800864,0.183778,-0.0123802,-0.598027,0.15
5593,2.59741,-0.158825,-0.136358,-0.462451,-0.583727,6.07341,-0.00532648,-3.99015,-0,-4.08311,45,33,3,0,0,55.9299,0,-0.0872665,-3.99015,0.0801187,0.182012,-0.0125158,-0.603015,0.15
5594,2.59588,-0.172788,-0.145946,-0.530127,-0.692509,6.07341,-0.0010653,-3.98462,-0,-4.08311,45,33,3,0,0,55.9399,0,-0.0872665,-3.98462,0.0801487,0.180231,-0.0127633,-0.607944,0.15
5595,2.59415,-0.164061,-0.152337,-0.586523,-0.64159,6.07341,-0.0202406,-3.98185,-0,-3.9252,45,33,3,0,0,55.9499,0,-0.0872665,-3.98185,0.0801711,0.178433,-0.0128353,-0.612816,0.15
5596,2.59252,-0.167552,-0.182166,-0.699316,-0.568939,6.07341,-0.00532648,-3.98424,-0,-3.9252,45,33,3,0,0,55.9599,0,-0.0872665,-3.98424,0.0801693,0.17662,-0.0130188,-0.617628,0.15
5597,2.59089,-0.176278,-0.176839,-0.575244,-0.594839,6.07341,-0.0159795,-3.9866,-0,-3.97031,45,33,3,0,0,55.9699,0,-0.0872665,-3.9866,0.0801786,0.174791,-0.013218,-0.622381,0.15
5598,2.58907,-0.171042,-0.164056,-0.518848,-0.548179,6.07341,0.00958767,-3.97605,-0,-3.95903,45,33,3,0,0,55.9799,0,-0.0872665,-3.97605,0.0802491,0.172946,-0.013241,-0.627074,0.15
5599,2.58735,-0.18326,-0.157664,-0.620361,-0.575324,6.07341,0.0138489,-3.97294,-0,-3.9252,45,33,3,0,0,55.9899,0,-0.0872665,-3.97294,0.080303,0.171086,-0.0133754,-0.631708,0.15
5600,2.58562,-0.169297,-0.175774,-0.609082,-0.601479,6.07341,-0.01811,-3.96984,-0,-3.9252,45,33,3,0,0,55.9999,0,-0.0872665,-3.96984,0.0803066,0.169211,-0.0135249,-0.63628,0.15
5601,2.58389,-0.169297,-0.176839,-0.552686,-0.593942,6.07351,-0.00958767,-3.97879,-0,-3.93647,45,33,3,0,0,56.0099,0,-0.0872665,-3.97879,0.0803037,0.16732,-0.0136895,-0.640792,0.15
5602,2.58217,-0.174533,-0.182166,-0.575244,-0.632774,6.07351,-0.0202406,-3.96657,-0,-3.9252,45,33,3,0,0,56.0199,0,-0.0872665,-3.96657,0.0803847,0.165415,-0.0138688,-0.645242,0.15
5603,2.58044,-0.181514,-0.164056,-0.597803,-0.663071,6.07351,-0.0170448,-3.97216,-0,-3.9252,45,33,3,0,0,56.0299,0,-0.0872665,-3.97216,0.080413,0.163495,-0.0140629,-0.649631,0.15
5604,2.57843,-0.176278,-0.166186,-0.733154,-0.628834,6.07351,0.010653,-3.97326,-0,-3.9252,45,33,3,0,0,56.0399,0,-0.0872665,-3.97326,0.0803977,0.161561,-0.0139838,-0.653957,0.15
5605,2.57661,-0.197222,-0.189623,-0.563965,-0.540304,6.07351,0.0149142,-3.98332,-0,-4.01543,45,33,3,0,0,56.0499,0,-0.0872665,-3.98332,0.0803655,0.159612,-0.014111,-0.658221,0.15
5606,2.57469,-0.176278,-0.193884,-0.383496,-0.440401,6.07351,-0.0213059,-3.97871,-0,-3.98159,45,33,3,0,0,56.0599,0,-0.0872665,-3.97871,0.0803639,0.157649,-0.0141563,-0.662422,0.15
5607,2.57277,-0.197222,-0.189623,-0.383496,-0.452259,6.07351,0.00639178,-3.96611,-0,-3.91392,45,33,3,0,0,56.0699,0,-0.0872665,-3.96611,0.0804461,0.155673,-0.0142156,-0.66656,0.15
5608,2.57066,-0.197222,-0.201341,-0.462451,-0.404641,6.07351,1.23286e-17,-3.9727,-0,-3.9252,45,33,3,0,0,56.0799,0,-0.0872665,-3.9727,0.0804433,0.153673,-0.0141059,-0.670652,0.15
5609,2.56865,-0.216421,-0.216255,-0.428613,-0.479965,6.07351,0.00319589,-3.97259,-0,-3.91392,45,33,3,0,0,56.0899,0,-0.0872665,-3.97259,0.0804679,0.151678,-0.0140882,-0.674644,0.15
5610,2.56673,-0.174533,-0.205602,-0.372217,-0.427126,6.07351,-0.0149142,-3.97333,-0,-3.95903,45,33,3,0,0,56.0999,0,-0.0872665,-3.97333,0.080445,0.14966,-0.0141883,-0.67859,0.15
5611,2.56472,-0.202458,-0.185362,-0.439893,-0.484256,6.07351,-0.0159795,-3.95804,-0,-3.93647,45,33,3,0,0,56.1099,0,-0.0872665,-3.95804,0.0805362,0.147629,-0.0142062,-0.682471,0.15
5612,2.56271,-0.193732,-0.218386,-0.552686,-0.488486,6.07351,-0.00426119,-3.96412,-0,-3.9252,45,33,3,0,0,56.1199,0,-0.0872665,-3.96412,0.0805504,0.145585,-0.0142371,-0.686287,0.15
5613,2.56079,-0.193732,-0.191753,-0.563965,-0.550313,6.07351,0.0149142,-3.96744,-0,-3.98159,45,33,3,0,0,56.1299,0,-0.0872665,-3.96744,0.0805416,0.143527,-0.0143768,-0.690037,0.15
5614,2.55906,-0.165806,-0.189623,-0.507568,-0.593186,6.07351,0.010653,-3.96096,-0,-3.93647,45,33,3,0,0,56.1399,0,-0.0872665,-3.96096,0.0805783,0.141458,-0.0147209,-0.693722,0.15
5615,2.55724,-0.193732,-0.156599,-0.631641,-0.685523,6.07351,-0.0191753,-3.94862,-0,-3.9252,45,33,3,0,0,56.1499,0,-0.0872665,-3.94862,0.0806785,0.139375,-0.0149818,-0.697341,0.15
5616,2.55542,-0.18326,-0.184296,-0.789551,-0.80553,6.07351,0.0213059,-3.95665,-0,-4.04927,45,33,3,0,0,56.1599,0,-0.0872665,-3.95665,0.0806803,0.13728,-0.0152551,-0.700893,0.15
5617,2.5535,-0.18326,-0.189623,-0.857227,-0.865455,6.07351,-0.01811,-3.95629,-0,-3.94775,45,33,3,0,0,56.1699,0,-0.0872665,-3.95629,0.0806725,0.135173,-0.0154446,-0.704379,0.15
5618,2.55168,-0.188496,-0.167252,-0.845947,-0.811446,6.07351,0.039416,-3.96007,-0,-3.93647,45,33,3,0,0,56.1799,0,-0.0872665,-3.96195,0.0806434,0.133054,-0.015742,-0.707798,0.15
5619,2.54976,-0.20944,-0.192819,-0.834668,-0.767228,6.07351,-0.0127836,-3.94916,-0,-3.9252,45,33,3,0,0,56.1899,0,-0.0872665,-3.94916,0.0806869,0.130923,-0.0159553,-0.711149,0.15
5620,2.54775,-0.204204,-0.217321,-0.778271,-0.710939,6.07351,0.00319589,-3.95015,-0,-3.9252,45,33,3,0,0,56.1999,0,-0.0872665,-3.95015,0.0806891,0.128781,-0.0160845,-0.714433,0.15
5621,2.54574,-0.200713,-0.202406,-0.665479,-0.65573,6.07351,0.0010653,-3.9586,-0,-4.06055,45,33,3,0,0,56.2099,0,-0.0872665,-3.9586,0.0806514,0.126627,-0.016225,-0.717648,0.15
5622,2.54372,-0.205949,-0.19708,-0.64292,-0.619591,6.07351,0.0138489,-3.95131,-0,-3.91392,45,33,3,0,0,56.2199,0,-0.0872665,-3.95131,0.0807042,0.124462,-0.0163769,-0.720796,0.15
5623,2.54152,-0.214675,-0.193884,-0.710596,-0.681481,6.07351,-0.00213059,-3.94023,-0,-4.00415,45,33,3,0,0,56.2299,0,-0.0872665,-3.94023,0.0807809,0.122285,-0.0163481,-0.723875,0.15
5624,2.53931,-0.223402,-0.218386,-0.631641,-0.597084,6.07351,-0.0170448,-3.93388,-0,-4.03799,45,33,3,0,0,56.2399,0,-0.0872665,-3.93388,0.0808302,0.120098,-0.0163301,-0.726886,0.15
5625,2.5372,-0.211185,-0.224778,-0.552686,-0.592392,6.07351,-0.00532648,-3.94091,-0,-4.00415,45,33,3,0,0,56.2499,0,-0.0872665,-3.94091,0.0808109,0.117901,-0.0164186,-0.729827,0.15
5626,2.5349,-0.237365,-0.222647,-0.586523,-0.560762,6.07351,-0.0191753,-3.928,-0,-4.03799,45,33,3,0,0,56.2599,0,-0.0872665,-3.928,0.0809026,0.115692,-0.0163259,-0.732699,0.15
5627,2.5327,-0.216421,-0.231169,-0.609082,-0.534691,6.07351,0.00958767,-3.93323,0.010472,-4.03799,45,33,3,0,0,56.2699,0,-0.0872665,-3.93323,0.0809206,0.113474,-0.0163392,-0.735502,0.15
5628,2.53059,-0.204204,-0.204537,-0.507568,-0.539568,6.07351,-0.0266324,-3.93445,-0,-4.01543,45,33,3,0,0,56.2799,0,-0.0872665,-3.93445,0.0809611,0.111245,-0.0164586,-0.738235,0.15
5629,2.52838,-0.23911,-0.21519,-0.552686,-0.65172,6.07351,0.0010653,-3.93032,-0,-4.01543,45,33,3,0,0,56.2899,0,-0.0872665,-3.93032,0.0810146,0.109007,-0.016492,-0.740898,0.15
5630,2.52608,-0.216421,-0.225843,-0.620361,-0.625861,6.07351,0.00639178,-3.93458,-0,-3.91392,45,33,3,0,0,56.2999,0,-0.0872665,-3.93458,0.0809829,0.106759,-0.0164392,-0.74349,0.15
5631,2.52378,-0.221657,-0.222647,-0.552686,-0.54251,6.07351,0.0223712,-3.93863,-0,-3.88008,45,33,3,0,0,56.3099,0,-0.0872665,-3.93863,0.0809875,0.104501,-0.0163957,-0.746012,0.15
5632,2.52167,-0.214675,-0.225843,-0.507568,-0.527928,6.07351,0.00852238,-3.92949,-0,-4.00415,45,33,3,0,0,56.3199,0,-0.0872665,-3.92949,0.0810275,0.102234,-0.0165536,-0.748464,0.15
5633,2.51937,-0.244346,-0.220516,-0.575244,-0.567895,6.07351,0.00639178,-3.92406,-0,-4.01543,45,33,3,0,0,56.3299,0,-0.0872665,-3.92406,0.0810978,0.0999581,-0.0165286,-0.750844,0.15
5634,2.51697,-0.244346,-0.216255,-0.597803,-0.607575,6.07351,-0.00213059,-3.92279,-0,-4.01543,45,33,3,0,0,56.3399,0,-0.0872665,-3.92279,0.0811047,0.0976732,-0.0164166,-0.753154,0.15
5635,2.51477,-0.20944,-0.218386,-0.597803,-0.621048,6.07351,0.0245018,-3.93215,-0,-4.01543,45,33,3,0,0,56.3499,0,-0.0872665,-3.93215,0.0810924,0.0953797,-0.0165051,-0.755392,0.15
5636,2.51256,-0.226893,-0.210929,-0.552686,-0.563838,6.07351,0.0127836,-3.92693,-0,-3.8688,45,33,3,0,0,56.3599,0,-0.0872665,-3.92693,0.0811379,0.0930776,-0.016602,-0.757558,0.15
5637,2.51026,-0.225147,-0.219451,-0.541406,-0.601242,6.07351,-0.00213059,-3.91293,-0,-3.89136,45,33,3,0,0,56.3699,0,-0.0872665,-3.91293,0.0812112,0.0907674,-0.0166113,-0.759653,0.15
5638,2.50815,-0.205949,-0.210929,-0.654199,-0.624468,6.07351,0.0010653,-3.92249,-0,-3.85752,45,33,3,0,0,56.3799,0,-0.0872665,-3.92249,0.0811854,0.0884491,-0.0168204,-0.761676,0.15
5639,2.50605,-0.218166,-0.199211,-0.710596,-0.740039,6.07351,0.00745708,-3.91125,-0,-3.8688,45,33,3,0,0,56.3899,0,-0.0872665,-3.91125,0.081248,0.0861229,-0.0170373,-0.763626,0.15
5640,2.50394,-0.207694,-0.191753,-0.879785,-0.860041,6.07351,0.0127836,-3.91668,-0,-3.89136,45,33,3,0,0,56.3999,0,-0.0872665,-3.91668,0.0812586,0.0837891,-0.0172618,-0.765505,0.15
5641,2.50173,-0.219911,-0.180035,-0.924902,-0.933477,6.07351,-0.0234365,-3.90879,-0,-3.85752,45,33,3,0,0,56.4099,0,-0.0872665,-3.90879,0.0812854,0.0814477,-0.0173982,-0.767311,0.15
5642,2.49962,-0.214675,-0.222647,-0.913623,-0.861878,6.07351,0.0149142,-3.91899,-0,-3.85752,45,33,3,0,0,56.4199,0,-0.0872665,-3.91899,0.0812331,0.0790993,-0.0176374,-0.769044,0.15
5643,2.49732,-0.23911,-0.219451,-0.857227,-0.786717,6.07351,-0.0138489,-3.91027,-0,-3.91392,45,33,3,0,0,56.4299,0,-0.0872665,-3.91027,0.081256,0.0767436,-0.0176921,-0.770705,0.15
5644,2.49502,-0.230383,-0.245018,-0.755713,-0.674273,6.07351,0.0276977,-3.91672,-0,-3.89136,45,33,3,0,0,56.4399,0,-0.0872665,-3.91672,0.0812453,0.0743811,-0.0177536,-0.772293,0.15
5645,2.49262,-0.240855,-0.226908,-0.620361,-0.608301,6.07351,-0.00319589,-3.90863,-0,-3.90264,45,33,3,0,0,56.4499,0,-0.0872665,-3.90863,0.0812884,0.0720122,-0.0177257,-0.773808,0.15
5646,2.49013,-0.258309,-0.248214,-0.552686,-0.588755,6.07351,-0.00319589,-3.89428,-0,-3.90264,45,33,3,0,0,56.4599,0,-0.0872665,-3.89428,0.0813653,0.0696369,-0.0176083,-0.775249,0.15
5647,2.48764,-0.244346,-0.260998,-0.518848,-0.515701,6.07351,-0.00319589,-3.90737,-0,-3.90264,45,33,3,0,0,56.4699,0,-0.0872665,-3.90737,0.0813329,0.0672554,-0.0174971,-0.776617,0.15
5648,2.48524,-0.225147,-0.247149,-0.394775,-0.500242,6.07351,-0.01811,-3.89869,-0,-3.89136,45,33,3,0,0,56.4799,0,-0.0872665,-3.89869,0.0813879,0.0648676,-0.017488,-0.777912,0.15
5649,2.48284,-0.254818,-0.229039,-0.451172,-0.467226,6.07351,0.00745708,-3.89622,-0,-3.84624,45,33,3,0,0,56.4899,0,-0.0872665,-3.89622,0.081437,0.0624745,-0.0174843,-0.779134,0.15
5650,2.48035,-0.23911,-0.237561,-0.518848,-0.487114,6.07361,-0.0138489,-3.88455,0.00349066,-3.88008,45,33,3,0,0,56.4999,0,-0.0872665,-3.88455,0.0815234,0.0600756,-0.0173905,-0.780281,0.15
5651,2.47805,-0.228638,-0.224778,-0.507568,-0.581032,6.07361,0.01811,-3.90461,-0,-3.88008,45,33,3,0,0,56.5099,0,-0.0872665,-3.90488,0.0814886,0.0576713,-0.0174937,-0.781355,0.15
5652,2.47584,-0.247837,-0.232235,-0.586523,-0.660977,6.07361,-0.01811,-3.88638,-0,-3.89136,45,33,3,0,0,56.5199,0,-0.0872665,-3.88638,0.0816142,0.0552621,-0.0176979,-0.782355,0.15
5653,2.47335,-0.232129,-0.224778,-0.744434,-0.735782,6.07361,0.0266324,-3.89301,-0,-3.85752,45,33,3,0,0,56.5299,0,-0.0872665,-3.89301,0.0815937,0.0528477,-0.0176195,-0.783281,0.15
5654,2.47105,-0.235619,-0.213059,-0.755713,-0.682128,6.07361,-0.00319589,-3.8904,-0,-3.85752,45,33,3,0,0,56.5399,0,-0.0872665,-3.8904,0.0815839,0.0504289,-0.0177374,-0.784133,0.15
5655,2.46875,-0.235619,-0.245018,-0.64292,-0.643271,6.07361,0.010653,-3.89276,-0,-3.98159,45,33,3,0,0,56.5499,0,-0.0872665,-3.89276,0.0816053,0.0480056,-0.0178597,-0.784911,0.15
5656,2.46626,-0.230383,-0.237561,-0.654199,-0.575069,6.07361,0.00532648,-3.8848,-0,-3.84624,45,33,3,0,0,56.5599,0,-0.0872665,-3.8848,0.0816557,0.0455779,-0.0177947,-0.785615,0.15
5657,2.46376,-0.253073,-0.26739,-0.609082,-0.571988,6.07361,1.63729e-17,-3.88407,-0,-3.88008,45,33,3,0,0,56.5699,0,-0.0872665,-3.88407,0.0816802,0.0431463,-0.0177336,-0.786245,0.15
5658,2.46156,-0.240855,-0.247149,-0.575244,-0.615105,6.07361,0.00532648,-3.88039,-0,-3.83496,45,33,3,0,0,56.5799,0,-0.0872665,-3.88039,0.0817084,0.0407106,-0.0179642,-0.7868,0.15
5659,2.45907,-0.23911,-0.238627,-0.676758,-0.670902,6.07361,0.00213059,-3.87388,-0,-3.84624,45,33,3,0,0,56.5899,0,-0.0872665,-3.87388,0.0817544,0.0382714,-0.0179106,-0.787281,0.15
5660,2.45667,-0.244346,-0.224778,-0.710596,-0.693478,6.07361,-0.010653,-3.87531,-0,-3.83496,45,33,3,0,0,56.5999,0,-0.0872665,-3.87531,0.0817872,0.0358289,-0.0179563,-0.787688,0.15
5661,2.45447,-0.233874,-0.232235,-0.699316,-0.778885,6.07361,-0.0234365,-3.86831,-0,-3.99287,45,33,3,0,0,56.6099,0,-0.0872665,-3.86831,0.0818441,0.0333832,-0.0181969,-0.78802,0.15
5662,2.45197,-0.237365,-0.227974,-0.766992,-0.713405,6.07361,0.00958767,-3.8775,-0,-3.85752,45,33,3,0,0,56.6199,0,-0.0872665,-3.8775,0.081829,0.0309344,-0.018153,-0.788278,0.15
5663,2.44958,-0.263545,-0.221582,-0.721875,-0.794561,6.07361,-0.00532648,-3.87271,-0,-3.98159,45,33,3,0,0,56.6299,0,-0.0872665,-3.87271,0.0818653,0.0284829,-0.0182076,-0.788461,0.15
5664,2.44708,-0.240855,-0.2333,-0.721875,-0.721792,6.07361,0.0170448,-3.88184,-0,-3.97031,45,33,3,0,0,56.6399,0,-0.0872665,-3.88184,0.0818103,0.026029,-0.0181689,-0.78857,0.15
5665,2.44459,-0.253073,-0.220516,-0.710596,-0.6644,6.07361,0.00319589,-3.86917,-0,-3.97031,45,33,3,0,0,56.6499,0,-0.0872665,-3.86917,0.0818633,0.0235727,-0.0181324,-0.788605,0.15
5666,2.442,-0.242601,-0.257802,-0.575244,-0.524792,6.07361,-0.0191753,-3.87055,-0,-3.97031,45,33,3,0,0,56.6599,0,-0.0872665,-3.87055,0.0818595,0.0211144,-0.0180021,-0.788565,0.15
5667,2.43951,-0.256563,-0.252475,-0.496289,-0.495617,6.07361,-0.00532648,-3.86254,-0,-3.94775,45,33,3,0,0,56.6699,0,-0.0872665,-3.86254,0.0819085,0.0186539,-0.0179698,-0.78845,0.15
5668,2.43692,-0.253073,-0.241822,-0.48501,-0.498453,6.07361,0.0351548,-3.86082,-0,-3.95903,45,33,3,0,0,56.6799,0,-0.0872665,-3.8617,0.0819666,0.016192,-0.0178432,-0.788261,0.15
5669,2.43433,-0.258309,-0.258867,-0.507568,-0.467682,6.07361,0.00639178,-3.86593,-0,-3.97031,45,33,3,0,0,56.6899,0,-0.0872665,-3.86593,0.0819841,0.0137289,-0.0177177,-0.787997,0.15
5670,2.43193,-0.216421,-0.266324,-0.496289,-0.467171,6.07361,0.0149142,-3.86638,-0,-3.94775,45,33,3,0,0,56.6999,0,-0.0872665,-3.86638,0.0819962,0.0112642,-0.0177856,-0.78766,0.15
5671,2.42944,-0.23911,-0.234365,-0.48501,-0.44992,6.07361,-0.0010653,-3.85466,-0,-3.84624,45,33,3,0,0,56.7099,0,-0.0872665,-3.85466,0.0820925,0.00879859,-0.0177584,-0.787247,0.15
5672,2.42724,-0.23911,-0.234365,-0.541406,-0.569922,6.07361,0.0149142,-3.85068,-0,-3.88008,45,33,3,0,0,56.7199,0,-0.0872665,-3.85068,0.0821503,0.00633231,-0.0180196,-0.78676,0.15
5673,2.42494,-0.195477,-0.221582,-0.541406,-0.689923,6.07361,-0.0255671,-3.84908,-0,-3.78984,45,33,3,0,0,56.7299,0,-0.0872665,-3.84908,0.0822003,0.00386535,-0.0181856,-0.786199,0.15
5674,2.42273,-0.237365,-0.200276,-0.766992,-0.809923,6.07361,-0.00319589,-3.84429,-0,-3.78984,45,33,3,0,0,56.7399,0,-0.0872665,-3.84429,0.0822512,0.00139793,-0.0184479,-0.785564,0.15
5675,2.42053,-0.221657,-0.202406,-0.823389,-0.929923,6.07361,-0.0149142,-3.84547,-0,-3.83496,45,33,3,0,0,56.7499,0,-0.0872665,-3.84547,0.0822346,-0.00106918,-0.01871,-0.784855,0.15
5676,2.41813,-0.226893,-0.230104,-0.80083,-0.946895,6.07361,0.00426119,-3.84613,-0,-3.78984,45,33,3,0,0,56.7599,0,-0.0872665,-3.84613,0.082215,-0.00353665,-0.0187806,-0.784071,0.15
5677,2.41592,-0.235619,-0.249279,-0.778271,-0.833167,6.07361,0.00319589,-3.85374,-0,-3.8124,45,33,3,0,0,56.7699,0,-0.0872665,-3.85374,0.0822041,-0.0060037,-0.0190425,-0.783213,0.15
5678,2.41334,-0.251327,-0.238627,-0.879785,-0.783465,6.07361,0.00319589,-3.84519,-0,-3.8124,45,33,3,0,0,56.7799,0,-0.0872665,-3.84519,0.0822637,-0.00847012,-0.0189204,-0.782281,0.15
5679,2.41075,-0.244346,-0.276977,-0.597803,-0.600779,6.07361,0.0127836,-3.84589,-0,-3.80112,45,33,3,0,0,56.7899,0,-0.0872665,-3.84589,0.08228,-0.0109358,-0.0187975,-0.781276,0.15
5680,2.40825,-0.258309,-0.222647,-0.541406,-0.502505,6.07361,-0.00532648,-3.83837,-0,-3.80112,45,33,3,0,0,56.7999,0,-0.0872665,-3.83837,0.0823452,-0.0134006,-0.0187695,-0.780196,0.15
5681,2.40567,-0.244346,-0.249279,-0.552686,-0.573721,6.07361,0.00745708,-3.83751,-0,-3.78984,45,33,3,0,0,56.8099,0,-0.0872665,-3.83751,0.0823586,-0.0158641,-0.0186445,-0.779043,0.15
5682,2.40317,-0.251327,-0.247149,-0.563965,-0.588444,6.0737,0.0010653,-3.83178,-0,-3.78984,45,33,3,0,0,56.8199,0,-0.0872665,-3.83178,0.0824175,-0.0183261,-0.0186137,-0.777816,0.15
5683,2.40078,-0.253073,-0.252475,-0.586523,-0.646727,6.0737,0.0213059,-3.83425,-0,-3.80112,45,33,3,0,0,56.8299,0,-0.0872665,-3.83425,0.0824639,-0.0207866,-0.0186773,-0.776515,0.15
5684,2.39819,-0.242601,-0.239692,-0.631641,-0.649754,6.0737,-0.0117183,-3.82706,-0,-3.80112,45,33,3,0,0,56.8399,0,-0.0872665,-3.82706,0.0825041,-0.0232453,-0.0185475,-0.775141,0.15
5685,2.39569,-0.254818,-0.256737,-0.575244,-0.647235,6.0737,0.00745708,-3.8286,-0,-3.80112,45,33,3,0,0,56.8499,0,-0.0872665,-3.8286,0.0825102,-0.0257019,-0.0185114,-0.773694,0.15
5686,2.3932,-0.260054,-0.234365,-0.620361,-0.627801,6.0737,-0.0149142,-3.83185,-0,-3.77856,45,33,3,0,0,56.8599,0,-0.0872665,-3.83185,0.082486,-0.0281561,-0.0184729,-0.772174,0.15
5687,2.39071,-0.242601,-0.25141,-0.609082,-0.583452,6.0737,0.00532648,-3.83083,-0,-3.78984,45,33,3,0,0,56.8699,0,-0.0872665,-3.83083,0.0825,-0.030608,-0.018432,-0.770581,0.15
5688,2.38812,-0.246091,-0.26739,-0.48501,-0.482627,6.0737,0.00319589,-3.83737,-0,-3.80112,45,33,3,0,0,56.8799,0,-0.0872665,-3.83737,0.0824712,-0.0330569,-0.0182924,-0.768914,0.15
5689,2.38572,-0.268781,-0.258867,-0.47373,-0.520306,6.0737,0.00852238,-3.82611,-0,-3.80112,45,33,3,0,0,56.8899,0,-0.0872665,-3.82611,0.0825447,-0.0355033,-0.0183419,-0.767175,0.15
5690,2.38314,-0.232129,-0.247149,-0.563965,-0.53862,6.0737,0.0245018,-3.82872,-0,-3.78984,45,33,3,0,0,56.8999,0,-0.0872665,-3.82872,0.0825497,-0.0379462,-0.0181962,-0.765364,0.15
5691,2.38074,-0.235619,-0.252475,-0.552686,-0.562545,6.0737,0.0138489,-3.82525,-0,-3.78984,45,33,3,0,0,56.9099,0,-0.0872665,-3.82525,0.0825801,-0.0403858,-0.018239,-0.76348,0.15
5692,2.37844,-0.23911,-0.229039,-0.541406,-0.556943,6.0737,0.00319589,-3.81217,-0,-3.80112,45,33,3,0,0,56.9199,0,-0.0872665,-3.81217,0.0826604,-0.0428218,-0.018374,-0.761523,0.15
5693,2.37604,-0.216421,-0.21519,-0.676758,-0.676948,6.0737,0.00319589,-3.80559,-0,-3.78984,45,33,3,0,0,56.9299,0,-0.0872665,-3.80559,0.0827182,-0.0452541,-0.0184095,-0.759495,0.15
5694,2.37374,-0.223402,-0.204537,-0.710596,-0.762358,6.0737,0.0149142,-3.81491,-0,-3.77856,45,33,3,0,0,56.9399,0,-0.0872665,-3.81491,0.082735,-0.0476823,-0.0185367,-0.757395,0.15
5695,2.37163,-0.216421,-0.224778,-0.823389,-0.882356,6.0737,-0.0202406,-3.8065,-0,-3.78984,45,33,3,0,0,56.9499,0,-0.0872665,-3.8065,0.0827759,-0.0501064,-0.0188516,-0.755223,0.15
5696,2.36933,-0.237365,-0.224778,-0.981299,-0.998941,6.0737,0.0117183,-3.80553,-0,-3.76729,45,33,3,0,0,56.9599,0,-0.0872665,-3.80553,0.082797,-0.0525259,-0.0189701,-0.752979,0.15
5697,2.36693,-0.235619,-0.232235,-0.97002,-0.881938,6.0737,-0.0138489,-3.80525,-0,-3.77856,45,33,3,0,0,56.9699,0,-0.0872665,-3.80525,0.0827671,-0.0549408,-0.0189881,-0.750664,0.15
5698,2.36463,-0.225147,-0.255671,-0.733154,-0.724477,6.0737,0.0149142,-3.80579,-0,-3.78984,45,33,3,0,0,56.9799,0,-0.0872665,-3.80579,0.0827744,-0.0573507,-0.0190971,-0.748279,0.15
5699,2.36223,-0.263545,-0.226908,-0.721875,-0.719533,6.0737,-0.010653,-3.80697,-0,-3.77856,45,33,3,0,0,56.9899,0,-0.0872665,-3.80697,0.082789,-0.0597556,-0.0191051,-0.745822,0.15
5700,2.35965,-0.260054,-0.245018,-0.688037,-0.687418,6.0737,0.0255671,-3.80735,-0,-3.88008,45,33,3,0,0,56.9999,0,-0.0872665,-3.80735,0.0828233,-0.0621552,-0.0189161,-0.743294,0.15
5701,2.35706,-0.249582,-0.276977,-0.586523,-0.563759,6.0737,-0.00426119,-3.809,-0,-3.77856,45,33,3,0,0,57.0099,0,-0.0872665,-3.809,0.0828091,-0.0645492,-0.0187215,-0.740696,0.15
5702,2.35437,-0.267035,-0.255671,-0.518848,-0.476905,6.0737,0.010653,-3.80168,-0,-3.77856,45,33,3,0,0,57.0199,0,-0.0872665,-3.80168,0.0828628,-0.0669375,-0.0184254,-0.738028,0.15
5703,2.35178,-0.270526,-0.257802,-0.451172,-0.447337,6.0737,-0.00319589,-3.79524,-0,-3.88008,45,33,3,0,0,57.0299,0,-0.0872665,-3.79524,0.0829173,-0.06932,-0.0182192,-0.73529,0.15
5704,2.34929,-0.237365,-0.231169,-0.406055,-0.443541,6.0737,-0.010653,-3.78503,-0,-3.88008,45,33,3,0,0,57.0399,0,-0.0872665,-3.78503,0.0830018,-0.0716961,-0.0181026,-0.732482,0.15
5705,2.3468,-0.261799,-0.237561,-0.507568,-0.56355,6.0737,0.0223712,-3.78991,-0,-3.85752,45,33,3,0,0,57.0499,0,-0.0872665,-3.78991,0.0830467,-0.074066,-0.0179798,-0.729604,0.15
5706,2.3444,-0.251327,-0.234365,-0.563965,-0.640775,6.0737,-0.0266324,-3.7824,-0,-3.8688,45,33,3,0,0,57.0599,0,-0.0872665,-3.7824,0.0830942,-0.0764294,-0.0179463,-0.726658,0.15
5707,2.34201,-0.226893,-0.230104,-0.665479,-0.643345,6.0738,-0.0138489,-3.78594,-0,-3.90264,45,33,3,0,0,57.0699,0,-0.0872665,-3.78594,0.083091,-0.0787857,-0.0179059,-0.723642,0.15
5708,2.33961,-0.253073,-0.241822,-0.676758,-0.652814,6.0738,-0.010653,-3.78724,-0,-3.8688,45,33,3,0,0,57.0799,0,-0.0872665,-3.78724,0.0830837,-0.0811352,-0.0178585,-0.70582,0.15
5709,2.33731,-0.23911,-0.229039,-0.620361,-0.578475,6.0738,0.0213059,-3.7875,-0,-3.8688,45,33,3,0,0,57.0899,0,-0.0872665,-3.7875,0.0831143,-0.0834747,-0.0178971,-0.699835,0.15
5710,2.33491,-0.223402,-0.226908,-0.541406,-0.577726,6.0738,-0.00532648,-3.78661,-0,-3.89136,45,33,3,0,0,57.0999,0,-0.0872665,-3.78661,0.0831412,-0.085802,-0.0178275,-0.693662,0.15
5711,2.33261,-0.249582,-0.232235,-0.597803,-0.582845,6.0738,-0.0170448,-3.77909,-0,-3.8688,45,33,3,0,0,57.1099,0,-0.0872665,-3.77909,0.0831915,-0.0881163,-0.0178408,-0.687304,0.15
5712,2.33031,-0.219911,-0.226908,-0.620361,-0.579436,6.0738,-0.0191753,-3.78133,-0,-3.89136,45,33,3,0,0,57.1199,0,-0.0872665,-3.78133,0.0831856,-0.0904174,-0.0178409,-0.680761,0.15
5713,2.32801,-0.218166,-0.219451,-0.563965,-0.668275,6.0738,-0.00213059,-3.77134,-0,-3.8688,45,33,3,0,0,57.1299,0,-0.0872665,-3.77134,0.0832435,-0.0927042,-0.0178268,-0.674037,0.15
5714,2.3259,-0.225147,-0.214125,-0.699316,-0.709662,6.0738,1.31114e-17,-3.77414,-0,-3.85752,45,33,3,0,0,57.1399,0,-0.0872665,-3.77414,0.0832649,-0.0949766,-0.0179899,-0.667133,0.15
5715,2.32369,-0.207694,-0.223712,-0.834668,-0.779821,6.0738,0.00426119,-3.76523,0.00872665,-3.73345,45,33,3,0,0,57.1499,0,-0.0872665,-3.76523,0.083332,-0.0972338,-0.018042,-0.660051,0.15
5716,2.32158,-0.207694,-0.213059,-0.778271,-0.778162,6.0738,0.0010653,-3.77554,-0,-3.69961,45,33,3,0,0,57.1599,0,-0.0872665,-3.77554,0.